Keyword,Source,Sentence,隐含情绪,情绪动机,置信度
月考,comment,有人和我拼吗,中性,无,low
月考,title,深大大一｜想和高考生说的话,焦虑,学业,medium
月考,content,不过无意中收获了很多善意，很多学长学姐们都在给我加油、给我提建议,正面,学业,low
月考,content,所以我也想给今年高考的小朋友们加加油,焦虑/正面,学业,medium
月考,content,🥰🤛🏻 #深圳大学#高考倒计时#高考不是结束而是新的开始#高考生#高考加油#广东高考#高考#学习#高考心态#女大学生#高考复习#高中#高三文科#新高考#高考逆袭#高考提分#我与高考的难忘经历#高考心态很重要#高考改变人生#高考不是终点#高考结束做什么#致高考#大学是场远航#文科生#高中生活,焦虑/正面,学业,high
月考,comment,大家还想看我哪方面的学习经验分享呢～,中性,无,low
月考,comment,营销号写文章推给我妈，她可能想照做，什么一定要送考生去考场,焦虑,家庭,high
月考,comment,一定要跟孩子一个拥抱,中性,无,low
月考,comment,啊啊啊天呐 你那篇笔记我刷到过 真的实现了 恭喜恭喜得偿所愿,中性,无,low
月考,comment,哇哇哇是kg学姐啊啊啊啊,中性,无,low
月考,comment,姐姐等我,中性,无,low
月考,comment,真的很想上深大,中性,无,low
月考,comment,姐姐我想问问深大美术生的分数线是多少啊,中性,无,low
月考,title,真的好多有钱人啊,中性,无,low
月考,content,#Sk月度盛典,中性,无,low
月考,comment,股票风投，洗钱回流灰产，要么就是行业头部，或者贪污的，要不然我实在想不到为什么有人能把钱这样花，正经做实体生意的处处需要钱周转不可能这样刷的,中性,无,low
月考,comment,其实中国有钱人真的挺多的真正想看大场面还得看个播，你看sk熬成这样最后最高也就不到两百万，有些奢侈品都不止这价格,中性,无,low
月考,comment,团播一月才打这一次，个播可是天天这么打,中性,无,low
月考,comment,很多ip还都不在国内,中性,无,low
月考,comment,有位dg我知道做什么的，真的很有实力,中性,无,low
月考,comment,其实看看个播就会知道还有你想不到的更多大佬，一两百万在咱们这很多，在人家那可能就是少买一个包，一块表,中性,无,low
月考,comment,放心吧 他们的钱 有你的一份力,中性,无,low
月考,comment,我都想在公屏发简历求职了md,中性,无,low
月考,comment,自从有了抖音，我发现有钱人真的很多,中性,无,low
月考,title,公主月考记录,焦虑,学业,medium
月考,content,期中考试完家长会老师也找我谈了一次话，也说在学校状态不如上个学期好，语文优势学科考试成绩也不太好，综合来说她没把学习放在首位，玩儿心太大，成绩在退步，得端正态度，老师和我们家长孩子一起努力,焦虑/自卑/正面,学业/自我,high
月考,content,#公主日记#努力是会有结果的#地生会考#月考复习#中考加油#初二下#主动学习#我是仙女儿我只是在历劫,焦虑/正面,学业,medium
月考,title,又好笑又心疼,中性,无,low
月考,content,就这个小么么棒,中性,无,low
月考,comment,好像小仓鼠,中性,无,low
月考,comment,吃什么了,中性,无,low
月考,comment,每次拉麦心都在跟着这个小么么哒揪着[完啦R][完啦R][完啦R][完啦R][完啦R],中性,无,low
月考,title,高三第一次月考，决定你的全年排名,焦虑,学业,medium
月考,content,高三第一次月考，是所有考试里最重要的一场——考好了信心拉满，考砸了心态直接崩,焦虑,学业,medium
月考,content,暑假重点抓这4章：函数打底、三角背公式、数列拿满分、导数提前预习,中性,无,low
月考,content,收藏起来，暑假照着学，开学直接用排名说话,焦虑,学业,medium
月考,content,#月考#高考逆袭#高考提分,焦虑/正面,学业,high
月考,content,#sk#sk公会赛#sk月度盛典,中性,无,low
月考,comment,没有了抱团打 就是刺激,中性,无,low
月考,comment,你预言了萱萱第三了,中性,无,low
月考,comment,现在13名有700万没有啊,中性,无,low
月考,comment,恋还多了个大哥更难打了哈哈,中性,无,low
月考,comment,评论区hz现身说法中,中性,无,low
月考,comment,赤伶舞蹈一出来，我就觉得稳了,中性,无,low
月考,comment,这么优秀的人真的很值得,中性,无,low
月考,comment,这下应该能结束了吧,中性,无,low
月考,title,sk5月月考排名与分值,焦虑,学业,medium
月考,content,从下午五点看到现在 好上头 我的流量在天上失望的看着我#sk月考#sk月度盛典,焦虑,学业,medium
月考,comment,那个是今天刚吸的吗，好宠,中性,无,low
月考,comment,现在多少票了,中性,无,low
月考,title,人大附高三十月月考,焦虑,学业,medium
月考,comment,老师看我,中性,无,low
月考,title,sk月考真爆冷,焦虑,学业,medium
月考,content,好多个平时很有票的今天怎么都没打 真的很意外 133 怎么一个都不打 #sk#sk月考,焦虑,学业,medium
月考,comment,可乐是没有想到的，她的抖音粉丝群才40个人,中性,无,low
月考,comment,平时就没什么票了，一点也不意外，133从三亚回来之后就开始变得越来越没票没流了，到这个月成员接连休息开始是明显没票了,中性,无,low
月考,comment,想问一下前几有舞台啊,中性,无,low
月考,comment,今晚打完吗,中性,无,low
月考,comment,我看现在还在10几名轮麦,中性,无,low
月考,comment,还好吧，也没多少意料之外的,中性,无,low
月考,comment,"0【复制口令，回薯薯APP】 限时至7月3日，""SK🍉""共同探讨区 HU7446 :/#p🥟🥮😒🍓🐤😝😎😎😜🍑🥦😇",中性,无,low
月考,comment,还好吧 133很意内吧 没票很久了,中性,无,low
月考,title,3月月考新人黑马短暂登顶🔝,焦虑,学业,medium
月考,content,两位广州分部的黑马，第一位曾短暂登顶第一 打上去的时候看了下贡献榜人数真是纯电啊，最后贡献榜人数上去一点，但是…… 最终排名第八第十，确实是新人黑马,焦虑,学业,medium
月考,comment,参考上个月小怡一拉麦直接废掉,中性,无,low
月考,comment,这种包是快递的呀 认识懂不认识,中性,无,low
月考,comment,肉肉是老主播了,中性,无,low
月考,comment,她和只只以前一个团的 东道主吧我记得 她那个大哥也是以前的大哥 还挺长情的,中性,无,low
月考,title,舞台结束，来评价五月月考舞台,焦虑,学业,medium
月考,content,投票只能放五个，欢迎评论区补充 #sk#SK#sk月考舞台,焦虑,学业,medium
月考,comment,她很有心，之前以为她去苏州是玩的，居然是为了舞台去拜访昆曲大师的，本苏州人很难不选卡,中性,无,low
月考,comment,其实我挺佩服卡卡的 感觉她是top应该会超级忙 但还是会一直突破自己走出舒适圈 尝试新东西,中性,无,low
月考,comment,萱萱的粉丝觉得这次卡卡的舞台一绝,中性,无,low
月考,comment,我直接狠狠给卡卡点上了关注,中性,无,low
月考,comment,点点的粉但是感觉卡卡这个舞台真的突破好大，没想到能在团播看到这种舞台，超绝,中性,无,low
月考,comment,卡卡直接不在一个层面了，升华了看的鸡皮疙瘩掉一地,中性,无,low
月考,comment,真的很美,中性,无,low
月考,title,海绵月考,焦虑,学业,medium
月考,content,我感觉还是不能一起床就写题 脑子一坨浆糊,中性,无,low
月考,comment,请问这是在哪里做呢，我只看见了一个明天早上九点的考试,中性,无,low
月考,comment,有没有好伙伴发一下答案,中性,无,low
月考,comment,请问月考有时间限制吗,焦虑,学业,medium
月考,title,SK5月月考,焦虑,学业,medium
月考,content,定语有点长 高考假后一天半的月考，一天半考六门，神不神经吧就说 考的内容很广，必定是来不及复习，慢慢接受这个状态吧，不要在意每次的分数，把每次考试都当成查缺的机会 昨下午极限复习三章物理，晚上背四篇文言文，暴露出平时学的不扎实，没能做到今日事今日毕,焦虑,学业,high
月考,content,话说真的有谁能做到呢，不过上了高三了，还是尽量吧,中性,无,low
月考,content,下周一就搬到高三楼了，尊贵的高三生，据说学校不管高三生的手机，我站好最后一班岗，好好照顾生活接纳情绪，外加有空学一学物理化学数学（生物就算了，真的看不明白），能帮一把是一把，起码有不会的能有个一起讨论的人,中性,无,low
月考,content,考完月考的这个周末打算商量着做个计划，期末用区卷，还是要好好准备一下,焦虑,学业,medium
月考,content,中考时全区的排名不知道在时隔两年后还能不能保住啊,焦虑,学业,medium
月考,title,此女高三暑假用40天把英语冲到100+（可实操,正面,学业,low
月考,content,高二期末，英语78分,焦虑,学业,medium
月考,content,单词背了就忘，阅读读不完，作文写来写去就那几句,中性,无,low
月考,content,当时觉得英语就这样了，提不动了,中性,无,low
月考,content,但在高二升高三的暑假我用40天换了一套学习方法，开学第一次月考英语102,焦虑,学业,medium
月考,content,· 📌单词只背阅读高频词 不要再背3500词，几千词了，那些又多又记不住,中性,无,low
月考,content,暑假第一件事：我把近五年真题阅读里反复出现的词挑出来，一共600多个,中性,无,low
月考,content,每天早读20分钟背50个，不背拼写，只背意思,中性,无,low
月考,content,所以我就在真题句子里画生词，把整句话抄下来，结合上下文记意思,中性,无,low
月考,content,记一个词顺便看了它的用法，比干背效率高,中性,无,low
月考,content,· 📌阅读只练准确定位原文+同义替换 阅读题考的不是你读没读懂，是你能不能找到答案的位置,中性,无,low
月考,content,我每天下午做2篇阅读，只练一件事：不看全文，先读题，圈题干里的关键词，回文章找原词或近义词的位置,中性,无,low
月考,content,答案就在前后两句话里,中性,无,low
月考,content,- 做完对答案时，我不看解析，自己回文章找为什么选这个,中性,无,low
月考,content,实在找不到再看解析,中性,无,low
月考,content,这样练20篇之后，定位速度明显快了,中性,无,low
月考,content,· 📌七选五和完形填空先看选项再读文 七选五我做题前先看七个选项，圈出代词和连接词,中性,无,low
月考,content,回文章看空的位置，前后句有代词就选对应的,中性,无,low
月考,content,完形填空先通读全文不看选项，知道文章在讲什么，第二遍再边读边选,中性,无,low
月考,content,纠结的题先跳过，后面信息会提示答案,中性,无,low
月考,content,· 📌作文只背万能句+练字 作文我不背整篇模板，背的是万能句,中性,无,low
月考,content,开头背两个，结尾背两个，过渡背三个,中性,无,low
月考,content,考场上先把这些万能句写上去，再往里面填内容,中性,无,low
月考,content,每天中午练15分钟衡水体，不练花体,中性,无,low
月考,content,字整齐了，作文至少多拿2-3分,中性,无,low
月考,content,📌听力每天20分钟来磨耳朵 暑假每天早上边吃早饭边听真题听力，不求听懂每个词，只求适应语速和连读,中性,无,low
月考,content,听到第10天就能抓住关键词了,中性,无,low
月考,content,🕐暑假40天的时间表 前20天：每天早读50个高频词，下午2篇阅读+1篇七选五/完形，晚上背作文万能句,中性,无,low
月考,content,后20天：开始限时练，一套真题除作文外限时做完,中性,无,low
月考,content,每周写1篇作文，找老师或同学帮忙改,中性,无,low
月考,content,· 英语从78到102，不是因为我突然开窍了,中性,无,low
月考,content,是把时间花在了对的地方，阅读练定位、单词在句子里背、作文练字背万能句,中性,无,low
月考,content,暑假40天够你翻盘了,中性,无,low
月考,content,#高三英语#暑假逆袭#英语提分#准高三,焦虑/正面,学业,high
月考,title,高一下段考二存档,中性,无,low
月考,content,#日坛中学#发挥失常,中性,无,low
月考,comment,数学真厉害，怎么学习的,焦虑,学业,medium
月考,comment,相信学校,中性,无,low
月考,comment,哇 厉害,中性,无,low
月考,title,月考奖励出炉,焦虑,学业,medium
月考,content,但是这个地点在哪里,中性,无,low
月考,content,#sk#sk月考#这个月的主要任务,焦虑,学业,medium
月考,comment,回复：📖最近是不是消失了,中性,无,low
月考,comment,回复：感觉退网了，好像哪都没见他刷,中性,无,low
月考,comment,第一只要他在不会有争议的,中性,无,low
月考,comment,那得拿多少去争,中性,无,low
月考,comment,回复：可能sk想招魂一只🐱一本📖,中性,无,low
月考,comment,回复：📖都说收官之战了还想着呢,中性,无,low
月考,comment,其实第一那么多名额，好多主播不见得有那么多人去，有那么多人去的也就几个,中性,无,low
月考,comment,我也觉得，其实很多小女孩没那么多粉丝去看，前十名的名额感觉都挺够用的，到时候应该会有序退场，反倒是为了争前十二的线下舞台可能会打起来,中性,无,low
月考,comment,布吉岛哇,中性,无,low
月考,comment,我怎么没刷到发了这些的 在哪个号呀,中性,无,low
月考,comment,月度盛典那个号吧,中性,无,low
月考,comment,小红书上的SK月度盛典帐号发的,中性,无,low
月考,comment,前三名还会有专车吗，感觉有车小姐姐们更方便,中性,无,low
月考,comment,有的有的，这个是线下舞台的奖励，平常那些奖励还是有的,中性,无,low
月考,comment,去年好像也是这样,中性,无,low
月考,comment,原来一直没打开场秀和结尾的c位啊,中性,无,low
月考,content,海绵mpacc月考1,焦虑,学业,medium
月考,comment,这个地方,中性,无,low
月考,comment,回复：这个是报了全程班才有的吗 还是书包课也有呀,中性,无,low
月考,title,感觉Sk 月考20进18会打的激烈哦,焦虑,学业,medium
月考,content,#sk团播#sk#sk月度盛典,中性,无,low
月考,comment,一定会的，小看sk的主播了，能进前20的都有实力，二月月考20进18名分数从200w+转到500w，1、20w的拉麦都能拉十几轮,焦虑,学业,medium
月考,comment,回复：我看错了 以为是40-20,中性,无,low
月考,comment,这个月不是前12才有舞台吗,中性,无,low
月考,comment,前12给的是7月的大型线下舞台名额吧，每个月前18都有舞台，是在下个月月考表演的那种舞台,焦虑,学业,medium
月考,comment,20进十八几乎每次都很激烈,中性,无,low
月考,comment,今天结束会清零吗,中性,无,low
月考,comment,21进20应该也有的转,中性,无,low
月考,comment,是的宝宝，现在还在打,中性,无,low
月考,comment,yes现在还在,中性,无,low
月考,comment,20-18，18-10，10-5，5-3,中性,无,low
月考,comment,这个月得加上13-12,中性,无,low
月考,comment,20-18，18-12，12-7，7-5，5-3,中性,无,low
月考,comment,明天估计比今天还能转，毕竟有线下名额刺激,中性,无,low
月考,comment,现在26-25都已经打好久了,中性,无,low
月考,comment,因为30进25淘汰5个要加底票，所以都拼命往25,中性,无,low
月考,comment,慢不了，今天已经有人打不动了,中性,无,low
月考,comment,19名肯定会打好半天,中性,无,low
月考,comment,这个月13到12应该也会转一转,中性,无,low
月考,title,sk月考第一天排名前五,焦虑,学业,medium
月考,content,#sk#团播,中性,无,low
月考,comment,能不能不科普家姐 每次都这样 说了无数次了都 一堆红人粉,中性,无,low
月考,comment,感觉是串子互相打配合的,中性,无,low
月考,comment,评论区不要科普哥姐 保护一下吧,中性,无,low
月考,comment,怎么结束那么快,中性,无,low
月考,comment,第一天都是一个小时,中性,无,low
月考,comment,这次黑马好多，sjt又有猜的了,中性,无,low
月考,comment,贴主能把plq黑评删了吗,中性,无,low
月考,comment,这人就是hz来着，评论区都是打配合的串子，别理就好了,中性,无,low
月考,comment,你来上吗,中性,无,low
月考,comment,评论的又下群打配合咯 怎么这张图只有萱萱吗 叽里呱啦的 拱,中性,无,low
月考,comment,不科普姐姐 看到不打码截图带节奏的点点举报,中性,无,low
月考,title,sk五月月考最终排名,焦虑,学业,medium
月考,content,江西高二三新金太阳6月联考,中性,无,low
月考,content,试题出得很精彩,中性,无,low
月考,content,江西三新金太阳高一高二6月联考#江西高二三新联考#江西高二三新金太阳#6月11江西高一三新联考,中性,无,low
月考,comment,数学英语其他小科也更新了,中性,无,low
月考,title,月考前二十拉麦存图,焦虑,学业,medium
月考,content,#sk团播#sk月考,焦虑,学业,medium
月考,comment,小骨宝宝好漂亮啊 好适合这种温温柔柔的白月光妆造,中性,无,low
月考,comment,我好像没看见 在哪一张呀,中性,无,low
月考,comment,回复：这个这个 好乖好萌 直播间看起来更灵动,中性,无,low
月考,comment,回复：这个是小骨哟宝宝,中性,无,low
月考,comment,和高马尾的这张一样夯,中性,无,low
月考,comment,回复：好像江百合呀,中性,无,low
月考,comment,我觉得柚子很好看，但是每次她月考的拉票的妆照都走女神风那种，还没有平时她直播好看，这种风格不是很适合她,焦虑,学业,medium
月考,comment,这个裙子看了姐姐拍的线下特别好看,中性,无,low
月考,comment,我反而觉得这个还挺适合她,中性,无,low
月考,comment,平时get不到,中性,无,low
月考,comment,她跳舞好有魅力的,中性,无,low
月考,comment,这个好漂亮呀,中性,无,low
月考,comment,是nunu哟,中性,无,low
月考,comment,钱塘江333的nunu,中性,无,low
月考,comment,这个是sk333的nunu,中性,无,low
月考,comment,回复：nunu今天妆造终于对味了,中性,无,low
月考,comment,回复：是那个vlog的一天的nunu吗,中性,无,low
月考,comment,回复：是的哦宝宝,中性,无,low
月考,comment,是sk汇金泉989的晴子哦,中性,无,low
月考,comment,是我们晴子哦～,中性,无,low
月考,comment,这张右下是谁啊萌萌的,中性,无,low
月考,comment,笑死刚问完出去就刷到了 小红书推流…,中性,无,low
月考,comment,回复：那不是一口恬吗,中性,无,low
月考,comment,回复：老铁们看成左下了[尬住R],中性,无,low
月考,comment,回复：看成左下了[尬住R],中性,无,low
月考,comment,这个很漂亮是谁啊,中性,无,low
月考,comment,夏天吧🤔🤔🤔,中性,无,low
月考,comment,回复：原来是夏天,中性,无,low
月考,comment,这个风格也好漂亮,中性,无,low
月考,comment,夏天直接给我铺面而来的清爽感，看的广西人很凉快了!!!,中性,无,low
月考,comment,广西人一下就从床上坐起来了,中性,无,low
月考,comment,我的审美，我只知道第一个是卡莎,中性,无,low
月考,comment,第二是小不点哦,中性,无,low
月考,comment,第四个是夏天哦,中性,无,low
月考,comment,第四个是夏天,中性,无,low
月考,comment,图三是一口恬,中性,无,low
月考,comment,宝宝第四个是夏天,中性,无,low
月考,comment,那你适合来看027 后面两个宝宝都在027,中性,无,low
月考,comment,六一文艺汇演羔,中性,无,low
月考,comment,图是凉虾姐姐的,中性,无,low
月考,comment,这个主播叫啥呀,中性,无,low
月考,comment,回复：平海路693的小羔,中性,无,low
月考,comment,小骨宝宝今天好漂亮,中性,无,low
月考,comment,完全白月光，梦回三月了，三月周赛的黄色长裙白月光造型直接把我锤进骨东大家庭,中性,无,low
月考,comment,那个是狐狸啊,中性,无,low
月考,comment,图四右上跟图七左上,中性,无,low
月考,comment,請問這個小姐姐是誰 在一眾小姐姐中特別突出,中性,无,low
月考,comment,975的叉叉,中性,无,low
月考,comment,柚子这个妆造…,中性,无,low
月考,comment,美，很美[回招呼],中性,无,low
月考,comment,CC真的好美，选的这个礼服很衬她，明媚动人,中性,无,low
月考,comment,她美商真不错 平时造型都挺好看 月考几次走秀选的都挺好看,焦虑,学业,medium
月考,comment,枫叶的美瞳真的不合适,中性,无,low
月考,comment,看她一直在眨眼，感觉滑片了,中性,无,low
月考,comment,回复：他眼睛伤过 容易不舒服,中性,无,low
月考,comment,我感觉她昨天的妆造更好看耶,中性,无,low
月考,comment,那个帅帅的小姐姐是谁啊,中性,无,low
月考,comment,sk冰川湖975的叉叉,中性,无,low
月考,comment,冰川湖975叉叉,中性,无,low
月考,comment,回复：真的好帅呀,中性,无,low
月考,comment,夏天好美,中性,无,low
月考,comment,晴子今天千金风好美,中性,无,low
月考,comment,cc好美,中性,无,low
月考,comment,小骨好适合白月光，完全眼前一亮了,中性,无,low
月考,title,SK月考 这个是新人吗这么快就百万了,焦虑,学业,medium
月考,content,#SK月考#SK五月工会赛,焦虑,学业,medium
月考,comment,杉杉算是新团分比较多的了吧,中性,无,low
月考,comment,但是杉杉不算新人了但是没进过40而已,中性,无,low
月考,comment,回复：她是新团吧，我不知道是不是新人,中性,无,low
月考,comment,回复：算是新团老人,中性,无,low
月考,comment,回复：以前都是在enjoy系列播的,中性,无,low
月考,comment,回复：原来是这样啊,中性,无,low
月考,comment,对刚开播一个月的新团，垒分就垒到80w了,中性,无,low
月考,comment,但是算新团老人啦，在sk待了也一年多了,中性,无,low
月考,comment,回复：之前在enjoy待过,中性,无,low
月考,comment,前40都是10w+[呃R],中性,无,low
月考,comment,回复：sk下坡路在哪啊,中性,无,low
月考,comment,6个10w了,中性,无,low
月考,comment,现在42个了,中性,无,low
月考,comment,129的小星是新人 第一次月考就进前三十了,焦虑,学业,medium
月考,comment,这个10w+是rmb吗,中性,无,low
月考,comment,票啦10:1,中性,无,low
月考,comment,回复：月考是rmb,焦虑,学业,medium
月考,comment,"0【一键复制，小红书等你】 6月28日前有效，""瓜瓜瓜我是瓜妹🍉2.0""邀你一起聊 CZ6786 :/#f🍒😛🍐🐷🍍🥯🐤🌮🥯🥥🥟🍙",中性,无,low
月考,comment,不是新人了，干了好久了,中性,无,low
月考,comment,不是 她干了好久了,中性,无,low
月考,comment,杉杉分也挺多的,中性,无,low
月考,comment,哇，兽兽起来了,中性,无,low
月考,comment,感觉她比另一个vlog博主拍的更好，画面还干干净净的，早该火了,中性,无,low
月考,comment,回复：她很漂亮 但是她以前有些瓜,中性,无,low
月考,comment,回复：我大概知道她是什么瓜，在sk有瓜很正常，看每个人介意的点在哪吧，我介意催票的，另一位之前会半夜催票,中性,无,low
月考,comment,回复：oh 也不止之前 今天还在群发通知她自己要参加月考呢,焦虑,学业,medium
月考,comment,回复：vlog发出来就是让人看的，公众人物没有不允许别人评价和对比的权利，粉丝也一样,中性,无,low
月考,comment,回复：vlog发出来就是让人看的，公众人物没有不允许别人评价和对比的权利，粉丝也一样，这里不是饭圈,中性,无,low
月考,comment,小羊吃不饱是新人嘛,中性,无,low
月考,comment,不是，广州的，一直挺有票的,中性,无,low
月考,comment,请问是第一次进前四十嘛,中性,无,low
月考,title,SK一月月考前40,焦虑,学业,medium
月考,comment,柚子家好像不打了,中性,无,low
月考,comment,是哒不打了,中性,无,low
月考,comment,柚子应该第二,中性,无,low
月考,comment,是的第二,中性,无,low
月考,title,月考成绩出来啦,焦虑,学业,medium
月考,content,马上期考就来了，今天考完地理，就要开始准备起来了,中性,无,low
月考,comment,这么厉害，重点班吗,中性,无,low
月考,comment,，平均分数不错的,中性,无,low
月考,comment,没有分重点班,中性,无,low
月考,comment,回复：那学校不错的,中性,无,low
月考,comment,回复：还可以😄,中性,无,low
月考,comment,一般般，加油吧,正面,学业,low
月考,comment,学校不错,中性,无,low
月考,title,sk一月月考结束了 出了6个千万女神,焦虑,学业,medium
月考,content,求求不要卡位 给柚子接线下#sk柚子#sk月考 #,焦虑,学业,medium
月考,comment,这个老柚子一直被大家奶，其实没有一个线下名额,中性,无,low
月考,comment,每次都卡位,中性,无,low
月考,comment,这次有了,中性,无,low
月考,comment,好多人都觉得这个柚子会前六，结果没想到打这么狠[扶额R][扶额R],中性,无,low
月考,comment,回复：素的，每次都以为柚子要过不了的时候柚子过啦，极限卡点,中性,无,low
月考,comment,回复：大哥每次卡点刷,中性,无,low
月考,comment,终于安心一点了,中性,无,low
月考,comment,终于可以睡了,中性,无,low
月考,comment,柚子一个线下都没有，她真的值得求求不要是柚子,中性,无,low
月考,comment,柚子现在的哥姐看她有两三个月了，给她打了好多次比赛，还要被人说维护不好,委屈,人际,high
月考,comment,有了啊啊啊啊啊啊,中性,无,low
月考,comment,求求了能不能来个神豪救救柚子,中性,无,low
月考,comment,我都不忍心看了，幸亏过了路过的神看看柚子吧,正面,学业,high
月考,title,sk五月工会赛42个百万女神,中性,无,low
月考,content,第一次月考成绩出来了，非常不理想,焦虑,学业,medium
月考,content,就连因为考的还不错的生物也是一塌糊涂,正面,生活,medium
月考,content,历史也是懵懵懂懂的，政治一知半解，选择题居然错了7个,中性,无,low
月考,content,姐妹们，你们说我还有救吗,中性,无,low
月考,comment,不影响我高考五百三,焦虑,学业,medium
月考,comment,英语多点时间背单词啦，零碎时间，嗯，例如早起背一遍，有空的课间或者晚修手写好记性不如烂笔头，晚上吃完饭可以边消食边背,自卑,自我,high
月考,comment,每天固定背一些，第二天重复背第一天的重复看意思懂写词，再背新词,中性,无,low
月考,comment,回复：但是看书又觉得有印象觉得自己会了 出现在题目和文章就想不起来,中性,无,low
月考,comment,回复：哈哈给你看一眼我高三的成绩，哈哈之前有记录,中性,无,low
月考,comment,看到是不是好受一点，坚持住就好啦，就从基础开始，把基础打好，不要一下子就接触难题,中性,无,low
月考,comment,高三第一学期确实会受打击，当时我也是,中性,无,low
月考,comment,找到合适的方法，例如我的英语就是在高三第一学期期末大涨，单词必修一到必修五当时已经很熟了，就是做到看单词知道意思，学会语法,焦虑,学业,medium
月考,comment,每中午一篇英语阅读，每次都总结各个阅读正确答案的相同点,中性,无,low
月考,comment,例如：选项中语义积极向上的，每段第一句和最后一句是重点可以知道主旨，有refer就肯定不能是原文,中性,无,low
月考,comment,就这些就能解决绝大多数的阅读题,中性,无,low
月考,comment,总而言之，打好基础，然后多做高考题，一种一种题型突破，稳住心态,焦虑,学业,medium
月考,comment,回复：加油，慢慢有计划的来，坚持住,正面,学业,low
月考,comment,现在怎么样了,中性,无,low
月考,comment,感觉高三比高二更难了，努力学还是没有进步,正面,学业,low
月考,comment,回复：现在高二感觉要碎掉了加油 祝你成功,正面,学业,low
月考,comment,回复：现在怎么样了贝贝,中性,无,low
月考,comment,我高二的时候反而还有点进步,中性,无,low
月考,comment,回复：高三不是进入复习了吗,中性,无,low
月考,comment,回复：过几天就考试 国庆作业我还没写 写不了一点,中性,无,low
月考,comment,回复：高三的题更深入，更难了啊,中性,无,low
月考,comment,你这种英语好提的，从初中语法开始学吧，可以自己在网上找视频看，多背背单词,中性,无,low
月考,comment,回复：别有畏难情绪，你现在不学只能越拖越多,中性,无,low
月考,comment,现在怎么样了,中性,无,low
月考,title,几乎裸考出分了,中性,无,low
月考,content,因为心理问题休学两年的去高考，几乎裸考，现在出分了,焦虑,学业,medium
月考,content,#休学#高考#裸考,焦虑,学业,medium
月考,comment,两年没去，学了50天物化生531，要不要复读,中性,无,low
月考,comment,我去，不想读就走，想复读一定一定要坚持,中性,无,low
月考,comment,回复：别复读了,中性,无,low
月考,comment,高中如果是因为身心有问题导致没去上学，那就不要复读,中性,无,low
月考,comment,回复：复读后的成绩不一定如你所愿的 能走就走吧,中性,无,low
月考,comment,我感觉这个成绩对于你的情况来说已经很好了 别复读,中性,无,low
月考,comment,回复：反正如果是我肯定不复读了,中性,无,low
月考,comment,回复：所以我也只是参考，因为每个人情况不一样呀,中性,无,low
月考,comment,你可以先不复读因为你不知道大学什么样子，不如先去大学试试然后再决定复读不复读,自卑,自我,high
月考,comment,然后你会发现大学都是💩下定决心复读而且非常有毅力,中性,无,low
月考,comment,回复：无需太在意别人的看法，遵从自己的内心，年龄算什么,中性,无,low
月考,comment,工作了，照样50多岁和20多岁成同事,中性,无,low
月考,comment,感觉你潜力无限，加油,正面,学业,low
月考,comment,多浪费一年也为未知,中性,无,low
月考,comment,回复：对，我也觉得尤其是二本大学可能真的不太好,中性,无,low
月考,comment,我靠怎么做到的 可以传授一下经验吗,中性,无,low
月考,comment,回复：大也大不了几岁，毕竟你实力在那儿，如果可以坚持的话，建议复读,中性,无,low
月考,comment,回复：确实比较大了年纪，但是整体来说今年真的没学可以说，因为50天我连新高考套卷都没开始做,焦虑,学业,medium
月考,comment,回复：其实就是底子好，在县一高的好班，之前也都是保底末流211，各种原因休学两年，50天其实就是找回之前学的东西,中性,无,low
月考,comment,高二下开始频繁请假，高三基本没上学，在家躺着，裸考，刚过本科线，只能上大专,中性,无,low
月考,comment,本科线471，文科,中性,无,low
月考,comment,回复：为什么刚过本科学只能上大专,中性,无,low
月考,comment,回复 Ms. DoO : 因为河南的至少比线高二三十才有民办本科，特控线以上才有公办本科,中性,无,low
月考,comment,回复：那这本科线有啥用,中性,无,low
月考,comment,装货大赏,中性,无,low
月考,comment,_722020 看得我想尿,中性,无,low
月考,comment,回复：我裸考700有无来战,中性,无,low
月考,comment,两眼一睁就是说了,中性,无,low
月考,comment,我笑死了,中性,无,low
月考,comment,你们裸考这么高吗我249,中性,无,low
月考,comment,加一个 他们真的是裸考吗 我都震惊了,中性,无,low
月考,comment,我也是243,中性,无,low
月考,comment,我238纯裸考，都没上高中,中性,无,low
月考,comment,回复：我也是文科生两年不看书真的全忘了 都靠的是初中的基础语文考了70,中性,无,low
月考,comment,哇塞好厉害,中性,无,low
月考,comment,这哪里算裸考,中性,无,low
月考,comment,要是你不请假，一直上到高三，你的水平应该有清北那个程度吧,中性,无,low
月考,comment,裸考571，省排7460，准备复读了,中性,无,low
月考,comment,好厉害啊，加油加油加油,正面,学业,low
月考,comment,你好好报志愿可以直接上好学校了,中性,无,low
月考,comment,这还叫裸考,中性,无,low
月考,comment,我也是这种情况，一直没上学，裸考403，考虑复读了,中性,无,low
月考,comment,裸考能考这么多说明脑子很好，好好学的话怎么也能600以上吧,中性,无,low
月考,comment,你三年不上考这么多吗,中性,无,low
月考,comment,回复：休学了两年，复学之后上了两个月，然后又不上了，从上一年10月就住ICU住精神病院然后回到家里,中性,无,low
月考,comment,回复：我觉得也就500多顶天了，600这辈子还没想过,中性,无,low
月考,comment,回复：我的妈你是天才吗,中性,无,low
月考,comment,回复：你要是想要本科可以到时候专升本 反正都是为了这个学历 也是一样的,中性,无,low
月考,comment,我明天出分已经做好被打死的打算了,中性,无,low
月考,comment,我只求公办大专就好了现在也不知道能不能上,中性,无,low
月考,comment,回复：我这边公办大专4b+根本上不了,中性,无,low
月考,comment,回复：其实我内心觉得啥都没学考三百多还是很厉害的但是我估计是我亲戚里第一个上大专的学生了,中性,无,low
月考,comment,回复：我现在也还好点了，上了个不好的学校混日子，走一步看一步了,中性,无,low
月考,title,高二逆袭：下学期开始，孩子还能涨多少分,焦虑,学业,high
月考,content,高二下学期开学了，很多家长已经开始为孩子的月考和期中考试做规划了,焦虑,学业,medium
月考,content,我家孩子在高二上学期从400多分逆袭到600多分，期间踩了不少坑，但也总结出了一套有效的提分方法,焦虑/正面,学业,high
月考,content,语文提分秘籍 文言文复习：每天复习一篇高一文言文，梳理重点实词、通假字，理解并背诵高二的文言文和古诗词,焦虑/正面,学业,high
月考,content,每周背熟2篇文言文和3首古诗词,中性,无,low
月考,content,阅读理解：阅读文章时，边看边画线，标记关键信息，如对象、地点、时间、环境描写、心理描写、抒情句子和议论句子,中性,无,low
月考,content,每天阅读文学读物1小时，做好阅读笔记,中性,无,low
月考,content,作文提升：作文开头可以用名人名言或漂亮的排比句吸引眼球,中性,无,low
月考,content,将80%的精彩文采集中在开头、结尾和每一段的首句,中性,无,low
月考,content,每周剖析2篇高考范文，分析其结构和亮点,焦虑,学业,medium
月考,content,数学提分策略 复习巩固：每天梳理一个专题的知识要点，整合高一试卷的错题，分析错误原因并总结正确解法,焦虑/正面,学业,high
月考,content,针对本周复习的知识点进行归纳总结，并完成相关练习题,中性,无,low
月考,content,预习新课：每天完成1-2道历年高考真题，整理错题,焦虑,学业,medium
月考,content,预习高二数学前三个单元的知识点，并进行相关练习,中性,无,low
月考,content,英语学习技巧 单词记忆：边记单词边读出来，增强语感,中性,无,low
月考,content,老师将3500个核心词汇整理成35篇小短文，孩子每天背一篇，每周复习巩固,中性,无,low
月考,content,可以将闹钟设置成英文，睡前听英语材料，营造英语学习环境,中性,无,low
月考,content,听力练习：注意听力材料中后句比前句重要，回答比提问重要,中性,无,low
月考,content,如果选项中有明显播读的单词或短语，通常是错项,中性,无,low
月考,content,同义词替换的选项，正确率更高,中性,无,low
月考,content,阅读理解：做题时先判断问题是主旨题还是细节题，先看文章首尾段，完成主旨题，再在文章中找到细节题的对应内容,中性,无,low
月考,content,小六门（物理、化学、生物、政治、历史、地理）复习方法 知识复盘：每天复盘一个科目的知识点，整理课本内容，做到课后能够复盘老师讲的内容,中性,无,low
月考,content,每周对复盘的知识点进行总结梳理，并完成相关练习题,中性,无,low
月考,content,重点回顾：每天回顾一个科目的高一重点内容，浏览高二课本30分钟,中性,无,low
月考,content,每周对回顾的知识点进行归纳总结，并完成相关练习题,中性,无,low
月考,content,写在最后 高二上学期考得不好千万不要灰心，高二下学期是查漏补缺的宝贵机会,中性,无,low
月考,content,抓住这个机会，孩子在高三复习时就能更加从容,中性,无,low
月考,content,家长们一定要重视起来，帮助孩子制定科学的学习计划，一起努力，为高考冲刺,焦虑/正面,学业/家庭,high
月考,content,﻿#高二提分﻿ ﻿#家长必读﻿ ﻿#家长教育﻿ ﻿#高中﻿ ﻿#高考﻿ ﻿#高中学习﻿ ﻿#高二﻿ ﻿#家长﻿ ﻿#给娃的春节仪式感﻿,焦虑/正面,学业,high
月考,title,其实吧，高二第一次月考已经固定了,焦虑,学业,medium
月考,content,有答案有解析,中性,无,low
月考,content,第一次月考题目大多偏向基础，要​​重视复习整理前期所学内容​​，给大家准备了往年的月考题练手​​，熟悉题型和难度，限时完成以感受考试节奏,焦虑,学业,medium
月考,content,考后务必​​认真分析试卷​​，找出知识漏洞、应试技巧或心态方面的问题，并制定改进计划#高二#高二数学#高二数学选修二#月考#高二月考#试卷#数学提分#高二月考数学#月考试卷,焦虑/正面,学业,high
月考,comment,显哥给大家准备了试卷电子版+解析 ，留【我要考第一】直接发,中性,无,low
月考,comment,我要考第一,中性,无,low
月考,comment,已发认准开明致学助教老师,中性,无,low
月考,comment,已经您了,中性,无,low
月考,comment,我要考第一,中性,无,low
月考,title,高二暑假 就是在 淘汰老实的人,中性,无,low
月考,content,高一328，高二380，最后高三换打法，高考630,焦虑,学业,medium
月考,content,后来我才明白：不是不努力，是努力错了方向,正面,学业,low
月考,content,450以下不知道怎么冲的，学姐有资料欧,焦虑/正面,学业,medium
月考,content,这一次，别做老实人 逆风翻盘，让成绩看看谁是主人 #高中学习方法#高二#高二下#准高三#高中学习资料#高中学习笔记#新高考#高考提分#学习经验#致高考,焦虑/正面,学业,high
月考,comment,资料学姐这里都有欧，需要的宝子💬 我秒发,中性,无,low
月考,title,高一下第二次月考，喜忧参半,焦虑,学业,medium
月考,content,#新高考选科#数学#高考祝福,焦虑,学业,medium
月考,comment,没事 我当时高考英语难的一出来就跟我妈吐槽难 我妈都做好我考70分的准备了结果最后成绩出来考了100多 考完就别想那么多,焦虑,学业/家庭,high
月考,comment,肯定超常发挥啦,中性,无,low
月考,comment,理科也是 我有点心死了 之前一直靠数学拿分,中性,无,low
月考,comment,调整心态了只能( •︠ˍ•︡ ),中性,无,low
月考,comment,回复：加油吧宝宝,正面,学业,low
月考,comment,没事的宝宝 同文科 我平常70左右 这次估计就50,中性,无,low
月考,comment,肯定会超出你预期的,中性,无,low
月考,comment,我考了三年来最高分,中性,无,low
月考,title,高二下学期，其实是最容易追上来的,中性,无,low
月考,content,但我想告诉你，高二下学期，是一个很容易做出改变的阶段,中性,无,low
月考,content,我整理了从基础薄弱到稳步提升的笔记和方法，只要你愿意行动，现在开始，就不算晚#高考逆袭#高中学习方法#高二学习#高二党#高考提分,焦虑/正面,学业,high
月考,comment,高二下，求,中性,无,low
月考,comment,好滴姐姐戳你啦，注意后台✉️，要认准姐姐哦~,中性,无,low
月考,comment,宝宝后台回复一下消息哦，不然姐姐分享不过来,中性,无,low
月考,comment,宝宝后台回复一下姐姐看,中性,无,low
月考,comment,我求求了 高二下马上高三了,中性,无,low
月考,comment,高一下求,中性,无,low
月考,comment,高二下 已关求,中性,无,low
月考,comment,高中生来一个带一个，提分技巧和逆袭笔记分享,焦虑/正面,学业,high
月考,title,2025.10人大附中高三10月月考质量检测练习,焦虑,学业,medium
月考,comment,请问有答案吗,中性,无,low
月考,comment,你这主科也挺好的了啊，完全是副科拉胯,正面,生活,medium
月考,comment,我们班就是大家都很厉害 这次数学其实很简单 但是我就是不会 数学平均分108我考了86,中性,无,low
月考,comment,回复：我化学有在补课 我物理真的[抽泣R],中性,无,low
月考,comment,这是第二次天一联考(顶尖计划)那个成绩吗,中性,无,low
月考,comment,不是 是我们学校的月考,焦虑,学业,medium
月考,comment,回复：那有可能是你们学校卷子难啊，我听之前一个学姐说她参加高考英语比平时能高了几十分,焦虑,学业,medium
月考,comment,回复：我们卷子不是很难的那种,中性,无,low
月考,comment,天一这次联考难吗,中性,无,low
月考,comment,目标是什么啊,中性,无,low
月考,comment,过特控线,中性,无,low
月考,comment,回复：今年特控线多少啊,中性,无,low
月考,comment,我数学物理从高一就烂的没边,中性,无,low
月考,comment,我也是，一轮复习一定要尽量跟着老师的节奏，查漏补缺，把基础打牢，一轮复习不认真后面真的没可能了,中性,无,low
月考,comment,加油，本科问题不大,正面,学业,low
月考,comment,不要广告啊啊啊啊啊啊不要广告,中性,无,low
月考,title,高三数学：湖南师大附中第六次月考,焦虑,学业,medium
月考,content,sk前40活动值均过百万什么概念#sk#sk月考,焦虑,学业,medium
月考,comment,五月份是林火火的生日，给她的生日礼物吧,中性,无,low
月考,comment,真是他生日啊,中性,无,low
月考,comment,回复：笑死我了,中性,无,low
月考,comment,回复：啊，我不知道呀，我开玩笑的，你好逗哈哈哈哈,中性,无,low
月考,comment,上个月没打月考也是让sk 这个月赚波大的了,焦虑,学业,medium
月考,comment,意味着林火火要成首富了,中性,无,low
月考,comment,女团看sk 是真有道理的,中性,无,low
周测,title,光影周测画了,中性,无,low
周测,content,费事费力又没什么收获，我宁愿在家自己把不会的点一个个攻克再去做成套的试题,中性,无,low
周测,comment,每周周测七次我服了,愤怒,社会,medium
周测,comment,回复：我高一刚选科分完班,中性,无,low
周测,comment,每周一轮，感觉脑子考傻了,中性,无,low
周测,comment,我们每周周测三次，周测不过关的周六强制留校过关，不给回家,中性,无,low
周测,title,高一下 周测卷精讲(第六章➕第七章),中性,无,low
周测,content,上课听懂了，做题全错，就是白学 ​2️⃣错题一定要整理,焦虑,学业,medium
周测,content,这张卷子里80%的错题，都是讲过的题型 ​3️⃣解三角形、向量、复数，这三大块是高二数学的核心，丢分就是丢分 ​4️⃣考试别跳步,焦虑,学业,medium
周测,content,解答题步骤分占一半，写对公式就能拿分 ​5️⃣别盲目刷题,中性,无,low
周测,content,高中数学从来不是靠天赋，是靠踏实、认真、复盘… 慢慢来，反而最快💛 #高一数学#高中数学老师#高中数学怎么学#月考#高中#高中數學#高中数学老师日常#必刷题#试卷,焦虑,学业,medium
周测,comment,这套卷难不难,中性,无,low
周测,comment,整体难度不大 比较基础,中性,无,low
周测,comment,回复：用的是人教A版吗,中性,无,low
周测,comment,有PDF吗,中性,无,low
周测,comment,我有互我发你,中性,无,low
周测,comment,回复：可以给我发一下吗,中性,无,low
周测,comment,回复：可以发我一下嘛宝,中性,无,low
周测,comment,17题用向量法不是快的飞起嘛,中性,无,low
周测,comment,哈哈哈哈确实 向量法秒杀,中性,无,low
周测,comment,求电子版,中性,无,low
周测,comment,求pdf,中性,无,low
周测,comment,求一个电子版,中性,无,low
周测,title,周测改图发之,中性,无,low
周测,content,又被改的好爽,正面,生活,high
周测,comment,这个神秘外星入到底谁,中性,无,low
周测,comment,怎么一直这么宠我,中性,无,low
周测,title,云南师大附中新高三学生问的周测填空压轴题,中性,无,low
周测,content,亦可待定系数均值#云南师大附中#基本不等式#柯西不等式,中性,无,low
周测,title,西附初一周测14,中性,无,low
周测,content,#西附#初一数学#周测,中性,无,low
周测,title,海绵周测不是谁都能做到每次数学都不及格的,焦虑,学业,high
周测,title,数大仙 周测数学,中性,无,low
周测,content,2）不过原点，用截距式➕代入】 #管综#管综数学,中性,无,low
周测,title,法硕备考真的很需要定期自测,中性,无,low
周测,title,觉晓周测打卡,中性,无,low
周测,content,法硕备考真的很需要定期自测,中性,无,low
周测,content,觉晓周测打卡 第四周,中性,无,low
周测,content,法硕备考真的很需要定期自测,中性,无,low
周测,content,#觉晓周测#法硕考拉松,中性,无,low
周测,title,海绵周测第5场丨个人解析版,中性,无,low
周测,content,《考点清单》上应用题是被放在第五章，这种排版可能是想着学完函数、方程与不等式、数列之后，能跟应用题结合在一起考察,中性,无,low
周测,content,试卷和前面的知识点串联得比较多，所以如果这一部分没有复习到的话会觉得稍微有一点难，但是如果学完前面这些内容再去做应用题，应该思路会更清晰而且可用的方法也更多,中性,无,low
周测,content,这样排版其实也让应用题考察的范围变得更广更深,中性,无,low
周测,content,其实从25年的真题就能看出来，真题不再是单一知识点的考察，而是多个知识点的串联，会把很简单的问题考得很深入，所以大家也不用去细究比较犄角旮旯的知识点或二级结论，只要把最常见的知识点掌握，融会贯通就可以了,中性,无,low
周测,content,这张试卷有几个点还蛮重要的,中性,无,low
周测,content,第一个就是我错的这道题，大家一定要看清楚它考察的是利润最大还是利润率最大，肯定有人像我一样没有除以成本啊啊啊 第2个就是种树问题，一定要考虑清楚什么时候算端点种不种树、什么时候不用算，比如封闭图形就是一个很明显不用算端点种树的图形，但是他说种满两条边，那种满的这两条边的端点一定要计算上去,中性,无,low
周测,content,第3个浓度问题，这个在书上的例题应该讲得也很清楚,中性,无,low
周测,content,可以直接通过两者的比例来计算，会简便很多,中性,无,low
周测,content,《考点清单》上炫技的二级结论不多，但有些做法真的很简便，大家可以学习,中性,无,low
周测,content,整体来看，种树问题、路程问题，浓度问题包括集合问题都有涉及到,中性,无,low
周测,content,如果你哪一个部分错得比较多，在对应的书上看一下例题和讲解,中性,无,low
周测,content,还有一个最后一题我也想说一下，有时候大家可能不太知道怎么找反例，其实可以看一下这几个数字，可乐2块钱一瓶冰峰8块钱一瓶,中性,无,low
周测,content,其实就是4瓶可乐可以兑1瓶冰峰,中性,无,low
周测,content,所以每少买1瓶冰峰可以多买4瓶可乐，一定会出现不止一种买法,中性,无,low
周测,content,#199管理类联考#管理类联考#199#管综#199管综#管综数学#张伟男数学#考点清单,中性,无,low
周测,comment,感觉95分的大都错了第三题,中性,无,low
周测,comment,估计都是像我一样没有看清利润率啊啊啊,中性,无,low
周测,comment,回复：宝宝宝宝，我想进群,中性,无,low
周测,comment,老师 想问下第六题您的思路,中性,无,low
周测,comment,两边各自混合后浓度相等，其实就相当于把所有的甲溶液与乙溶液都混在一起，所以两边的混合比例应该等于体积之比,中性,无,low
周测,comment,回复：老师，不是很懂有点抽象感觉,中性,无,low
周测,comment,您好，请问可以发一份pdf吗，忘了参加了，在app里没找到,中性,无,low
周测,comment,想问问第四题植树问题怎么写的完全看不懂,中性,无,low
周测,comment,您好，我种树看了您的解析也不太理解,中性,无,low
周测,comment,他告诉端点种树有什么作用吗,中性,无,low
周测,comment,封闭图形，树🟰空，和端点有什么关系呢,中性,无,low
周测,comment,然后第二个种满两变又是嘛意思,中性,无,low
周测,title,今年难吗 都有什么题,中性,无,low
周测,content,#北京高考#高考数学#北京高考数学#北京高考数学卷,焦虑,学业,medium
周测,comment,解析几何还好，导数确实难，这个导数所有区的模拟题都完全没考过这种题型，难点主要在于新,中性,无,low
周测,comment,但是做过去年卷子的都知道 今天导数第二问跟去年的很像,中性,无,low
周测,comment,语文英语都比24届容易,中性,无,low
周测,comment,回复：认真的吗今年英语明显难于24,中性,无,low
周测,comment,肯定比24难,中性,无,low
周测,comment,of course beacuse I'm Kobe,中性,无,low
周测,comment,（那我写啥,中性,无,low
周测,comment,数学导数题不像北京的像新高考一卷的,焦虑,学业,medium
周测,title,打卡周同学十二萌将,中性,无,low
周测,content,#高中数学#北京高考#高考#高考数学#北京数学,焦虑,学业,medium
周测,comment,目前学生汇报的情况是，立体几何难，导数难，整体比去年难,中性,无,low
周测,comment,圆锥曲线，计算量巨大,中性,无,low
周测,title,收这个周泽楷吧唧50配,中性,无,low
周测,content,20配以下的不收了，费u 能一次性吃到50团的优先 #全职高手#周泽楷#全职高手星座杂志系列,中性,无,low
周测,title,人体周测画了,中性,无,low
周测,content,画的晕头转向等助教救我#曼奇立德#夏日重现,中性,无,low
周测,comment,试图在评论中找到夏日重现四个字,中性,无,low
周测,comment,我求你了,中性,无,low
周测,comment,骗你的其实我也是,中性,无,low
周测,comment,可以当壁纸吗老师,中性,无,low
周测,comment,不是两个人体加铺色吗 你怎么画商稿,中性,无,low
周测,comment,回复：哈哈哈哈,中性,无,low
周测,comment,教我教我教我,中性,无,low
周测,comment,画的真好关注了,中性,无,low
周测,comment,不是两个人体加铺色吗 你怎么画商稿,中性,无,low
周测,comment,补药接奇怪的龙啊～,中性,无,low
周测,comment,我要永远追随你主人,中性,无,low
周测,comment,权威的神,中性,无,low
周测,comment,我去爸爸,中性,无,low
周测,title,海绵周测第III期第1场（数学）,中性,无,low
周测,content,忘记报名补做一下，超时好久还翻书了🙀 #管综数学#管综#会计专硕#管理类联考#海绵周测,中性,无,low
周测,comment,宝宝你是不是图画错了呀，咋过竖直线呢,中性,无,low
周测,comment,回复：20题联立p点就是两个点了是咩,中性,无,low
周测,comment,回复：是的，我以为是圆内的线段,中性,无,low
周测,comment,14题是怎么做的 还是没看懂,中性,无,low
周测,comment,因为H在AD上，所以直接取和D重合，这时候阴影部分面积就像我画的那样，很好求啦,中性,无,low
周测,title,高危后2周测传染病四项，在家15分钟搞定,中性,无,low
周测,comment,客服很有耐心，试纸检测也很灵敏，以后一定要注意防护，避免危险行为,中性,无,low
周测,comment,商家服务态度好 测试方法简单结果快,中性,无,low
周测,comment,悬着的心终于放下啦,中性,无,low
周测,comment,大家有过危险行为的一定要及时检测有备无患,中性,无,low
周测,comment,一定要避免危险行为,中性,无,low
周测,comment,好好生活,中性,无,low
周测,comment,速度很快，之前一直有点怀疑，这下子彻底没有顾虑了,中性,无,low
周测,comment,已做，老家那边要求全民筛查，发筛查结果，难得去医院，自己筛查很方便,中性,无,low
周测,comment,前段时间怀疑自己有感染风险，在网上挑了好久选了这款四合一的试剂,中性,无,low
周测,comment,收到后马上测了，采血很顺利，试纸反应灵敏,中性,无,low
周测,comment,结果出来得快，而且准确无误,中性,无,low
周测,comment,大品牌的质量把控就是严格，用它检测，心里特别踏实，能快速消除我的担忧，真心不错,中性,无,low
周测,comment,最近心里一直七上八下，想来起去还是检测下放心,中性,无,low
周测,comment,收到后操作简单，按说明书取血滴在试纸上就行,中性,无,low
周测,comment,采血包里面有两个，然后在手上取血，无痛，而且速度很快，结果是阴就放下心了,中性,无,low
周测,title,七年级周测卷怎么刷,中性,无,low
周测,title,📝 学霸同款法,中性,无,low
周测,content,7年级上册语文数学周测卷 ，和学校教材进度同步，一周一练，查漏补缺巩固基础,中性,无,low
周测,content,打牢基本功 ﻿#一本﻿ ﻿#周测卷﻿ ﻿#一本周末小测卷﻿ ﻿#试卷﻿ ﻿﻿ ﻿#七年级﻿ ﻿#开学必备﻿ ﻿#初中学习方法#教辅推荐#七年级语数英#周测卷,中性,无,low
周测,title,网友红领巾复盘本上线啦,中性,无,low
周测,content,网友红领巾老师的复盘题本跟练方法分享：强调先自己做题,中性,无,low
周测,content,再听老师讲解，注意全神贯注，关注老师的思路优化解法,中性,无,low
周测,content,复盘总结,中性,无,low
周测,content,1.网友红领巾老师介绍：网友红领巾老师的视频解析在小破站，粉丝260w+，有很多季模考的复盘、建议先做题再听讲解,中性,无,low
周测,content,2.题本介绍：题本是某笔模考按红领巾老师视频讲解整理成册（详目录），方便复盘和做笔记,中性,无,low
周测,content,3.题本应用：先做题再对答案、思考后听讲解、老师的复盘是实战模式、用三言两语纠正错误思路,中性,无,low
周测,content,4.复盘注意事项：复盘时要全神贯注、注意老师的思路、正确和错误的题都要听,中性,无,low
周测,content,5. 刷题计划：先言语后其他，争取尽快言语正确率稳定在90%，为其他模块争取更多时间,中性,无,low
周测,content,#2026国考#每日复盘#网友红领巾怎么跟着学#考公刷题题本推荐#网友红领巾#国考省考,焦虑,学业,medium
周测,comment,物流很快，题本质量高，字迹清晰，排版很舒服，商家服务态度也超级好,中性,无,low
周测,title,班主任强推,中性,无,low
周测,title,这份小学周末检测卷真的很强,中性,无,low
周测,content,#一本周末小测卷 一二三年级开学必备的周测卷来了,中性,无,low
周测,content,一周一测，及时跟踪每周学习情况，查漏补缺 #小学语文﻿﻿#小学数学﻿#小学英语﻿﻿#小学学习资料﻿﻿#测试卷﻿﻿#小学生学习﻿﻿#小学数学试卷﻿﻿#小学数学怎么学﻿﻿#小学期中考试,焦虑,学业,medium
周测,title,班主任强推,中性,无,low
周测,title,这份小学周末检测卷真的很强,中性,无,low
周测,title,高中生也能刷真题,中性,无,low
周测,title,这套真题周周练，冲冲冲,正面,学业,low
周测,content,几乎每周都会发大庆一中的周测卷，在答疑群里的家长一定一定跟着练#聂伟东#聂伟东中考数学#聂伟东老师数学课堂,焦虑,学业,medium
周测,title,2026春亮点给力大试卷一年级下册数学江苏版,中性,无,low
周测,content,这本《亮点给力大试卷》真的挖到宝✨ ✅核心特点 • 苏教版专属：完全同步江苏版教材进度，贴合本地考情，不超纲 • AB卷分层：A卷夯实基础、B卷能力提升，难度循序渐进 • 题型全覆盖：单元测+专项卷+期中卷+期末卷，一套搞定全学期 • 答案超详细：带思路点拨，家长辅导超省心 • 聚焦重难点：专攻计算、人民币换算、图形认知等易错点 ✅适合人群 • 江苏一年级下册，用苏教版数学的学生 • 基础薄弱需巩固、或中等生想适度提优 • 家长自主辅导、老师随堂测评使用 低年级数学打好根基太重要,焦虑,学业,high
周测,content,这套卷题量适中、排版清晰，孩子做着不抵触，单元查漏、期末冲刺都合适，江苏宝妈闭眼入～ #测试卷#数学试卷#一年级下册数学#江苏版数学#江苏小学数学#亮点给力大试卷#数学试卷#苏教版数学#亮点给力#数学启蒙,焦虑/正面,学业,high
周测,title,🔥新疆名校七年级上册英语预备单元周测卷,中性,无,low
周测,content,🔥新疆名校七年级上册英语预备单元周测卷 1️⃣pdf版本 2️⃣每个单元都有哦 #七年级英语#七年级上册英语#七年级英语上册#七年级英语试卷#七年级英语知识点,中性,无,low
周测,title,本周份数据,中性,无,low
周测,content,#虹桥周测,中性,无,low
周测,comment,地理好厉害,中性,无,low
周测,comment,嗯，生地数一直不怎么掉链子，其他学科轮着掉,焦虑,学业,medium
周测,comment,我们政治难产了,中性,无,low
周测,title,7年级｜下册数学第12周周末作业,中性,无,low
周测,comment,暑期衔接没,中性,无,low
周测,comment,没上衔接，小学没上过补习班，没有卷他，现在在重点班感受到了暴击,中性,无,low
周测,comment,回复：这下也得上点料了,中性,无,low
周测,comment,回复：没上过补习班能进重点班很不错了，慢慢来吧,中性,无,low
周测,comment,回复：我们周测了为啥不公布成绩,中性,无,low
周测,comment,回复：那怎么考上重点班的,中性,无,low
周测,comment,回复：有被安慰到,中性,无,low
周测,comment,是好班的,中性,无,low
周测,comment,回复：你们竟然没阳光分班,中性,无,low
周测,comment,这边没好班了上面盯着你分班,中性,无,low
周测,comment,确实，没有小学那么多高分了，我们班目前也只考了英语，老师没说分数段人数,中性,无,low
周测,comment,回复：哪个学校啊,中性,无,low
周测,comment,回复：正常，我女儿也是倒数那几个,焦虑,学业,medium
周测,comment,哪个学校,中性,无,low
周测,comment,上上周周测说其他班都是四五十，搞不懂了,中性,无,low
周测,comment,园区靠近昆山的菜中,中性,无,low
周测,comment,我家昨天 55 分,中性,无,low
周测,comment,回复：哪个学校的,中性,无,low
周测,comment,苏e怎么七上数学不是120还是130嘛，怎么还是满分100,焦虑,学业,medium
周测,comment,日常小测，初二好像才会120,中性,无,low
周测,comment,我们周测是130,中性,无,low
周测,comment,我们也是苏E，日常测试是120,中性,无,low
周测,comment,要看哪个区的，园区七八年级满分都是100,中性,无,low
周测,comment,姑苏区数学还是100分，但这次月考好像惨不忍睹,焦虑,学业,medium
周测,comment,我们学校周测100，月考开始130了对标中考,焦虑,学业,medium
周测,comment,这么厉害，我们七上周测数学90以上才五六个，你们哪个学校,中性,无,low
周测,comment,回复：昆山的菜中有晚自习吗,中性,无,low
周测,comment,回复：我们在园区，靠近昆山，不是昆山的,中性,无,low
周测,comment,是不是普通班,中性,无,low
周测,comment,没事的，放平心态,中性,无,low
周测,comment,稳扎稳打， 初一来得及的， 还有老本吃， 加油,正面,学业,low
周测,comment,你们哪个学校的,中性,无,low
周测,comment,回复：新区金山路上的,中性,无,low
周测,comment,回复：什么考试,中性,无,low
周测,comment,我数了一下我们班5个90以上,中性,无,low
周测,comment,不会是立达吧,中性,无,low
周测,comment,我们班1004️⃣个，90分以上29个,中性,无,low
周测,comment,你们哪个学校，也是好班的吧,中性,无,low
周测,comment,回复：苏F，不懂哈，我们老师还觉得考的很不理想，可能第一次周测不是很难,中性,无,low
周测,comment,我们班第一次周测，最高100，最低29分,中性,无,low
周测,comment,回复：你们班是尖子生班,中性,无,low
周测,comment,学霸在做的，平时做题感觉还行吧，不知道这个怎么回事,中性,无,low
周测,comment,而且期末比平时周测都简单,焦虑,学业,medium
周测,comment,一看就是好学校,中性,无,low
周测,comment,我们普通班，90以上5人，80以上14，我们是80以上其中一个，真的好普通的班,中性,无,low
周测,comment,我家英语 倒数第四 直接震惊我了,焦虑,学业,medium
周测,comment,新区实验第一次周测挺简单，我带的三个学生，都是98+，有一个错了非负整数集合,中性,无,low
周测,comment,可以一对一数学辅导,中性,无,low
周测,title,北师大附属实验中学九下数学周测，质量很高,中性,无,low
周测,comment,哎，我道心不稳，同流合污，已经深刻反省了,中性,无,low
周测,comment,我刚看到一个帖子就是高考作弊要不要举报的,焦虑,学业,medium
周测,comment,你去搜一下，这种帖子一大堆,中性,无,low
周测,comment,回复：高考一个省成规模有组织的作弊也就几百人而已，而且这里面包含艺考生的有组织作弊，只要所有科的选择分和部分简单的填空分,焦虑,学业,medium
周测,comment,完全影响不到高考整体的排名,焦虑,学业,medium
周测,comment,回复：你要这么想，别人高考时有没有通天的手段我不知道，但知道自己还高考只能老老实实的考，那现在的小测作弊，害的只能是自己，会影响自己的分数,焦虑,学业,medium
周测,comment,而且你自己都抄了，更没理了，自己经不住诱惑也埋怨不了别人，以后你自己别抄了，认真学就行了,中性,无,low
周测,comment,我支持高考作弊举报，但是平时实在是没必要，对得起自己就行,焦虑,学业,medium
周测,comment,回复：以为监控老师是傻子,中性,无,low
周测,comment,回复：很多人偷偷瞄一眼就能看到啊，自己去搜呗,中性,无,low
周测,comment,回复：神了，你都抬头看别人干什么了，你这算光明正大的瞄,中性,无,low
周测,comment,回复：不是，我又没说我抬头看别人的，我让你自己去搜那种帖子啊，我只是说我看到过这种帖子而已啊，我又没说我自己作弊，莫名其妙对我火药味这么大干嘛,中性,无,low
周测,comment,回复：啥时候说影响高考整体的排名了,焦虑,学业,medium
周测,comment,理解周测的作用，你就会释然了,中性,无,low
周测,comment,对，我给学生就是这么说的,中性,无,low
周测,comment,小测试真无所谓的，我们高三每周周末考一次，试卷都是找我们同学自己阅卷，这种纯粹是测试下自己的水平到底在哪，测试一下自己不会的题型，分数真无所谓的,中性,无,low
周测,comment,不用管呀我们学校上次期中考一堆人拿手机出来作弊的,焦虑,学业,medium
周测,comment,老师根本看不到呀,中性,无,low
周测,comment,回复：告了也没什么用,中性,无,low
周测,comment,周考作弊又不是高考做弊，管他们干嘛，让他们抄去呗，你好好提升自己就得了,焦虑,学业,medium
周测,comment,身处黑暗也要心向光明,中性,无,low
周测,comment,深陷混沌也要保持清醒,中性,无,low
周测,comment,你只管认真学习，做好自己，不要过问他人的事,中性,无,low
周测,comment,时间会给你证明,中性,无,low
周测,comment,甚至平时都可以适当压着点 大考的时候稳定发挥就行 混沌世界 保持清醒,中性,无,low
周测,comment,老师也有责任，孩子们为什么可以抄,中性,无,low
周测,comment,考的意义何在,中性,无,low
周测,comment,主要是别人都考90多很搞心态的 如果你坚持不下去了就抄吧 没必要听plq的,中性,无,low
周测,comment,前面好几次周测我都能坚持不抄，但是后来他们一直考九十多分，没被发现，我也是道心不稳，我就同流合污了,中性,无,low
周测,comment,你管你自己就行，做你能提升成绩的事情，不要管现在是倒数还是末尾,焦虑,学业,medium
周测,comment,你是要和昨天的你比,中性,无,low
周测,title,江苏新初一迎来第一次周测成绩倒数，天塌了,焦虑,学业,medium
周测,content,全班五十多人,中性,无,low
周测,content,100分2人，90到99分22人,中性,无,low
周测,content,老母亲看了真的吐血,中性,无,low
周测,content,英语考的也是马马虎虎131分估计排个十几名,中性,无,low
周测,content,原本觉得孩子在校时间长需要适应，晚上回家后就吃吃喝喝睡觉了,中性,无,low
周测,content,周末做了几页数学我看做的还行错的不多,中性,无,low
周测,content,考前要复习才从书包里翻出一堆错题卷子，练习册,焦虑,学业,medium
周测,content,有一次周内小练习才考了七十多分后面好几个题都不会都没做完,中性,无,low
周测,content,赶紧改错整理错题本,焦虑,学业,medium
周测,content,真的不是没有教过学习方法，做数学题，画关键字，难题画图，分区打草稿,中性,无,low
周测,content,就是每个学期考试复习都来一轮，考完试以后全忘了,中性,无,low
周测,content,21天养成一个好习惯,中性,无,low
周测,content,放假三天就全废了,中性,无,low
周测,content,😅 痛定思痛，规定数学必须打草稿，画关键词，英语也一样,中性,无,low
周测,content,草稿每天带回检查,中性,无,low
周测,content,这周老师的数学小测考了93分，最高分97分，进步显著,中性,无,low
周测,content,严母出高徒继续加油新初一的娃们,正面,学业,low
周测,content,姐妹们你家孩子开学两周适应了吗,中性,无,low
周测,content,#初中数学#家有初中生#考试成绩#开学考,中性,无,low
周测,comment,同初一啊，姐妹你哪个城市啊,中性,无,low
周测,comment,其实小学英语90+已经算一般的了，好的一般都在95+甚至98+,中性,无,low
周测,comment,回复：我们是数学在90+，英语都在95以上.,中性,无,low
周测,comment,回复：只能说我们还是对自己要求不高了，总以为90+还可以了，没有及时意识到这是一般水平，所以初一一下子就暴露了,中性,无,low
周测,comment,稍微放宽点到初中次快班的话也要到95以上，也就是总分在285左右,中性,无,low
周测,comment,回复 Kerry妈妈鸡娃日常,中性,无,low
周测,comment,: 我们小学数学经常99满分，英语98，但是不妨碍她初一第一次周考考崩掉,中性,无,low
周测,comment,那段时间我一直怀疑她学校里是不是抄的别人而且我们小学和初中不是一个校区，她还要熟悉同学和环境,中性,无,low
周测,comment,一开始确实不在状态，我家的处女座女娃娃，根本鸡不动，心态还是像小学生，反正我休息在家从来看不见她刷课外题,中性,无,low
周测,comment,现在初二了，明显感觉状态比初一好，上次周考数学考了班级第一,中性,无,low
周测,comment,新教材英语不简单的，我们就是吃了英语的亏，小学不吃英语的苦，初中就要吃,中性,无,low
周测,comment,后面越来越难，只能多背多记了[扶额R],中性,无,low
周测,comment,回复：小升初主要看数学成绩数学百分制，语文和英语都是满分80分，有的英语才满分60分,自卑,学业,high
周测,comment,同初一，我觉得还蛮轻松的啊，基本作业都在8点可以结束，妈妈牌作业会做到10点就结束，10点30洗洗睡觉，6点40起床,中性,无,low
周测,comment,周末也是半天学习，半天玩耍，不补课,中性,无,low
周测,comment,成绩在班上目前可以前10.,中性,无,low
周测,comment,那你们孩子能量好高，到家都8点，学习了一天还愿意做妈妈牌作业,中性,无,low
周测,comment,回复 Kerry妈妈鸡娃日常,中性,无,low
周测,comment,即使没有补课，孩子一直课堂吸收都是很快的,中性,无,low
周测,comment,现在上了初中，开始慢慢加量啦,中性,无,low
周测,comment,刚开学就排名吗,焦虑,学业,medium
周测,comment,我们就一次数学周测，已经不能看了,中性,无,low
周测,comment,回复：我们语数英周测，平时也有默写啊之类的,中性,无,low
周测,comment,总体让我感觉孩子还是热情满满，状态不错,中性,无,low
周测,comment,回复：那挺厉害的我们小学真的散养，初中我看了他也挺认真，数学周测简单的题都错了，真的很搞心态，我都没睡好小学成绩也还可以,中性,无,low
周测,comment,回复：没有排名，我自己按照分数算的,焦虑,学业,medium
周测,comment,周测的强度只是“撒撒水啦”，国庆过完的月考，估计班级能及格的不到一半,焦虑,学业,medium
周测,comment,你们江苏哪里,中性,无,low
周测,comment,我们周考难度是地狱级的，月考反而不是很难,焦虑,学业,medium
周测,comment,9月底月考,焦虑,学业,medium
周测,comment,回复：我们周考也难，月考不知道难不难,焦虑,学业,medium
周测,comment,我们也是天崩开局放假都预习了，开学数学周测84直接三十名吐血昨晚都没睡好,中性,无,low
周测,comment,心态很崩啊简单的题都写错了，还有步骤分,中性,无,low
周测,comment,咱俩应该握手，我们因为书写格式不对也扣了两分,中性,无,low
周测,comment,但是正确格式老师都强调了，她就是不干,中性,无,low
周测,comment,我也失眠好几天,焦虑,身体,high
周测,comment,回复 Kerry妈妈鸡娃日常,中性,无,low
周测,comment,回复：没想到同款娃这么多,中性,无,low
周测,comment,回复：我现在都在自我安慰没什么办法，承认他是一个普娃,中性,无,low
周测,comment,我女儿英语92 班里倒数第三,焦虑,学业,medium
周测,comment,你们是什么学校这么厉害，强化班吗,中性,无,low
周测,comment,我家英语94，中下,中性,无,low
周测,comment,回复：你们都这么猛啊,中性,无,low
周测,comment,那孩子精力还能跟上吗,中性,无,low
周测,comment,回复 Kerry妈妈鸡娃日常,中性,无,low
周测,comment,学校统一安排,中性,无,low
周测,comment,老师直接安排名单,焦虑,学业,medium
周测,comment,有特殊情况可以说,中性,无,low
周测,comment,回复 Kerry妈妈鸡娃日常,中性,无,low
周测,comment,每周有周考每个月有月考,焦虑,学业,medium
周测,comment,就是考考考学学学,中性,无,low
周测,comment,都能理解怎么很多孩子不愿意上学,中性,无,low
周测,comment,回复：孩子们是真辛苦，可是不辛苦又得吃社会的苦,中性,无,low
周测,comment,回复 Kerry妈妈鸡娃日常,中性,无,low
周测,comment,: 我觉得没得必要,中性,无,low
周测,comment,周末花钱补习也这样,中性,无,low
周测,comment,我是要批评的，不听我还会动真格,中性,无,low
周测,comment,回复 Kerry妈妈鸡娃日常,中性,无,low
周测,comment,: 我家不知道是不是叛逆期了，一直在说好了好了好了，唉，只能哄哄,中性,无,low
周测,comment,回复：我们也会说好了好了,中性,无,low
周测,comment,但是她要喊我做什么，我也回怼好了，好了，但是不干,中性,无,low
周测,comment,回复 Kerry妈妈鸡娃日常,中性,无,low
周测,comment,: 有道理，奶奶的，跟你学习,中性,无,low
周测,comment,我们小学基本躺倒稳居前五，开学还认真了点，考了几次都是十几名了,中性,无,low
周测,comment,我好好检讨了下，慢慢来吧，我要学着接受，我娃是普娃，我娃是普娃，我娃是普娃,中性,无,low
周测,comment,说明你们孩子自己就聪明，还上进,中性,无,low
周测,comment,回复 Kerry妈妈鸡娃日常,中性,无,low
周测,comment,: 我说小学前五，初中前十可以吧,中性,无,low
周测,comment,放过自己，多问“so what”，普通孩子好歹能承欢膝下,中性,无,low
周测,comment,回复 Kerry妈妈鸡娃日常,中性,无,low
周测,comment,搞不懂为什么昨天数学小测88分，排名居然第二，考这么难吗,焦虑,学业,medium
周测,comment,你家江苏哪呀我家上星期数学小测86第四,中性,无,low
周测,comment,86都第四是那么难吗,中性,无,low
周测,comment,回复：可难了，我女儿说上了初中，难度一下子上来了,中性,无,low
周测,comment,数学97，英语99，语文85物理93,中性,无,low
周测,comment,我们语文一直拖后腿的，就没上过90分,中性,无,low
周测,comment,回复 Kerry妈妈鸡娃日常,中性,无,low
周测,comment,: 语文还考过70的,中性,无,low
周测,comment,70的不是更要崩，放轻松才开始,中性,无,low
周测,comment,昆山的，数学95，班上倒数,焦虑,学业,medium
周测,comment,姐妹昆山哪个学校，这么卷,中性,无,low
周测,comment,我想问的是满分多少，数学86我以为满分100，结果英语131，我就迷糊了,中性,无,low
周测,comment,数学是100分的分值，英语是150的分值，因为是周测所以分数不统一,中性,无,low
周测,comment,回复 Kerry妈妈鸡娃日常,中性,无,low
周测,comment,: 我觉得挺好的了,正面,生活,medium
周测,comment,我家82倒数第四,焦虑,学业,medium
周测,title,五年级语文下册练习与测试期末测试(A）,焦虑,学业,medium
周测,content,五年级语文下册练习与测试期末测试(A）答案（手写版） #小学语文#练习与测试答案#五年级下册,焦虑,学业,medium
周测,comment,"8【复制口令，启动小红书】 ""点这里玲1-5年级姿料 150""创意集结地, 6月23日期间开放 MF8101 :/#y🎂🦊🥩😘🐧🐮🍖🥪🥯😏😯🍑",中性,无,low
周测,comment,"1【全选复制，xiaohongshu等你归来】 6月22日前可入，""点这里👉领1-6年级姿料573""趣味空间 CA1388 :/#b🐷🥒🥩🍟🍗🐮🍤🐭🐡🐶😳😉",中性,无,low
周测,comment,"1【复制完整口令→启动小红书】 6月23日开放，""1－5年级姿料公益分享578""精彩不容错过 CZ3904 :/#w😝🍓🍎🍓😁🐯🍣😳🐱🐤😘🌽",中性,无,low
周测,title,【27考研数学】第13周周测讲解1（单选题）,中性,无,low
周测,content,#27考研数学#考研数学#每周一测#线性代数,中性,无,low
周测,title,小白碎碎念,中性,无,low
周测,content,#读研心态调节#都说博士读的就是心态#当代研究生现状#读研#一些胡言乱语#就想瞎写东西#突发奇想的感慨#内心世界的日常叨叨,中性,无,low
周测,content,#周测卷 开学季将至,中性,无,low
周测,content,2026新版上册周测卷来 了，同步课本，周测卷、单元卷、月考卷，在家预习，开学逆袭 #一本小学#小学语文#小学#小学语文教辅#孩子教育#小学学霸#小学教辅推荐#知识点总结#小学知识,焦虑,学业,high
周测,comment,质量特别好,中性,无,low
周测,comment,题目也很棒,中性,无,low
周测,comment,今天刚收到，就让孩子做题了,中性,无,low
摸底考,title,清华下马威之新生摸底考,中性,无,low
摸底考,content,拆开通知书看到这条通知后猛然一惊，然后该吃吃该玩玩，最后实际考试时果然好多都不会，出考场依然有学霸路径依赖在对答案[呃R],中性,无,low
摸底考,content,多年后在化学馆实验室中看到了切成一片一片的摸底考试卷,中性,无,low
摸底考,content,根据都市传说，摸底考是考察各省生源决定下一年招生计划用的,中性,无,low
摸底考,content,#清华大学,中性,无,low
摸底考,comment,你真是乖孩子,中性,无,low
摸底考,comment,被父母安排的一生,中性,无,low
摸底考,comment,回复：是该远离，想想都是噩梦，顺便问一下，你妈妈不会是老师之类的职业吧,中性,无,low
摸底考,comment,所以复习有用吗,中性,无,low
摸底考,comment,跟高考是不是不一样啊,焦虑,学业,medium
摸底考,comment,回复：哈哈哈哈,中性,无,low
摸底考,comment,幸亏没上呢,中性,无,low
摸底考,comment,回复：管他锁不锁，我花一个月学开锁，也不会再花一个月复习的,中性,无,low
摸底考,comment,回复：这不典型npd,中性,无,low
摸底考,comment,摸底考对个人来说倒确实是没什么影响,中性,无,low
摸底考,comment,不过英语会影响选课之类的,中性,无,low
摸底考,comment,生源在大学的表现，感觉影响下一年大学在该地方的招生计划，山东本地学生，22年高考被河北某大学某专业录取，结果上俩月缠着导员退学，最后闹到副校长那，软磨硬泡給退了，结果下一年，我退学这个专业，在山东录取计划第二年腰斩甚至缩没了，往年这个专业在山东录20多个，腰斩那一年，这个专业在山东只录2，我良心不安,焦虑/正面,学业,high
摸底考,comment,回复：哈哈，水一个1级英语,中性,无,low
摸底考,comment,回复：哈哈哈哈英语老师们现在也觉醒了，会在课上直接分组,中性,无,low
摸底考,comment,回复：河北某大学，那肯定不是211，没了就没了吧,中性,无,low
摸底考,comment,回复：你就说你为什么想不开去河北上大学,中性,无,low
摸底考,comment,厉害的学霸,中性,无,low
摸底考,comment,居然还能知道名次的,焦虑,学业,medium
摸底考,comment,我们那会只能看到等级 分数好像都看不到,中性,无,low
摸底考,comment,当年班里英语最好的就是上海同学了,中性,无,low
摸底考,comment,ip权威,中性,无,low
摸底考,comment,上海同学几乎都免修,中性,无,low
摸底考,comment,当时我想着，既然考不到免修的要求，那还不如去学最简单的，然后交白卷了,自卑,自我,high
摸底考,comment,然后会在第一堂课再被摸一次，按照成绩分组写不同的作业（助教路过,中性,无,low
摸底考,comment,回复：那看来我隐藏得还不错,正面,生活,medium
摸底考,comment,回复：演技过关,中性,无,low
摸底考,comment,牛，是个人才,中性,无,low
摸底考,comment,哦莫这就是学霸的魄力吗,中性,无,low
摸底考,comment,这给我干哪儿来了,中性,无,low
摸底考,comment,误闯天家,中性,无,low
摸底考,comment,考越低越好的那个,中性,无,low
摸底考,comment,居然还有这种说法,中性,无,low
摸底考,comment,回复：是这样的,中性,无,low
摸底考,comment,回复：好像我当时也是有英语分班（不是清华），处在英语水平人生顶峰的我考的一脸懵逼，分到了最低一级的班,中性,无,low
摸底考,comment,不是评论区都是清华吗,中性,无,low
摸底考,comment,其他学校也有类似的，不只是清华,中性,无,low
摸底考,comment,回复：很多学校都是这样,中性,无,low
摸底考,comment,不一定，北理也有，我同学几年之前就被考了,中性,无,low
摸底考,comment,回复：好吧我都不知道,中性,无,low
摸底考,comment,回复：好吧，我都不知道,中性,无,low
摸底考,comment,回复：我们学校也有，不过只考英语，当时军训一半把我们拉去考试,中性,无,low
摸底考,comment,清华美院需要考吗...,中性,无,low
摸底考,comment,需要的，只考英语，推荐划水考一下，摸不到免修就别考太好,中性,无,low
摸底考,comment,要的 甚至大四还有一次 但不影响什么随便考考就行了,中性,无,low
摸底考,comment,回复：只考英语，还是要考其他科目的文化或者专业啊,中性,无,low
摸底考,comment,是的，还要考素描速写色彩艺考三件套，还有文化课,委屈,学校,medium
摸底考,comment,回复：造型和设计会再入学后的上课时间让你类似校考那样来一遍,中性,无,low
摸底考,comment,高考分不出层次,焦虑,学业,medium
摸底考,comment,难度不一样，分数没有参考性,中性,无,low
摸底考,comment,有的省高考英语练听力都没有怎么排名还好吧就随便考考就行了，交白卷也不影响什么,焦虑,学业,medium
摸底考,comment,回复：按系数换算呀,中性,无,low
摸底考,comment,全国高考那么多卷子分数都不一样咋排嘞,焦虑,学业,medium
摸底考,title,河西高三一模,焦虑,学业,medium
摸底考,comment,你们这赋分现在都是校内赋还是区里赋啊,中性,无,low
摸底考,comment,区里，所以赋分90多非常简单,中性,无,low
摸底考,comment,回复：不知道反正肯定不如和平,自卑,自我,high
摸底考,comment,回复：我也不了解,中性,无,low
摸底考,comment,回复：看校排是没问题的,中性,无,low
摸底考,comment,英语和是平时水平吗，如果偏低还有很大空间的,中性,无,low
摸底考,comment,能看到660,中性,无,low
摸底考,comment,回复：英语和数学，漏掉数学了哈,中性,无,low
摸底考,comment,回复：英语其实还行数学完全不是平时水平啊，从来没考过这么低,中性,无,low
摸底考,comment,回复：那没问题要是数学很强的话670也不在话下，加油吧,正面,学业,low
摸底考,comment,回复：嗯主要考前没怎么学数学导致计算能力下降了很多,焦虑,学业,medium
摸底考,comment,回复：和平，我们昨天刚下分，考的惨不忍睹，有史以来最低分，不算英语成绩，才455,中性,无,low
摸底考,comment,回复：和平比我们难很多,中性,无,low
摸底考,comment,回复：如果不嫌弃 我带你一起,中性,无,low
摸底考,comment,嗯也不知道为啥河西考这么早,中性,无,low
摸底考,comment,回复：正常操作，不过今年河西的一模卷中规中矩，透着点高考的味道，好好琢磨一下，还有时间，你的底子最起码125+,焦虑,学业,medium
摸底考,comment,回复：我语文能120+就非常知足了,中性,无,low
摸底考,comment,回复：大胆一点哈哈哈我带的两个新华的孩子都是120+,中性,无,low
摸底考,comment,回复：语文从未120+过,中性,无,low
摸底考,comment,我们英语作业就之前考的一模我都写过了然后我都一周没写英语了,焦虑/正面,学业,high
摸底考,comment,回复：我也一周没写英语了,中性,无,low
摸底考,comment,我已回家,中性,无,low
摸底考,comment,回复：没事，后面加油💪,正面,学业,low
摸底考,comment,回复：嗯一起加油,正面,学业,low
摸底考,comment,一起加油，同是高三，被一模伤到了,焦虑/正面,学业,medium
摸底考,comment,你很厉害👍🏼同样河西，你的成绩是我们望尘莫及的,中性,无,low
摸底考,comment,没有没有我非常菜,中性,无,low
摸底考,comment,请问博主657在你校能排个啥名次,焦虑,学业,medium
摸底考,comment,不知道但应该比我高很多,中性,无,low
摸底考,comment,回复：70左右,中性,无,low
摸底考,comment,回复：这次考试给区排名吗,焦虑,学业,medium
摸底考,comment,赋分是区赋分还是校赋分,中性,无,low
摸底考,comment,回复：目前还没有区排名 区赋分,焦虑,学业,medium
摸底考,comment,膜拜大佬，物化生原分多少,中性,无,low
摸底考,comment,回复：就是大佬,中性,无,low
摸底考,comment,哪个学校,中性,无,low
摸底考,comment,回复：必须五所的分 这次还挺难的,中性,无,low
摸底考,comment,我是南开的 这次英语成绩是按一模的算吗,焦虑,学业,medium
摸底考,comment,不算 因为南开中学没参考,中性,无,low
摸底考,comment,n : 那拿什么算 一考分,中性,无,low
摸底考,comment,n : 南开中学考了的（）没有没同时考但是下一周的统练考了，不过可能会有一点虚高，不知道到时候怎么算,中性,无,low
摸底考,comment,主三科可以,中性,无,low
摸底考,title,【hp】霍格沃茨开学摸底考,中性,无,low
摸底考,content,纯抽象，OOC致歉 #哈利波特#HP#GGAD#上学哪有不疯的啊#教书哪有不疯的#OOC致歉一切,中性,无,low
摸底考,comment,老师举起来的那本书叫什么,中性,无,low
摸底考,comment,哈利波特魔法全书，给你放橱窗了,中性,无,low
摸底考,comment,回复：这个表情包好大众啊，我刚在我们道法老师那里收藏,中性,无,low
摸底考,comment,[呃R]教授…虽然但是…听得我有点想睡……,中性,无,low
摸底考,comment,补兑 最后怎么刀刀的,中性,无,low
摸底考,comment,你想睡什么[嘻嘻R],中性,无,low
摸底考,comment,我也想睡ad,中性,无,low
摸底考,comment,知识以诡异方式进入了我的脑子，果然多多讲课我听得不是一般的认真,中性,无,low
摸底考,comment,不对，最后怎么刀刀的,中性,无,low
摸底考,comment,迟早有一天研究出来能修复的魔咒,中性,无,low
摸底考,comment,这次要好好保护啊,中性,无,low
摸底考,comment,遇到吸血鬼当然用阿瓦达啃大瓜拉，魔鬼网当然用阿瓦达啃大瓜拉,中性,无,low
摸底考,comment,分院结果：阿兹卡班,中性,无,low
摸底考,comment,回复：这不是分班结果吗（看来得去找小天狼星学学怎么变成狗了,中性,无,low
摸底考,comment,回复：等等你为什么会有接骨木魔杖,中性,无,low
摸底考,comment,老师可以多做一些这种教学视频吗感觉很有用啊,中性,无,low
摸底考,comment,到底是要用在哪里啊,中性,无,low
摸底考,comment,回复：语言学习,中性,无,low
摸底考,comment,_(:з」∠)_,中性,无,low
摸底考,comment,回复：可能有用吧……,中性,无,low
摸底考,comment,血誓不是碎了吗，教授脖子上挂的是什么,中性,无,low
摸底考,comment,修不好还不能重新立一个吗,中性,无,low
摸底考,comment,教授你上班带结婚证这对吗（ 题外话昆宝老师的美瞳好好看,中性,无,low
摸底考,comment,哇哇哇女神这个胸针,中性,无,low
摸底考,comment,我去好好看啊,中性,无,low
摸底考,comment,回复：能给我发个链接吗,中性,无,low
摸底考,comment,蹲蹲链接,中性,无,low
摸底考,comment,回复：老师我在pdd上买的，搜图片试试,中性,无,low
摸底考,comment,回复：老师我在pdd上买的，搜图片试试,中性,无,low
摸底考,comment,教授我看不懂选项意思是麻瓜的原因还是英文不好的原因,中性,无,low
摸底考,comment,是你上课睡觉的原因,中性,无,low
摸底考,comment,老…不对，教授再见,中性,无,low
摸底考,comment,（就怪了，格林德沃先生，赶紧过来安慰一下啊,中性,无,low
摸底考,comment,）（怎么还有刀）,中性,无,low
摸底考,comment,我有个想法：血盟它是魔法物品对吧，魔力肯定有上限的对吧，这个上限就是本身物品魔力加上教授和格林德沃先生当时所付出的魔力（包含血液所含魔力）之和对吧，所以，理论上来说，只需要教授和格林德沃先生其中一人用接骨木魔杖、两人同时全力（甚至不用全力）施恢复如初（或更高级咒语），就可以复原了（毕竟现在的魔力强度肯定比年少时要强啊）,中性,无,low
摸底考,comment,回复：（沉思.jpg）理论上应该没问题,中性,无,low
摸底考,comment,回复：嗯……别修了，豹豹猫猫干脆再立一个吧,中性,无,low
摸底考,comment,老师你开学考这么难，是不想让我过吗,中性,无,low
摸底考,comment,都说了说送分题,中性,无,low
摸底考,comment,回复：送分题的意思不是我不用做会送给我吗,中性,无,low
摸底考,comment,老师，我们悬停咒那题答错是因为有个人给我们补课的时候说，把人直接击飞出去也可以达到悬停的效果而且更好用老师他说的不对吗,中性,无,low
摸底考,comment,让我们大声说出师公的名字,中性,无,low
摸底考,comment,回复：盖勒特·格林德沃,中性,无,low
摸底考,comment,为什么有点刀子,中性,无,low
摸底考,comment,身临其境地困了,中性,无,low
摸底考,comment,我也困了,中性,无,low
摸底考,comment,好温柔好想睡觉…,中性,无,low
摸底考,comment,就该让斯内普教授来给你们讲课,中性,无,low
摸底考,comment,回复：哈哈哈哈哈哈哈哈,中性,无,low
摸底考,comment,不是啊老师，我在地穴里遇到魔鬼网用荧光闪烁他们就退走了，或者拿霹雳爆炸直接烧掉也可以来着[呃R][呃R],中性,无,low
摸底考,comment,可能你本身是个小太阳吧,中性,无,low
摸底考,comment,. 有刀子,中性,无,low
摸底考,comment,上课了诡秘,中性,无,low
摸底考,comment,回复 明月和安,中性,无,low
摸底考,comment,: 我要睡着了,中性,无,low
摸底考,comment,看到最后血誓了才发现是邓多多,中性,无,low
摸底考,comment,回复：先生你不要喝复方汤剂啊!你不要过来啊啊啊 教授会为我哀悼的（死得更快）,中性,无,low
摸底考,comment,被退学比没命还糟糕吗,中性,无,low
摸底考,comment,美美的，但是怎么感觉背后凉凉的,中性,无,low
摸底考,comment,最后怎么刀刀的,中性,无,low
摸底考,title,坦然接受民刑的摸底考试结果,中性,无,low
摸底考,content,我自己认为，就是这样才能清楚认识到自己的不足，那就开始好好做题吧～ 基础不牢，地动山摇 #法考笔记#法考#法考众合#法考备考,中性,无,low
摸底考,comment,学了4个月，我考了63，我付出的努力算什么,正面,学业,low
摸底考,comment,这不是还有5个月嘛～ 再努力就是了,正面,学业,low
摸底考,comment,加油加油👏,正面,学业,low
摸底考,comment,52可我心态好的很,中性,无,low
摸底考,comment,啊哈哈哈～ 我心态也很好 然后让我有了调整学习计划的动力了,中性,无,low
摸底考,comment,没事，可以提早认识到自己的不足，然后加把劲努力💪我们一起加油,正面,学业,low
摸底考,comment,我俩一样,中性,无,low
摸底考,comment,一样一样，只是个检测，帮我们发现问题，继续努力,正面,学业,low
摸底考,comment,民法听了一遍课，刑法还有3章没看，题目一点没刷，考了51,中性,无,low
摸底考,comment,加油吧，我也今天刚结束,正面,学业,low
摸底考,comment,法考复习真的是有意思，第一遍朴素的道德观点好像还分高一点，第二遍认真分析，做对的题都开始错，题目都是似曾相识，就是不知道答案,中性,无,low
摸底考,content,71……今年的法考这水平能过吗，做起来发现好多知识点都忘了，没信心了 #26法考#法考#众合法考,中性,无,low
摸底考,comment,主观过了嘛，姐妹,正面,学业,high
摸底考,comment,我现在和你一个分,中性,无,low
摸底考,comment,模考大部分是真题呀可是,中性,无,low
摸底考,comment,回复：法考有赋分的呀，看排名就行了，具体多少分没有意义，只要你的名次在通过范围内多少分都能过呀,焦虑,学业,medium
摸底考,comment,回复：排名判断标准在哪可以查呀,焦虑,学业,medium
摸底考,comment,回复：众合的模拟不是有个排名嘛，你的成绩在百分之几，然后法考的通过率就查一下近几年的报名人数和通过人数算一下呗，客观通过率我记得起码要前20%吧,焦虑,学业,medium
摸底考,comment,刑法好高啊怎么学的我都快被刑法搞晕了,焦虑,学业,medium
摸底考,comment,回复：我听课的时候也是一脸蒙，听完一轮课隔了段时间我才开始做真金题,中性,无,low
摸底考,comment,我是每做一节题前都会把书上对应的部分再看一遍复习复习，我觉得这个环节很重要，看书真的能学到很多，然后做完题认真看解析，又能再巩固一遍,中性,无,low
摸底考,comment,我俩刚好刑民反一下,中性,无,low
摸底考,comment,我去年 66 最后也是 216+120，你这个分数已经很可以了,中性,无,low
摸底考,comment,真题 尤其是卷二，看什么都是商法老绕了,中性,无,low
摸底考,comment,但是赋分也是真狠，最起码赋了 50 分，因为平时做整张卷子，或者说做模考，也就一百五六的水平，真题我觉得撑死了也就这水平，最后出成绩 216，那赋分真的是海了去了，要坚定地相信司法部会捞人,中性,无,low
摸底考,comment,回复：模考 1 /2 是平时做过的题，有时候甚至能到 2/3目的是强化知识点，查漏补缺，不用太在意分数,中性,无,low
摸底考,comment,我也是心里没底,中性,无,low
摸底考,comment,学完都快忘记了，今天考试的时候感觉好多题都是最熟悉的陌生人,中性,无,low
摸底考,comment,跟你一样的分，一样的感受,中性,无,low
摸底考,comment,今年二战主观,中性,无,low
摸底考,comment,108+++,中性,无,low
摸底考,comment,如果是全新的没见过的题，一次没做过，那么这个正确率比较稳,中性,无,low
摸底考,comment,这次80％都是竹马原题,中性,无,low
摸底考,comment,有10道题左右应该是模拟题，其他都是竹马里面的真题,中性,无,low
摸底考,comment,非法本澳大利亚法硕 零基础一点一点重新学的,中性,无,low
摸底考,comment,76这个分还可以吗,中性,无,low
摸底考,title,河西一模求助贴,焦虑/无助,学业,high
摸底考,content,还有可能上一本吗,中性,无,low
摸底考,comment,可以问一下政治原始分嘛,中性,无,low
摸底考,comment,68是91的线别问我怎么知道的,中性,无,low
摸底考,comment,回复：我们老师说我67,中性,无,low
摸底考,comment,回复：是啊，咱俩赋分一样，这次91分和94分的分界线是68 69,中性,无,low
摸底考,comment,物理化学我点拉跨了,中性,无,low
摸底考,comment,回复：你可以发我两套近期做的模拟卷看看,中性,无,low
摸底考,comment,回复：昨天做的统练答题卡明天发 我明天发给您,中性,无,low
摸底考,comment,物理卷面分大概是60左右，这个程度要开始完善解题思维了，特别是关于入手点和思路的选择，多梳理总结一下,中性,无,low
摸底考,comment,政治有点厉害呀,中性,无,low
摸底考,comment,很明显啊把俩D和C的学科提上来应该能一本吧 英语看你一考多少分 要想总分600分 英语至少120以上 语文这个东西变动太大上一百就行 语文非常玄学我们班平时前几高考竟然才考了110 所以语文真的看命 数学这两年难度加大吧 尽量把大题第二问能多学就多学一点 110 最后就是化学查缺补漏,焦虑,学业,medium
摸底考,comment,化学如果是像你说的发挥失常那就要从一模卷子好好找找原因和扣分点了,焦虑,学业,medium
摸底考,comment,请问这个等级是河西区还是你们本校的,中性,无,low
摸底考,comment,本校的吧,中性,无,low
摸底考,comment,压线一本,中性,无,low
摸底考,comment,一本线540,中性,无,low
摸底考,comment,挺像的 我比你多几分，我是纯粹的物化菜，一个58一个67,中性,无,low
摸底考,comment,回复：物化地，每可物化生不多,中性,无,low
摸底考,comment,学姐物化政好不好学呀想听听建议,中性,无,low
摸底考,title,25届学姐英语高考有问必答,焦虑,学业,medium
摸底考,content,刷xhs看到大家说今年一考很难诶#高考英语#高中英语怎么学#文科生#天津一考#英语一考#天津英语,焦虑,学业,medium
摸底考,comment,学姐最近在突击计算机二级，等我考完统一回复[完啦R],焦虑,学业,high
摸底考,comment,其实没有一考前时间多，但我英语和数学是比其他科花费精力多很多的，因为我只上了这两门补习班一般是周日去补习班学半天数学半天英语，平时会抽空完成补习班留的作业，学校作业有精力就写（就指英语哈）[嘻嘻R]我c篇也很不好，我建议有针对性地找一些科学类难的阅读题拿来练，写之前把不会的词记下来背会再写阅读题，写的时候就不要查翻译了，然后写完之后再全篇翻译尤其要弄懂长难句，很多c，d篇挖坑就在长难句上有些时候选项看似是对的，实际翻译过来是和原文不符的，还有就是如果有两个或两个以上看起来都没问题的那就要找更符合原文主旨的那个,中性,无,low
摸底考,comment,回复：私信不了诶,中性,无,low
摸底考,comment,回复：可以在评论里问，等我这周末考完都会解答的,中性,无,low
摸底考,comment,学姐一考后是咋学的英语啊 我一考预估也是110-115 想提到125 有没有什么建议,焦虑,学业,low
摸底考,comment,一考后我写的卷子就比前面少一点了，大概在完成学校的基础上每天写补习班的作业，应该一天1-2套卷子，然后多巩固卷面常考词易混词，把所有阅读里的长短句整明白，剩下的就是一周3-4个作文题了[嘻嘻R],中性,无,low
摸底考,comment,来一起教英语,中性,无,low
摸底考,comment,学姐平时在校和联考排名多少啊，高考能达到这个分数,焦虑,学业,medium
摸底考,comment,平时大概是100上下吧，考砸了就是150-200了，最好的时候是70多名,中性,无,low
摸底考,comment,我目标是130的这次也就120出头难受的我有点学不动了，看了学姐的帖子有点动力了,中性,无,low
摸底考,comment,学姐如果一考之后 感觉有点泄力 也不是很理想 有什么办法能在二考之前提高吗,中性,无,low
摸底考,comment,有一考比二考高的吗,中性,无,low
摸底考,comment,回复：周末如果在家学不进去我建议找个搭子去家附近的自习室哦，我当时高三后期就是周末去补习班自习，不想在学校待着就和我好搭子一起请假打车去自习室学到晚上八九点回家学起来就不会内耗了,中性,无,low
摸底考,comment,换个角度想，这也是一种激励，积极调整心态，一考之后兢兢业业、认认真真学就好了，一考考美的那些人反而有可能大意放松,中性,无,low
摸底考,title,波士顿考试带手机去厕所搜题被发现,中性,无,low
摸底考,content,这个 case 来自波士顿大学,中性,无,low
摸底考,content,学生在考试过程中中途去洗手间查答案，被监考发现并当场记 ID,中性,无,low
摸底考,content,学校允许其完成考试，但明确告知随后需要参加 meeting,中性,无,low
摸底考,content,rebeka 接手后，团队当晚连轴完成了书面 statement 的准备与提交,中性,无,low
摸底考,content,比材料本身更关键的是 meeting 模拟,中性,无,low
摸底考,content,需要明确的是，考场看手机被当场记 ID，想要完全脱身几乎不现实,中性,无,low
摸底考,content,这类 case 能做到的核心目标是控制后果,中性,无,low
摸底考,content,本案最终结果为该课程判 fail，但成功争取到补考机会，已经属于明显减轻处罚,中性,无,low
摸底考,content,考试作弊在学术不端中本身就属于较严重类型，一旦记 ID，流程基本不可避免,中性,无,low
摸底考,content,试图在 meeting 中用“心理问题”等泛化理由推脱，风险极高，反而容易加重后果,中性,无,low
摸底考,content,带着真实情况来处理，才有空间谈结果,中性,无,low
摸底考,content,#argue#波士顿大学考试带小抄#波士顿大学考试作弊被抓#波士顿大学考试cheating#学术不端申诉#英国学术不端#英国appeal,中性,无,low
摸底考,title,众合民刑模考报名了,中性,无,low
摸底考,comment,可以的 直接进去就能考,中性,无,low
摸底考,comment,回复：那还会不会有排名啊,焦虑,学业,medium
摸底考,comment,回复：排名要27才公布,焦虑,学业,medium
摸底考,comment,回复：现在没有报名也可以考了呀,中性,无,low
摸底考,comment,考了会不会打击自己,中性,无,low
摸底考,comment,我现在非常受打击[完啦R],中性,无,low
摸底考,comment,回复：没事，考前的任何一次考试都帮你查缺补漏呢,中性,无,low
摸底考,comment,这个程度怎么样,中性,无,low
摸底考,comment,比我厉害,自卑,自我,high
摸底考,comment,我去你好吊我民法什么都不记得了做一半快吐了,中性,无,low
摸底考,comment,还不错哦,正面,生活,medium
摸底考,comment,宝宝是哪个app啊，我在竹马没找到,中性,无,low
摸底考,comment,竹马，这是之前报名的链接,中性,无,low
摸底考,comment,回复：只有法考的吗，不是法硕吗原来,中性,无,low
摸底考,comment,现在还可以考吗,中性,无,low
摸底考,comment,超过今晚8点好像就没了,中性,无,low
摸底考,comment,在竹马报名嘛,中性,无,low
摸底考,comment,是，进入页面就有了,中性,无,low
摸底考,comment,回复：嗷嗷好滴,中性,无,low
摸底考,comment,求求各位，没赶上答题，想看看题自己模拟一下，有什么办法吗,中性,无,low
摸底考,comment,现在看不见题,中性,无,low
摸底考,comment,好像有po主自己有整理，你可以搜搜,中性,无,low
摸底考,comment,50分钟做完,中性,无,low
摸底考,comment,但是我绝得考试不会这么简单吧，这个卷子好多都是竹马的原题,中性,无,low
摸底考,comment,考试会有新题吧，但是你这个分数,中性,无,low
摸底考,title,大几考雅思❓大二vs大四真实对比,中性,无,low
摸底考,content,大学要考雅思，到底啥时候准备合适呢,中性,无,low
摸底考,content,✨大二起步：稳扎稳打的 “长线赢家” 优点就是时间超充裕,中性,无,low
摸底考,content,要同时扛毕业论文、实习和申请，到时候每天想复习2小时都难,中性,无,low
摸底考,content,首考没达标基本没补救机会，很可能错过梦校申请截止日期,中性,无,low
摸底考,content,👩‍💻当然也有一些短期的提分小技巧，下次再跟大家唠唠~#雅思#雅思考试#雅思攻略#雅思听力#考雅经历#雅思写作#雅思阅读#雅思备考,焦虑/正面,学业,high
摸底考,title,26.7能力考N2预测卷（附答案解析）,中性,无,low
摸底考,content,芥末日语教研组JLPT能力考N2预测练习卷~ 可作为7月能力考摸底练习，完整版给大家~ #jlpt资料#jlpt押题#jlpt考试#jlpt#JLPT日语能力考试#N1#N2#N3#日语考级,中性,无,low
摸底考,comment,回复：没收到私信呀,中性,无,low
摸底考,comment,11辛苦啦,中性,无,low
摸底考,comment,有n1吗,中性,无,low
摸底考,comment,有滴 发你了,中性,无,low
摸底考,title,入学考试色彩65分到了普通班，集训加油,正面,学业,low
摸底考,content,#美术生#色彩静物#色彩#美术生的日常#集训#美术生的精神状态#静物写生#美术生集训#美术#美术联考#艺考生#艺术生#艺术#画室推荐#画室日常#美术高考集训#美术生复读#色彩场景#画画#静物色彩衬布#色彩单体塑造#美术中考#水粉#美术校考#色彩冷暖色调#没事就画画#照片写生#绘画步骤#我的艺术高光时刻#画画的松弛感#日常练习#色彩静物暖色调#联考改革#整体与局部#画画不就是为了解压吗#我们都是画画人#美术生日常#画画节奏感#美术培训#绘画,焦虑,学业,medium
摸底考,comment,你对面那个也是普通班的吧，看起来就不太会，上课还带耳机,中性,无,low
摸底考,comment,走读生比较好横,中性,无,low
摸底考,comment,图一画的这么好，才得65吗,中性,无,low
摸底考,title,转本低年级基础班摸底考,中性,无,low
摸底考,content,屿舟基础班新一期即将拉开序幕啦,中性,无,low
摸底考,content,#五年制转本#五年制转本英语#屿舟英语,中性,无,low
摸底考,comment,营业中[坏笑R],中性,无,low
摸底考,title,26法考众合线下面授集训班汇总,中性,无,low
摸底考,content,众合26法考面授集训,中性,无,low
摸底考,content,全国11个面授点+住宿全攻略 📍 面授集训城市：天津、上海、广州、杭州、长沙、武汉、昆明、西安、沈阳、南京、成都 🏨 分城市食宿详情： ✅ 天津（总部） 上课：天津金美达酒店 住宿：单人间180元/天，双人间90元/天（不含早） ✅ 上海 上课：慕思睡眠酒店（虹桥国家会展中心旗舰店） 住宿：单人间280元/天，双人间140元/天（不含早） ✅ 广州 上课：广州南航明珠空港大酒店 住宿：单人间200元/天，双人间100元/天（不含早） ✅ 杭州 上课：杭州东新瑞莱克斯酒店（新天地运河店） 住宿：单人间220元/天，双人间110元/天（不含早） ✅ 长沙 上课：宇成朝阳酒店 住宿：标准两人间130元/天（不含早），单人间150元/天（含早） ✅ 武汉（法考） 上课：白兰宴会酒店 住宿：标准两人间/单人间160元/天（不含早） ✅ 昆明 上课：铭春花园温泉度假酒店 住宿：标准两人间/单人间200元/天（含早） ✅ 西安 上课：西安宾馆（南门小寨店） 住宿：标准两人间/单人间180元/天（不含早） ✅ 沈阳 上课：沈阳富华酒店 住宿：标双150元/天、标单120元/天、标准3人165元/天（不含早） ✅ 南京 上课：南京万汇城酒店 住宿：标准两人间/单人间220元/天（含早） ✅ 成都 上课：成都刘家花园酒店 住宿：普双150元/天、豪双190元/天（不含早） #众合#法考#法考备考#法考众合#法考笔记#法考加油#面授#法考加油#26法考#法考学习打卡,正面,学业,low
摸底考,comment,厚苔提提额,中性,无,low
摸底考,title,雅思6.5拼的不是天赋，是有人带你走对路,中性,无,low
摸底考,content,你现在要的是近期出分，不是慢慢磨,中性,无,low
摸底考,content,我带这么多年雅思，7分我也考过，8.5我也磨到过,中性,无,low
摸底考,content,每个分段要付出什么，我闭着眼睛都能算出来,中性,无,low
摸底考,content,6.5这个坎，卡的不是天赋，是反馈和方向,中性,无,low
摸底考,content,所以我不跟你兜圈子： 👉 先花30分钟给你摸底，精准定位哪一科在拖分 👉 按你剩下的天数倒排计划，每天练什么、怎么改，写清楚 👉 口语/写作一对一批改+陪练，练到你能稳定输出为止 你不需要上完所有课，你只需要在短板上被拉一把,焦虑,学业,medium
摸底考,content,我不画“轻松7.5”的饼,中性,无,low
摸底考,content,你告诉我目标分、目前水平和剩余时间，我告诉你最快那条路能不能走、怎么走,中性,无,low
摸底考,content,想近期结束战斗的宝子，直接滴滴我💛 不海聊，先诊断，再决定要不要跟,中性,无,low
摸底考,content,#雅思#雅思6.5 #短期出分#雅思口语#雅思写作#雅思一对一#雅思听力#雅思阅读#备战雅思#雅思短期出分,中性,无,low
摸底考,comment,5.0-6.5 礼貌问价,中性,无,low
摸底考,comment,好的你啦 注意查收哦,中性,无,low
摸底考,comment,老师 还有一个半月 想到6.5,中性,无,low
摸底考,comment,老师 27fall 目标6.5（6）,中性,无,low
摸底考,title,期末考前一周，我用小猿S6给娃“算命”,焦虑,学业,medium
摸底考,content,让娃做了三套模拟卷，平均分86.5,中性,无,low
摸底考,content,小猿S6预估“期末考85-89分”,焦虑,学业,medium
摸底考,content,成绩出来87分,中性,无,low
摸底考,content,98.9%的匹配度，真的不是玄学,中性,无,low
摸底考,content,现在每次大考前必用它摸底,中性,无,low
摸底考,content,🔮 #考前摸底#精准预估#小猿学练机S6#小猿学练机练出真学霸#学习机推荐#学习机怎么选#学习机测评,焦虑,学业,medium
摸底考,title,小升初暑假衔接总复习，赢在起跑线,中性,无,low
摸底考,content,💢 玩了整个假期心收不回来，开学摸底考才发现知识全忘了,中性,无,low
摸底考,content,✅语文 ✅数学 ✅英语 ✅旧知巩固 ✅新课预习 ✅习题训练 🎯 适合暑假缺乏自制力、需要规划练习的新初一同学,中性,无,low
摸底考,content,﻿#小升初预习﻿ ﻿#暑假衔接教辅推荐﻿ ﻿#小升初语文﻿ ﻿#小升初数学﻿ ﻿#小升初英语﻿ ﻿#小升初资料﻿ ﻿#小升初考点﻿ ﻿#小升初基础﻿ ﻿#小升初知识点﻿ ﻿#小升初语文成绩提升﻿,中性,无,low
摸底考,title,上海初三开学摸底卷，真值得刷爆啊啊啊,中性,无,low
摸底考,content,#上海初三#上海初三生#上海初三家长#上海新初三#上海新初三家长#上海初三开学摸底考#上海初三月考#开学摸底考,焦虑,学业,medium
摸底考,comment,完整初三摸底考试卷+答案，关一下，一个个发,中性,无,low
摸底考,comment,已关注，求分享,无助,学业,high
摸底考,title,北京小升初分班历年真题试卷🗂自取,中性,无,low
摸底考,content,#北京小升初#北京小升初分班考#北京海淀小升初分班考#北京新初一分班#北京分班考数学#西城小升初#北京新初一分班考试#小升初数学#分班考数学#小学奥数,中性,无,low
摸底考,title,深圳初二数学开学摸底考测试卷含答案解析,中性,无,low
摸底考,content,这份深圳市八下数学开学摸底考试卷实用性很强，附带各区近年的月考、期中期末卷，是高清无水印的可编辑word电子版,焦虑,学业,medium
摸底考,content,它聚焦八下数学的衔接考点：既巩固八年级上册的三角形、全等三角形、轴对称等核心内容，也铺垫八下的预习要点（比如二次根式、勾股定理），解析会梳理几何题的辅助线构造思路、计算类题的易错点，能帮初二学生快速找回数学知识框架，适配开学后的检测节奏,中性,无,low
摸底考,content,#深圳初二数学#开学摸底考#初中试卷#深圳初二数学考#深圳初二数学真题#深圳初二数学月考#深圳初二开学考数学#深圳初二数学开学考#深圳初二数学试卷#深圳初二数学期末卷,焦虑,学业,medium
摸底考,comment,深圳初中月考期中期末试卷,焦虑,学业,medium
摸底考,title,再说一次，明尼苏达测试没有“正确答案”,中性,无,low
摸底考,content,每次发MMPI，都有人问：“第38题选什么能过,中性,无,low
摸底考,content,”“有没有标准答案让我背一下,中性,无,low
摸底考,content,” 必须再说一次：这套测试，根本没有正确答案,中性,无,low
摸底考,content,--- 📌 为什么没有“正确答案”,中性,无,low
摸底考,content,MMPI不是知识考试，它不问“1+1等于几”,中性,无,low
摸底考,content,它问的是：你习惯早起还是晚睡,中性,无,low
摸底考,content,每一道题的“是”与“否”，在不同人身上都是正常的,中性,无,low
摸底考,content,MMPI没有“好答案”和“坏答案”，只有“你的答案”和“别人的答案”,中性,无,low
摸底考,content,单位看的是你的整体心理特质与岗位是否匹配，而不是你有没有选对某一道题,中性,无,low
摸底考,content,--- 📌 那为什么有人会“挂”,中性,无,low
摸底考,content,不是因为选了“错答案”，而是因为答案不真实,中性,无,low
摸底考,content,结果效度量表报警——系统发现你在刻意美化，直接判“无效”或“防御过高”,中性,无,low
摸底考,content,你越找“正确答案”，越容易挂,中性,无,low
摸底考,content,你越真实，反而越安全,中性,无,low
摸底考,content,--- 📌 真实案例（脱敏后） 一位考生第一次自测，社会内向(Si)偏高，T分65,中性,无,low
摸底考,content,结果效度量表K分爆表，报告被判“不可信”,中性,无,low
摸底考,content,我告诉他：你报的是技术岗，内向在这里是优势，不需要改,中性,无,low
摸底考,content,第三次他按真实感受答，报告有效，Si仍然是65，单位看了说“没问题”,中性,无,low
摸底考,content,--- 📌 那自测到底练什么,中性,无,low
摸底考,content,--- 📋 本店在线测试，不限次数 拍下即可反复自测，自动出报告,中性,无,low
摸底考,content,测完看不懂,中性,无,low
摸底考,content,可选人工解答，帮你分析：这个阳性是状态还是特质,中性,无,low
摸底考,content,跟你报的岗位有没有冲突,正面,学业,low
摸底考,content,👇 点链接 没有正确答案，只有真实的你,中性,无,low
摸底考,content,别背题，做自己,中性,无,low
摸底考,content,想要获得人工客服1对1解答结果和调整的宝子，拍下人工客服解答版本即可,中性,无,low
摸底考,content,#MMPI#心理测评#没有正确答案#上岸准备#真实最重要#明尼苏达,正面,学业,high
摸底考,comment,人工解答版本帮你全面了解自己的结果解析,中性,无,low
摸底考,comment,拍下自动发送在线测试链接，可测多次,中性,无,low
摸底考,title,北京生地会考模拟真实考场刷这套超合适📝,中性,无,low
摸底考,content,#北京会考#北京会考生物#北京生地会考#北京地生会考#2026北京会考#生地会考冲刺#生地会考复习#生地会考#初中生物会考复习资料#八年级,焦虑/正面,学业,high
摸底考,title,MAP测试考试模拟测试备考,中性,无,low
摸底考,content,国际学校入学模拟测试练习题 MAP模拟考试练习题 K～G12: 数学、阅读、语言应用 MAP考试练习题库 #MAP测试#MAP考试#MAP备考#MAP数学#国际学校入学考试,中性,无,low
摸底考,title,重庆市初一英语开学摸底测试卷电子版含详解,中性,无,low
摸底考,content,这份重庆七下英语开学摸底卷太适合初一开学衔接了,中性,无,low
摸底考,content,不仅有开学摸底的空白卷+解析卷，还附带各区各校的月考、期中期末真题，是高清无水印的word电子版,焦虑,学业,medium
摸底考,content,它精准对接七下英语的核心考点：从词汇短语的辨析、时态运用，到阅读完形的解题技巧、写作的句式搭配，解析会梳理题型的得分要点（比如完形的上下文逻辑、写作的高分句型），能帮初一学生快速找回英语的应试节奏，稳稳应对开学后的阶段测试,中性,无,low
摸底考,content,#重庆初一下英语#开学摸底考#初中英语同步备考#重庆初一英语资料#重庆初一英语期末考试#重庆新初一英语#重庆版初一英语#重庆初一英语试卷#重庆七下英语期末复习#重庆初中英语七下英语配套练习,焦虑,学业,medium
摸底考,comment,答案有没有,中性,无,low
摸底考,comment,重庆初中各科真题卷及答案 拍下秒发,中性,无,low
摸底考,title,2026 AP Classroom官方题库 分单元 题量巨,中性,无,low
摸底考,content,🔥2026版AP Classroom 全科CB官方题库来啦 AP备考/国际生/老师备课都能用❗❗ ✅覆盖超全科目： 微积分AB/BC、预备微积分 微观经济｜宏观经济 计算机CSA/CSp｜统计 生物｜化学｜心理学 物理1｜物理2｜物理C力学｜物理C电磁 环境科学｜英语文学与写作 人文地理｜世界历史 📚题库内容： 按单元分模块练习题 选择题+简单题+完整答案 题量超大 知识点全覆盖 刷题提分、考前冲刺、备课刷题直接拿捏💯 ⚠️重要说明： 人文地理、世界历史只有选择题 其余科目题型齐全 拿来就能刷 不用到处找零散资料 一套搞定全科AP备考✨ #AP考试#2026AP#APClassroom#CB官方题库#AP备考#AP微积分#AP经济#AP计算机#AP物理#AP生物#AP化学#AP心理#AP人文地理#AP世界历史#国际课程#AP冲5分,焦虑/正面,学业,high
摸底考,title,北京小升初分班考真题，整理完毕,中性,无,low
摸底考,content,✏️本套资料为小升初择校及分班考试卷，收录历年试卷涉及海淀区、西城区、东城区、朝阳区、丰台区的相关学校，如人大附中，清华附中、101中学、十一龙樾、首师附一、八一中学、海淀外国语、上地实验、北师大附中、北京四中、十三中分校、西城实验、二中分校、五中分校、文汇中学、东直门中学、人大附朝阳、八十中、朝阳外国语、十二中、交大附中、理工附中等等重点中学提前选拔及分班考试,中性,无,low
摸底考,content,【汇编版合集】:数学20套，语文10套，英语20套,中性,无,low
摸底考,content,因为XX原因试卷未标注年份，介意勿拍,中性,无,low
摸底考,content,【人工收录版】持续收录各校分班考真题，若干套，可参考下面截冬,中性,无,low
摸底考,content,📑当地老师协助从各个渠道人工收录而来，试卷有的是汇编版，有的是回忆版，或有水印，或无答案,中性,无,low
摸底考,content,资料适合备考练习，介意勿拍,中性,无,low
摸底考,content,持续更新，以实际收到为准,中性,无,low
摸底考,content,🛒电子资料，百度网盘发，发货后不退换，确认好再拍,中性,无,low
摸底考,content,#北京小升初分班考#北京小升初分班考真题#北京小升初英语#北京小升初数学#北京小升初语文#北京小升初分班考试#北京小升初分班考真题#北京小升初分班#北京海淀小升初分班考#北京昌平区小升初,中性,无,low
摸底考,comment,亲，电子资料，直接点击商品链接，拍下百度网盘自动发哦 北京小升初分班考,中性,无,low
摸底考,title,3.22省实验数学试卷,中性,无,low
摸底考,content,今天上午考了哪些考点呀,中性,无,low
摸底考,content,即使考到反向购买这么变态的点，也不要影响大家的考试心态,中性,无,low
摸底考,content,每年都有几分是不指望拿到的,中性,无,low
摸底考,comment,我看到那个表格的时候人懵了，想做下一道，结果下一个是反向购买,中性,无,low
摸底考,comment,回复：我也是[完啦R],中性,无,low
摸底考,comment,回复：哈哈哈哈哈看一个题标记一个题，再点下一题,中性,无,low
摸底考,comment,哈哈哈哈哈 我第一反应也是,中性,无,low
摸底考,comment,心想小彬老师绝了，毒奶,中性,无,low
摸底考,comment,哈哈哈我也想到了这句,中性,无,low
摸底考,comment,反向购买的商誉算出一个负数，这合理吗,中性,无,low
摸底考,comment,卧槽我也是 没敢写,中性,无,low
摸底考,comment,正常吗 我看是负数就去算甲的 不会做乱写,中性,无,low
摸底考,comment,我怎么感觉反向购买的业务实质还是吸收合并呢,中性,无,low
摸底考,comment,因为我就在课上听了一嘴，记得最深的一个词就是吸收合并，借壳上市,中性,无,low
摸底考,comment,如果我做这道题的话，我大概率会想的还是顺流的吸收合并,中性,无,low
摸底考,comment,这个反向购买不是从后几问才开始设计吗，第一问甲乙合并成本合商誉是正常的,中性,无,low
摸底考,comment,我也是负的,中性,无,low
摸底考,comment,回复：第一问就是反向购买的合并成本及商誉，咱俩可能不是一套卷子吧,中性,无,low
摸底考,comment,主观题考了1、股份支付1月份股东会批准限制性股票价格20元/份， 3月份董事会确定授予50人，3月份股票市价26，但4月份只有40人签协议，4月份股票市价23， 问授予日并计算激励费用,中性,无,low
摸底考,comment,3、借款费用开始资本化的时点：1月发行可转债 3月预付工程款 4月开工，在第三年6月30完工 第三年年初可转债转股 问第一二三年借款费用资本化金额,中性,无,low
摸底考,comment,5、反向购买的合并成本和商誉并填制合并工作底稿,中性,无,low
摸底考,comment,6、每股收益填表,中性,无,low
摸底考,comment,用哪一天的公允价值确定,中性,无,low
摸底考,comment,回复：我用的是4月份的公允价，我的判断是激励人数4月份才最终确定下来 也不知道对不对,中性,无,low
摸底考,comment,回复：这个授予日是不是 3 月 啊他这个我记得好像是用授予日的公允价值来确定吧,中性,无,low
摸底考,comment,回复：对的 不止要董事会通过 员工也得同意达成一致协议,中性,无,low
摸底考,comment,反向购买,中性,无,low
摸底考,comment,估计考了几分,中性,无,low
摸底考,comment,回复：最后一个大题倒数第二问,焦虑,学业,medium
摸底考,comment,回复：第一道综合题，反向购买，我一个字没写，不好意思，我不是你的亲学生明年再见,中性,无,low
摸底考,comment,老师 综合第一问考了存货单位成本计算，然后后面每一小问都用到这个金额,中性,无,low
摸底考,comment,21.25吗,中性,无,low
摸底考,comment,加权平均法，有一个购进10.14外币买的，这个金额12.31汇率要折算吗,中性,无,low
摸底考,comment,还是发生日那个汇率影响成本后面不折算了,中性,无,low
摸底考,comment,回复：好像是不折了，非货币性资产用的是历史成本，买来是多少就多少,中性,无,low
摸底考,comment,回复：对我也是和这个,中性,无,low
摸底考,comment,回复：对我算的也这个数,中性,无,low
摸底考,comment,朋友们，那个3100件货＋14万钱，换了个200万的设备进来，到底货按多少算啊,中性,无,low
摸底考,comment,存货不是按照收入准则吗,中性,无,low
摸底考,comment,按换入的非现金对价公允价值计算收入,中性,无,low
摸底考,comment,回复：那钱呢，14万钱借方给谁冲收入还是加成本，不过不重要了，毕竟我反应购买只回答了一个是,正面,学业,low
摸底考,comment,回复：冲收入吧,正面,学业,low
摸底考,comment,成本正常结转,中性,无,low
摸底考,comment,回复：计入固定资产成本吧，换出资产公允价值+支付补价-收到补价,中性,无,low
摸底考,comment,毅力其实蛮强的了，不以成败论英雄，如果真是全程考下来，用心了，花精力了，那就过去吧,中性,无,low
摸底考,comment,现在这个考试环境不是考生的问题，是考试本身有问题,中性,无,low
摸底考,comment,我考了四年才过会计，加油,正面,学业,low
摸底考,comment,我三年了，第一年没咋看去考了30多分，第二年听了两遍课，没做题考了57分，第三年是今年，我觉得我又没复习好,中性,无,low
摸底考,comment,出租人（但是是不够成销售的生产商）,中性,无,low
摸底考,comment,赵老师你上课说过可能考昨晚看了一眼，但是不太确定那个担保额算不算，我给放进去,中性,无,low
摸底考,comment,我靠，这个贼简单呀，不构成销售，直接是借款,中性,无,low
摸底考,comment,回复：不是 是那种融资租赁的 就是租赁那张最后的知识点,中性,无,low
摸底考,comment,回复：我觉得是这个第四个,中性,无,low
摸底考,comment,回复：没想到这个,中性,无,low
摸底考,comment,回复：我昨晚瞟了我理的这个一眼但是我忘记公允好和折现比确认收入了,中性,无,low
摸底考,comment,这我当时上课自己总结的，但是我觉得这玩意搁我，我铁定没了,中性,无,low
摸底考,comment,哈哈哈哈哈哈我也一直在笑,中性,无,low
摸底考,comment,回复：哈哈哈 我还现场编会计科目呢,中性,无,low
摸底考,comment,裸考的弱弱问一句，是经营租赁还是融资租赁,中性,无,low
摸底考,comment,回复：蒙对了，不知道怎么写理由😂,中性,无,low
摸底考,comment,回复：我写了使用寿命五年，但是租期四年，几乎买下来了，所以算融资，一通胡编的日子真爽,中性,无,low
摸底考,comment,回复：好像是这样的，明年我一定好好学,中性,无,low
摸底考,comment,回复：那个不是让用计算么，没让写文字理由吧,中性,无,low
摸底考,comment,回复：租金收入现值与设备成本相比较,中性,无,low
摸底考,comment,我怀疑出题老师看了赵老师的课，然后跟他反着来，还有哪些说过不考啊,中性,无,low
摸底考,comment,回复：就这个老师直接没讲 别的套期什么的老师都老老实实讲了还叫不要跳过 虽然我跳过了,正面,学业,high
摸底考,comment,彬老师，考了您说的会计利润与所得税的调整事项,中性,无,low
摸底考,comment,是个多选吧 我瞄了眼 没记住 听老师的全选,中性,无,low
摸底考,comment,是不是全选,中性,无,low
摸底考,title,人教六下数学✅小升初8套模拟 查漏补缺,中性,无,low
摸底考,content,✅六年级下册人教数学，8套小升初模拟卷整理好啦 ✅完全贴合人教课本，紧扣小升初考点 ✅重难点全覆盖，题型和难度对标真实考试,中性,无,low
摸底考,content,✅每套都是完整卷，打印就能练，6套基础+2套拔尖 ✅完整8套小升初➕答案下方置顶的🔗获取 #六年级下册数学#人教数学#小升初数学#数学模拟卷#六下数学#小升初备考#小学数学#六年级数学,中性,无,low
摸底考,comment,笔记同款👉【6套模拟卷+2套拔尖卷】,中性,无,low
摸底考,comment,亲亲，下载不成功，能直接发给我吗,中性,无,low
摸底考,title,沈阳市43中学新初一入学考试真题,中性,无,low
摸底考,content,暑假马上要结束了，沈阳马上要步入初中的新同学，开学后面临的第一次考试就是入学测试，也叫摸底考试，成绩一般不对外公布，但有时候会按排名来作为10月份月考的分考场依据，今天给大家分享一下43中学的真题卷，家长们可以给孩子们限时测试一下,焦虑,学业,medium
摸底考,content,#沈阳新初一,中性,无,low
摸底考,comment,身份证那题怎么看,中性,无,low
摸底考,comment,2009年1215,中性,无,low
摸底考,comment,前四位是市，再2位是区，然后8位是生日,中性,无,low
摸底考,comment,有答案吗,中性,无,low
摸底考,comment,身份证后四位的前面8位是年月日的出生日期,中性,无,low
摸底考,comment,您好，可以分享吗,中性,无,low
摸底考,comment,这个是皇姑区的未来校区四十三中学还是总校啊,中性,无,low
摸底考,comment,身份证的题上小学讲过，我印象很深刻因为老师布置作业回家记自己的身份证号第二天上学用，结果我忘记记了,中性,无,low
摸底考,title,你还记不记得哪门学科创造了你的历史最低分,中性,无,low
摸底考,content,#成绩#精神状态be like#校园生活#学校里的那些事,中性,无,low
摸底考,comment,都给我起开,中性,无,low
摸底考,comment,您的face还在还在,中性,无,low
摸底考,comment,孩子你拉试卷上了吗,中性,无,low
摸底考,comment,姐妹你就对了一道选择题还是填空吗,中性,无,low
摸底考,comment,回复：一题都没对 是大题的公式分,中性,无,low
摸底考,comment,回复：在的在的,中性,无,low
摸底考,comment,好像丢了一下face,中性,无,low
摸底考,comment,我去，怎么考的,中性,无,low
摸底考,comment,有点水平,中性,无,low
摸底考,comment,回复：你在二楼说我坏话被我抓到了,中性,无,low
摸底考,comment,回复：对不住，对不住,中性,无,low
摸底考,comment,回复：原来都做了吗,中性,无,low
摸底考,comment,这是啥????😨,中性,无,low
摸底考,comment,数学3分,中性,无,low
摸底考,comment,我今天就站这里了看谁敢笑我,中性,无,low
摸底考,comment,我不笑你，因为我之前只考了5分,中性,无,low
摸底考,comment,回复：我也考过,中性,无,low
摸底考,comment,我都算高的了，我考8分,中性,无,low
摸底考,comment,数学，0分，写满了,中性,无,low
摸底考,comment,还不如不写浪费笔油,自卑,自我,high
摸底考,comment,哈哈，没有同情分吗，我之前写满了全错，老师给了3分同情分,中性,无,low
摸底考,comment,上去把那个物理一分的打下来,中性,无,low
摸底考,comment,omg 怎么做到的,中性,无,low
摸底考,comment,这个评论区提数学的都是我失散多年的亲生兄弟姐妹🙏🏻,中性,无,low
摸底考,comment,我高二模考数学15分,焦虑,学业,medium
摸底考,comment,怎么刷到huq了哈哈哈哈哈哈哈哈哈哈哈哈哈哈哈哈,中性,无,low
摸底考,comment,物理13分，同时化学满分，并且物理化学一个老师,中性,无,low
摸底考,comment,曾长达一个学期没上过化学课，我们老师让我搬着板凳去其他班上物理，最后物理高达19分,中性,无,low
摸底考,comment,如果你有物理化学连着的课表，感觉你老师会对你表演一个川剧变脸,中性,无,low
摸底考,comment,回复：是这样的，她甚至能给我蹬出去,中性,无,low
摸底考,comment,回复：（19-13）/13=46% 提升不少的[坏笑R],中性,无,low
摸底考,comment,生物…36分…150分制……我自己都震惊了!nkle 🎉,中性,无,low
摸底考,comment,我也震惊,中性,无,low
摸底考,comment,我数学平常考三四十分，但高考90分，当时一边答题一边问自己，谁在我的身体上,焦虑,学业,medium
摸底考,comment,回复：哈哈哈 考神附体了,中性,无,low
摸底考,comment,^杏弦 政治满分100考了45,中性,无,low
摸底考,comment,（数学76）,中性,无,low
摸底考,comment,回复：骗你的，数学120考了69初二,中性,无,low
摸底考,comment,💤【欢】 当然是八省联考数学的8分啊,中性,无,low
摸底考,comment,我比你高 我考了16,中性,无,low
摸底考,comment,我八省联考是艺考完几次模拟考的最好的一次……上500了好像你敢信,中性,无,low
摸底考,comment,数学写满了考了3分,中性,无,low
摸底考,comment,然后语文考了个状元,中性,无,low
摸底考,comment,信号与系统60分,中性,无,low
摸底考,comment,看评论我才反应过来在这个帖子算是凡尔赛了,中性,无,low
开学考,content,老师也要复习上学期的内容，然后又落下新课的进度，后面又狂赶,中性,无,low
开学考,content,它就像夜晚睡觉的蚊子总是干扰我的心情，虽然如此我也提不起任何有关复习的计划的心情,中性,无,low
开学考,comment,距离开学只剩一个多星期老师才跟我们讲开学要考试,中性,无,low
开学考,comment,在家瘫了那么久，已经清空脑部内存的我：,中性,无,low
开学考,comment,哈只剩三天再说如何呢,焦虑,学业,high
开学考,comment,回复：很不理解哈,中性,无,low
开学考,comment,要么早点说好让我们有准备,中性,无,low
开学考,comment,掐着这个时间说何意义,中性,无,low
开学考,comment,是想打击我们吗,中性,无,low
开学考,comment,学校真阴,中性,无,low
开学考,comment,我们也是呵呵呵,中性,无,low
开学考,comment,我们是两天前讲的,中性,无,low
开学考,comment,给我吓一雷,中性,无,low
开学考,comment,回复：9494,中性,无,low
开学考,comment,嘿嘿四号开学老师今天才说,中性,无,low
开学考,comment,我们明天,中性,无,low
开学考,comment,回复：抱抱你加油,正面,学业,low
开学考,comment,回复：我也是…还在搜如何准备开学考,中性,无,low
开学考,comment,回复：哈哈还有后续,中性,无,low
开学考,comment,都说随便考今天我们学校考到好多高中知识,中性,无,low
开学考,comment,我也是不会再分班吧不要啊,中性,无,low
开学考,comment,先分班，再考试，怎么评价,中性,无,low
开学考,comment,（也就是单纯的开学考）,中性,无,low
开学考,comment,考完不用太在意我上个星期已经考了,中性,无,low
开学考,comment,明天考试今天说,中性,无,low
开学考,comment,我们都上了一周课，周一就开学考了，考试科目除了语数外，安排的物化生，都在同一天考，服了,愤怒,社会,medium
开学考,comment,要考上学期和寒假作业的内容，问题是寒假时间短，还要预习下学期的知识，寒假作业也不讲，哎,中性,无,low
开学考,comment,你把我想说的话表达出来了考了有什么用啊,中性,无,low
开学考,title,2026天津一中下学期统练1，开学考难度惊人,中性,无,low
开学考,content,经历了一个寒假，开学检验同学们数学水平的试卷来了，本张试卷质量还是不错的，很具有代表性的是T7，如果用正常解三角形、内切圆面积算，没有个20分钟是算不完的，所以如果提前对焦半径和焦点弦熟悉的话，此题计算会小一些，但是作为本卷第七题，以及单纯考察二级结论为目的，本题出的实属不合时宜,中性,无,low
开学考,content,第15题考查了类周期函数，难度倒不大，画好图像卡住二次函数的端点即可,中性,无,low
开学考,content,第19题是质量很好的一道题，蒙日圆+猜轨迹方程，QF1+QF2这个形式已经非常像椭圆的定义了，所以大胆去设Q点解轨迹方程即可,中性,无,low
开学考,content,#天津一中#南开中学#天津高考#耀华中学,焦虑,学业,medium
开学考,title,Alevel考试季有感而发,中性,无,low
开学考,content,我们al考生有一个月的考试季，有一天五场的mock test，还有玄学的申请季和未知的将来,中性,无,low
开学考,content,#国际高中#国际生#考试精神状态#Alevel#Alevel大考#摸鱼#画画#来自星星的艺术家,中性,无,low
开学考,comment,今年透题严重的很 我25fall港本甚至一个offer没有 前两天考物理的时候看到小红书到处都是网传 当时就想买题那么贵怎么能到处都是答案呢 结果一问一套卷子带答案200块 原来我的未来就值两百块,中性,无,low
开学考,comment,你的未来不只值两百块，你的未来值所有努力和奋斗时耕耘的汗水，这是无价的，买答案的人几百块钱就葬送了自己的的人格,正面,学业,low
开学考,comment,200块,中性,无,low
开学考,comment,25独立命题了，除了中国考区以外，哪个考区透题不严重,中性,无,low
开学考,comment,今年还被刚刚爆出来说二六届的 9709考试泄题严重的要死,中性,无,low
开学考,comment,申美，a2爽很多我和我舍友uncon天天玩,中性,无,low
开学考,comment,回复：美国大学拿到offer以后都是uncon的,中性,无,low
开学考,comment,回复：alevel预估拿到的也是uncon嘛,中性,无,low
开学考,comment,回复：卧槽这么好啊,中性,无,low
开学考,comment,回复：我操😱我才知道,中性,无,low
开学考,comment,卧槽真的假的...我,中性,无,low
开学考,comment,回复：我去真的假的,中性,无,low
开学考,comment,回复：,中性,无,low
开学考,comment,回复：,中性,无,low
开学考,comment,回复：🍟,中性,无,low
开学考,comment,回复：尊嘟假嘟,中性,无,low
开学考,comment,宝宝是青岛的吗,中性,无,low
开学考,comment,回复：是校服嘛 我们可能是校友,中性,无,low
开学考,comment,回复：omg我也刷到了,中性,无,low
开学考,comment,好多熟人,中性,无,low
开学考,comment,跨时空相遇,中性,无,low
开学考,comment,那很命苦了接A*,中性,无,low
开学考,comment,我去哪找又看小排球又是国际生的还推及川的,中性,无,low
开学考,comment,回复：刚刚考完，终于结束了,中性,无,low
开学考,comment,回复 西谷夕NISHINOYA YU. : oioioi,中性,无,low
开学考,comment,ig目前也这样 老师加油啊啊啊啊(),正面,学业,low
开学考,comment,回复：加油啊啊啊 熬过考试季就是暑假了,正面,学业,low
开学考,comment,回复：🥲🤝好耶好耶一起加油啊啊啊啊,正面,学业,low
开学考,comment,可以的~,中性,无,low
开学考,title,2025年首师大附中高三开学考英语试题+答案,中性,无,low
开学考,content,#首师大附中#高三#开学考 看看都考了什么,中性,无,low
开学考,content,难度如何,中性,无,low
开学考,title,山东外事职业大学开学考,中性,无,low
开学考,content,25届，军训期间晚自习考试 啊啊啊啊啊 英语线上考试,中性,无,low
开学考,content,第一块给观点写短文150-200词 第二块语法单选 四选一 第三块四篇阅读理解 每篇五题 第四块语法填空20个空 高考完,焦虑,学业,medium
开学考,content,真的一朝回到解放前了#开学考#线上考试,中性,无,low
开学考,comment,我当时开学考我连我考了多少我都不知道,中性,无,low
开学考,comment,我们应该也是不公布的,中性,无,low
开学考,comment,请问用手机考会感觉字太小吗,中性,无,low
开学考,comment,还好 阅读有点费劲,中性,无,low
开学考,comment,哎吆很简单的，你们是不是明天军训汇演,中性,无,low
开学考,comment,是的 上午已经结束了,中性,无,low
开学考,comment,APP是 itest,中性,无,low
开学考,comment,虽然不出分和排名，但你的英语老师会知道分数和知道切屏次数,焦虑,学业,medium
开学考,comment,这个会计入绩点吗,中性,无,low
开学考,title,17号考，现在折回来还来的及吗,中性,无,low
开学考,comment,我赌再过两三天就破九千了,中性,无,low
开学考,comment,回复：还剩15,中性,无,low
开学考,comment,回复：我真的没招了,中性,无,low
开学考,comment,回复：9170,中性,无,low
开学考,comment,你们考试还让带书,中性,无,low
开学考,comment,谁懂啊我们当年考前疯狂背，六本书牢牢记住,中性,无,low
开学考,comment,难度不一样,中性,无,low
开学考,comment,不是你想的那样，开卷考的完全不在一个level上,中性,无,low
开学考,comment,问题是 书上找不到什么答案,中性,无,low
开学考,comment,回复：可以吧，审题找好切入点然后翻书我一般用速查,中性,无,low
开学考,comment,回复：上海好像不能带吧,中性,无,low
开学考,comment,我宁愿闭卷，初中政治好背得很,中性,无,low
开学考,comment,你知道开卷要写多少东西吗我真的 想嘎,中性,无,low
开学考,comment,开卷有种翻了半天书不知道下次写什么的无力感,中性,无,low
开学考,comment,开卷也不是简单能找到的,中性,无,low
开学考,comment,但书不一定用得上，而且能带书的话都是这考一点，那考一点，然后还是一道题的答案，有时候一道题能考三本书的答案，带了都来不及翻,焦虑,学业,high
开学考,comment,关键都考时政热点+课本分析,中性,无,low
开学考,comment,根本找不到，自己分析完写,中性,无,low
开学考,comment,都能分析出来了还能不会背?翻肯定是翻不到的,中性,无,low
开学考,comment,除非压到时政热点了,中性,无,low
开学考,comment,你们对开卷的都这么不友好吗我们政治开卷但是除了期末都是闭卷的难度也是一般般啊而且谁告诉你开卷就不用背了,焦虑,学业,medium
开学考,comment,我们老师一直跟我们强调开卷不是不用背了开卷不仅要背还要更熟悉书考的还更活当开卷这个消息下来的时候我们老师就说了开卷难理解一下很困难吗非要说闭卷就老实了那是你老实了又不是所有人都像你闭卷的没考过开卷吗我也考过一段时间的闭卷呢你们又懂了是不是,中性,无,low
开学考,comment,回复：你们知不知道为什么闭卷现在国家要的不是死记硬背的了 要的是有天赋的选手所以开卷的问法是让你翻书都不知道往哪翻就是要人才这样在创新方面效果更好,中性,无,low
开学考,comment,不用，根本没时间翻准备一本常用的教辅就行,中性,无,low
开学考,comment,地区不一样，有些地方的考试根本就不让带资料，只能带书,委屈,人际,high
开学考,comment,回复：我们就不让,中性,无,low
开学考,comment,回复：看他们IP都是安徽的 应该是允许带其他资料反正山西除了书什么都不能带,中性,无,low
开学考,comment,回复：比如沈阳中考我当年只让带书，会检查，不让夹带书以外的资料,焦虑,学业,medium
开学考,comment,说开卷难的 等上高中政治闭卷就老实了,中性,无,low
开学考,comment,你别说 我还真觉得别的省闭卷比辽宁开卷简单 问就是我们答过,中性,无,low
开学考,comment,回复：是吗哈哈哈哈我觉得上海初中政治开卷确实不是很难,中性,无,low
开学考,comment,别说上了高中闭卷之后 真的比初中考的好了,焦虑,学业,medium
开学考,comment,回复：我初中那时候老师给我们答过外省闭卷 感觉就像是老师上课讲过的知识点变成题了 但辽宁开卷就是你明明知道知识点是什么 就是不会写大题 开卷的大题=作文给个题目或者材料让自己写,中性,无,low
开学考,comment,一模以后认真听课分数都能直接从44、45（原先上课每次后半截都因为太助眠睡着）提到48、49（分别一模二模）这东西复习课好好听，好好复习，问题就不大,焦虑,学业,medium
开学考,comment,虽然但是不知道河北难度怎么样，单看我们学校的话，每次考试普通班都会嚎难的我们班都觉得还好，平均分每次都能44多点,焦虑,学业,medium
开学考,comment,回复：好吧每个人都不一样，那种上课不听讲的也能考的很好,中性,无,low
开学考,comment,要是书都能翻到那不人人满分还考个屁啊 开卷就是拐弯抹角绕三百六十度十八弯给暗示 每个城市制度不一样 每个人都站在自己角度上肯定都觉得自己城市考试更难啊我从我这里说我就是觉得开卷难一点 我脑子转的慢 get不到材料题暗示的点 但语文阅读题我都会 我觉得语文阅读题比道法材料题简单别攻击我 面对不讲理的人已畏惧 甲都叠那么厚了再攻击就不礼貌了,中性,无,low
开学考,comment,每个地区难度不一样 没有可比性,中性,无,low
开学考,comment,点了 不知道说开卷儿简单的都在想什么 不会换位思考吗,中性,无,low
开学考,comment,回复：是不是回错了 我不是辽宁的[抽泣R],中性,无,low
开学考,comment,开卷难度不一样答案书上翻不到，只能说提供思路,中性,无,low
开学考,comment,如果题题靠翻书，写不完的,中性,无,low
开学考,comment,我们也是背书 ，考场上带一本意思意思，基本上不翻，浪费时间,中性,无,low
开学考,comment,开卷也得背啊…要是开卷这么简单那不全满分了吗,中性,无,low
开学考,comment,开卷更难，别问我怎么知道的都体验过,中性,无,low
开学考,comment,我们这边闭卷但是难度很大，综合题很多创新题型，很考验素养的那种，所以学生不仅要背，背得好也不一定能得高分,中性,无,low
开学考,comment,回复：还好我是老师,中性,无,low
开学考,comment,回复：还好 我已经不用考了,中性,无,low
开学考,comment,回复：闭卷知识点模棱两可是真的暴击，开卷知识点起码能写对,中性,无,low
开学考,comment,以后还要中考呢，赶紧弄回来吧,焦虑,学业,medium
开学考,comment,还有练客和高分速查，书应该用不着吧，我带上历史书就行了，不然书太多拿不完,中性,无,low
开学考,comment,回复：有些东西是资料上没有的你对书的熟悉度一定会高于资料 有些句子还指望着在书上找呢,中性,无,low
开学考,comment,回复：嗯嗯，我一会弄回来,中性,无,low
开学考,comment,回复：考试不是只让带书吗,中性,无,low
开学考,comment,其他都不能带,中性,无,low
开学考,comment,回复：地区不一样 我真的慕了,中性,无,low
开学考,comment,回复：到时无论什么考试都只能带书，书里不能夹带任何资料,中性,无,low
开学考,comment,而且能不能得分简直就是迷，模拟考给我考的人懵了，一会高一会低，历史高了政治低，大后天考政治历史我现在人麻了,中性,无,low
开学考,comment,现在小升初要考道法吗,中性,无,low
开学考,comment,为什么评论区都在讨论开卷闭卷我那个时候只用考语数英诶,中性,无,low
开学考,comment,因为咱是中考生,焦虑,学业,medium
开学考,comment,哥们，就没有可能，这是中考,焦虑,学业,medium
开学考,comment,回复：哦草，对不起是我sb了，我以为只有小学叫道法中学叫政治hhhhhh,中性,无,low
开学考,title,2026北京八中高三下开学考数学,中性,无,low
开学考,content,期末真题 期末真题 ###北京真题北京高考北京高考北京高考北京高考北京高考北京高考,焦虑,学业,medium
开学考,title,交大附中【2025初三上开学考】数学,中性,无,low
开学考,content,2025交大附中初三（上）开学考数学试卷和答案 文档为pdf格式，共12页，带有答案，可以直接打印用来孩子刷题用,中性,无,low
开学考,content,另外主页还有其他时段的真题，需要的话可以在主页搜索‘学校+年级+学科’,中性,无,low
开学考,content,#交大附中#初三上开学考数学#初三数学试卷,中性,无,low
开学考,comment,交大附这套数学卷难度大吗,中性,无,low
开学考,title,2026年东北育才学校高三三月开学考试答案,中性,无,low
开学考,content,#高三#辽宁#东北育才#三月#英语#英语学习打卡#高考#高二#高一#高中,焦虑,学业,medium
开学考,title,天师大超实用开学考攻略,中性,无,low
开学考,title,亲测有效😆,中性,无,low
开学考,content,🎈天师大开学有英语考试和计算机考试 英语考试：开学前线上机考 计算机：军训后在学校考 学姐帮你避雷＋备考攻略,中性,无,low
开学考,content,🎈英语分班考—英语机考结合高考英语成绩决定英语快班还是中班 英语专业的学生不需要考～ 天师大英语课分级教学：快实验班，快普通班，中班，慢班（艺术生），测试成绩不计入入校《大学英语》的课程成绩～ 不同班次英语课的时间不同，参加四级的考试时间也不同,焦虑,学业,medium
开学考,content,中班前20%可以在大一下学期参加四级考试，其他的和慢班大二才能参加,中性,无,low
开学考,content,大家可以在暑期用英语学习app，如网易有道词典、扇贝听力口语等提前练习一下，适应一下新题型,中性,无,low
开学考,content,背单词app推荐“不背单词”可以帮助定时复习且有词组和延伸词，也可以组队背单词，效率upup,中性,无,low
开学考,content,🎈计算机考试 计算机科学与技术，软件工程，教育技术学，网络工程，物联网工程，数据科学与大数据技术等六个专业不需要考😆 假期在平台自修上网课（暑期平台进度不计入学校成绩），入学水平测试未通过的学生需在入学后继续学习该课程（周末上计算机的线下课），学期末学校统一组织课程考试,焦虑,学业,medium
开学考,content,"🙊 考试难度偏易，需掌握计算机基本用法，题型是20道选择题，ppt,word Excel",中性,无,low
开学考,content,这里学姐建议重点练习操作题，推荐小黑课堂计算机二级，gzh可以搜索并下载软件，软件可以自由练题且b站有视频解析，重点是免费,中性,无,low
开学考,content,很有用(本人当时这样练考了90分),中性,无,low
开学考,content,🙇学校考的会比他的题库简单(毕竟他是二级题库)，选择题主要就是学校要求的平台讲解，但是很多知识感觉学了就忘，主要学会计算即可，其他理论可以蒙 趁假期抓紧动起来叭,中性,无,low
开学考,content,有任何问题可以评论区留言喔 #大学#天师大#招生季#英语单词#天津师范大学#新生入学#英语#入学考试#计算机一级#高考志愿#校园薯,焦虑,学业,medium
开学考,comment,请问计算机考试选择题计算量大吗，占比多吗,中性,无,low
开学考,comment,还是说理论偏多,中性,无,low
开学考,comment,这么会玩儿啊,中性,无,low
开学考,comment,回复：每个人的题都不一样 包括操作题,中性,无,low
开学考,comment,回复：那操作题分数的占比比较大吗,中性,无,low
开学考,comment,回复：对 操作题一题十多分,中性,无,low
开学考,comment,军训后考计算机 英语应该已经结束啦,中性,无,low
开学考,comment,回复：学长，这个得学多久，我就看了第一章,中性,无,low
开学考,comment,回复：英语延迟到7号,中性,无,low
开学考,comment,回复：军训还可以学哇,中性,无,low
开学考,comment,请问英语考试大致题型都有什么呢,中性,无,low
开学考,comment,听力 阅读 选词填空,中性,无,low
开学考,comment,回复：想问一下要写作文吗,中性,无,low
开学考,comment,回复：我记得是不用,中性,无,low
开学考,comment,快普通也可以大一下考四级吗,中性,无,low
开学考,comment,好像需要期末班级前几名,焦虑,学业,medium
开学考,comment,回复：快普通也需要吗不是说快班都可以吗,中性,无,low
开学考,comment,然后说中班才是前几名,自卑,学业,high
开学考,comment,寄件的话去菜鸟驿站咋弄呀,中性,无,low
开学考,comment,找前台的工作人员 会让你扫码填信息,中性,无,low
开学考,comment,请问艺术生可以考到快班吗,中性,无,low
开学考,comment,艺术生英语也有分班,中性,无,low
开学考,comment,想问一下艺术生英语分班是和文化生一起的吗,中性,无,low
开学考,comment,想大一考四级但是不想进快班,中性,无,low
开学考,comment,等情况～,中性,无,low
开学考,comment,计算机考不好会怎样呢,中性,无,low
开学考,comment,计算机考试进制题型多吗,中性,无,low
开学考,comment,看情况 每个人抽的题不一样 有可能好多有可能很少,中性,无,low
开学考,title,备战高考倒计时,焦虑,学业,high
开学考,content,从今天起，认真学习，好好上课，争取一周上daycare超过三天#埋头学学学#高考加油#高考倒计时#学习从娃娃抓起#学习不停歇,焦虑/正面,学业,high
开学考,title,天津财经大学金融专硕开学考,中性,无,low
开学考,content,今年26上岸的宝子们也要进行stata计量的开学考 但是奖学金政策一志愿上岸统一3k 保研的同学8k#拟录取#金融专硕#天津财经大学金融专硕#26考研,正面,学业,high
开学考,title,2026北京人大附中高三下开学考数学,中性,无,low
开学考,content,2026北京人大附中高三（下）开学考数学-试题 本文件一共4页，文件格式为pdf文件,中性,无,low
开学考,content,是否包含答案：是,中性,无,low
开学考,content,我们还有更多北京各区近三年的期中期末真题，分别包含上学期的期中期末和下学期的期中期末，会陆续把有价值教学资料分享出来,焦虑,学业,medium
开学考,content,#期末真题#北京真题#期末考试#北京试卷#北京高考,焦虑,学业,medium
开学考,title,2025年厦门双十中学高一上10月月考英语试卷,焦虑,学业,medium
开学考,content,【英语试卷】双十中学2025-2026学年高一月考试卷 今年最新的 有电子档+答案+听力稿 需要试卷答案电子档dd,焦虑,学业,medium
开学考,content,更多试卷查看下方合集或主页搜索 #厦门#厦门双十中学#月考#高一#高一英语,焦虑,学业,medium
开学考,comment,怎么到手,中性,无,low
开学考,comment,有没十二月考的,焦虑,学业,medium
开学考,comment,118分是不是比较低,中性,无,low
开学考,comment,刚想说快进到再也不玩抽象了，没想到哈哈哈,中性,无,low
开学考,comment,认识的吗 不认识玩手机没声音也没必要吧,中性,无,low
开学考,comment,是把宋亚轩p上去啦,中性,无,low
开学考,comment,海盐焦糖拿铁是去冰了吗好喝吗,中性,无,low
开学考,comment,回复：哈哈哈哈OKOK我明天去试试,中性,无,low
开学考,comment,期末才考两科吗，我考七科,焦虑,学业,medium
开学考,comment,会守恒的我上学期也是五科俺们艺术生这学期是一堆大作业交了才完事儿,中性,无,low
开学考,comment,我考11科,中性,无,low
开学考,comment,回复 The_World ! : 我也是,中性,无,low
开学考,comment,没发出声音，玩手机都能惹到你真的什么人都有的,中性,无,low
开学考,comment,搞抽象的，p的宋亚轩在上面,中性,无,low
开学考,comment,我以后要叫你red姐,中性,无,low
开学考,comment,这是p的,中性,无,low
开学考,comment,哈哈哈哈我也弄过,中性,无,low
开学考,comment,这位帅哥怎么到处玩手机,中性,无,low
开学考,comment,自习室玩手机确实不好，在宿舍玩不更香吗不过你对面这个男的还挺帅的，室内还带墨镜啊,中性,无,low
开学考,comment,因为这是宋亚轩,中性,无,low
开学考,content,日常活动人体练习无任何不良引导 #无限#罗小黑战记,中性,无,low
开学考,comment,无限长得牛逼还嫩，，,中性,无,low
开学考,comment,请给我一个准确的断句,中性,无,low
开学考,comment,回复 我是高贵血族,中性,无,low
开学考,comment,: 无可奉告,中性,无,low
开学考,comment,如何断句我自有定夺,中性,无,low
开学考,comment,打架很牛逼也很好看,中性,无,low
开学考,comment,如何断句,中性,无,low
开学考,comment,回复：wx不在结果在嚒无限,中性,无,low
开学考,comment,回复：关于如何断句我有自己的想法,中性,无,low
开学考,comment,回复：给我一个准确的断句,中性,无,low
开学考,comment,回复：无可奉告,中性,无,low
开学考,comment,回复：经典断句题,中性,无,low
开学考,comment,到底怎么断,中性,无,low
开学考,comment,[完啦R][完啦R],中性,无,low
开学考,comment,(痛失开封麻辣花生版),中性,无,low
开学考,comment,Von Degurechaf hi美女,中性,无,low
开学考,comment,hi美女,中性,无,low
开学考,comment,hi美人儿,中性,无,low
开学考,comment,学姐好美,中性,无,low
开学考,comment,回复：就是这个图在想要不要艾特你,中性,无,low
开学考,comment,嗨 美女,中性,无,low
开学考,comment,一想到后面发生了什么就想笑...,中性,无,low
开学考,comment,回复：哈哈哈哈哈哈,中性,无,low
开学考,comment,原来无限是女孩子啊，我还以为是男生呢,中性,无,low
开学考,comment,他就是男的,中性,无,low
开学考,comment,回复：莫名的好笑hhh,中性,无,low
开学考,comment,就是男生,中性,无,low
开学考,comment,很帅很冷萌逗比的男生,中性,无,low
开学考,comment,好神圣啊,中性,无,low
开学考,comment,无限长得牛逼还嫩……,中性,无,low
开学考,comment,给我个准确的断句,中性,无,low
开学考,comment,没有引导吗,中性,无,low
开学考,comment,绿色青蛙抱头有个红酒杯表情包,中性,无,low
开学考,title,赫则夹心饼干（右划美工版成图 无不良影响）,中性,无,low
开学考,comment,6.1晚上0点二编成图和海报rzm 蹲的宝宝在这条下面回复我到时候挨个点赞,中性,无,low
开学考,comment,蹲蹲女神,中性,无,low
开学考,comment,这啥 我怎么不知道 三角恋啊,中性,无,low
开学考,comment,17岁的陆赫扬吃到的每一口感触都会传递给24岁的陆呢,中性,无,low
开学考,comment,好厨子一句话就是一顿饭,中性,无,low
开学考,comment,不讲不讲,中性,无,low
开学考,comment,反正我们是啥也没吃着,中性,无,low
开学考,comment,他吃爽了，我们一口都没吃到,中性,无,low
开学考,comment,欧尼领到,中性,无,low
开学考,comment,陆赫扬凶猛野兽，一个有时许呆都吃不消，还两个,中性,无,low
开学考,comment,我们小则也是a来的,中性,无,low
开学考,comment,可以双龙,中性,无,low
开学考,comment,没有商用宝宝 是发放无料 没收取任何费用,中性,无,low
开学考,comment,回复：OKOK,中性,无,low
开学考,comment,如果24的小则和17的同感,中性,无,low
开学考,title,月考啦｜2026年人大附开学考＝清华附统练一,焦虑,学业,medium
开学考,content,阅读有难度哦，挑战吧,中性,无,low
开学考,comment,老师，清华附统练和开学考不一样是吧，那清华附统练大概都是什么时候进行考试,中性,无,low
开学考,comment,两周一次,中性,无,low
开学考,title,2024-2025天桃实验学校七年级上开学考,中性,无,low
开学考,content,资料为：2024-2025南宁天桃实验学校七年级上开学考英语试卷 word文档 🉑打印 🉑编辑 包括：试卷➕答案详解 需要的直接拍下，立马发送～ #开学考#开学考英语试卷#七年级上册开学考试,中性,无,low
周测,title,光影周测画了,中性,无,low
周测,content,#高三精神状态 高中生心理状态 #考试精神状态,中性,无,low
周测,comment,正常啊，这种考试纯粹浪费时间又毫无意义，以前我们年级900人，周测连400张答题卡都收不到，后面学生反对意见太大倒逼领导取消周测了，不过我们是广东的省重点，不知道你们那边怎么样,中性,无,low
周测,comment,我们这学期期末考试考两次，本区考一次和别的区考一次，第二次考试一看几乎快一半人请假不来考试，还有人中途请假退出的,焦虑,学业,medium
周测,comment,回复：对啊，连续高强度的考试哪里是一般人顶得住的，何况题主说的这种周测，一周一次又不是什么大考,中性,无,low
周测,comment,回复：我们这边只是一级达标校不算省重点，对于同学们来说增加测试次数确实有明显的好处,中性,无,low
周测,comment,当年衡水系中学先实行周测再带动各省参与这种模式,中性,无,low
周测,comment,不过测试太频繁会影响教学的总进度就是了,中性,无,low
周测,comment,高三哪有不疯的，等到哪天人不说话了，麻木了，对周围事务没感觉了，那就不是厌学而是厌世了,中性,无,low
周测,comment,宝宝好好休息 你妈妈同意你周测请假吗,中性,无,low
周测,comment,周测没啥用，后来我们老师考完都不收卷子，把答案发给我们自己订正,中性,无,low
周测,comment,谁不想玩儿,中性,无,low
周测,comment,+1，周测好几次没去过了，请假中,正面,学业,high
周测,title,5.16新出，北京人大附初三数学周测8,中性,无,low
周测,content,#数学#中考数学#人大附中#初中数学 📣拿卷及答⬇️⬇️⬇️⬇️,焦虑,学业,medium
周测,comment,选择压轴是啥呀,中性,无,low
周测,comment,关闭下载也没关系，可以截图,中性,无,low
周测,title,27海绵周测卷4（逻辑-综推）,中性,无,low
周测,content,今天做了综推周测卷 第一次周测满分💯,中性,无,low
周测,comment,第三题选E吗,中性,无,low
周测,comment,刚刚看了一下订正错了 就这个有问题,中性,无,low
周测,comment,应该是C,中性,无,low
周测,title,我真的考得了这个199吗,中性,无,low
周测,comment,多分析错题，多刷题,焦虑,学业,medium
周测,comment,我也看到好多人说要多分析多刷题已经在挑选入手什么练习了,中性,无,low
周测,comment,稳扎稳打没问题的,中性,无,low
周测,comment,最后多少啊宝宝,中性,无,low
周测,comment,: 221,中性,无,low
周测,comment,题目多做几遍，做到看懂这个题就能想到考点和对应的方法,中性,无,low
周测,comment,加油先学吧，学到后期再说，我已经调理自己很久了,正面,学业,low
周测,comment,我也是这么个自己说 说不定后期会好我先学吧,中性,无,low
周测,comment,朋友我 40,中性,无,low
周测,comment,数学到底咋学，调理一天了没调理好[完啦R][完啦R][完啦R]……,中性,无,low
周测,comment,我这几次考这个考试都要调理怀疑一下,中性,无,low
周测,comment,我参加今天的周测时间都不够用，还有一堆都忘记了而且我才刚学完第一章,焦虑,学业,high
周测,comment,加油 还有时间 又不是明天就考试了,正面,学业,low
周测,comment,哈哈哈哈一样的分数飘过,中性,无,low
周测,comment,哥们同道中人啊，我也35，看到平均分66天塌了,中性,无,low
周测,title,跟的海绵,中性,无,low
周测,content,数逻都跟的海绵，有必要参加其他机构的周测嘛,中性,无,low
周测,content,比如mba大师，数大仙，墨石，有推荐必做的吗#海绵mpacc#管综,中性,无,low
周测,comment,我们啥必也是要参加模考的 但不是现在,中性,无,low
周测,comment,回复：时候未到,中性,无,low
周测,comment,一般二战会做周测做的多，一战就先好好学课本上的东西吧,中性,无,low
周测,comment,做的话，只做海绵和mba大师就可以了,中性,无,low
周测,comment,不用每个机构都做,中性,无,low
周测,comment,"0【长按复制，小红书APP见】 6月20日到期，""🔥27考研管综英语籽料分享交流""志同道合处 CZ3635 :/#a🍎🥩🥞🥐🎂🥥🍓🐮🥮🍊🍓🥥 来哦 你必上岸",正面,学业,high
周测,comment,不是啥必可以吗,中性,无,low
周测,comment,现在不用，之后再做,中性,无,low
周测,comment,只做免费的就好了,中性,无,low
周测,comment,感觉周测用处不大，一定要按时做模考,中性,无,low
周测,comment,哪家都没必要，这会是接收的过程，还没到测试的阶段,中性,无,low
周测,comment,我觉得完全没必要,中性,无,low
周测,title,海绵周测5论证逻辑,中性,无,low
周测,content,为什么不能支持呀 31题：现象原因模型，D感觉是无因无果的支持，E是排除他因,中性,无,low
周测,content,感觉E的力度应该比D要弱呀#管综逻辑#逻辑#管综#海绵app#海绵周测#海绵周测5,中性,无,low
周测,comment,上来3道全错给我整笑了这论证逻辑[呃R],中性,无,low
周测,comment,我这两道也错了 跟你选的一模一样,焦虑,学业,medium
周测,comment,回复：哈哈哈哈哈哈姐妹你逻辑不会跟的老吕吧,中性,无,low
周测,comment,回复：那你搞明白了嘛现在,中性,无,low
周测,comment,回复：我跟的李焕,正面,学业,high
周测,comment,回复：我也 虽然我觉得正确选项没毛病但是我选的更好,中性,无,low
周测,comment,28研究人员的在说抗氧化剂，c在讲自由基,中性,无,low
周测,comment,但是氧化剂的作用不就是清除自由基吗 c选项话题相关度为啥低呢,中性,无,low
周测,comment,回复：啊啊啊我也是这么想的 我觉得是双p拆桥,中性,无,low
周测,content,#法硕考拉松#觉晓周测 没招 这个多选题就对了一题 全都是犹犹豫豫的没选对 懊恼中 还是要多复习复习 不能光靠嘴上说说,中性,无,low
周测,title,高光艺考表演生周测前三名,中性,无,low
周测,content,#艺考#艺考生#艺考指南#艺考培训#艺考机构#艺考集训#表演艺考#服装表演艺考#导演艺考,中性,无,low
周测,comment,第三名好好看,中性,无,low
周测,comment,好像张艺凡啊,中性,无,low
周测,comment,第一名的自备稿件是啥啊,中性,无,low
周测,comment,父亲与女儿的时空对话,中性,无,low
周测,title,明天的周测别忘啦,中性,无,low
周测,content,更新一下周测进度，还没参考的同学快跟上,中性,无,low
周测,content,#管综#管综逻辑#海绵周测#海绵模考#综合推理#孙江媛#27管综,中性,无,low
周测,comment,请问678题库的题跟app的题重复的多吗,中性,无,low
周测,comment,678和题库是完全不一样的，没有重复的哦,中性,无,low
周测,comment,回复：678哪里买,中性,无,low
周测,comment,回复：这里海绵管综678题库,中性,无,low
周测,comment,周测一期逻辑都是媛媛老师啊，没有焕哥呀,中性,无,low
周测,title,海绵周测三期第4场,中性,无,low
周测,comment,冰美式老师,中性,无,low
周测,comment,你好厉害啊，看到你好几次了,中性,无,low
周测,comment,想问一下，像这一套最难的那两题综推你是做起来就有思路的吗,中性,无,low
周测,comment,综推是指最后两题吗 看到题目我第一反应是考虑数量限制，名额分配 看到王周不再同一班，就知道刘孙是33了，又因为张是4，所以条件2前件必然成立，得到确定信息，没有答案，接着往下推,中性,无,low
周测,comment,发现刚得到的信息可以联立条件1和3，得到丁班有孙，有张，因为王周有一个肯定也在丁班，所以刘不在D班，验证选项，选E走人,中性,无,low
周测,comment,还有总体进度啥的方便说吗，我的写作真是痛点,中性,无,low
周测,comment,其实这个就是遇到类似题目的固定做题动作啦，虽然有时候可能不会一步出答案，但也能得到一些确定信息,中性,无,low
周测,comment,我一般都是先做套卷，然后注意做题过程中哪里卡住了，再分析为什么卡住,中性,无,low
周测,comment,如果是公式没记住，就回去复习公式，再做几道题 如果是知识点忘记了，重新复盘章节，再做几道题 如果是方法不知道怎么做，去真题册找类似的题 过段时间再重新看错过的题目，先看有没有思路，再看思路是不是正确的思路，如果思路不对的话，就再巩固一次,中性,无,low
周测,comment,回复：进度的话，看自己哪边有欠缺补哪里，不要留短板,焦虑,学业,medium
周测,comment,每个人都不太一样啦 但是写作一定要开始练起来啦，可以每周练个几篇，加油加油,正面,学业,low
周测,comment,/滑跪飞吻/我们一定上岸,正面,学业,high
周测,comment,请问十七题可以用男哥讲的那种出现三个东西的平均值用十字交叉法去分析吗 我咋做不成呀,中性,无,low
周测,comment,男哥的十字交叉法是什么样的,中性,无,low
周测,comment,我记得有一个平均值定义的讲法，两个条件联合，女的成绩大于男的，混合后的平均值肯定是大于男的，小于女的,中性,无,low
周测,comment,现在女的人数少了，平均值肯定也变少了,中性,无,low
周测,comment,回复：好的 冰美式老师,中性,无,low
周测,comment,回复：那如果我用2思路咋想呀,中性,无,low
周测,comment,小的数占比高了，大的数占比小了，平均数当然小了,中性,无,low
周测,comment,对照解析，看看自己的假设起点是不是有问题，解题流程是不是可以优化，看看当时卡顿的点在哪,中性,无,low
周测,comment,假设起点很重要，这套题目如果假设起点找对了，很快就能出答案了喔,中性,无,low
周测,comment,其次就是要多复盘，做到看到题型→发现特征→思考思路→做题验证,中性,无,low
周测,comment,不一定要做题，但一定要有正确的思路,中性,无,low
周测,comment,回复：加油加油，共同进步,正面,学业,low
周测,comment,冰美式老师 可以问一下15的思路嘛 反面求不应该是 4个在甲 四个在乙 然后甲里面有两个 乙里有三个嘛 其次就是没有明白第一个2️⃣的,中性,无,low
周测,comment,是为什么呢,中性,无,low
周测,comment,2个外语系先排好，2,中性,无,low
周测,comment,（分组分堆法） 反面情况数，艺术类都在一个单位，有两个情况（1单位和2单位）,中性,无,low
周测,comment,回复：这个是不是伟男说的小反面啊老师,中性,无,low
周测,comment,回复：总的情况数只能用2,中性,无,low
周测,comment,算吗 我刚开始是想用大反面 总的情况数 减去 两个在一个 三个在一个 发现怎么也算不出来,中性,无,low
周测,comment,姐妹，可以请教一下，数学第12题这个置换公式的使用条件吗，我好像没看过这个公式想补充一下知识点,中性,无,low
周测,comment,证明过程如下,中性,无,low
周测,comment,适用条件就是题干里描述的这种情况啦，浓度不同，取出等量溶液相互置换，最后浓度相同,中性,无,low
周测,comment,请问23题怎么取，算法简单点,中性,无,low
周测,comment,从系数大的开始,中性,无,low
周测,comment,老师，45，46这种类型的题您的做题思路是什么?我推着推着把自己绕坑里了,中性,无,low
周测,comment,45题看到题型就算正确的个数能有几个,中性,无,low
周测,comment,加起来发现最多9个，超过8个了，考虑做假设,中性,无,low
周测,comment,由于第五题的D个数最多，优先从他做假设,中性,无,low
周测,comment,因为只多了一个，所以如果设假的话很容易归谬 假设第五题D为假，最多也是2+1+2+1+1=7，凑不到7个，矛盾，所以第五题为D,中性,无,low
周测,comment,得到确定信息，验证答案，选E走人,中性,无,low
周测,comment,46题说2题选B，此时已知第五题是D了，算一下数量，发现只能是2+1+1+1，考虑从第一题和第三题入手,中性,无,low
周测,comment,钱其他题目全部答错，做上标记，第三题答案只能是BD,中性,无,low
周测,comment,王此时最多只能答对一道，从王和第三题入手,中性,无,low
周测,comment,假设第三题是D，那么第一题是A，由于王已经答对2题，所以，第二题答案不可能为B，发现此时最多只有一个B，矛盾，所以第三题为B,中性,无,low
周测,comment,王答对2题了，所以第四题也不能是D，因此第四题为C 这时候发现赵也答对两题了，所以第二题不能为C，只能为A，验证选项，选B走人,中性,无,low
周测,comment,严格按照焕哥教的做题动作 从后往前寻找论证结构 话题，力度，思路 匹配话题相关的选项，验证思路 重点研究清楚真题错误选项的错误原因，强迫自己接受命题老头的思路（我的论证也不太好，只能说到这啦）,中性,无,low
周测,comment,回复：加油加油哈哈哈,正面,学业,low
周测,comment,可以问一下第一题怎么写的嘛，有点没看懂,中性,无,low
周测,comment,我之前写的方法有些复杂了，这样可能更好理解些，你看看,中性,无,low
周测,comment,一起进步呀,中性,无,low
周测,comment,说明你做题已经到了新的阶段啦,中性,无,low
周测,comment,做综推肯定掌握自己的方法了,中性,无,low
周测,comment,我做论证正确率真的也很不稳定，按照焕的解题动作再复盘复盘,中性,无,low
周测,comment,老师，请问29数字推理这种有推荐的题可以刷吗,中性,无,low
周测,comment,可以看一看李焕真题册,中性,无,low
周测,comment,太棒啦 像你学习,中性,无,low
周测,comment,冰美式老师数学你是怎么学的这一次我数学错了很多 我在想是基础不巩固的原因 还是因为真题还没刷,焦虑,学业,medium
周测,comment,向老师学习,中性,无,low
周测,comment,冰老师好厉害,中性,无,low
周测,comment,客观来说很有真题的特点，无论是话题还是思路，需要好好复盘呀,中性,无,low
周测,comment,加油加油，咱们慢慢来,正面,学业,low
周测,comment,原来榜一就是你啊,中性,无,low
周测,comment,大佬啊[抽泣R][抽泣R],中性,无,low
周测,title,北语招募心理被试啦,中性,无,low
周测,content,私信报名 【招募要求】男性，18-30岁，中文母语者，态度认真，积极配合,中性,无,low
周测,content,【任务内容】材料测评，按要求对材料进行1-7点评分，时长在50min左右 【任务报酬】35元 【可选时段】本周四11:00-18:00共4个时段，本周五10：00～15:45共2个时间段，本周六11:30～18:15共3个时段，本周日15:00-17:30共2个时间段,中性,无,low
周测,content,地点：北京语言大学校内（周末可刷身份证入校，周中可联系主试预约入校）,中性,无,low
周测,title,南京十三中高一周测5数学解析,中性,无,low
周测,comment,回复：我本人,中性,无,low
周测,comment,回复：胆子大点,中性,无,low
周测,comment,回复：我们周测都要涂答题卡，年级会一个一个核对谁没考(或没交卷），没考(交卷）的要统一去补考，不去补考的抓到对应办公室里老师盯着考,中性,无,low
周测,comment,我们也是收的不严,中性,无,low
周测,comment,填答题卡，准考证号最后一位故意涂错（一般觉得自己考不好就这么干）,中性,无,low
周测,comment,有一次我们班几个人忘涂学号了，结果我们班主任让我们几个没涂的交过来，当着面把前两个人答题卡撕了，真想不到这是高三老师能做的事,中性,无,low
周测,comment,回复：真笑死了,中性,无,low
周测,comment,回复：啊啊啊啊啊啊啊啊啊,中性,无,low
周测,comment,回复：害 脸皮厚就可以,中性,无,low
周测,comment,不交卷等着被打死,中性,无,low
周测,comment,还没消化这一次下一次周测又来了,中性,无,low
周测,comment,回复：所以就当成是平时作业就行了，不要纠结分数，搞懂错题就行，整个高中只有最后高考的分数才作数,焦虑,学业,medium
周测,comment,但是我还是不能接受考砸这个结果,中性,无,low
周测,comment,别这么在意，我高三的时候成绩上下浮动十几二十名都有，最后发现更本影响不了高考,焦虑,学业,medium
周测,comment,我也是，主要是老师讲又不认真讲，相当于做了之后又没懂下一次考试又来一点效果都没有，老师只追求形式,中性,无,low
周测,comment,而且认真讲肯定会进度慢，到时候班级又有人要说讲的太慢耽误他时间,中性,无,low
周测,comment,可以下课问老师，或者找个补课班老师,中性,无,low
周测,comment,还有磨平情绪..,中性,无,low
周测,comment,现在都不知道一些考试（甚至包括半期）的成绩,中性,无,low
周测,comment,我们班还有一回六个单科战神用自己的条形码各写一张卷子，创造了学校奇迹,中性,无,low
周测,comment,数学我也没法抄啊,中性,无,low
周测,comment,回复：偷摸看同桌的,中性,无,low
周测,comment,回复：我们考一天半讲一天半一直轮,中性,无,low
周测,comment,我也没看多少啊因为他也没比我厉害到哪去,自卑,自我,high
周测,comment,回复：那就是你自己进步了,中性,无,low
周测,comment,下次不看同桌的试试看能考多少比比也可以,中性,无,low
周测,comment,我们6场，晚自习的时候,中性,无,low
周测,comment,我们每晚都要考呢[棒R]除了周六晚上,中性,无,low
周测,comment,不要说了,中性,无,low
周测,comment,不仅要周测，我们是实验班，每天晚上还要小测,中性,无,low
周测,comment,你们是小测都还好，我们直接考一整张试卷一考就是一晚上,中性,无,low
周测,comment,我每次都这样跟自己讲，每次考不好还是一样很难受,中性,无,low
周测,comment,我们从高一开始就每个晚自习都要周测了每天测一门,中性,无,low
周测,comment,那时候我们也是,中性,无,low
周测,comment,我们周测是每个星期的那一天从早考到晚考完六科,中性,无,low
周测,comment,每次周测都要写反思,中性,无,low
周测,comment,这真是牛逼了,中性,无,low
周测,comment,我们老师之前要搞过几次，后面在我们班收不上来，就干脆不收后面就没写了,中性,无,low
周测,comment,回复：我们是就盯着考最后那几个人写每次写还得写点不一样的,中性,无,low
周测,comment,回复：直接deepseek，写这玩意浪费时间,中性,无,low
周测,comment,回复：有人用了被看出来了又是一顿批真没招了,中性,无,low
周测,comment,周测不就是一起做一张试卷，然后交上去吗，做完剩下的时间可以同桌悄悄对一下答案，有的试卷还是自己改选择题，连分数都是自己算的，有的试卷不想写了，直接把答案抄上去,中性,无,low
周测,comment,我们学校周测都是要扫答题卡的 老师在手机上改 不过确实不严 都是对着写的,中性,无,low
周测,comment,高一高二没有周测吗,中性,无,low
周测,comment,有的但是两周一次还好,中性,无,low
周测,comment,回复：其实我现在高一也是天天周测了……,中性,无,low
周测,comment,还有每天的英语听力练习,中性,无,low
周测,comment,调休+周测这周就一晚自习的假,中性,无,low
周测,comment,哇江西ip，你是哪里人啊主播,中性,无,low
周测,comment,回复：我还不是倒数，懂,焦虑,学业,medium
周测,comment,回复：我现在还不是在赶作业，干到12点都正常,中性,无,low
周测,comment,一周一次周考，每月还有月考不懂，又打击信心，又说是为我们好,焦虑,学业,medium
周测,comment,我们数学是小单小测，平均两天一测，两周一次套卷，我真的要吐了,中性,无,low
周测,title,必刷卷周周练收到啦,中性,无,low
周测,content,收到这本书迫不及待就开始做了 上面每个板块分开很有价值 题出的也很好,中性,无,low
周测,content,对于每周周末练习巩固来说非常好用,中性,无,low
周测,content,解析也十分详细 一题多解 做题思路也非常详细 非常适合高三想提升的宝宝们 以后准备在入手其他几套#理想树图书#必刷题 真题周周练新品体验官,中性,无,low
周测,comment,做完必刷题就敢去高考,焦虑,学业,medium
周测,comment,非常适合基础不牢固的同学,中性,无,low
周测,comment,必刷题答案很详细,中性,无,low
周测,comment,适合基础一般的用吗，最近也考虑这个,中性,无,low
周测,comment,我也入了同款,中性,无,low
周测,title,2025-2026上高一数学周练4试卷和解析,中性,无,low
周测,content,#高一数学#高一上数学周练,中性,无,low
周测,comment,老师有高二十月月考试卷吗,焦虑,学业,medium
周测,title,厦门双十中学高一下数学周考04解析,中性,无,low
周测,content,先说结论主考立体几何，难度很大考察思维不是套路，在高一模拟卷中属于夯，推荐学有余力的同学练一下,焦虑,学业,medium
周测,comment,测评一下双十热身考,中性,无,low
周测,title,成都七中高三物理周考，1月23日,中性,无,low
周测,content,#高中物理#高考物理#压轴题#物理#试卷,焦虑,学业,medium
周测,title,重庆一中高三下数学周考4解析,中性,无,low
周测,content,先说结论都是中档题没有特别难的，后面大题计算量比较大，就是常规周考卷,中性,无,low
周测,title,论证逻辑是什么玄学吗怎么这么难,中性,无,low
周测,content,三道错题看了答案还是没懂，第五题有氧减肥、十四题文化节拆招牌还有十五题银行防诈,焦虑,学业,medium
周测,content,十五题我稍微能理解一些，是指出方法的必要性，其他完全没看懂#管综逻辑#海绵周测#海绵周测,中性,无,low
周测,comment,5.A心脏功能没有提及，无关选项C.题干无比较，无关选项D.支持论证E.没提及高强度有氧运动,中性,无,low
周测,comment,你做的好快啊,中性,无,low
周测,comment,我提前十分钟就开始答了,中性,无,low
周测,comment,咱俩错的一模一样哈哈哈哈哈哈哈哈,焦虑,学业,medium
周测,comment,笑死啊说明这几道题确实很难了,中性,无,low
周测,comment,宝宝，你排多少名呀,中性,无,low
周测,comment,434名,中性,无,low
周测,comment,同5和14,中性,无,low
周测,comment,火锅那个看了半天,中性,无,low
周测,comment,我也85 错水垢拆招牌和银行防诈了，感觉以我的智商做论证完全没有做对的风险,中性,无,low
周测,comment,陪一个，我错了徐霞客跟火锅,中性,无,low
周测,comment,同招牌和银行,中性,无,low
周测,comment,同分数 排到700多去了,中性,无,low
周测,title,觉晓周测1,中性,无,low
周测,content,江西高二金太阳三新联考语文物理训练试卷及答案,中性,无,low
周测,content,#真题#试卷#江西三新联考#江西高二金太阳,中性,无,low
周测,comment,免费有图,中性,无,low
周测,comment,下午考前要的加,中性,无,low
周测,comment,想要的内容群里都安排上了,中性,无,low
周测,content,有没有同款的高中学校，每周考试，每周改卷，任课老师连成绩单都没有，考试和改卷的意义何在,中性,无,low
周测,content,就是为了人人免费干活吗,中性,无,low
周测,content,周六上课（这周周一，下周周二，轮着来）的有同款吗,中性,无,low
周测,content,找工作的人啊，谁要做高中老师谁后果自负,中性,无,low
周测,content,#考试周考#高中生活#高中周考#改卷日常#改卷,中性,无,low
周测,comment,我上高中的时候一周最多考四次试,中性,无,low
周测,comment,高中就是这么卷,中性,无,low
周测,comment,辛苦啦老师接个赞㊗️活动不啦,中性,无,low
周测,comment,可以帮忙阅卷,中性,无,low
周测,title,江西高一高二金太阳考试,中性,无,low
周测,content,金太阳提前有，要的私,中性,无,low
摸底考,title,摸底考也是不出意外的考砸了,中性,无,low
摸底考,comment,零模620 一模615 二模626 三模654 高考624，看完plq觉得自己要碎了最好不要轻易相信高考一定比模考好的言论，期望越大失望越大,焦虑,学业,medium
摸底考,comment,你这个应该也属于正常发挥吧宝宝,中性,无,low
摸底考,comment,plq 是啥,中性,无,low
摸底考,comment,回复：评论区）,中性,无,low
摸底考,comment,但是你超级厉害诶,中性,无,low
摸底考,comment,回复：其实按理来说三模题是相对来说简单一些的，让学生树立信心，但是我也是三检比平时高了三十多分，高考给我打回原形,焦虑,学业,medium
摸底考,comment,回复：对，有可能,中性,无,low
摸底考,comment,广东624就能去北师珠的理实吗,中性,无,low
摸底考,comment,回复：是的，广东招到1w1 624排位9k,中性,无,low
摸底考,comment,真的是这样，我只记得我一模639，二模忘记了，三模640，高考636,焦虑,学业,medium
摸底考,comment,高三第一次摸底考好像540+ ，高考679,焦虑,学业,medium
摸底考,comment,我天，你咋学的,中性,无,low
摸底考,comment,回复：哇，好厉害，是不是985,中性,无,low
摸底考,comment,回复：是已经过去一年了还是感觉高三一年很神奇,中性,无,low
摸底考,comment,坐标广东广州，摸底考379，高考596,焦虑,学业,medium
摸底考,comment,求学习方法,中性,无,low
摸底考,comment,我录的是深大,中性,无,low
摸底考,comment,回复：同学好呀,中性,无,low
摸底考,comment,真的好棒啊，怎么做到的嘞,中性,无,low
摸底考,comment,摸底考273 高考537,焦虑,学业,medium
摸底考,comment,我嘞个大帝啊好牛,中性,无,low
摸底考,comment,我去你这个是真的厉害,中性,无,low
摸底考,comment,建议准高三生少看这些平时考三四百高考考五六百的案例,焦虑,学业,medium
摸底考,comment,这会给你造成一种假象，就是你平时考的一般，高考就能考好，导致你不自觉的开始松懈,焦虑,学业,medium
摸底考,comment,回复：就是要稳扎稳打,中性,无,low
摸底考,comment,没有那么多逆袭,焦虑,学业,high
摸底考,comment,回复：我同学很大一部分都比模拟考的好 应该是我们平常题难,中性,无,low
摸底考,comment,回复 follow the dream : 刷题和背提纲吧,中性,无,low
摸底考,comment,可以问下您语文学习有什么心得吗,中性,无,low
摸底考,comment,一模450高考610,焦虑,学业,medium
摸底考,comment,一模450还是发挥好的情况下，因为开学只考了390,焦虑,学业,medium
摸底考,comment,.是有什么好的学习方法吗,中性,无,low
摸底考,comment,回复：虽然说出来很像营销的，不过我确实把我的经历当卖点运营账号，你可以看看我的主页有～,中性,无,low
摸底考,comment,一模是什么时候考的,焦虑,学业,medium
摸底考,comment,高三刚开始的时候,中性,无,low
摸底考,comment,高考嘻嘻,焦虑,学业,medium
摸底考,comment,回复：心态才是最重要滴,中性,无,low
摸底考,comment,回复：宝宝英语和语文要怎么学,焦虑,学业,medium
摸底考,comment,然后阅读的话其实我也没什么技巧就是能看懂就行了然后圈画关键词,中性,无,low
摸底考,comment,回复：这样考后简单分析一下,中性,无,low
摸底考,comment,一模406高考584,焦虑,学业,medium
摸底考,comment,这么厉害，是有什么高效的学习方法吗,中性,无,low
摸底考,comment,回复：不会的题要赶紧问，我经常按照高考题题型刷题，但是不是单纯刷题，就是直接掌握一个题的几种题型，我物理这样就是从20分到高考92的,焦虑,学业,medium
摸底考,comment,回复：生物化学就是背,中性,无,low
摸底考,comment,开学考和一模不一样吧,焦虑,学业,medium
摸底考,comment,模考五百六七十，高考六百五,焦虑,学业,medium
摸底考,comment,怎么做的,中性,无,low
摸底考,comment,回复：没啥稀奇的我们学校题难心态放好就行,中性,无,low
摸底考,comment,一模530，二模516，高考583,焦虑,学业,medium
摸底考,comment,（以及说明一下为什么要看排名换算 看原本分的话我最高630+最低550+ 这么一看我高考仿佛超常发挥了 但按排名换算最高650+最低600+就是在这个范围内的 所以不要被分骗啦,焦虑,学业,medium
摸底考,comment,模考610 一万左右 高考560 7000,焦虑,学业,medium
摸底考,comment,高考成绩恰好是一模二模和九省联考的总成绩的平均分,焦虑,学业,medium
摸底考,comment,一模二模都是580左右高考615,焦虑,学业,medium
摸底考,comment,高考628,焦虑,学业,medium
摸底考,comment,摸底考是啥子考试,中性,无,low
摸底考,comment,就是高三开学考吗,中性,无,low
摸底考,comment,就是一模二模三模，一般三模之后就高考了,焦虑,学业,medium
摸底考,comment,468到534,中性,无,low
摸底考,comment,最低考过 440，总共一百个人滑到 50 多名，高考 588 全班第一，年组前十,焦虑,学业,medium
摸底考,title,速来报名,中性,无,low
摸底考,title,竹马客观题民刑模考来袭,中性,无,low
摸底考,content,🔥竹马民刑模考免费参与，等你来摸底~ ✅报名时间：4月22日10:00-4月24日23:59 ✅考试时间：4月25日10:00-4月26日20:00 考试时间120分钟 ✅文字解析公布：4月26日 22:00 ✅视频解析公布：4月27日10:00 ✅考试榜单公布：4月27日10:00 ✅数据报告公布：4月28日10:00 ✅奖品发放：榜单公布后15个工作日内 📍模考题目结构 考查民法、刑法两科，题目构成为真题+模拟题 单选60题（每题1分），多选+不定项20题（每题2分），共计100分 注意：每位学员作答题目顺序将会被打乱 📍本次考试实行预约报名制，更有多重福利等你获取，宝子们赶快来报名吧~ #众合#竹马APP#竹马模考#法考众合#法考#模考,中性,无,low
摸底考,comment,怎么报名,中性,无,low
摸底考,comment,打开竹马就能看到了，这里肯定不能给你发链接啊,中性,无,low
摸底考,comment,为什么报名了，没有收到消息，找不到入口,中性,无,low
摸底考,comment,我也是 找到了吗宝,中性,无,low
摸底考,comment,回复：找到了，要把备考模式改成法硕加法考，然后在法考那个界面就能找到入口,中性,无,low
摸底考,comment,回复 桃花换小鱼干（2027上岸,正面,学业,high
摸底考,comment,视频在哪看啊,中性,无,low
摸底考,comment,竹马→我的→我的课程,中性,无,low
摸底考,comment,有电子版吗,中性,无,low
摸底考,comment,蹲蹲我都没注意到消息没报名也过时间了有题目可以做吗,中性,无,low
摸底考,comment,学到最后两科，刑民已经忘光了[完啦R],中性,无,low
摸底考,comment,正好通过考试做题捡起来,中性,无,low
摸底考,comment,一样特别纠结,中性,无,low
摸底考,comment,法考的吗还是法硕,中性,无,low
摸底考,comment,法考哦宝子~,中性,无,low
摸底考,comment,可以啊，报名做做题，后面还能看题目解析,中性,无,low
摸底考,comment,没来的及报名能考吗,中性,无,low
摸底考,comment,回复：能，现在快去做题，晚上就截止了,中性,无,low
摸底考,comment,报名了，但是考试入口在哪儿没找到,中性,无,low
摸底考,title,27考公 第一次考公摸底,中性,无,low
摸底考,content,之前没有接触过行测 先做了一套国考卷子摸底 按顺序做的 数量做到一半感觉时间不对劲，然后跳了做后面的，写到最后资料分析真的看不进去了最后几题都猜c了,中性,无,low
摸底考,content,最终多考了25分钟，用时间145min,中性,无,low
摸底考,content,买的书终于寄到了，明天开始学资料分析,中性,无,low
摸底考,comment,想问一下摸底的这个软件是什么软件啊,中性,无,low
摸底考,comment,应该是粉笔,中性,无,low
摸底考,comment,回复：我用的也是这个,中性,无,low
摸底考,comment,湖南这么多题目吗,中性,无,low
摸底考,comment,简直考公天赋型选手,中性,无,low
摸底考,comment,主包你啥专业 我要避锋芒,中性,无,low
摸底考,comment,uu书你在哪里买的呀,中性,无,low
摸底考,comment,天选之子,中性,无,low
摸底考,title,告别无效化妆｜摸底考见证我的化妆成长,中性,无,low
摸底考,content,记录进修以来第一次妆面摸底考试,中性,无,low
摸底考,content,化妆全凭感觉、没有逻辑，妆面脏乱又普通，完全不会扬长避短,中性,无,low
摸底考,content,经过一段时间的系统训练，真的开窍了,中性,无,low
摸底考,content,不再千篇一律套模板,中性,无,low
摸底考,content,慢慢摆脱新手短板，一点点靠近专业✨ 努力真的不会辜负自己,焦虑/正面,学业,medium
摸底考,content,#时间美学张琴#化妆进修#零基础学化妆#化妆师日常#妆面考试#学化妆成长记录#美妆学习#变美逆袭#时间美学学习日常,焦虑,学业,high
摸底考,comment,追梦的波姐真的超有魅力,中性,无,low
摸底考,comment,超棒的波姐，进步超大,中性,无,low
摸底考,title,中南法考民刑阶段性模考进行时,中性,无,low
摸底考,content,各大合作高校的法考学员同步参与民刑专项摸底测试 考完由李劲松、路遥两位老师针对性讲解测试题 平时光看书做题其实很难发现盲区，模考可以测出平时学习中疏忽的知识点，李劲松老师和路遥老师的测试题讲解，帮大家吃透民刑重难点，一点点补齐薄弱的板块,焦虑,学业,medium
摸底考,content,#中南瑞达#26法考#法考暑期集训#法考坦白局#法考面授#法考主观二战#武汉法考面授,中性,无,low
一模,title,广州中考一模排名没有参考性,焦虑,学业,medium
一模,comment,我去年海淀一模550左右高考580左右去的首医但其实我语文化学考崩了,焦虑,学业,medium
一模,comment,首医啥专业,中性,无,low
一模,comment,问问580可以上首医的什么专业啊生物工程嘛,中性,无,low
一模,comment,回复：临床（郊区定向,中性,无,low
一模,comment,回复：我是我们区临床的最低分,中性,无,low
一模,comment,回复：临床（郊区定向,中性,无,low
一模,comment,回复：那还真不错，提前批只能填一个大学吗,中性,无,low
一模,comment,大学里可以填几个专业，,中性,无,low
一模,comment,回复：三个吧大概，我是报错了，我本来想报地质大学的,中性,无,low
一模,comment,回复：这说明你成本控制得很好啊，我考上研究生的时候过线5分，我们学院老师就这么夸我的:）,中性,无,low
一模,comment,回复：这个挺好，毕业不用找工作有编制，低分学医，我还想让我家孩子报这个,中性,无,low
一模,comment,回复：哇卡线好幸运,中性,无,low
一模,comment,回复：定向是不是只能去郊区的社区医院呀,中性,无,low
一模,comment,首医一般660,中性,无,low
一模,comment,23高考一摸560高考620上的北工大,焦虑,学业,medium
一模,comment,哪个区的,中性,无,low
一模,comment,回复：我家孩子一模565也是海淀，但愿和你一样，,焦虑,学业,medium
一模,comment,我西城文科一模490二模550最后六百多上北工大能给你点信心吗 时间还有别灰心,焦虑,学业,medium
一模,comment,最新动态，西城二模出分，572.5，物化地,焦虑,学业,medium
一模,comment,是一模有重大失误吗,焦虑,学业,medium
一模,comment,回复：真的呀一模一般都比高考难很多，接下来查漏补缺好好学就好,焦虑,学业,medium
一模,comment,回复：是有点失误我一模语文比平时低了二十分……,焦虑,学业,medium
一模,comment,文科生北工大学的啥专业,中性,无,low
一模,comment,去年娃海淀一模542.5，高考602北工大,焦虑,学业,medium
一模,comment,我们昌平一模560，高考602.志愿没报好被提前批国防科大录了，,焦虑,学业,medium
一模,comment,回复：国防科大不好吗,中性,无,low
一模,comment,回复：选的中外合作专业，普通专业确实很难选,中性,无,low
一模,comment,回复：请问录到国防科大哪个专业了呢,中性,无,low
一模,comment,回复：我们也在看中外合办，英语一般的听得懂吗,中性,无,low
一模,comment,高考609,焦虑,学业,medium
一模,comment,回复：高考609上的北工大那个组啊，我们这届可能被调剂到不好的专业,焦虑,学业,medium
一模,comment,回复：确实是调剂了不好的专业,中性,无,low
一模,comment,回复：转专业的可能性大吗,中性,无,low
一模,comment,北工大的04组有点坑,中性,无,low
一模,comment,放心稳的 海淀的模拟题比其他区难不少更别说跟高考题比了 本人23年高考海淀一模500分出头 高考600分进的北工大 一个是不要因为一模没考好从而信心受挫 作为海淀的学生还是要对自己有信心的 另一个就是要在剩下的时间里查缺补漏 一模的和刷前几年卷子时候的错题都总结总结 祝你能在两个月后的高考取得好成绩,焦虑,学业,medium
一模,comment,好厉害我一模也500多521.5 接一个高考上600,焦虑,学业,medium
一模,comment,回复 Bling 18L : 还有一个月 冲冲冲,正面,学业,low
一模,comment,回复 Bling 18L : 最后上600了吗,中性,无,low
一模,comment,回复：没有哈哈哈,中性,无,low
一模,comment,回复 Bling 18L : 所以学姐最后高考多少啊,焦虑,学业,medium
一模,comment,去了哪个大学啊,中性,无,low
一模,comment,回复：我去的北方工业大学 我考砸了522 有一部分是因为高三生病做手术的原因 你肯定会考的比我好啦～,自卑,自我,high
一模,comment,585有机会去吗,中性,无,low
一模,comment,包的 我一模550+ 高考608,焦虑,学业,medium
一模,comment,回复：我这次一模560高考有机会考到600吗,焦虑,学业,medium
一模,comment,回复：你是海淀一模嘛,焦虑,学业,medium
一模,comment,回复：所以最后上600了吗,中性,无,low
一模,comment,一模490➕高考670，宝别灰心一模本身难度就不小，调整一下心态，继续努力就好啦,焦虑/正面,学业,medium
一模,comment,怎么做到的,中性,无,low
一模,comment,平常成绩多少,中性,无,low
一模,comment,除非这次重大失误或者最后几十天拼了命的卷否则很难我海淀一模570都觉得够呛能上，最多去土木这种天坑,焦虑,学业,medium
一模,comment,更新：二模575 高考617 最后去了北工大计算机类专业，相比周围的人我甚至不算发挥特别超常的，比模考高50+的大有人在，到最后心态最重要,焦虑,学业,medium
一模,comment,各位加油,正面,学业,low
一模,comment,回复：怎样稳定心态呀,中性,无,low
一模,comment,回复：意识到高考并非决定性的非黑即白的考试，考多少分都有学上还有就是保证运动量吧,焦虑,学业,medium
一模,comment,回复：好哒 还是你本身实力在那儿的哈哈哈向你学习,中性,无,low
一模,comment,哥们儿一模没到600，高考650+去了bupt,焦虑,学业,medium
一模,comment,怎么做到的哥,中性,无,low
一模,comment,正常高考比海淀一模高30-50分,焦虑,学业,medium
一模,comment,这成绩北工大去不了啥好专业,中性,无,low
一模,comment,我家也是最后高考高了30多分，但同学基本就是高个10分左右,焦虑,学业,medium
一模,comment,同学的孩子比平时低了30多分,中性,无,low
一模,comment,还有个朋友家孩子一直630～640之间，高考超常发挥考了667,焦虑,学业,medium
一模,comment,回复：我闺女高考比海淀一模二模高出40分,焦虑,学业,medium
一模,comment,回复：海淀全市赋分优势明显 我们东城 理科被碾压,中性,无,low
一模,comment,562还有机会上六百吗,中性,无,low
一模,comment,包上的啊,中性,无,low
一模,comment,所以最后去哪里了,中性,无,low
一模,comment,回复：双培进了北京航空航天大学,中性,无,low
一模,comment,回复：学籍是哪个学校,中性,无,low
一模,comment,回复：详细说说呢,中性,无,low
一模,comment,不要理所当然的认为高考一定比一模高,焦虑,学业,medium
一模,comment,这个真说不好，我家一模四百八十多，，二模五百七十多，高考六百零四,焦虑,学业,medium
一模,comment,回复：提高这么多,中性,无,low
一模,comment,最后两个月怎么学的,焦虑,学业,medium
一模,comment,回复：也没见他怎么学习，题简单吧,焦虑,学业,medium
一模,comment,回复：哪个区呢,中性,无,low
一模,comment,去年高考前，学校给家长开会，本校统计数据展示，高考成绩平均比一模多六十多分，最夸张的有多出两百多分的,焦虑,学业,medium
一模,comment,一模考崩了吧，甚至有科目缺考,焦虑,学业,medium
一模,comment,什么学校 六小强嘛,中性,无,low
一模,comment,补充，西城，15,中性,无,low
一模,comment,我一摸438二模542高考594文科 但是我是一模后开始疯狂学习的,焦虑,学业,medium
一模,comment,你自己信吗,中性,无,low
一模,comment,回复：没什么不可能 文科赋分高,中性,无,low
一模,comment,平时成绩就是五百多吗,中性,无,low
一模,comment,高一啥成绩啊,中性,无,low
一模,comment,回复：是选文么,中性,无,low
一模,comment,没问题的，我海淀一模二模都是五百三四十，高考593北工大,焦虑,学业,medium
一模,comment,啊啊啊接,中性,无,low
一模,comment,这个对海淀来说吧,中性,无,low
一模,comment,问问往届的学子们，大报纸什么时候发,中性,无,low
一模,comment,2025届人数多，选科变化，好想看看只选物理可以学什么专业,中性,无,low
一模,comment,高考完发,焦虑,学业,medium
一模,comment,也不知道等什么,中性,无,low
一模,comment,可以去北方工业大学,中性,无,low
一模,comment,开玩笑，但一般高考会比这高的,焦虑,学业,medium
一模,comment,但是除非奇迹，北工大可能性不大，可以考虑首经贸北建这类了，如果想留京的话,中性,无,low
一模,comment,现在这时候不要想那么多只管努力吧，我当时一模548连区划的一本线都没上，昏天黑地学了俩月高考650上了985,焦虑/正面,学业,medium
一模,comment,一模的时候都想的冲北工大保北建工高考后志愿变成同济东南天大，所以加油,焦虑/正面,学业,medium
一模,comment,回复：就克服自己的短板咯，我那时候理综选择题很烂每次都错八个十个直接扣掉大几十分，我就额外拼命刷理综选择基本上每天两三套，高考理综选择满分，然后另外各科也都提了十几分,焦虑,学业,medium
一模,comment,我一模560左右最后高考580+去的首师,焦虑,学业,medium
一模,comment,看排名不要看分,焦虑,学业,medium
一模,comment,感觉可以，正常发挥就好，高考分会高很多的,焦虑,学业,medium
一模,comment,还有接近俩月 一切皆有可能,中性,无,low
一模,comment,北工大底600多分吧,中性,无,low
一模,comment,我去年学生一模560多高考590去的北工大,焦虑,学业,medium
一模,comment,这个专业感觉咋样,中性,无,low
一模,title,2026北京东城高三一模数学试卷及解析,焦虑,学业,medium
一模,content,东城题题型考法灵活度，对思维能力的要求，均有明显提升，东城题一向紧跟北京卷命题趋势，这次也在向25年真题看齐,中性,无,low
一模,content,第6题需要仔细审题，发现难以暴力计算求解后，应当观察细节寻找突破口,中性,无,low
一模,content,第7题对平面几何直观想象能力有一定要求，需要理解Ω区域的形成过程，可以从弦上点的运动轨迹入手分析，从而找到解题思路,中性,无,low
一模,content,第8题从立体空间中线段相等和垂直的几何意义出发，深入概念本质进行考查，基础不扎实的话要抓紧复习哦,中性,无,low
一模,content,第9题很好的融合了集合、函数初等变换、单调性、奇偶性等重难点基础知识，找特例选出正确选项不难，完全理解掌握相关基础知识不易，值得认真复习总结下,中性,无,low
一模,content,第14题需要扎实的指对幂函数基础，并且对问题进行适当的转化，参考数据不同寻常的格式是难点也是提示，题目难度较高,中性,无,low
一模,content,第15题命题质量相当高，从周期性、函数平移缩放等概念本质出发，结合方程的解与图象交点等问题转化方法，考查对知识的理解程度和熟练运用能力，并且考点集中在思考推理过程中而非公式套用，因此思考过程远比背结论公式更重要哦,中性,无,low
一模,content,第19题是较为常规的题型，表达题目条件，适当转化问题，题目整体计算量较大，用自己擅长的方法争取分数即可,中性,无,low
一模,content,第20题是北京卷25年真题的进一步延展，可以认真自查下对相关知识的理解程度如何,中性,无,low
一模,content,#北京高考#北京高考数学#北京高中数学#北京高考数学复习#数学高考题型与技巧#高考提分#北京高中生#北京高中生家长#数学思维,焦虑/正面,学业,high
一模,comment,第21题，i项为什么不是除了r项的全部，而是自己任选，理解不了呢,中性,无,low
一模,comment,存在和m≥1则意味着i项可以任选哈，如果i项是全部的话，存在和m≥1这两个条件都是不成立的[棒R],中性,无,low
一模,comment,老师可以问您一下立体第一问好像有个城区考过类似的您记得是哪个城区的吗，我找了好久都没找到,中性,无,low
一模,comment,我找找哈,中性,无,low
一模,comment,两面交线的,中性,无,low
一模,comment,回复：我昨天找到了是海淀一模还是海淀期末的立体第二问,焦虑,学业,medium
一模,comment,都过了20年了，北京的高考数学还是这么简单么,焦虑/正面,学业,high
一模,comment,您孩子的数学应该不用家长发愁了[棒R],中性,无,low
一模,comment,回复：再大点就不佛系了,中性,无,low
一模,comment,回复：那是不可能的,中性,无,low
一模,comment,我是一道题都不会了,中性,无,low
一模,comment,想请问，19题确实设反斜更好算，但反斜还要单独讨论k=0，而且题干给k了，我不知道该怎么设直线,中性,无,low
一模,comment,不必纠结，初见题目用斜截式正常计算就可以，这里只是展示下另外一种思路供参考哈[棒R],中性,无,low
一模,comment,回复：可以的哦,中性,无,low
一模,comment,9题我想知道这个A集合可以和B集合有重叠部分吗,中性,无,low
一模,comment,可以的，比如e.g. 3，A和B集合都可以是R,中性,无,low
一模,comment,只会做第一道,中性,无,low
一模,comment,没一题会的全忘了,中性,无,low
一模,title,东城初三一模,焦虑,学业,medium
一模,content,问题真的出在升学制度吗,中性,无,low
一模,content,个别学校为了招生刻意制造的吗,中性,无,low
一模,content,非要都靠网传,中性,无,low
一模,content,一模对应学校定位为啥非要各种机构的培训,焦虑,学业,medium
一模,content,不是为了获利为啥帮你去做,中性,无,low
一模,content,上学期和这学期网传考生人数区别不大，给的对标学校完全不一样,中性,无,low
一模,content,中考以后真正的排名还要下降，据说降的还很多，今年zf说阳光中考，很支持,焦虑,学业,medium
一模,content,实践起来,中性,无,low
一模,comment,回复：孩子上课回来就闷闷不乐，她自己在路上坐车看到多少分可以去哪儿，连中考计划都没出，定位没那么准，但是就是影响她的心情,焦虑,学业,medium
一模,comment,😄😄😄😄我家孩子区排4496名，我们心态很好，怎么都会有学上的,焦虑,学业,medium
一模,comment,回复 核桃大叔 九城文创 :,中性,无,low
一模,comment,今年贯通，职高，也很卷,中性,无,low
一模,comment,听说了，一个朋友去北卫，成绩都是很不错的，上普高没任何问题的才被录取了,正面,学业,high
一模,comment,没有排名，反而更让人心里没底,焦虑,学业,medium
一模,comment,不知道到底适合什么,中性,无,low
一模,comment,东城有这么多考生吗,中性,无,low
一模,comment,应该不止，还有很多走贯通和直升孩子没参加考试呀,中性,无,low
一模,comment,我写虹口二模 独立思考 一起思考 独立思考即独思，是负痛逃出缄默的独唱,焦虑,学业,medium
一模,comment,大唐诗坛的春和景明中，掩映着李白杜甫桃红杏白的独领风骚，绽放着群星璀璨的万里长诗 在独思孤影与共思落寞中，你苦涩的娥眉亘立着逃离荒芜向春山的神庙,中性,无,low
一模,title,考完市一模表情belike,焦虑,学业,medium
一模,comment,看到这个表情包笑喷了,中性,无,low
一模,comment,：知道自己一题都不会写就这么看着试卷,中性,无,low
一模,comment,化学也是牛逼到底在换些什么,中性,无,low
一模,comment,抱抱你宝宝 一模坏 外星人好ꕤᴗ ᴗ)♡,焦虑,学业,medium
一模,comment,[完啦R][完啦R][完啦R],中性,无,low
一模,comment,今天考完英语直接跳了,中性,无,low
一模,comment,小号发牢骚就好,中性,无,low
一模,content,#RCC看车节#北京中考#初三道法#考试技巧#政治#道德与法治#北京初三道法#北京初三#西城初三一模#东城初三一模#朝阳初三一模#海淀初三一模#北京中考,焦虑,学业,medium
一模,comment,初二复习资料有吗,中性,无,low
一模,comment,回复：怎么获得,中性,无,low
一模,comment,在哪里拍,中性,无,low
一模,comment,回复：进主页群聊,中性,无,low
一模,comment,求分析答疑话术,无助,学业,high
一模,comment,子霖老师，荅题话术的电子版可以给我吗,中性,无,low
一模,comment,进主页群聊领取,中性,无,low
一模,comment,群已满，求新群,中性,无,low
一模,comment,有三个群,中性,无,low
一模,comment,进主页群聊,中性,无,low
一模,comment,求老师分享,中性,无,low
一模,title,2026北京初三一模12区几综一般思路及解法❤️,焦虑,学业,medium
一模,content,本文特别适合想自学且专注一般思路的人，㊗️大家学业顺利 接下来谈一谈我的看法：数了一下，7个区考二倍关系，猜出来之后做法大同小异,中性,无,low
一模,comment,丰台有问题，题干说射线fb旋转，所以bf=fg不是已知条件，等证明一下,中性,无,low
一模,comment,Okk已改，用ASA就行啦,中性,无,low
一模,comment,顺义的几综直接证相似即可,中性,无,low
二模,title,二模作文已经开始制造汉语恐怖谷了,焦虑,学业,medium
二模,content,硬造思辨是最无聊的一种出题方式,中性,无,low
二模,content,话题很古早，表述虚张声势，尽显敷衍本色,中性,无,low
二模,content,有朋友是这样分析的：每个人的独立思考过程都必然基于知识（他人的思考结果），人需要通过与他人一同思考来深化自己的思考,中性,无,low
二模,content,有一个评论的同学/朋友回复讲得很清楚了：这些讨论从语义善来说偷换概念了，把共时的二者间矛盾偷换成历时层面二者间的相互补充,中性,无,low
二模,content,另外也有一些朋友从哲学的角度提出了思路，但我或许需要重申“存不存在独立思考”VS“独立思考时，需不需要与他人一起思考”，这是两个完全不同的表述，这也是我提出p2想法的基础,中性,无,low
二模,content,以上，想到别的再补充吧,中性,无,low
二模,comment,不要老是和别人比，比弊时，我们会感到自卑，比利时，是一个欧洲国家,中性,无,low
二模,comment,利弊相比时，弊少于利，多利是一只克隆羊,中性,无,low
二模,comment,利少于弊，多弊is free,中性,无,low
二模,comment,此题目的逻辑性不亚于⬆️,中性,无,low
二模,comment,回复：（主包其实这段还有完整版,中性,无,low
二模,comment,回复：好的，拿来做今年高考题,焦虑,学业,medium
二模,comment,回复：多弊is free，，，,中性,无,low
二模,comment,回复：我刚刷到哈哈哈哈,中性,无,low
二模,comment,天才吧,中性,无,low
二模,comment,卧槽我笑死了,中性,无,low
二模,comment,回复：熟悉的味道,中性,无,low
二模,comment,回复：汉语进入大便时期,中性,无,low
二模,comment,回复：笑死我了,中性,无,low
二模,comment,回复：过时了 下一位,中性,无,low
二模,comment,回复：Dobby is free!,中性,无,low
二模,comment,出题人使用越来越精简的字数交代越来越多内涵的概念，然后范文又引用越来越晦涩的理论来装点越来越无序的逻辑,中性,无,low
二模,comment,考生不是来猜测出题人的出题意图的,中性,无,low
二模,comment,出作文题目的本质是为了提供一个表达的舞台，让考生来发挥自己的思辨能力/表达能力,中性,无,low
二模,comment,而不是给考生一个不详的地图，先看他们能不能找到这个舞台,中性,无,low
二模,comment,就是啊 出题目的是人人有话说,中性,无,low
二模,comment,这玩意能说啥,中性,无,low
二模,comment,回复：我前面看了一个我们作文的分析 人家说 很常规,中性,无,low
二模,comment,“考生不是来猜测出题人的出题意图的”这一猜就猜了数年,中性,无,low
二模,comment,回复：看完那种因为猜不准意图而产生的不安感又涌上心头了,中性,无,low
二模,comment,我已经在大学了，但看到这个题还是被吓了一跳,中性,无,low
二模,comment,我所了解的这个问题其实是关于独立思考这个问题，而这个问题涉及到教育如何可能的问题，即独立思考应当作为结果还是自然事实出现,中性,无,low
二模,comment,而这就又涉及到了完全不同的几种教育模式……关于这一点，朗西埃在《无知的教师》里面提出过普遍教育法回答了这个问题,中性,无,low
二模,comment,但如果考虑当时的时代背景，我们还得考虑更多因素，比如朗西埃偷偷删去的自然神论承诺、大学教育的非研究性（歌德去魏玛的目的之一就是改变这个情况）以及各种宗教信仰的“直观知识”所导致的教育问题,中性,无,low
二模,comment,甚至，如果我们按分析哲学传统，认为哲学的主要写作法是论证，并且在这个前提下，我们把思考也局限为论证（没记错的话，分析意义上的思考是指意识中产生的一个命题或判断可以建模,中性,无,low
二模,comment,），那么这涉及到的是“哲学是否可以学习”的问题，而这个问题就更加复杂,中性,无,low
二模,comment,不过我个人不是做分析哲学的，了解的更多的是观念论，那么，这个问题也具有相当大的维度,中性,无,low
二模,comment,在费希特的法权形而上学里面，就说明了灵魂不能独立存在，用来限制性地回应康德的定言命令的空洞性,中性,无,low
二模,comment,这种处理方法在观念论中表现为对本体论的建构，即是说思考、思维是一个运动Bewegung，作为一个运动，个人的思考总是已经被扬弃在群体之中的,中性,无,low
二模,comment,在这个意义上的群体理性，或者经过了中介而还原了自身的思维就是精神Geist,正面,学业,high
二模,comment,有意思的是，Geist本身还具有天才的意思,中性,无,low
二模,comment,因此，这又涉及到天才论的问题：如果能够独立思考，那么只有天才,中性,无,low
二模,comment,如果不能独立思考，或者独立思考不是自然事实，那么天才是在何种意义上推动群体的思考，具有先见之明的,中性,无,low
二模,comment,并且，我们对Geist的词源学考察可以知道，它有两个维度，一是指（可学习的）智慧Geistig，另一则指（不可学习的）灵性Geistlich，甚至，Geistlichkeit本身已经具有教会的意思（应该是从诺斯底主义来的）,中性,无,low
二模,comment,而前者就涉及到黑格尔在1804年与友人的通信里讨论的大学教育的问题，后者这涉及到谢林在学术研究方法论里面对理智直观的天才论的讨论,中性,无,low
二模,comment,而这个问题进一步地，其实也可以被还原为二者对存在者和存在的理解（主要在Potenz，不过多展开了），而这俩可以说是公认地影响了后来哲学的发展，所以这个问题在后来的哲学里也会被经常讨论,中性,无,low
二模,comment,于是这个问题就变得相当相当复杂,中性,无,low
二模,comment,我真的很想知道，这篇作文的一类卷到底写成什么样,中性,无,low
二模,comment,真的非常难啊……,中性,无,low
二模,comment,回复：维特根斯坦在《哲学研究》里提出的语言游戏说可以给一些思考：思考不是孤立的逻辑论证，而是在语言共同体中的活动，但这并不意味着思考被群体消解——恰恰相反，语言共同体为思考提供了规则，而个体可以在规则内进行创造性的思考，既依赖群体，又保持独立,中性,无,low
二模,comment,从实用主义哲学的角度补充一下 杜威在提出思考的本质是解决问题的探究过程：个体的独自思考是探究的起点，但只有通过与他人的交流、讨论、验证，才能修正偏见、完善结论,中性,无,low
二模,comment,思考不是个体的或群体的二元对立，而是个体-群体的循环过程：独自思考提出假设，群体讨论检验假设，然后再回归个体思考完善结论，二者是相辅相成的，缺一不可,中性,无,low
二模,comment,这里应该是先定义独立吧,中性,无,low
二模,comment,我感觉这个题目应该还是容易理解容易切题的，只是表达方式有点神秘,中性,无,low
二模,comment,有种ip正确的感觉,中性,无,low
二模,comment,先定义好独立，感觉就不会对后半句有歧义,中性,无,low
二模,comment,"独立思考是independent thinking, 而不是solitary thinking",中性,无,low
二模,comment,感觉从英文角度就不会有歧义，题目应该是说，独立思考independent时，是闭门造车（独自一人solo进行）还是兼听则明（跟外界交流思考讨论collective）,中性,无,low
二模,comment,哲本学生感觉可以从独立思考会陷入认知茧房，或者说思考本身就是基于个人成长环境进行的一种信息处理，和他人交换有利于思考更全面,中性,无,low
二模,comment,进可以写一些科学家的协作攻克难题，甚至是为ai吹水,中性,无,low
二模,comment,或者写真理越辩越明,中性,无,low
二模,comment,但是失去了独立思考的独立,中性,无,low
二模,comment,就会引发群体狂热，偶像崇拜,中性,无,low
二模,comment,其实还是挺好写的x但是对高中生来说就看老师教育得怎么样了,中性,无,low
二模,comment,回复：对啊就是这个意思 层主说的立意估计在考场中分数也不错 但是这个作文命题本身的表述就是会引起很大的误解,中性,无,low
二模,comment,回复：引导学生对“独立”这个概念进行思考和辨析其实没啥问题，因为最终的导向就是“独立思考”就好比物理的“理想状态”是不存在的,中性,无,low
二模,comment,我觉得虽然有挺多人吐槽这个作文题目，但也不用预设考场上学生会纠结“独立”的语义冲突,正面,学业,low
二模,comment,那就回归到了：人既需要独立思考也需要借鉴他人思想上,中性,无,low
二模,comment,题目的核心问题在于，它试图问你“独立”思考是否能「容纳」“和他人一起”思考，我认为这两个概念要么理解为彼此独立，要么理解为不存在对立，但你不能既定义出了“独立思考”，又消解这个概念本身,中性,无,low
二模,comment,独立不代表标新立异与排斥异己，而是在当下多元思潮的话语交锋中，不盲目崇拜，不狂热跟随,中性,无,low
二模,comment,其实题目立意是好的，但是在表达上有点为了为难学生，刻意缩减信息的嫌疑,中性,无,low
二模,comment,看到这个觉得转转转也不算什么了（,中性,无,low
二模,comment,豆包豆包把这些作文题目放到转转上回收了,中性,无,low
二模,comment,出题老师是阿诺吗,中性,无,low
二模,comment,出题人有可能是阿诺，不过出题人是阿诺有点不可能,中性,无,low
二模,comment,回复：你的头怎么尖尖的,中性,无,low
二模,comment,我刚刚刷到这个刚想来问问笛老师怎么看这个就看到你发了,中性,无,low
二模,comment,抱歉没有提供任何干货 因为这个题真的看得我冒鬼火,中性,无,low
二模,comment,这个题真是当考生是三体人,中性,无,low
二模,comment,有时候作文低分真不是我的错,中性,无,low
二模,comment,我真看不懂这题目,中性,无,low
二模,title,二模裸分5…,焦虑,学业,medium
二模,comment,吉林550如果高考这个分就能上挺好的大学了，我小哥538去的东北电力，吉林挺好的学校，如果往出考算上赋分也能去个很不错的学校，去年一本线480多还是490多我忘了,焦虑/正面,学业/生活,medium
二模,comment,但她应该想上211或者985吧我看她去年填志愿都填蛮好的学校,中性,无,low
二模,comment,回复：看学校吧，不固定,中性,无,low
二模,comment,那我四川这边没招了呗，一本线好像没这么低，我们这边,中性,无,low
二模,comment,真好江西550刚上一本线十几分,中性,无,low
二模,comment,回复：等等…裸分550分吗这么厉害,中性,无,low
二模,comment,一，一本线490吗,中性,无,low
二模,comment,那浙江600分滑档上二本是,中性,无,low
二模,comment,偏我来时不逢春,中性,无,low
二模,comment,你们过一本线七十分上不了211吗,中性,无,low
二模,comment,晗少你真的很厉害,中性,无,low
二模,comment,学习天赋和毅力都非常出色,中性,无,low
二模,comment,复读是一个非常好的选择,中性,无,low
二模,comment,第一次刷到晗少 就很震惊晗少的学习能力,中性,无,low
二模,comment,550啥概念呀,中性,无,low
二模,comment,同市的，能上211了，裸分550啊，还没赋分呢,中性,无,low
二模,comment,感觉高考赋分后能上211,焦虑,学业,medium
二模,comment,河南应该是一本,中性,无,low
二模,comment,回复：她说了这是裸分的分数啊,中性,无,low
二模,comment,回复：人家都说了是裸分了,中性,无,low
二模,comment,当时她还有留学这条路 可以不复读的,中性,无,low
二模,comment,真的很厉害了数学进步好厉害,中性,无,low
二模,comment,回复：留学不是什么好出路，说好听点是去开拓视野，而且她自己想学且知道自己是因为没认真学才没考好，不是因为自己能力就到这了，退一万步说复读没考上也能去留学,焦虑,未来,high
二模,comment,因为他志愿瞎填，复读也没见真正放下手机,中性,无,low
二模,comment,回复：手机有时候其实也不会成为你成绩好坏的衡量标准我们学校的学霸，高中三年，游戏就没停过,中性,无,low
二模,comment,最后考上了清北,正面,学业,high
二模,comment,晗少好厉害高考加油啊，这么快一年就过去了,焦虑/正面,学业,medium
二模,comment,留个年级大家都能上重高重本,中性,无,low
二模,comment,哇塞这是烤蹄子的球吗,中性,无,low
二模,comment,终于找到你了,中性,无,low
二模,comment,我去,中性,无,low
二模,comment,找到组织,中性,无,low
二模,comment,晗少居然也是韩娱妹,中性,无,low
二模,comment,我靠，找到组织了,中性,无,low
二模,comment,這樣算高嗎,中性,无,low
二模,comment,台灣不是這樣算分的不太懂,中性,无,low
二模,comment,裸分550可以了,中性,无,low
二模,comment,比较好了吧,中性,无,low
二模,comment,晗少加油,正面,学业,low
二模,comment,不高，但对于她来说有了很大进步,中性,无,low
二模,comment,内陆的满分750，可能有些地区也不一样,中性,无,low
二模,comment,550放在去年超出吉林省特控线不少（文理都是）理科的话这个分能上211了 文科能冲省重点吧 所以已经很好了,正面,学业,low
二模,comment,回复：在吉林省算高了 过特控线了,中性,无,low
二模,comment,感觉好快，感觉刚才听到唅少说要复读,中性,无,low
二模,comment,回复：你快去上班,中性,无,low
二模,comment,晗少也担cortis吗,中性,无,low
二模,comment,你是怎么看出来的,中性,无,low
二模,comment,回复：有一张照片拿着ball呀,中性,无,low
二模,comment,回复：是戴这帽子拍照的那张吗（是不是脖子上的那个东西）,中性,无,low
二模,comment,回复：对对对那是cortis ball,中性,无,low
二模,comment,回复：那个绿色的小球是cortis ball呀,中性,无,low
二模,comment,晗少的选科是什么呀,中性,无,low
二模,comment,全文好像,中性,无,low
二模,comment,动力来源是什么呀 我初三一点动力都没有,中性,无,low
二模,comment,想考上好大学就有了,中性,无,low
二模,comment,你混什么圈呀,中性,无,low
二模,comment,回复：混什么圈没关系自己要有给自己加油,正面,学业,low
二模,comment,回复：找到组织,中性,无,low
二模,comment,回复：这不是吧，追星就跟自己说考好就去看演唱会，小说动漫就说考好就买多少周边,中性,无,low
二模,comment,我考好都会给自己买专辑,中性,无,low
二模,comment,那今年高考的时候是不是也要参加了,焦虑,学业,medium
二模,comment,晗少是什么选科啊,中性,无,low
二模,comment,我高考566现在赋完分才561,焦虑,学业,medium
二模,comment,心态放平加油姐姐你一定可以哒,正面,学业,low
二模,comment,🤔你也复读了吗,中性,无,low
二模,comment,晗少是文科还是理科呀,中性,无,low
二模,comment,宝宝你也担cortis,中性,无,low
二模,comment,回复：＋1至今还没有ball…,中性,无,low
二模,comment,真厉害呀她去年考了多少,中性,无,low
二模,comment,回复：好像刚过线,中性,无,low
二模,comment,回复：弄的我也想去复读了,中性,无,low
二模,comment,我去这是烤蹄子的ball吗,中性,无,low
二模,comment,私截致歉,中性,无,low
二模,title,北京高考答疑,焦虑,学业,medium
二模,title,从一模108到高考132,焦虑,学业,medium
二模,content,如题： 图一是高考成绩 图二是一模二模英语成绩（东城） 蹭一蹭高考前最后一周的热度 可以问关于高考的一切,焦虑,学业,medium
二模,content,#高考#北京高考#高考英语#北京高考英语冲刺#高考逆袭#高考冲刺#高考提分#高考问答#高考咨询,焦虑/正面,学业,high
二模,comment,大家高考加油哦,焦虑/正面,学业,medium
二模,comment,一个学长跟我说，英语要精读 精听 盲听 以及培养不用翻译思维写题的能力， 化学和生物重点是要有自己的知识体系，就是从原理上来理解串联知识点，还可以让AI问几个问题我自己来解答思考，有自己的思考,中性,无,low
二模,comment,英语听力的话，练习精听盲听，有助于听懂题目的所有内容，这样几乎能保证一定做对,中性,无,low
二模,comment,不过难免会遇到比较难的题目，或者说有一两句没听懂，所以我觉得练习抓取关键词、主干信息的能力也同样重要（这个在阅读里也是吧）,中性,无,low
二模,comment,关于AI的用途的话，我觉得AI一方面可以用来答疑、钻研某一个不太理解的知识点或者小版块,中性,无,low
二模,comment,另一方面可以在自己串联不同知识点后与AI讨论，来巩固或者优化自己的这个思维,中性,无,low
二模,comment,高中的各种学习资源还是很多的，可以利用白天在学校的时间，比如听课或者刷题的时候，去找找自己薄弱的地方、或者看看自己有没有串联到的知识点，记下来，晚上再与AI讨论,焦虑,学业,medium
二模,comment,这样不需要花特别多课外时间，和AI交流的时候也是以你的思考为主导的,中性,无,low
二模,comment,物理的话，对于一些基础的模型，比如牛二、动能定理、动量定理这些，很深入、细致的去推导、理解是很重要的,中性,无,low
二模,comment,不过对于一些衍生的模型，比如牛二衍生的传送带、板块这种，是否要去理解模型，推导过程，需要去看你自己的思维模式,中性,无,low
二模,comment,比如对我来说，去理解模型本身对于我做题带来的帮助比较有限，因此我就会更倾向于去学习这个模型会怎么考、如何应用,中性,无,low
二模,comment,但是有的同学也说，必须理解了才能去用，否则会不知道自己在做什么,无助,未来,medium
二模,comment,此外，还要看看你们试卷的出题风格，是倾向于考模型的本质原理，还是考模型复杂度以及计算量的堆叠,中性,无,low
二模,comment,所以这个问题可能要看自己的学习模式和本地卷子的出题风格,中性,无,low
二模,comment,模拟题的话选择最后一道能连猜带蒙做出来百分之七十左右，填空十四题也就能做出来一半，十五题选一个跑了,中性,无,low
二模,comment,回复：会的会的，25年真题好多都不会做，选择一多半都是蒙的,中性,无,low
二模,comment,回复：25选填确实有些题比较难、比较怪，很难说26会怎么样,中性,无,low
二模,comment,考场上发现自己没思路就果断跳，千万不要影响自己的心态或者耽误太多时间，其实这种难题对所有人都有影响，别人也可能做不出来（比如25年14题得分率就0.2左右）,自卑,自我,high
二模,comment,回复：对，椭圆可以先把联立、韦达默写一遍，有时间的情况下可以尽量多写点，如果能猜出结论就可以骗一些分,中性,无,low
二模,comment,学姐请问1.高考能带金属发卡吗,焦虑,学业,medium
二模,comment,就是夹碎头发的普通小夹子 2.语文6分主观题答题卡都会给6条横线吗,中性,无,low
二模,comment,其实我是学长（）高考入考场前，老师会拿金属检测仪扫一遍全身，但是笔袋不会被扫，所以理论上是不是可以先放到笔袋里,焦虑,学业,medium
二模,comment,语文6分主观题好像是给4-6行不等，每个题不一样（网上似乎能搜到答题卡格式）所以有的题可能需要注意字数,中性,无,low
二模,comment,回复：啊啊啊好的学长（）,中性,无,low
二模,comment,英语最后几天看什么,中性,无,low
二模,comment,您好问问地理有估分吗 这个分原始分大概得多少呀,中性,无,low
二模,comment,物化都有估分，但是地理大题不太好估啊就知道错了一个选择,中性,无,low
二模,comment,回复：有可能81～83-> 91，不过是纯个人感觉，没有什么参考价值,中性,无,low
二模,comment,回复：你错了哪个来着，金银花吗,中性,无,low
二模,comment,请问高考前一周每天每科是怎么安排刷题保持手感的,焦虑,学业,medium
二模,comment,保持和自己平时一样的刷题频率,中性,无,low
二模,comment,回复：最后一周肯定要以真题为主,中性,无,low
二模,comment,回复：具体刷哪科看个人吧,中性,无,low
二模,comment,回复：真题以前已经刷过了最后一周再二刷吗,正面,学业,high
二模,comment,所以你觉得做什么能让自己更安心就干啥,中性,无,low
二模,comment,回复：真题二刷、三刷都会很有用吧有的真题我第一次写出来了，第二次反而写不出来了,中性,无,low
二模,comment,导数第三问有没有尽可能拿几分的方法 像解析第二问一样,中性,无,low
二模,comment,您好请问听口多少分呀,中性,无,low
二模,comment,第一次47第二次48,中性,无,low
二模,comment,我两次最高才47hh 但很受鼓舞了 我现在就是目标130,中性,无,low
二模,comment,回复：请问你高考前英语大概都多少分呀 作文什么的,焦虑,学业,medium
二模,comment,回复：大作文一般都13 14，小作文就3 3.5这样的写不出太高的，不过一般也能及格,中性,无,low
二模,comment,125很简单，除了3500外再记一些cd篇常见词汇就不难，只要某部分没有特别瘸腿的就能考到,中性,无,low
二模,comment,还有九天高考，语法考点和作文不太熟，总分大概在110左右，想努努力多分析分析高考题，然后其他题保持一下手感，背背作文语料，高考有机会冲到120+吗,焦虑/正面,学业,medium
二模,comment,语法也不是考点不熟，就是做题不太熟,中性,无,low
二模,comment,同学你坐在考场考英语的时候是觉得比平时难，还比平时简单一点,中性,无,low
二模,comment,回复：主要是现在我们自己做高考题，总感觉高考题没那么难，就是不知道在高考的环境下，心态会不会不一样,焦虑,学业,medium
二模,comment,回复：个人感觉坐在考场上的时候就不会去想题难不难，只会去想着怎么把眼前的题做出来不过客观上来说，确实是比模拟题简单,中性,无,low
二模,comment,总分还没外语高,中性,无,low
二模,comment,对，总分只有外语的一半,中性,无,low
二模,comment,注意到除了英语以外都抹去了个位数,中性,无,low
二模,comment,回复：注意力惊…哦等等，注意力并不惊人，糖分惊人,中性,无,low
二模,comment,我一模英语97二模英语116，最后十天想请问一下怎么复习英语，最近成绩波动很大，考过130也考过108,焦虑,学业,medium
二模,comment,我感觉相信自己就好，上过130说说明上限已经高了，我高考之前从来没上过130考试的时候进入专注的心流状态特别重要，能看进去就有机会冲高分,焦虑/正面,学业,medium
二模,comment,主要是选择第7到10题,中性,无,low
二模,comment,回复：好的好的(•̤̀ᵕ•̤́๑)ᵒᵏᵎᵎᵎᵎ每一次遇到算不出来的心里就咯噔一声，高考的时候还是先跳吧,焦虑,学业,medium
二模,comment,回复：我高三数学没下过140，高考都跳了五六道还好当时跳了一堆题，考场上被导数第一问逮捕了卡了20分钟，要是当时没思路的时候硬做就很难在最后把14题做出来了,焦虑,学业,medium
二模,comment,回复：140……好厉害受教了,中性,无,low
二模,comment,回复：最后高考数学多少分,焦虑,学业,medium
二模,comment,理解本质原理,中性,无,low
二模,comment,想问下英语怎么提升的,中性,无,low
二模,comment,物理高一高二原始分能考多少,中性,无,low
二模,comment,数学高一高二能考多少,中性,无,low
二模,comment,数学大概一直是130多吧，物理80多、90多都有不过高一高二都是学校自己出的卷子，可能对高考成绩参考价值不太大呢,焦虑,学业,medium
二模,title,总结：要命,中性,无,low
二模,content,#中考#试卷#备战中考#初中#海淀#海淀二模,焦虑,学业,medium
二模,comment,出分了吗,中性,无,low
二模,comment,大家估分怎么样,中性,无,low
二模,comment,全出分了,中性,无,low
二模,comment,语文第六题是a不,中性,无,low
二模,comment,还有数学新定义第一题选啥,中性,无,low
二模,comment,回复：同问，现在网上都找不到标答,中性,无,low
二模,comment,回复：对，是那个,中性,无,low
二模,comment,回复：根据第一段标题，中间应该是动词，选项有和无不对,中性,无,low
二模,comment,回复：是13吗,中性,无,low
二模,comment,回复：啊我不活了我本来写的1，3后来把三给划了,中性,无,low
二模,comment,回复：答案应该1.4,中性,无,low
二模,comment,回复：应该是我觉得,中性,无,low
二模,comment,回复：又没分了这个数学,中性,无,low
二模,comment,回复：写一个能给一分吧,中性,无,low
二模,comment,数学去s,中性,无,low
二模,comment,圆综到底是二分之五还是9,中性,无,low
二模,comment,回复：二分之十五,中性,无,low
二模,comment,代宗一堆分类讨论，几综也做不出来，废了废了,中性,无,low
二模,comment,啊啊啊啊数学,中性,无,low
二模,comment,回复：圆综没做出来,中性,无,low
二模,comment,回复：[抽泣R][抽泣R][抽泣R],中性,无,low
二模,comment,回复：我代总写对了，但最后整合整错了少了一个2到4的，但过程里有，会扣分吗扣多少啊，上次一模是因为没整合扣一分，这次是因为整合了又要扣分,焦虑,学业,medium
二模,comment,第六题选什么,中性,无,low
二模,comment,同问……我选的①④,中性,无,low
二模,comment,同问……我选的②④,中性,无,low
二模,comment,作业帮选24,中性,无,low
二模,comment,数学私了反正,中性,无,low
二模,comment,回复：笑死我了，怎么遇见了,中性,无,low
二模,comment,哈哈哈哈哈哈哈哈你也来你也继续,中性,无,low
二模,comment,回复：不是闺蜜,中性,无,low
二模,comment,除了代综其他一律没做出来最后两分钟还在疯狂画几综辅助线,中性,无,low
二模,comment,语文第三题把不正确看成正确了全班应该只有我会错,中性,无,low
二模,comment,圆综几综全没做出来，新定义我都是用圆规和量角器量的,中性,无,low
二模,comment,代综答案是什么呀,中性,无,low
二模,comment,回复：二到四或大于负一小于零,中性,无,low
二模,comment,回复：代综把正确答案划了,中性,无,low
二模,comment,物理好像把第一题选错了如何调理,中性,无,low
二模,comment,我也选错了,中性,无,low
二模,comment,我也写错了,中性,无,low
二模,comment,不是数学圆综是啥啊,中性,无,low
二模,comment,一堆分数和根号算的我要死了,中性,无,low
二模,comment,二分之十五,中性,无,low
二模,comment,回复：其实做个垂就完事了,中性,无,low
二模,comment,我终于找到一样的了,中性,无,low
二模,comment,我同学都说巨难，我挺懵的…是在第一问45°那里构造等腰直吗,中性,无,low
二模,comment,回复：对但是过程很难算,中性,无,low
二模,comment,回复：会做但是都不想算了,中性,无,low
二模,comment,我也是二次函数做了很久很久，然后几综新定义16题都没时间看了而且二次函数答案还跟我们学校数学大佬的沾不上边,中性,无,low
二模,comment,小于0的我分了3个情况全舍了,中性,无,low
二模,comment,回复：看了网上的答案，代综是彻底错了,中性,无,low
二模,comment,海淀物理是啥东西,中性,无,low
二模,comment,个人感觉比数学难多了,中性,无,low
二模,comment,我也觉得,中性,无,low
二模,comment,吼吼吼又遇见你了,中性,无,low
二模,comment,回复：那我评论很多了（）,中性,无,low
二模,comment,我比一模低九分,焦虑,学业,medium
二模,comment,我上初三了就没考过那么低了,中性,无,low
二模,comment,第八题数学为什么是D啊,中性,无,low
二模,comment,我们学校的同学非常笃定的都说是a[完啦R]所以是网上的答案还是标准答案,中性,无,low
二模,comment,回复：我选的也是A,中性,无,low
二模,comment,回复：D吧，圈3的时候，面积是一个开口向下的二次函数，所以面积有最大值,中性,无,low
二模,comment,回复：老师说是d,中性,无,low
二模,comment,回复：3肯定对啊数往里一代是一个二次函数绝对有最大值,中性,无,low
二模,comment,数学题是啥阴感觉比一模难,焦虑,学业,medium
二模,comment,这几综是屎吗,中性,无,low
二模,comment,几综还好，至少第2问答案好猜（,中性,无,low
二模,comment,打错了是什么,中性,无,low
二模,comment,回复：并非打错,中性,无,low
二模,comment,回复：好猜但是难证啊，我蒙了四个辅助线上去蒙对了一个,中性,无,low
二模,comment,回复：我真服了明天咋活,愤怒,社会,medium
二模,comment,难也不至于扣的比40分还多吧,中性,无,low
二模,comment,回复：牛啊狂人.,中性,无,low
二模,comment,回复：对不起啊＞人＜ 我这句话确实可能说的不太舒服一会删掉 先让你看到我的道歉我再删掉 我看了眼一模的400线才知道这是小强线 所以也很厉害了,焦虑,学业,medium
二模,comment,回复：我属于不稳定选手,中性,无,low
二模,comment,回复：啊啊啊啊宝宝你怎么这么温柔没关系没关系啊啊啊,中性,无,low
二模,comment,我真的只是随口一说,中性,无,low
二模,comment,第六题到底选啥呀,中性,无,low
二模,comment,A和C到底是哪一个,中性,无,low
二模,comment,应该是a,中性,无,low
二模,comment,"回复：我也选A,但是一堆人选C",中性,无,low
二模,comment,回复：我们同学都选的a基本,中性,无,low
二模,comment,啊啊啊啊我不管就是c,中性,无,low
二模,comment,数学我真没招了,中性,无,low
二模,comment,回复：哈哈哈几综第一问看了快二十分钟 这一点也不好笑,中性,无,low
二模,comment,回复：哈哈哈确实一点也不好笑我写完代综都不剩20分钟了我就那样干瞪眼的瞪着几综第一问还不会,中性,无,low
二模,comment,回复：没事的先不管这个了吧 好好复习明天三科加油加油,正面,学业,low
二模,comment,那篇文言文真的是初中学的么,中性,无,low
二模,comment,一点印象没有,中性,无,low
二模,comment,不是，但是我这个学校复习的时候让背过,中性,无,low
二模,comment,课外的 我们老师打印纸上带我们学的 一点没复习,中性,无,low
二模,comment,回复：不算课外是小学的，好像是上学期期末海淀的考试范围里有,焦虑,学业,medium
二模,comment,回复：考的都是什么犄角旮旯里的,中性,无,low
二模,comment,我不活了物理死了,中性,无,low
二模,comment,metoo,中性,无,low
二模,comment,回复：谁有答案啊啊,中性,无,low
二模,comment,回复 C HERRY : 对着卷子豆包一下不就得了,中性,无,low
二模,comment,选择cbbacdacc吧,中性,无,low
二模,comment,回复：那我应该都对了吧,中性,无,low
二模,comment,回复 Curry 30 : 是,中性,无,low
二模,comment,请问作文什么题目,中性,无,low
二模,comment,直接甩了两个题目上去，没有材料，一个是开窗见风景，一个是就这样携手同行,中性,无,low
二模,comment,回复：我们老师说目前看到的最高分才33分,自卑,学业,high
二模,comment,回复：那怎么看小红书上语文好多95呀,中性,无,low
二模,comment,回复：当时没判完卷，而且可能我们老师判到得作文有点跑题,中性,无,low
二模,comment,怎么都在说数学,焦虑,学业,medium
二模,comment,不不不你以为简单我就不错了吗，我错了一堆呢[完啦R],中性,无,low
二模,comment,回复：哈哈没关系 只要不是中考就没事啦☺️☺️☺️加油,焦虑/正面,学业,medium
二模,comment,看了评论区我语文错了好几个我不活了,中性,无,low
二模,comment,能对一下选择答案吗dbbacdacc,中性,无,low
二模,comment,没记答案[完啦R],中性,无,low
二模,comment,回复：病句咋改啊,中性,无,low
二模,comment,相映成趣吧第一题,中性,无,low
二模,comment,回复：我第一题好像错了其他不知道,中性,无,low
二模,comment,回复：我第一个确实错了,中性,无,low
二模,comment,第一题错了相映成趣,中性,无,low
二模,comment,412左右还和人大附有机会吗（失误大概5～9分,中性,无,low
二模,comment,兄弟，职高见,中性,无,low
二模,comment,满分440考了412，满分500考了471我没说清楚,中性,无,low
二模,title,真题模拟｜2026年海淀区高三二模试卷及答案,焦虑,学业,medium
二模,content,完形出的有难度，后面还好…… #北京高考#二轮复习#高考英语#真题#高考生#独立老师#课程咨询#高考提分#高考冲刺#海淀二模,焦虑/正面,学业,high
二模,comment,高一老师留作业让做了，已被虐惨,中性,无,low
二模,comment,哇，高一做高三的了，啥学校,中性,无,low
二模,comment,回复：海淀的，很一般的学校,中性,无,low
二模,comment,完形填空,中性,无,low
二模,comment,第一个为什么不选b呀,中性,无,low
二模,comment,后面才the dancing began，先后顺序,中性,无,low
二模,comment,对了一下答案，一样,中性,无,low
二模,comment,回复：班群发的,中性,无,low
二模,comment,划线题啥意思，都画上吗,中性,无,low
二模,comment,回复：to及以后,中性,无,low
二模,comment,七选五ai的38题给的是f,中性,无,low
二模,comment,一定要是f啊,中性,无,low
二模,comment,g不太合适吧,中性,无,low
二模,comment,我觉得是F,中性,无,low
二模,comment,坏了真的是G,中性,无,low
二模,comment,其实这套卷子本身就挺诡异的,中性,无,low
二模,comment,bcd更不对,中性,无,low
二模,comment,回复：别信他的好多错的,中性,无,low
二模,comment,热闹，这样理解，这题排除法比较好做,中性,无,low
二模,comment,哪些错了,中性,无,low
二模,comment,老师，完形填空蓝笔“感”是什么呢,中性,无,low
二模,comment,感情色彩,中性,无,low
二模,comment,为什么是nailing,中性,无,low
二模,comment,动词不是抓住，固定的意思吗,中性,无,low
二模,comment,没毛病啊 她熟练掌握了每一个动作,中性,无,low
二模,comment,回复：我刚查词没查到这个意思，现在知道了,中性,无,low
二模,comment,回复：没错的宝,中性,无,low
二模,comment,“打磨，抛光”从这个角度切入,中性,无,low
二模,comment,固定搭配 好想是有点口语化的表达 美剧里见到过,中性,无,low
二模,comment,老师我作文没看见12那俩要求 关键就写了三段最后划了个箭头分段两个措施这是不是入不了类了 内容里第一个建议是重视physical health和相关措施第二个是重视mental health还有要call on建立全球心理健康的组织 有说因为全球患心理疾病是个raising trend所以要重视是不是不算具体理由 这个作文是不是入不了类了呀感觉只有10分了,中性,无,low
二模,comment,我写着写着就把要点二大部分展开成怎么做了，感觉自己写的挺细致，一会想人家让说理由，天塌了,中性,无,low
二模,comment,这要是对的那我岂不是错五个,中性,无,low
二模,comment,确实有难度,中性,无,low
二模,title,二模发挥好，真的不一定是好消息,焦虑,学业,medium
二模,comment,稳住心态 发挥出正常水平就很出色了,中性,无,low
二模,comment,没事，你刷到了说明你会避开这些不好的,中性,无,low
二模,comment,哪模考的都不好是不是挺好的,正面,生活,medium
二模,comment,加油吧，语文作文明天早上讲,正面,学业,low
二模,comment,只有正式高考那一次是最重要，其他考试都是查漏补缺的,焦虑,学业,medium
二模,comment,成电已经很好了,中性,无,low
二模,comment,哈哈😂，小孩哥讲的很好,中性,无,low
二模,comment,给我总结一下,中性,无,low
二模,comment,这篇笔记的核心是：二模考得好，反而要警惕心态膨胀，最后一个月稳住更重要,焦虑,学业,medium
二模,comment,笔记作者的亲身经历是：二模考了东莞市前几十名，当时很得意，五月份开始学习松懈、一直在幻想高考后的生活，结果高考严重失利，最后去了一个自己原本没怎么听说过的学校,焦虑,学业,medium
二模,comment,他想传达的重点是：二模只是模拟，不是高考结果,焦虑,学业,medium
二模,comment,考得好不等于后面能稳住，尤其最后一个月，最容易因为“飘了”而掉队,中性,无,low
二模,comment,他给高三学生的建议主要有三点： 不要飘：不要因为二模成绩好就放松，更不要提前庆祝或减少投入,焦虑,学业,medium
二模,comment,稳住心态：不要和别人比，只看自己有没有做到能力范围内的最好,中性,无,low
二模,comment,抓能拿下的分：知识学不完，重点是把能力范围内、伸伸手够得着的内容巩固好，把以前会但忘了的知识捡起来,中性,无,low
二模,comment,评论区的讨论也基本在呼应这个观点： 有人说只有高考那一次最重要，其他考试本质都是查漏补缺,焦虑,学业,medium
二模,comment,也有人分享身边例子：二模比第一低十几二十分的人，最后高考反而高了30分,焦虑,学业,medium
二模,comment,...展开,中性,无,low
二模,content,#中考#分数#成绩#中考复习#考试成绩#备战中考,焦虑,学业,medium
二模,comment,加油四十二高一学姐告诉你只要努力一切皆有可能,正面,学业,low
二模,comment,学姐，还最后十天，做些什么还能让分数稳中求进,中性,无,low
二模,comment,一定一定要自己把会的题全部都拿分，而且做一下自己擅长科目的题，越是自己擅长的最后越容易背刺，尤其是注重所有科目的选择题，选择题分值大好拿分，错一个不值当的,中性,无,low
二模,comment,回复：这次出对标了吗,中性,无,low
二模,comment,回复：那是咋对标的觉民,中性,无,low
二模,comment,回复：这分数觉民那我呢,中性,无,low
二模,comment,回复：他要是觉民，你这个一中校长得出来迎接,中性,无,low
二模,comment,610的孩子能去哪儿,中性,无,low
二模,comment,不知道呢,中性,无,low
二模,comment,梧桐北师大我觉得没问题吧,中性,无,low
二模,comment,化学和政治咋学的求,中性,无,low
二模,comment,一模多少分,焦虑,学业,medium
二模,comment,回复：长了1.5分,中性,无,low
二模,comment,化学考的还好呀，除了刷真题，就是刷蓝一飞专项吗,中性,无,low
二模,comment,蓝本没怎么写,中性,无,low
二模,comment,回复：红本模拟写的多对吧,中性,无,low
二模,comment,607.5的情何以堪,中性,无,low
二模,comment,哎，听天由命吧,中性,无,low
二模,comment,有排名吗,焦虑,学业,medium
二模,title,沈阳二模出成绩啦,焦虑,学业,medium
二模,content,革命还未胜利 同志还需努力 数学、英语、物理,正面,学业,low
二模,comment,谁能教我,中性,无,low
二模,comment,网上免费的课很多的,中性,无,low
二模,comment,回复：好，有推荐吗,中性,无,low
二模,comment,回复：在网上什么地方学的,中性,无,low
二模,comment,回复：b站很多啊,中性,无,low
二模,comment,回复：哔哩哔哩吗,中性,无,low
二模,comment,英语拉个大的，数学也有上升空间，别的科都不错,中性,无,low
二模,comment,这两科一直是老大难，加油,正面,学业,low
二模,comment,英语满分90扣9分还行吧,中性,无,low
二模,comment,回复：中考还会比这多10-20分，如果不是热门学校，概率还挺大的,焦虑,学业,medium
二模,comment,一起加油呀,正面,学业,low
二模,comment,加油加油⛽️,正面,学业,low
二模,comment,这能考上哪?,中性,无,low
二模,comment,哪个学校,中性,无,low
二模,comment,英语，作文扣3分，完型扣1，语篇扣1，阅读扣4,中性,无,low
二模,comment,考的不错,中性,无,low
二模,comment,一模总分算上英语听力20分了 校排106 二模总分没算上英语听力20分 校排92,焦虑,学业,medium
二模,comment,结课考的时候还能考110了 这两回考试三角函数和24题第二问25题第二问都没写对 但是平常测试 结课考写对了 一模二模没写对 考完又突然知道自己好像做错了 应该怎么做物理一直不是很好 最近一次课堂测试是86,焦虑,学业,medium
二模,comment,有没有好的方法 可以给我指点一下吗,焦虑,学业,low
二模,comment,回复：看看你们结课考卷子,中性,无,low
二模,comment,回复：啥学校啊,中性,无,low
二模,comment,津南的吗,中性,无,low
二模,comment,物理+25，化学+15，数学+20，你看看够不够,中性,无,low
二模,comment,这三科我可助你快速提升,中性,无,low
二模,comment,回复：你还未掌握的题目，我可一一讲解好用的方法,中性,无,low
二模,comment,如果某一类题型需要提高，我可准备典型例题来讲解技巧，理解透彻后，答题又快又准,中性,无,low
二模,title,26海淀一模二模数据,焦虑,学业,medium
二模,comment,请问公办二本至少要多少分儿啊,中性,无,low
二模,comment,二本就是图里本科线1吧,中性,无,low
二模,comment,可以根据对应排名搜一下北京二本线市排名是多少，然后回来对应分数,焦虑,学业,medium
二模,comment,艺考分数线大概是多少,中性,无,low
二模,comment,不知道，我也是转发的,中性,无,low
二模,title,长春九年级下市二模英语试卷,焦虑,学业,medium
二模,comment,有答案吗,中性,无,low
二模,comment,这个是东北师大附属中学的二模吗,焦虑,学业,medium
二模,title,秒杀上海徐汇二模填空题第10题,焦虑,学业,medium
二模,content,秒杀上海徐汇二模填空题第10题#高中数学#上海,焦虑,学业,medium
二模,title,南京市玄武区中考二模英语试题,焦虑,学业,medium
二模,content,#2025年江苏省南京市玄武区中考二模英语试题,焦虑,学业,medium
二模,content,海淀西城英语二模b篇一模一样是啥意思😨🫢🫢🫢🫢🫢🫢🫢🫢🫢 在考场上看到乐喷我了,焦虑,学业,medium
二模,content,#北京高考#海淀二模#高三二模#西城二模#高考英语#海淀区#西城区,焦虑,学业,medium
二模,comment,西海99,中性,无,low
二模,comment,回复：所有人早饭吐了吃这个,中性,无,low
二模,comment,回复：为什么是西海,中性,无,low
二模,comment,我们海淀为什么不是京城大猛1,中性,无,low
二模,comment,回复：[扶额R][扶额R][扶额R],中性,无,low
二模,comment,回复：这集真神了,中性,无,low
二模,comment,回复：………………………,中性,无,low
二模,comment,回复：哈哈哈哈哈哈哈哈,中性,无,low
二模,comment,回复：西海99,中性,无,low
二模,comment,周N：每年西城海淀必看,中性,无,low
二模,comment,回复：为什么西海不是海西（我是海淀的,中性,无,low
二模,comment,回复：为什么不是海西,中性,无,low
二模,comment,回复：bingo,中性,无,low
二模,comment,回复：0个人想在高三看到这个,中性,无,low
二模,comment,回复：🍧 不管了,中性,无,low
二模,comment,（cloud） 西海99,中性,无,low
二模,comment,回复：wtf你怎么已经圈过我了,中性,无,low
二模,comment,谁绷得住,中性,无,low
二模,comment,回复：是谁在苦难娱乐化,中性,无,low
二模,comment,哈哈哈哈我当时似乎也这样觉得过,中性,无,low
二模,comment,回复：哈哈哈哈哈哈哈哈哈我也,中性,无,low
二模,comment,互相认为对方出的模拟卷是除了自己区最像北京高考题的,焦虑,学业,medium
二模,comment,犹记老师说你们做模拟题别的都可以做，海淀留下来单独再做一次模拟考试，别动海淀的,中性,无,low
二模,comment,回复：哈哈哈哈哈哈哈哈我们现在也是,中性,无,low
二模,comment,卧槽你别说,中性,无,low
二模,comment,好厨子三句话就是一顿饭,中性,无,low
二模,comment,其实数学出卷上已经暗自潜移默化渗透了对方……呵呵……,中性,无,low
二模,comment,回复：西海近几年越发你中有我我中有你了 就这么暗戳戳的暧昧不管学生死活,中性,无,low
二模,comment,一个死爷爷一个死奶奶,中性,无,low
二模,comment,诶诶诶等等什么死爷爷死奶奶,中性,无,low
二模,comment,难道中考二模西城海淀也一样吗,焦虑,学业,medium
二模,comment,红线硬的劈穿地球……,中性,无,low
二模,comment,回复：其实是中考一摸 二模没考呢（十万粉男装）💤,焦虑,学业,medium
二模,comment,哈哈哈，下棋下的天崩地裂,中性,无,low
二模,comment,回复：不止，做完所有就会发现有四篇的完形填空都一样一个是爸爸妈妈分着的，死了爷爷和死了奶奶下棋的故事,中性,无,low
二模,comment,强1美0老祖宗的规矩，这次我站海西,中性,无,low
二模,comment,回复：比海淀美算不算,中性,无,low
二模,comment,海西牛逼,中性,无,low
二模,comment,这次我站海西,中性,无,low
二模,comment,支持强1美0，但西城美在哪,中性,无,low
二模,comment,回复：历史文化建筑美不美,中性,无,low
二模,comment,美那就是0,中性,无,low
二模,comment,我们老师今天作业留的海淀b篇，没看题直接做毫无障碍,中性,无,low
二模,comment,当时老师留作业还意味深长地笑了笑,中性,无,low
二模,comment,但是感觉海淀b篇题比西城难西城没错海淀错俩,中性,无,low
二模,comment,回复：文章一样题目不一样,中性,无,low
二模,comment,回复：我也觉得,中性,无,low
二模,comment,海淀题目出的难一点哈哈哈,中性,无,low
二模,comment,可是我真的很好奇为啥 甚至一堆词和表达都一样,中性,无,low
二模,comment,我觉得是教研员之间的把戏,中性,无,low
二模,comment,也不知道是偷偷串通好了的还是冥冥之中的默契,中性,无,low
二模,comment,考生或成教研员把戏play中的一环,中性,无,low
二模,comment,回复：啊啊啊我服了,愤怒,社会,medium
二模,comment,回复：一模也有很多这样的,焦虑,学业,medium
二模,comment,我们老师说没有串通过,中性,无,low
二模,comment,就是都不约而同考了,中性,无,low
二模,comment,红线比钢筋硬,中性,无,low
二模,comment,回复：哈哈哈哈哈哈 真的,中性,无,low
二模,comment,西海私相授受中,中性,无,low
二模,comment,秽乱后宫,中性,无,low
二模,comment,罪不容诛,中性,无,low
二模,comment,回复：行吧共舞双强刽子手,中性,无,low
二模,comment,（乐）哎……打入冷宫,中性,无,low
二模,comment,唯一的区别就是把爷爷改成了奶奶嗯，对，然后都一样,中性,无,low
二模,comment,英语完型吗,中性,无,low
二模,comment,终于有人发现了我跟我们班同学说，他们还跟我说什么是我看错了666，估计他们也就是没好好做吧,中性,无,low
二模,comment,时间倒流中,中性,无,low
二模,comment,回复：现在我估计也看不懂 cd 篇，我就这样毫无进步全是退步,中性,无,low
二模,comment,西海死了,中性,无,low
二模,comment,别管 殉情中,中性,无,low
二模,comment,回复：双死即he,中性,无,low
二模,comment,真的，我做海淀的还以为跟西城出重复了，反复检查题目,中性,无,low
二模,comment,西海99,中性,无,low
二模,comment,我也是哈哈哈哈哈一边做一边怀疑自己的印象,中性,无,low
二模,comment,考完一看真是,中性,无,low
二模,comment,看不懂但是西海99,中性,无,low
二模,comment,我求你了吧,中性,无,low
二模,comment,回复：我不会是唯一异地ip吧😱,中性,无,low
二模,comment,回复：啊啊啊啊啊啊在此评论区中争当最显眼ip,中性,无,low
二模,comment,莫名其妙点进来吃了一口西海……事已至此99,中性,无,low
二模,comment,要不看看海淀一模和昌平一模的完型呢,焦虑,学业,medium
二模,comment,高中吗，初三一模也是，大概就是把爷爷换奶奶了吧,焦虑,学业,medium
二模,comment,这就是情书从初三写到高三吗,中性,无,low
二模,comment,是的我们有一个孩子,中性,无,low
二模,comment,海西99,中性,无,low
二模,comment,我记得之前有一个完型一个奶奶棋一个爷爷棋来着,中性,无,low
二模,comment,忘了哪个区了,中性,无,low
二模,comment,我记得海淀考的比西城晚，那这算不算失误呢,中性,无,low
二模,comment,没有 同一天同时考的哈哈哈,中性,无,low
二模,comment,我同意这门亲事,中性,无,low
二模,title,北京高三生｜二模考完…人已疯🫨,焦虑,学业,medium
二模,content,人生建议——补药在最后一刻改答案啊,中性,无,low
二模,content,清理一些草稿箱里的库存 谁敢看最后一张： #fyp#08#女高#高三生#北京#北京高中生#live图#生活碎片#高中生#日常分享,中性,无,low
二模,comment,这边建议是除非 很确定的，其他就都别动了，保持一致就好,中性,无,low
二模,comment,笑死我了 你出米我就打,中性,无,low
二模,comment,唉 我在这里立flag 再也不会在最后改答案,中性,无,low
二模,comment,直觉未必是对的，哈哈,中性,无,low
二模,comment,现在多错了，也许下次就少错了妹妹加油,正面,学业,low
二模,comment,痛失8分,中性,无,low
二模,comment,回复：我们真的投降了,中性,无,low
二模,comment,回复：已老实，以后能不能不要手快,中性,无,low
二模,comment,相信第一感,中性,无,low
二模,comment,回复：你也很帅,中性,无,low
二模,comment,回复：第一次夸,中性,无,low
二模,comment,回复：真好看，妹妹啥星座，你好,中性,无,low
二模,comment,最后一张抽象了,中性,无,low
二模,comment,本体出现,中性,无,low
二模,comment,筑波美美嘟,中性,无,low
二模,comment,又刷到你了啦我也刚考完二模,焦虑,学业,medium
二模,comment,小妹妹哪个区的,中性,无,low
二模,comment,学妹哦嗨呦,中性,无,low
二模,comment,高三哪有不疯的,中性,无,low
二模,comment,硬撑罢了,中性,无,low
二模,comment,改答案错了是好事啊，还没到最后一脚又多了个提高点,中性,无,low
二模,title,东城初三二模出分了,焦虑,学业,medium
二模,content,比一模高了9分，名次却退步了,焦虑,学业,medium
二模,comment,我们366校排309,中性,无,low
二模,comment,你们年级一共才320人,中性,无,low
二模,comment,我们考366啊,中性,无,low
二模,comment,这次直升班孩子都参加考试了下滑是正常的,中性,无,low
二模,comment,真哒，我们老师没说,中性,无,low
二模,comment,二模直升孩子也参加排名了吗,焦虑,学业,medium
二模,comment,我们老师说他们参加了考试但是分数不计入排名🤔,焦虑,学业,medium
二模,comment,回复：那就不知道,中性,无,low
二模,comment,排名有了吗,焦虑,学业,medium
二模,comment,回复：是年排退步了吗,中性,无,low
二模,comment,据说二模不给区排,焦虑,学业,medium
二模,comment,回复：实际有吗,中性,无,low
二模,comment,回复：给了区排,中性,无,low
二模,comment,回复：有区排信息可以参考下么,中性,无,low
二模,comment,请问401分的话，年排大概在多少,中性,无,low
二模,comment,同401,中性,无,low
二模,comment,我们学校总625人 415是年4其他我不知道 根据学校定吧 主要还是看区排,中性,无,low
二模,comment,这份在东城能排多少名,中性,无,low
二模,comment,老师说这次有直升班的一起排名，所以不准,焦虑,学业,medium
二模,comment,回复：校排是，不知道区排是不是,中性,无,low
二模,comment,完全看不懂了，这是多呀，还是少啊,中性,无,low
二模,comment,我们哪会好像是650满分,中性,无,low
二模,comment,现在满分510，这个分的基础上再加70就是成绩,中性,无,low
二模,comment,这应该是440满分的,中性,无,low
二模,comment,回复：是不是加了直升的孩子 所以校排下降了,中性,无,low
二模,comment,回复：也不是总瞎改什么⁉,中性,无,low
二模,comment,你们多少名啊,中性,无,low
二模,comment,区排名老师说还没出,焦虑,学业,medium
二模,comment,回复：蹲个区排,中性,无,low
二模,comment,高中没问题，好高中就难了,中性,无,low
二模,comment,老师发的吗,中性,无,low
二模,comment,对，刚发的，区排老师说还没出,中性,无,low
二模,comment,回复：现在问，区排出了,中性,无,low
二模,comment,分数不高,中性,无,low
二模,comment,亲，哪个学校啊，,中性,无,low
二模,comment,物理道法按70算的吧,中性,无,low
二模,comment,嗯，满分70,中性,无,low
二模,comment,哪个学校,中性,无,low
二模,comment,能问哪个学校吗,中性,无,low
二模,comment,415校排能到多少,中性,无,low
二模,comment,东城的二模卷，把通州孩子考傻了,焦虑,学业,medium
二模,comment,哪个初中的,中性,无,low
二模,comment,这是哪个学校的啊,中性,无,low
二模,comment,哪个学校啊,中性,无,low
二模,comment,排名挺好的,焦虑/正面,学业/生活,medium
二模,title,26年东城初三二模陆续出分，来蹲蹲区排,焦虑,学业,medium
二模,content,总分557 这个成绩大概什么水平,中性,无,low
二模,content,不知道志愿怎么填#南京鼓楼区二模#中考复习,焦虑,学业,medium
二模,comment,物化咋学的挺高的,中性,无,low
二模,comment,我是做往年的模考题 还有跟着老师学,中性,无,low
二模,comment,回复：能问问物理时间是咋分配的吗 总是感觉时间不够用,焦虑,学业,high
二模,comment,附中的水平了吧,中性,无,low
二模,comment,四大都有点危险,中性,无,low
二模,comment,政治怎么学的,焦虑,学业,medium
二模,comment,保底南京十三中,中性,无,low
二模,comment,冲冲四大应该能进了,正面,学业,low
二模,title,来说说东城二模,焦虑,学业,medium
二模,content,二模结束了，大家都考的怎么样,焦虑,学业,medium
二模,content,心态彻底崩塌了#一模#备战中考#中考#中考复习#二模#东城二模,焦虑,学业,medium
二模,comment,去年就是二模比一模还难，其实中考肯定是会更简单，我们东城区一模4158，二模4380，中考3068，因为文科会放水,焦虑,学业,medium
二模,comment,二模文科超难，不知是不是只有我这么觉得,焦虑,学业,medium
二模,comment,请问中考区排是几号出呀 是比分先出嘛,焦虑,学业,medium
二模,comment,回复：出区排了吗,中性,无,low
二模,comment,这是什么分数，看不懂呀,中性,无,low
二模,comment,回复：是排名吧,焦虑,学业,medium
二模,comment,我猜测因为是线上流水阅卷，各校老师评阅标准和松紧程度不一定一致，各校老师还要自己校对一遍，再出分,中性,无,low
二模,comment,那个作文是不是都是AI判,中性,无,low
二模,comment,回复：老师判吧，ai是辅助工具而已,中性,无,low
二模,comment,回复：我们用机器，不知是不是辅助,中性,无,low
二模,comment,通州都出了,中性,无,low
二模,comment,回复：还可以，区排没出呢,中性,无,low
二模,comment,什么时候正式出分啊,中性,无,low
二模,comment,初三二模远程线上阅卷，采用统一标准、统一时间、各学科阅卷教师在各校利用区内网络，登录区阅卷平台进行流水阅卷的方式完成,焦虑,学业,medium
二模,title,河西二模成绩对标出来了吗,焦虑,学业,medium
二模,content,#初三生#初三#初中#成绩#二模#中考加油#中考上岸,焦虑/正面,学业,high
二模,comment,三片校还没出呢,中性,无,low
二模,comment,三片校上午出分了,中性,无,low
二模,comment,回复：哦哦，我们这真够慢的,中性,无,low
二模,comment,回复：我们10点多就出了,中性,无,low
二模,comment,回复：我们学校每次都得最后一个，明天见了,中性,无,low
二模,comment,包括听力了吗,中性,无,low
二模,comment,包括英语听力吗,中性,无,low
二模,comment,肯定五所水平了,中性,无,low
二模,comment,挺好水平,中性,无,low
二模,comment,厉害，校排什么位置,中性,无,low
二模,title,吉林二调,中性,无,low
二模,content,吉林二调吉林二调#吉林二模#吉林高三期末#完形填空#高考英语#高中英语,焦虑,学业,medium
二模,comment,回复：感觉不能对,中性,无,low
二模,title,2025年5月北京海淀高三二模数学试卷及解析,焦虑,学业,medium
二模,content,选填整体难度适中，需要细心认真作答，第10题计算时要想到lg10 = 1，第13题和第14题都适合从图象角度思考分析，第15题可以用来复习回顾下立体几何相关知识,中性,无,low
二模,content,第19题题干简单，给出的隐含条件非常多，计算过程涉及根号和分式，对计算功底要求较高,中性,无,low
二模,content,第20题第二问需要进行复杂的二阶导运算，结合分类讨论分析函数图象单调性，难度较高,中性,无,low
二模,content,#北京高考#北京高考数学#北京高中数学#北京高考数学复习#数学高考题型与技巧#高考提分#北京高中生#北京高中生家长#数学思维,焦虑/正面,学业,high
二模,comment,第三题ABD什么区别啊,中性,无,low
二模,comment,注意下x的取值范围哈，双曲线焦点在x轴上，B是双曲线的左支，D是双曲线的右支[棒R],中性,无,low
二模,comment,这个为什么是150呀求告知,中性,无,low
二模,comment,通分计算出来的哈，2*3*5*5=150[棒R],中性,无,low
百日誓师,content,26届高考生百日誓师居然在大年初二#高考生#我与高考的难忘经历 高三下学期开学90多天就高考了,焦虑,学业,medium
百日誓师,comment,看看日历2月27号才是，正月十一百日誓师,中性,无,low
百日誓师,comment,🐼 让我25届先笑,中性,无,low
百日誓师,comment,阴历生日,中性,无,low
百日誓师,comment,阳历生日,中性,无,low
百日誓师,comment,回复：不中了俺,中性,无,low
百日誓师,comment,227啊,中性,无,low
百日誓师,comment,哦这意味着高三上学期也会很长对吗……,中性,无,low
百日誓师,comment,要上七个月,中性,无,low
百日誓师,comment,回复：ttony 我靠半年多cnm,中性,无,low
百日誓师,comment,回复：,中性,无,low
百日誓师,comment,好…好…好,中性,无,low
百日誓师,comment,回复：是时候退学了,中性,无,low
百日誓师,comment,你听谁说的百日誓师是2月27日，2026年2月27日是正月十一,中性,无,low
百日誓师,comment,对啊，为什么都说大年初二,中性,无,low
百日誓师,comment,春节时间跟今年都不一样，百日誓师肯定往后延了啊,中性,无,low
百日誓师,comment,不应该是高考都是同一天百日誓师都是在2月27号吗,焦虑,学业,medium
百日誓师,comment,我很奇怪为什么会觉得是在大年初二,中性,无,low
百日誓师,comment,回复：这么说只是为了引流罢了,中性,无,low
百日誓师,comment,但是高考时间不会延啊 百日誓师怎么延,焦虑,学业,medium
百日誓师,comment,应该不是吧，今年高考的百日誓师在2.27明年应该也是一样,焦虑,学业,medium
百日誓师,comment,对的2月27日,中性,无,low
百日誓师,comment,因为这个蛇年有380多天，所以明年过年就二月底了,中性,无,low
百日誓师,comment,回复：过年是二月17完全不冲突,正面,学业,low
百日誓师,comment,26届就百日誓师了,中性,无,low
百日誓师,comment,我25届都还没有呢,中性,无,low
百日誓师,comment,回复：奥奥吓我一跳,中性,无,low
百日誓师,comment,这么离谱…,愤怒,社会,medium
百日誓师,comment,假的，看日历是2月27日,中性,无,low
百日誓师,comment,今年高考的，但是我们开学还是三月三号，应该都可以延迟百日誓师吧,焦虑,学业,medium
百日誓师,comment,你们高三开学真晚啊,中性,无,low
百日誓师,comment,到底是谁说在大年初二 看看日历,中性,无,low
百日誓师,comment,在2月27号 28号左右啊,中性,无,low
百日誓师,comment,都说大年初二，但凡看看日历呢,中性,无,low
百日誓师,title,去迎接应该你的 更好的明天.#百日誓师 #学校,中性,无,low
百日誓师,content,何必苦诉争春时 我来之时便是春#中国红#百日誓师#中考加油#中考#you#励志人生,焦虑/正面,学业,medium
百日誓师,title,百日誓师和成年礼穿这个我真的要吐血了,中性,无,low
百日誓师,content,#百日誓师#成年礼,中性,无,low
百日誓师,comment,后续已发,中性,无,low
百日誓师,comment,我们也是...,中性,无,low
百日誓师,comment,说吧，谁是皇帝，学生都是大臣样打扮,中性,无,low
百日誓师,comment,回复：好好笑哈哈哈哈哈哈,中性,无,low
百日誓师,comment,笑鼠,中性,无,low
百日誓师,comment,求你们去看后续,中性,无,low
百日誓师,comment,回复：哈哈哈哈哈哈哈哈好抽象啊,中性,无,low
百日誓师,comment,回复：四川的成人礼这么抽象了吗,中性,无,low
百日誓师,comment,校长眼中的自己：,中性,无,low
百日誓师,comment,快哉快哉,中性,无,low
百日誓师,comment,回复：校长也是江湖悠悠了,中性,无,low
百日誓师,comment,哈哈哈,中性,无,low
百日誓师,comment,笑得小女子快哉快哉,中性,无,low
百日誓师,comment,回复：这就对了嘛,中性,无,low
百日誓师,comment,难怪名字叫陛下哈哈哈哈哈,中性,无,low
百日誓师,comment,男生穿白蓝当翩翩公子，然后让女生穿红黑,中性,无,low
百日誓师,comment,不过红黑其实挺庄重的，蓝白色一般人穿上去都蛮显黑显胖的（,中性,无,low
百日誓师,comment,而且个人觉得同价位下红黑的质感会比蓝白好一点,中性,无,low
百日誓师,comment,过些年回看，其实红黑没这么尬，蓝白…可不一定,中性,无,low
百日誓师,comment,红黑可是尊贵的配色,中性,无,low
百日誓师,comment,老师你们这么多人关注我等我们办完我就出后续哈,中性,无,low
百日誓师,comment,这边联名上书，qjl也穿我们就穿，不然我买龙袍哈,中性,无,low
百日誓师,comment,不准因为我已经穿过了,正面,学业,high
百日誓师,comment,回复 _11Biiaa. h2o2 : 求照片,中性,无,low
百日誓师,comment,回复：求成人礼那天你给我打视频,中性,无,low
百日誓师,comment,小朋友别偷图,中性,无,low
百日誓师,comment,单说这个衣服侧面漏腰就不可能，要是真的成人礼穿这个，家长不得冲进校长办公室去,正面,学业,low
百日誓师,comment,回复：我发的是卖家秀啊，没说是自己,中性,无,low
百日誓师,comment,回复：其实还可以，现在是自愿购买,中性,无,low
百日誓师,comment,回复：我要有这么好看就好了，我发的只是卖家秀,中性,无,low
百日誓师,comment,哈哈哈哈哈我们学校去年也是这个，有男生穿的像妖道,中性,无,low
百日誓师,comment,给你们开开眼,中性,无,low
百日誓师,comment,回复：哈哈，其实还挺好的,正面,生活,medium
百日誓师,comment,回复：这我能说，跟我当年的衣服一模一样，好丑,焦虑,学业,medium
百日誓师,comment,回复：妈耶跟我们当年一样,中性,无,low
百日誓师,comment,回复：笑不出来，这衣服我初中真让我们穿过，用来祭孔,中性,无,low
百日誓师,comment,你们是租的还是买的呢,中性,无,low
百日誓师,comment,哇有一点痞帅 又有一点古风,中性,无,low
百日誓师,comment,回复：,中性,无,low
百日誓师,comment,回复：别说了我表弟成人礼真的穿的这个,中性,无,low
百日誓师,comment,回复：哈哈哈哈哈哈哈哈哈,中性,无,low
百日誓师,comment,回复：哈哈哈哈哈哈哈哈,中性,无,low
百日誓师,comment,回复：,中性,无,low
百日誓师,comment,下面笑的声音特别大，我们在上面演的死压嘴角,中性,无,low
百日誓师,comment,民国这个还好,中性,无,low
百日誓师,comment,最好的我们同款,中性,无,low
百日誓师,comment,jcy的来时路,中性,无,low
百日誓师,comment,民国这个真的还好,中性,无,low
百日誓师,comment,你这个，我们当时表演节目统一租过，博主发那个，我们成人礼家长提议统一穿，快哉快哉,中性,无,low
百日誓师,comment,你怎么知道七中万达成人礼就穿的这个呵呵呵登过基了已经,中性,无,low
百日誓师,comment,我们学校现在的校长就是你们以前的老师,中性,无,low
百日誓师,comment,回复：通锦吗还是哪个学校啊,中性,无,low
百日誓师,comment,回复：天府sdyz,中性,无,low
百日誓师,comment,回复：噢噢噢噢,中性,无,low
百日誓师,comment,这衣服我十二年前穿过,中性,无,low
百日誓师,comment,现在怎么还有，我真服了我天呐,愤怒,社会,medium
百日誓师,comment,回复：天我们当年也是18年穿的这个,中性,无,low
百日誓师,comment,回复：当时去拍艺术照我妈说这个丑我不听，我非要这个…,焦虑,家庭,high
百日誓师,comment,回复：哈哈哈哈哈哈哈哈因为那几年还有再往前几年，宫，美人心计都是汉宫剧,中性,无,low
百日誓师,comment,回复：笑死我了哈哈哈哈,中性,无,low
百日誓师,comment,那很快哉快哉了,中性,无,low
百日誓师,comment,你们到时候也要穿吗,中性,无,low
百日誓师,comment,回复：不会，校服上阵,中性,无,low
百日誓师,comment,回复：小女子不才,中性,无,low
百日誓师,comment,我们成人礼全体高三学生校长帽,中性,无,low
百日誓师,comment,那也是很有生活了,中性,无,low
百日誓师,comment,遭了 我们也是……,中性,无,low
百日誓师,comment,我们当时是穿这种哈哈哈哈哈（2021年的时候）,中性,无,low
百日誓师,comment,咋家长也要穿啊,焦虑,家庭,high
百日誓师,comment,回复：哈哈哈哈不是每一位都要穿，只有学生代表和家长代表要穿,焦虑,家庭,high
百日誓师,comment,回复：你们学校怪舍得的，还搞个茶几,中性,无,low
百日誓师,comment,回复：哈哈哈哈哈,中性,无,low
百日誓师,comment,这影楼装居然还有人在用……便宜的汉服也不少啊,中性,无,low
百日誓师,comment,领导就感觉好像二三十年没通网似的,中性,无,low
百日誓师,comment,回复：穿出去都嫌丢人那种,中性,无,low
百日誓师,comment,重要的不是汉服与否 是领导几十年如一日的品味啊,中性,无,low
百日誓师,comment,有没有可能是因为这玩意它便宜，领导一般都是首选性价比,中性,无,low
百日誓师,comment,我们这个是自费的就50块钱,中性,无,low
百日誓师,comment,md 我以前成人礼也穿这个...很像,中性,无,low
百日誓师,comment,回复：感觉是桂林中学,中性,无,low
百日誓师,comment,回复：不是不是 我成绩没那么好 不过我确实是桂林的 这衣服还是我们校长从你们学校借的,中性,无,low
百日誓师,comment,hello tyl我带我诡秘来凑热闹了,中性,无,low
百日誓师,comment,求老公你回来和我们一起穿,中性,无,low
百日誓师,comment,回复 _11Biiaa. h2o2 : 依稀记着你穿的p1,中性,无,low
百日誓师,comment,我是80后，08年成人礼，那一年国家多灾多难的，成人礼学校组织我们穿着校服在烈士陵园对着杨靖宇将军的雕像宣誓，我印象超级深刻，校长讲话阶段我们就泣不成声了，那一刻真的觉得自己成年了，是大人了，肩膀上要扛起好多好多责任了，大家是真的卯着劲想为国家做贡献,中性,无,low
百日誓师,comment,现在的成年礼，emmm，看不懂了……,中性,无,low
百日誓师,comment,感觉你们的成人礼好有意义,中性,无,low
百日誓师,comment,我们那届疫情末尾，根本没有成年礼,中性,无,low
百日誓师,comment,按理说每年成年礼都是徒步几十公里到烈士陵园这样,中性,无,low
百日誓师,comment,回复：我们还好，烈士陵园在市区，虽然也是徒步去但不到十公里，能走得动，回学校还是坐的大巴车,中性,无,low
百日誓师,comment,最大的问题是质量，质量好了这衣服不会丑,中性,无,low
百日誓师,comment,但是图上明显是塑料质感,中性,无,low
百日誓师,comment,质感稍微能看的传统汉服至少也要两三百起步，想想全校这么多人，经费应该不允许,中性,无,low
百日誓师,comment,回复：有白菜价哒，我买的唐制一套一百多，虽然没有多高档但是至少看着像正常衣服,中性,无,low
百日誓师,comment,回复：学校不可能每届都买新衣服的，买好点的，一年穿一次，多穿几届，均摊一下也不会很贵,中性,无,low
百日誓师,comment,回复：曹县的那种一百左右就能拿下吧,中性,无,low
百日誓师,comment,任何衣服成为校服都会变丑,中性,无,low
百日誓师,comment,妹子们先放一张 后续等学校照片出来发个新贴,中性,无,low
百日誓师,comment,刷到了一个直播叫什么天府师大也穿的这个哈哈哈,中性,无,low
百日誓师,comment,我们的很类似，但是当时觉得还好诶,中性,无,low
百日誓师,comment,回复：啊哈哈哈哈哈哈可能是我们的记忆美化了,中性,无,low
百日誓师,comment,我嘞个豆，我们成人礼的时候就是那套黑的,中性,无,low
百日誓师,comment,我们当时真的穿的这个 别笑,中性,无,low
百日誓师,comment,回复：就是研学去的一个地方 顺便搞了这个成人礼 整个年段都穿 这是我们班合照,中性,无,low
百日誓师,comment,这种古早影楼装他们怎么找到的…,中性,无,low
百日誓师,comment,回复 汤圆与粽子是同类,中性,无,low
百日誓师,comment,来来来我来艾特出这所私人学校,中性,无,low
百日誓师,comment,h2o2 为啥不给我顶上去,中性,无,low
百日誓师,comment,稳了❤️‍🔥,中性,无,low
百日誓师,comment,别笑了……我们真是第一张图片上的那一套啊,中性,无,low
百日誓师,comment,右边怎么感觉是个红色塑料袋,中性,无,low
百日誓师,comment,回复：我的抽象同桌把裙子从头上套下去了,中性,无,low
百日誓师,comment,回复：笑死我了哈哈哈哈哈哈,中性,无,low
百日誓师,title,银川二中成人礼＆百日誓师,中性,无,low
百日誓师,content,#百日誓师#成人礼#18岁成人礼#十八岁成人礼#限定女高,中性,无,low
百日誓师,comment,干死六盘,中性,无,low
百日誓师,comment,六盘的百日誓师长啥样,中性,无,low
百日誓师,comment,高一高二的没看上,中性,无,low
百日誓师,comment,哈哈哈为什么,中性,无,low
百日誓师,comment,回复：咦咦咦……,中性,无,low
百日誓师,comment,哈哈哈还是那样吗,中性,无,low
百日誓师,comment,记忆被拉回了11年前,中性,无,low
百日誓师,comment,就想问一下现在还抓改裤子的吗,中性,无,low
百日誓师,comment,我也不太清楚,中性,无,low
百日誓师,comment,回复：我8年前改裤子还被抓了,中性,无,low
百日誓师,comment,我们那时候改个小裤脚把自己弄得跟个非主流一样，现在想起来就觉得尴尬😅,中性,无,low
百日誓师,comment,回复：现在还有 不过比我们那时候好看多了,自卑,自我,high
百日誓师,comment,我就记得我们那阵教导主任天天在校门口抓头发不合格和改裤脚的,中性,无,low
百日誓师,comment,回复：现在的学妹都会收拾打扮了，我们10年前那会儿女生一个改裤子一个头发让金主任给抓惨了哈哈哈哈哈哈哈,中性,无,low
百日誓师,comment,2024中考 目标是二中,焦虑,学业,medium
百日誓师,comment,加油，明年我也要高考了,焦虑/正面,学业,medium
百日誓师,comment,都会有的,中性,无,low
百日誓师,comment,闪光少女们,中性,无,low
百日誓师,comment,姐姐，二中的成人礼不能穿礼服嘛,中性,无,low
百日誓师,comment,应该是夏天还有一个成人礼可以穿礼服,中性,无,low
百日誓师,comment,哇好多美女,中性,无,low
百日誓师,comment,2023中考，非～常想考二中,焦虑,学业,medium
百日誓师,title,又是一年百日誓师,中性,无,low
百日誓师,comment,这是去年啦 我已经大一了,中性,无,low
百日誓师,comment,回复：哈哈哈哈哈哈学妹好,中性,无,low
百日誓师,comment,大学还有誓师吗,中性,无,low
百日誓师,comment,这是高中,中性,无,low
百日誓师,comment,回复：大学轻松很多,中性,无,low
百日誓师,comment,谁的宝宝这么美啊,中性,无,low
百日誓师,comment,我将关注你，美少女,中性,无,low
百日誓师,comment,哎呀我都两年了,中性,无,low
百日誓师,comment,华南理工，好厉害,中性,无,low
百日誓师,comment,姐姐你好美啊…,中性,无,low
百日誓师,comment,多人追你嗎,中性,无,low
百日誓师,comment,祝您金榜题名,中性,无,low
百日誓师,content,每次去学校都要浪费最少 一个半小时，放学前不能 出校门只能找个小教室偷 偷拿手机出来看网课,中性,无,low
百日誓师,content,百日誓师能不去就不去吧 我不觉得这对我的人生有 什么重大的意义,中性,无,low
百日誓师,content,去了焦 虑发作，身心俱疲,中性,无,low
百日誓师,comment,支持你 百日誓师就是毫无意义的仪式感 我也打算百日誓师和成人礼都不参与,中性,无,low
百日誓师,comment,回复：不会吧，我们这边都不办这些，感觉也还好,中性,无,low
百日誓师,comment,回复：或者你可以当天突然告诉他你身体不舒服实在去不了,中性,无,low
百日誓师,comment,那想问问你是拿啥理由请假的,中性,无,low
百日誓师,comment,不跟你们讲，百日逝世之后，反而人们会进入一种很松懈的状态基本上吧就刚开始，特别那啥，慢慢的就无力，一般出现这种状况的还都是中等生,中性,无,low
百日誓师,comment,我们年级主任不知道脑子怎么想的，当时才高二，让我们去参加高三的百日誓师，说提前感受高三氛围，百日誓师还特么安排到周日早上八点开始,中性,无,low
百日誓师,comment,前一天晚上六点才回去，还留了作业，本来第二天下午就两点上课，睡眠不足都一周了还不让我好好补个觉,委屈,人际,high
百日誓师,comment,我也不去了,中性,无,low
百日誓师,comment,怎么样了,中性,无,low
百日誓师,comment,因为学校百日誓师去年爬香山，正好放松一下,中性,无,low
百日誓师,comment,姐妹，你是拿啥理由请的,中性,无,low
百日誓师,title,2025年初三百日誓师活动方案,中性,无,low
百日誓师,content,2025年初三百日誓师活动方案#初三毕业生百日誓师#中考加油,焦虑/正面,学业,medium
百日誓师,comment,老师 有电子版嘛,中性,无,low
百日誓师,comment,回复：怎么获得,中性,无,low
百日誓师,comment,怎么取课件,中性,无,low
百日誓师,comment,有没有背景墙ppt,中性,无,low
百日誓师,comment,怎么取方案,中性,无,low
百日誓师,title,百日誓师，谱写青春华章,中性,无,low
百日誓师,content,#洛阳中招#高中#初中#百日誓师#青春 百日誓师大会是一个传统的中国教育仪式，通常在新学期开始前举行，目的是激励学生努力学习，提高他们的自我管理和自律能力,正面,学业,low
百日誓师,content,在大会上，学校领导和老师会向学生发表讲话，鼓励他们设定目标，并承诺在接下来的100天里全力以赴地实现这些目标,中性,无,low
百日誓师,content,百日誓师大会通常包括以下步骤： 誓词：在大会上，学生会一起宣誓，表达对学习和自我提升的承诺和决心,中性,无,low
百日誓师,content,目标设定：学生需要设定自己的目标和计划，并与班主任或老师商讨,中性,无,low
百日誓师,content,师生互动：老师会在大会上与学生互动，鼓励他们设定具体的目标，并提供指导和帮助,中性,无,low
百日誓师,content,活动：为了激励学生参与，一些有趣的活动通常会在百日誓师大会期间举行，例如运动会、文艺表演等,中性,无,low
百日誓师,content,总结：在100天期间结束后，学校通常会举行一次总结会议，学生和老师会回顾自己的学习和成长过程，分享经验和教训,中性,无,low
百日誓师,content,通过百日誓师大会，学生可以更好地规划自己的学习和生活，增强自我管理和自律能力，以及培养坚韧和毅力精神,中性,无,low
百日誓师,content,百日誓师大会已经结束，但是我们的努力和奋斗刚刚开始,正面,学业,low
百日誓师,content,让我们将这次经历作为一个转折点，重新审视我们的目标，并为实现这些目标而全力以赴,中性,无,low
百日誓师,comment,🐚,中性,无,low
百日誓师,comment,可以直接用结束语吗,中性,无,low
百日誓师,title,中考百日誓师演讲稿,焦虑,学业,medium
百日誓师,content,奋战百日迎中考，青春励志向未来,焦虑,学业,medium
百日誓师,content,誓师是战士出征的壮行仪式，今天，我们X中初三的学生也是即将出征的勇士,中性,无,low
百日誓师,content,在古代，出征要喝壮行酒，今天我就以诗代酒，为各位壮行,中性,无,low
百日誓师,content,送给大家三句诗： 第一句诗——青春须早为，岂能长少年,中性,无,low
百日誓师,content,第二句诗——千淘万漉虽辛苦，吹尽狂沙始到金,中性,无,low
百日誓师,content,第三句诗——雄关漫道真如铁，而今迈步从头越,中性,无,low
百日誓师,content,#演讲稿#发言稿#中考誓师大会发言稿#中考誓师,焦虑,学业,medium
百日誓师,title,成人礼千万不要穿红色,中性,无,low
百日誓师,content,因为太美啦～#成人礼#成人礼礼服#百日誓师,中性,无,low
百日誓师,comment,宝宝是house of cb的裙子嘛,中性,无,low
百日誓师,comment,成人礼那个颜色出现得最少，最亮眼啊,中性,无,low
百日誓师,comment,宝宝 我觉得如果想特别一点 可以去租孤品 市面上卖的那些礼服基本都会有相似的,中性,无,low
百日誓师,comment,回复：宝宝 你在哪里租的呀,中性,无,low
百日誓师,comment,回复：就是我们这里的婚纱店 婚纱店都有礼服出租的,中性,无,low
百日誓师,comment,反正不要穿暗色或者白的，这样子不怎么显眼,中性,无,low
百日誓师,comment,回复：暗色的显眼吗,中性,无,low
百日誓师,comment,我还以为很多人会买暗色的礼服，,中性,无,low
百日誓师,comment,回复：我们学校就挺多的，除非闪闪的，有一个女生穿黑丝裙子但是很闪我现在还记得，其他印象不深[棒R],中性,无,low
百日誓师,comment,绿色，黄色,中性,无,low
百日誓师,comment,红色也挺好看的我毕业就是穿的红色 而且不会怎么撞款,中性,无,low
百日誓师,comment,宝宝我穿了一条紫色的全校就看见有一个紫,中性,无,low
百日誓师,comment,那很爽了,中性,无,low
百日誓师,comment,穿最适合你风格身材的，你就会发现其他人穿啥色都比不过你，去试宝子,中性,无,low
百日誓师,comment,我穿的绿色，全年级只有我一个,中性,无,low
百日誓师,comment,我感觉是婚纱或花嫁那种大部分都穿礼服或者鱼尾,中性,无,low
百日誓师,comment,原来有钱人都过成人礼的,中性,无,low
百日誓师,comment,这个不是学校在高考前几个月会办的成人礼吗,焦虑,学业,medium
百日誓师,comment,回复：河北办百日誓师，就是那种穿着校服喊百日拼搏高考必胜.....,焦虑/正面,学业,medium
百日誓师,comment,家人们这一套可以吗,中性,无,low
百日誓师,comment,杏树早被避雷了,中性,无,low
百日誓师,comment,回复：这个也好看,中性,无,low
百日誓师,comment,回复：素颜霜加加加个不停~~,中性,无,low
百日誓师,comment,是哪个倒霉蛋不仅没有成人礼，百日誓师都取消了呢,中性,无,low
百日誓师,comment,那很棒了,中性,无,low
百日誓师,comment,那不是很好嘛，省事了，不用喊口号了,中性,无,low
百日誓师,comment,哪个倒霉蛋学校举办的成人礼是徒步去烈士陵园然后发一本民法典然后自己打车回家,中性,无,low
百日誓师,comment,回复：很有节目了,中性,无,low
百日誓师,comment,我以前都不知道有这玩意儿,中性,无,low
百日誓师,comment,我真不知道成年礼要穿礼服，我儿子成年礼都不要我们去，衣服他提都没提,中性,无,low
百日誓师,comment,你平常都不跟儿子交流吗,中性,无,low
百日誓师,comment,回复：交流啊，但是没有什么话说的，我问他就搭一句，不问他就不说，成年礼他叫他姑姑姑父去，我觉得孩子也会嫌弃自己的父母，他姑姑姑父是老师跟校长，我老公在家他都不要我老公去，我不在家里，他说没什么意思的就是校运会,中性,无,low
百日誓师,comment,回复：家长还是多反思一下吧 多沟通,中性,无,low
百日誓师,comment,可以求求链接吗,中性,无,low
百日誓师,comment,宝宝我是在店里租的,中性,无,low
百日誓师,comment,回复：谁问你了,中性,无,low
百日誓师,comment,回复：疑似搞抽象被制裁哈,中性,无,low
百日誓师,comment,我的成人礼,中性,无,low
百日誓师,comment,我去美死了,中性,无,low
百日誓师,comment,怎么可以身材这么好,中性,无,low
百日誓师,comment,宝宝 这条裙子穿无肩带内衣是不是会露出来呀,中性,无,low
百日誓师,comment,回复：可能会噢，我贴的胸贴,中性,无,low
百日誓师,comment,提问：成人礼礼服在哪里看的,中性,无,low
百日誓师,comment,宝宝你可以选择在当地的店子租or在实体/网上买一套,中性,无,low
百日誓师,comment,为啥不穿，很好看,中性,无,low
百日誓师,content,“一将能比百万兵”高考#百日誓师#金榜题名#干呕哥#MVP,焦虑,学业,medium
百日誓师,comment,等那个女生当上小头目你就知道她的恐怖了,中性,无,low
百日誓师,comment,回复：而且那个采访是关于网络暴力的采访，后面都在讲学校怎么在那个女生被网暴后进行心理辅导，当时学校完全把她保护了起来，让她与负面网络消息进行隔离，才没有影响到人家高考,焦虑,学业,medium
百日誓师,comment,那个女生是很开朗的人，现在在人民大学新闻系，抖音也有号，当时一周年后记者有去学校采访她，也去了她的高中采访她老师和她的学弟学妹,中性,无,low
百日誓师,comment,她在学弟学妹眼里都是好好的,中性,无,low
百日誓师,comment,回复：开朗和思维模式有啥关系,中性,无,low
百日誓师,comment,回复：人家自己抖音有号，自己看去啊,中性,无,low
百日誓师,comment,第一个表面是在演讲实际是在说对自己说的话，没什么意义，第二个是怎么个事,中性,无,low
百日誓师,comment,第二个主张不卸原神，符合高中生主流价值观,中性,无,low
百日誓师,comment,他由于前面太卖力，最后登台后失声了,中性,无,low
百日誓师,comment,高音部分交给我好吗,中性,无,low
百日誓师,comment,至今无人超越干呕哥,中性,无,low
百日誓师,comment,所有同学,中性,无,low
百日誓师,comment,跟我炫屎,中性,无,low
百日誓师,comment,到西部去,中性,无,low
百日誓师,comment,到伊拉克去,中性,无,low
百日誓师,comment,六百多……其实……也还好吧,中性,无,low
百日誓师,comment,对于大部分省份的分数排布图，可以看到，600多分不低，大部分省份超过700分的也没多少,中性,无,low
百日誓师,comment,第一个好像考了人大，第二个好像考了七百多,中性,无,low
百日誓师,comment,.我是帮一位小红书叫“雨柔の梦”的网友找的她，应该是女儿吧,中性,无,low
百日誓师,comment,十分抱歉，浪费了你们的时间,中性,无,low
百日誓师,comment,往那一站就知道实力了,中性,无,low
百日誓师,title,礼服竟然这么出片,中性,无,low
百日誓师,content,真的感叹住了,中性,无,low
百日誓师,content,由于学校的百日誓师推迟了一周，所以和朋友在外面租了礼服拍照，真的没想到一个相机📷三个女孩会这么出片,中性,无,low
百日誓师,content,果然阳光还是最好的滤镜🌤️🌤️,中性,无,low
百日誓师,content,：你们的学校校都举办百日誓师了吗#礼服#成人礼礼服#高三,中性,无,low
百日誓师,comment,粉色礼服有链接嘛,中性,无,low
百日誓师,comment,是租的宝宝,中性,无,low
百日誓师,comment,十字皇后,中性,无,low
百日誓师,comment,回复：他家可以租但是一天也有200～300感觉还不如买但是婚纱店之类的应该也能租吧,自卑,自我,high
百日誓师,comment,蓝色的👗有🔗吗,中性,无,low
百日誓师,comment,回复：在哪里租的呀，可以说说嘛，这个姐姐穿起来好漂亮,中性,无,low
百日誓师,comment,回复：在西安钟楼那边,中性,无,low
百日誓师,comment,回复：能问一下，具体哪家店吗,中性,无,low
百日誓师,comment,我们也要办成人礼了,中性,无,low
百日誓师,comment,回复：我也记不清了，不过我有店里的微信，你可以问问他们,中性,无,low
百日誓师,comment,都很好看诶（之前学校就在附近哈哈）,中性,无,low
百日誓师,comment,学校问题吧,中性,无,low
百日誓师,comment,什么相机,中性,无,low
百日誓师,comment,佳能sx510hs,中性,无,low
百日誓师,comment,什么相机拍的,中性,无,low
百日誓师,comment,漂亮的都找漂亮的做朋友,中性,无,low
百日誓师,comment,蓝色的有吗,中性,无,low
百日誓师,title,百日誓师｜高考加油,焦虑/正面,学业,medium
百日誓师,content,又一年百日誓师 离从前认为很遥远的那天也已经很遥远了啊,中性,无,low
百日誓师,content,高三加油哇,正面,学业,low
百日誓师,content,#高考加油#百日誓师#高考上岸#金榜题名#学业有成前程似锦#致高考#大学 以及有什么问题欢迎到上一条笔记下方提问,焦虑/正面,学业,high
百日誓师,content,看见了就回#大学#南京大学,中性,无,low
百日誓师,comment,我大一啦哈哈哈,中性,无,low
百日誓师,comment,回复：好吧好吧 大学生活也顺利呀,中性,无,low
百日誓师,comment,学弟加油,正面,学业,low
百日誓师,comment,“去那么远没问题么,中性,无,low
百日誓师,comment,” “没问题,中性,无,low
百日誓师,comment,道路笔直畅通无阻，太阳又没下山，油箱满满的,中性,无,low
百日誓师,title,百日誓师大会,中性,无,low
百日誓师,content,我们这边是12号举行百日誓师，大概4月27号指标到校，6月12中考，让我们以 百日为期，拼搏为翼,焦虑/正面,学业,medium
百日誓师,comment,我也马上到了,中性,无,low
百日誓师,comment,我们是六月二十五中考,焦虑,学业,medium
百日誓师,comment,那不是心跳的声音吗，这个谁发明的，听着好big,中性,无,low
百日誓师,title,百日誓师演讲稿,中性,无,low
百日誓师,content,不知不觉，距离我当年作为高考百日誓师发言人已经有三年了，还是忘记不了当年的那个时刻 #演讲稿#高三#百日誓师,焦虑,学业,medium
百日誓师,title,推荐｜《伏鹰》by春风榴火,中性,无,low
百日誓师,content,🔸小说简介： 百日誓师大会上，全校女生痴迷地望着作为优秀学生发言的迟鹰,中性,无,low
百日誓师,content,闺蜜小声对苏渺说：“等会儿一下台，我旁边的女生就会对他告白,中性,无,low
百日誓师,content,” 果不其然，散会时，有女生红着脸对迟鹰告白了，他礼貌且不失风度地拒绝：“你很漂亮，值得更好的风景陪衬,中性,无,low
百日誓师,content,” 能被迟鹰温柔地拒绝一次，也成了女孩们梦寐以求的一件事,中性,无,low
百日誓师,content,苏渺面无表情地转身离开,中性,无,low
百日誓师,content,” …… 众所周知，迟鹰英俊谦和、温柔得体，是所有女孩心目中当之无愧的男神,中性,无,low
百日誓师,content,除了苏渺,中性,无,low
百日誓师,content,然而谁都不知道，在无人的后花园，微醺的迟鹰将苏渺按在墙边，指尖把玩着她的裙上的蝴蝶结—— “跟我接吻吗,中性,无,low
百日誓师,content,” 他是不羁的雄鹰，我永远只能抬头仰望,中性,无,low
百日誓师,content,直到那天，鹰落到我身边,中性,无,low
百日誓师,content,再也没有飞走,中性,无,low
百日誓师,title,高三百日誓师,中性,无,low
百日誓师,content,最后一百天了#百日誓师#高三#能不能考上好大学就看这个了,中性,无,low
百日誓师,title,百日誓师，拼搏百天，金榜题名,正面,学业,low
百日誓师,content,#百日誓师大会#湖北高考#高三#武汉状元教育#祝大家前程似锦,焦虑,学业,medium
百日誓师,title,​百日誓师,中性,无,low
百日誓师,content,逐梦之路所向无前#高考加油,焦虑/正面,学业,medium
百日誓师,title,“百日誓师”仪式感满满的🎉,中性,无,low
百日誓师,content,红丝带不仅是装饰，更是孩子们百日誓师的象征,中性,无,low
百日誓师,content,每个手腕都系上烫金“金榜题名”，拍照、合影都超有仪式感,中性,无,low
百日誓师,content,晨读、刷题、每一道难题的坚持，都被这条丝带记录,中性,无,low
百日誓师,content,100天，红丝带陪伴，努力也有形可见,正面,学业,low
百日誓师,content,#高考生#高考加油礼物#高考加油金榜题名#中高考礼物#升学礼物#班主任礼物#中考加油#高考#高考加油励志礼品#中考礼品,焦虑/正面,学业,medium
百日誓师,title,百日誓师现场｜青春最燃的样子，都在这里,中性,无,low
百日誓师,content,少年加油，六月考场，静待花开 #中考百日誓师#初三#中考加油#百日誓师#中考倒计时#少年自有少年狂#金榜题名#决战中考#不负韶华#初三家长#青春奋斗#中考励志,焦虑/正面,学业,high
百日誓师,comment,是13班还是14班,中性,无,low
百日誓师,title,百日誓师被网暴女孩考进人大新闻系,中性,无,low
百日誓师,content,百日誓师被网暴女孩傅文迪凭借600多分的高考成绩成功考入中国人民大学新闻系，用实际行动回应了网络上的恶意攻击，展现了自己的实力和坚持梦想的决心,焦虑,学业,medium
百日誓师,content,她用自主不息的热血和激情，提醒我们奋斗与拼搏是应该被追求和推崇的精神品质,正面,学业,low
百日誓师,content,被喷的人，一种是的的确确该喷，一种则是优秀到异类，她已经到达大多数人不能企及的高度,中性,无,low
百日誓师,content,…… #正能量#看世界#励志,中性,无,low
百日誓师,comment,但是普通大学甚至985，211出路受限啊,焦虑,未来,high
百日誓师,comment,回复：我们聊的是一回事么,中性,无,low
百日誓师,comment,回复：噢，抱歉，我看错了,中性,无,low
百日誓师,comment,回复：我们杭州文广的 很多都是普通人啊 没几个有家庭背景的 就像刚来的实习记者也都是普通院校毕业啊,中性,无,low
百日誓师,comment,回复 Bee rich : b端销售吧,中性,无,low
百日誓师,comment,b端销售非常赚钱的，而且越做越牛,中性,无,low
百日誓师,comment,张雪峰本身客户就是 他的咨询费可不少呢,中性,无,low
百日誓师,comment,zxf想表达的应该不只是这个，只是在互联网上也只能说这个,中性,无,low
百日誓师,comment,回复：中传人大复旦的新传，媒体界随便挑,中性,无,low
百日誓师,comment,所谓出路不好只是相比计算机类挣得少点而已，对比公务员事业编还是吊打,焦虑,未来,high
百日誓师,comment,回复：她表达的意思难道不是我们不应该以我们普通人的就业情况去说人家人大新闻的不好吗，能考上人大的已经不属于张雪峰说的范畴了,中性,无,low
百日誓师,comment,因为大众苦“学新闻学的”久矣，我们又如何能苛求大众像我们想的那样分得清,中性,无,low
百日誓师,comment,回复：张雪峰也是拿新闻和理工科比的，要这么比的话文科没有什么好专业了,中性,无,low
百日誓师,comment,回复：反正人家张雪峰原直播里的意思是根据那个孩子本身的情况给的意见，他当时明明有更好的选择，张雪峰基于对一个普通孩子往高走的期冀，当然不建议他学新闻学结果这个事件被很多自媒体掐头去尾传成“张雪峰不建议学新闻学”，真就证明“学新闻学的”呗,中性,无,low
百日誓师,comment,回复：负责任的告诉你 你说的这些天之骄子很多都去考公考编了,中性,无,low
百日誓师,comment,回复：世界也不只是有钱人怎么普通人啥专业都别学了都留给有钱人学,中性,无,low
百日誓师,comment,回复：新闻要求严格啊，学历也严格啊,中性,无,low
百日誓师,comment,因为对大众来说新闻专业如何不重要，现在连央广网的记者都能做出这么恶劣不实歪曲引导的新闻，所以这就是抒发大家对现在媒体的不满,中性,无,low
百日誓师,comment,回复：有些专业本来就是对于普通人来说没有人脉很难混下去啊，特别是人才济济的专业，高学历也多的是,中性,无,low
百日誓师,comment,小姑娘也没做什么伤天害理的事情干嘛被网暴啊,中性,无,low
百日誓师,comment,从头到尾我都不理解为什么被网暴，百日誓师亢奋一点不是很正常嘛,中性,无,low
百日誓师,comment,回复：主要是可能表情有点狰狞吧 那个角度看是有一点没必要网暴,中性,无,low
百日誓师,comment,见不得人家热血沸腾当学霸,中性,无,low
百日誓师,comment,一个湖南小县城的姑娘能靠自己的努力考到985已经很牛逼了,正面,学业,low
百日誓师,comment,努力的人值得尊重，她也一定会有更美好的未来,正面,学业,low
百日誓师,comment,回复：看不惯的是**观，不是努力本身哦,正面,学业,low
百日誓师,comment,回复：不然呢，985就是比我这种211的更强啊，承认别人厉害很难吗,中性,无,low
百日誓师,comment,人大新闻应该在全国是最牛的吧，我高中时都听说过,中性,无,low
百日誓师,comment,找工作很难 想去老家的广播台电视台都是没有编制 因为编制都是留给关系户的,中性,无,low
百日誓师,comment,回复：考公考编,中性,无,low
百日誓师,comment,回复：额……可是有几个人大新闻系的愿意回老家电视台啊,中性,无,low
百日誓师,comment,回复：新闻本硕看了你这个评论微微一笑,中性,无,low
百日誓师,comment,回复：央视更不可能啊,中性,无,low
百日誓师,comment,回复：我同学人大硕士新闻学,中性,无,low
百日誓师,comment,很多offer包括互联网，国企，选调生，金融公司,中性,无,low
百日誓师,comment,最后去了新闻梦想的一个新闻公司,中性,无,low
百日誓师,comment,真以为各种媒体公司不招人吗,中性,无,low
百日誓师,comment,你猜她从业后会以什么视角看待没机会努力或努力后却没有傲人结果的大多数百姓,正面,学业,low
百日誓师,comment,你觉得是什么视角，说说看,中性,无,low
百日誓师,comment,回复：是啊啥视角，我也好奇这人把我拉黑了笑死,中性,无,low
百日誓师,comment,猜不到也不知道，笑死，为什么要揣摩别人的想法，你又在假定什么,中性,无,low
百日誓师,comment,别又当又立在这装傻了,中性,无,low
百日誓师,comment,你在讲什么啊,中性,无,low
百日誓师,comment,不知所云,中性,无,low
百日誓师,comment,你又懂了,中性,无,low
百日誓师,comment,你是从业者嘛,中性,无,low
百日誓师,comment,没看见哪里网暴她呀,中性,无,low
百日誓师,comment,你没看见不代表没有,中性,无,low
百日誓师,comment,现在评论区里不就有,中性,无,low
百日誓师,comment,想合理化网暴呗,中性,无,low
百日誓师,comment,对呀，每个人有每个人的处境，感觉有的人似乎好像非要证明自己的想法更对，来评判审视苛责她,中性,无,low
百日誓师,comment,虽然是人大 但是新闻系中国新闻系哪个学校出来的都一个样 人大,中性,无,low
百日誓师,comment,学校是好学校 专业可未必是好专业呢,中性,无,low
百日誓师,comment,别被洗脑了 一看你就是对好学校一无所知,中性,无,low
百日誓师,comment,人大新闻学比北大还要厉害，全国第一，这出来绝不是张雪峰嘴里那样了,中性,无,low
百日誓师,comment,人大新闻是国内最好的新闻院校，学科评估A＋，真的很不错，而且读新闻不一定非要干新闻,中性,无,low
百日誓师,comment,回复：不要🙅🏻‍♀️这锅辽宁不背,中性,无,low
百日誓师,comment,你是diss不了人大只能冲新闻学下手是吧,正面,学业,low
百日誓师,comment,如果把学习当做攀比的工具，和荣耀，光荣什么的挂钩太多，这样的教育是比较失败的，小地方的教育给学生灌输的基本都是读书为了功名的这种思想，没有重视学生的求知欲，对知识本身的乐趣,中性,无,low
百日誓师,comment,因为这种地方还处在不拼命读书考出去就只能做一辈子体力活的阶段啊,中性,无,low
百日誓师,comment,以前我也这样想，后来资助了一些山区的孩子，发现这种思想要靠钱撑着的,中性,无,low
百日誓师,comment,对于贫困县的人来说，认知可以到了大学里慢慢改，但是打破惯性越早越好,中性,无,low
百日誓师,comment,其实兴趣是一种奢侈的东西，也许有小城镇出身的孩子，他本可能兴趣和技能点在艺术，但艺术的基础启蒙是昂贵的，也许正是需要她努力提升自己的生活条件，几十年后有了经济基础才可能“发现”这种兴趣，探索生命的广度和深度本身就不止在童年和青少年阶段，但人有追求更好生活的权利，功利和野心并不低人一等,正面,学业,low
百日誓师,comment,（ps：我也不认为追求高考名次的“功利性表现就能和无法享受知识的乐趣划等号，比起一些条件更好的孩子，启蒙就有名师循循善诱地引入兴趣，没有趣味性启蒙，自发从枯燥的书籍本身感受到学习并能学好本身也是享受“知识”,焦虑,学业,medium
百日誓师,comment,（比如所谓城市中产的子女看不起应试教育，但他们中的一部分人正是这项政策的受益者，他们的父母吃到了时代红利才有足够的资本让他们追求兴趣和人文关怀）,中性,无,low
百日誓师,comment,为什么瞧不起学新闻的,中性,无,low
百日誓师,comment,因为双非新闻相对而言没那么好找工作，但是这个是人大的,中性,无,low
百日誓师,comment,回复：现在的新闻学还有新闻学本身该有的样子么,中性,无,low
百日誓师,comment,现在的有些乱象根本不算新闻学新闻学本身还是有很大的价值,中性,无,low
百日誓师,comment,回复：为什么没有,中性,无,low
百日誓师,comment,考什么不好非考新闻系，出来做短视频博主,中性,无,low
百日誓师,comment,因为你的认知只能让你知道人大新闻系出来只能做视频博主,中性,无,low
百日誓师,comment,乐，你见过的短视频博主有几个是新闻系的,中性,无,low
百日誓师,comment,你见过人大新闻系的出来做短视频博主,中性,无,low
百日誓师,comment,短视频博主上大学的都不多，这是降维打击了,中性,无,low
百日誓师,comment,But选择比努力更重要，新闻系...这玩意就不是寒门能碰的东西,正面,学业,low
百日誓师,comment,看不见别人学校是什么样的平台,中性,无,low
百日誓师,comment,承认别人厉害有这么难,中性,无,low
百日誓师,comment,你觉得现在什么是好专业啊,中性,无,low
百日誓师,comment,我家比较穷，我也新闻…没事，现在工作也挺好,中性,无,low
百日誓师,comment,人大新闻不是张雪峰嘴里的新闻,中性,无,low
百日誓师,comment,回复：不是说她不厉害，我的意思是她可以有更好的选择，可以更对得起她的努力一点,正面,学业,low
百日誓师,comment,有什么专业是穷人的专业吗,中性,无,low
百日誓师,comment,有钱人玩什么都比别人玩的好如果这个女孩子足够有实力的话，那在哪里都一样,中性,无,low
百日誓师,comment,你这话就像那句女性20-29是最佳生育年龄一样…这个年龄做什么不是最佳啊,中性,无,low
百日誓师,comment,有没有可能选新闻系是因为她自己这件事让她意识到互联网的恶臭，所以想要做一个正向引导舆论的记者,中性,无,low
百日誓师,comment,什么算好专业 什么不算,中性,无,low
百日誓师,comment,适合自己的就是好专业,中性,无,low
百日誓师,comment,回复：毕业即失业，还想的挺多,中性,无,low
百日誓师,comment,回复：张雪峰视频看多了吧你,中性,无,low
百日誓师,comment,回复：去年是她今年是干呕哥看来以后一年出一个,中性,无,low
百日誓师,comment,回复：你觉得她有能力去改变整个国内现状,中性,无,low
百日誓师,comment,同学醒醒，她眼里都没有光了,中性,无,low
百日誓师,comment,她兜里有钱,中性,无,low
百日誓师,comment,人家前途有光,焦虑,未来,high
百日誓师,comment,不明白她做错啥了,中性,无,low
百日誓师,comment,回复：高考是给寒门天才翻身的，一个既没有天赋、也不愿意靠卷去弥补的人，那就不是高考要筛选的对象，自己放平心态接受平庸就行了,焦虑,学业,medium
百日誓师,comment,其实完全可以加大题目灵活度和难度，把做题家全甩掉，只留下真天才，那才是连卷的机会都不给普通人,中性,无,low
百日誓师,comment,回复：大部分人都是陪葬品,中性,无,low
百日誓师,comment,新闻系...难评,中性,无,low
百日誓师,comment,敢问你所在的贵校,中性,无,low
百日誓师,comment,他们学校百日誓师起码在操场，我们学校百日誓师强制我们去爬山，我们班丢了个人最后自己回来的,中性,无,low
百日誓师,comment,我操笑死了,中性,无,low
百日誓师,comment,是考上河南大学了好像，我们这边的，那个女孩分数不低呢,中性,无,low
百日誓师,comment,她哥也死了,中性,无,low
百日誓师,comment,哈哈哈就想知道那些之前嘲笑人家的b哥b姐，以后会不会给人家送外卖,中性,无,low
百日誓师,comment,餐券阴暗的一生,中性,无,low
百日誓师,comment,路过点了,中性,无,low
百日誓师,comment,想多了，网络就是热点时候有道德标的去跟风，这姑娘事都很久以前的事了，都没热度了，道德标的人都已不知道她是谁了,中性,无,low
百日誓师,comment,回复：她这高考结果出来不是又掀起了一波热度吗,焦虑,学业,medium
百日誓师,comment,现在的热度确实没有百日誓师时那波大，但不可否认的是热度降低的一部分原因是她考得还不错，某些无良媒体账号或网络喷子没有得到自己想要看到的结果所以偃旗息鼓,正面,生活,medium
百日誓师,comment,如果她高考失利，不排除会有一大波人将借势开喷的可能,焦虑,学业,medium
百日誓师,comment,这个妹妹一直在被网暴造谣，她刚出成绩的时候wb就开始造谣她考了500出头，然后一堆人又开始转发人身攻击她,中性,无,low
百日誓师,comment,看评论区有些人的回答“不就是玩笑”“她表情就是有问题”，我就知道为什么很多霸凌者从来都不觉得自己在霸凌，甚至还很自以为是,中性,无,low
百日誓师,comment,跟那些校园霸凌的人没两样,中性,无,low
百日誓师,comment,还要天天喊着自己被别人霸0了,中性,无,low
百日誓师,comment,新闻系🤣,中性,无,low
百日誓师,comment,你恶臭系,中性,无,low
百日誓师,comment,看看你的,中性,无,low
百日誓师,title,百日誓师大会（考研版）,中性,无,low
百日誓师,content,奋斗一百天，让青春的智慧在考场展现,中性,无,low
百日誓师,content,拼搏一百天，让父母恩师的期盼实现,正面,学业,low
百日誓师,content,百日虽短，梦想无边,中性,无,low
百日誓师,content,我以青春的名义宣誓：不畏艰难，不惧挑战,中性,无,low
百日誓师,content,我会照顾好自己的身体，不舍本逐末，健康备考,中性,无,low
百日誓师,content,我tm要读研，这个研我非要考，不是大概可能就这样，而是必须立即就要学,中性,无,low
百日誓师,content,不矫情，不抱怨，重点难点可劲儿钻,中性,无,low
百日誓师,comment,我会照顾好自己的身体，不舍本逐末，健康备考,中性,无,low
百日誓师,comment,我tm要读研，这个研我非要考，不是大概可能就这样，而是必须立即就要学,中性,无,low
百日誓师,comment,不矫情，不抱怨，重点难点可劲儿钻,中性,无,low
百日誓师,comment,我宣誓了，我要读研了,中性,无,low
百日誓师,comment,回复：\海豹/\海豹/\海豹/\海豹/我永远支持你⭐⭐,中性,无,low
百日誓师,comment,我发誓我明天一定认真学习,中性,无,low
百日誓师,comment,认真学习了吗,中性,无,low
百日誓师,comment,我认真学了,中性,无,low
百日誓师,comment,我宣誓了，我要读研了,中性,无,low
百日誓师,comment,回复：干吧的哟,中性,无,low
百日誓师,comment,我会照顾好自己的身体，不舍本逐末，健康备考,中性,无,low
百日誓师,comment,我tm要读研，这个研我非要考，不是大概可能就这样，而是必须立即就要学,中性,无,low
百日誓师,comment,不矫情，不抱怨，重点难点可劲儿钻,中性,无,low
百日誓师,comment,我会照顾好自己的身体，不舍本逐末，健康备考,中性,无,low
百日誓师,comment,我tm要读研，这个研我非要考，不是大概可能就这样，而是必须立即就要学,中性,无,low
百日誓师,comment,不矫情，不抱怨，重点难点可劲儿钻,中性,无,low
百日誓师,comment,我宣誓 从今天开始不遗余力全心全意放在考研身上 我会照顾好自己的身体，不舍本逐末，健康备考,中性,无,low
百日誓师,comment,我tm要读研，这个研我非要考，不是大概可能就这样，而是必须立即就要学,中性,无,low
百日誓师,comment,不矫情，不抱怨，重点难点可劲儿钻,中性,无,low
百日誓师,title,🍃百日誓师必备｜这款小物件真香,中性,无,low
百日誓师,content,💬最近在整理书桌时，发现这款2026高考励志小物件真的很有感觉,焦虑,学业,medium
百日誓师,content,迷你尺寸，放在书桌上刚刚好，电子发光的设计让整个桌面都多了几分仪式感,中性,无,low
百日誓师,content,🎭 👗材质是水晶玻璃，摸起来很扎实，光线柔和不刺眼，晚上看书的时候也能轻轻点亮心情,中性,无,low
百日誓师,content,定制模板的设计也很贴心，可以放上照片或者励志语录，每天看到都会更有动力,中性,无,low
百日誓师,content,🎀 📣实用性很强，性价比也高，适合高三学生日常使用，也适合作为礼物送给正在备考的朋友,中性,无,low
百日誓师,content,#yoyo新款#装饰品#维维美#威龙#yoyo#琢匠天机剑匣价格#猫猫pai盲盒#yoyo酱#传呼机#办公桌好物推荐,中性,无,low
百日誓师,content,今天是高中母校百日誓师➕成人礼的日子,中性,无,low
百日誓师,content,看见了好多学弟学妹的照片 还有放花灯的传统项目,中性,无,low
百日誓师,comment,祝学妹前程似锦,中性,无,low
百日誓师,comment,是学长么,中性,无,low
百日誓师,comment,沾沾状元🙏俺厦门高二明天返校啦,中性,无,low
百日誓师,comment,新学期冲冲冲,正面,学业,low
百日誓师,comment,回来给学弟学妹座谈一下,中性,无,low
百日誓师,comment,水平还不太够,中性,无,low
百日誓师,comment,嘻嘻加油呀～,正面,学业,low
百日誓师,comment,我何德何能,中性,无,low
百日誓师,comment,哪一届的,中性,无,low
百日誓师,comment,回复：嗯嗯，弟弟是21届的，也是双十人,中性,无,low
百日誓师,comment,我今年一定考去双十,中性,无,low
百日誓师,comment,哈哈哈哈我们当时也有,中性,无,low
百日誓师,comment,高考加油呀～,焦虑/正面,学业,medium
百日誓师,comment,好巧呀～祝学妹一切顺利～,中性,无,low
百日誓师,comment,对了，她们的老师是你们这届的，唐段长,中性,无,low
百日誓师,comment,会哒～妹妹加油呀,正面,学业,low
百日誓师,title,最后一百天，我要上大学,中性,无,low
百日誓师,content,#高考#高三#高考加油,焦虑/正面,学业,medium
百日誓师,comment,九中高一在读加油奥,正面,学业,low
百日誓师,comment,一起加油，我也想考九中,正面,学业,low
百日誓师,comment,平度九中嘛宝宝,中性,无,low
百日誓师,comment,宝宝加油，可以问下期末成绩嘛,焦虑/正面,学业,medium
百日誓师,comment,回复：还好😅318咱们很快就要齐头并进了,中性,无,low
百日誓师,comment,回复：哇塞大佬厉害，318九种稳了啊,中性,无,low
百日誓师,comment,回复：是青岛九中哈，在西海岸,中性,无,low
百日誓师,comment,感觉姐姐你才刚中考怎么就要毕业了关注姐姐三年了，今年我也要青岛中考了，祝我们都上岸,焦虑/正面,学业,high
百日誓师,comment,祝你顺利，我今年青岛地生会考,中性,无,low
百日誓师,comment,姐姐，想去哪个学校,中性,无,low
百日誓师,comment,中国传媒大学,中性,无,low
百日誓师,comment,回复：播音主持专业吗,中性,无,low
百日誓师,comment,回复：听这个声音应该是的,中性,无,low
百日誓师,comment,回复：,中性,无,low
百日誓师,comment,冷知识，大学只有高三那年最想上,中性,无,low
百日誓师,comment,一定一定要上岸,正面,学业,high
百日誓师,comment,高考加油祝我,焦虑/正面,学业,medium
百日誓师,comment,高考加油，你一定可以的,焦虑/正面,学业,medium
百日誓师,comment,我的关注,中性,无,low
百日誓师,comment,高考顺利姐姐也祝我中考顺利,焦虑,学业,medium
百日誓师,comment,祝中考顺利宝子,焦虑,学业,medium
百日誓师,comment,祝宝宝中考顺利,焦虑,学业,medium
百日誓师,comment,中考顺利,焦虑,学业,medium
百日誓师,comment,女神高考上岸,焦虑/正面,学业,high
百日誓师,comment,宝宝有理想院校嘛,中性,无,low
百日誓师,comment,什么学校,中性,无,low
百日誓师,comment,长春第一的学校 一年上清北最少最少30个,中性,无,low
百日誓师,comment,回复：姐妹你说少了，去年不是69个嘛,中性,无,low
百日誓师,comment,回复：我去 主播背刺我,中性,无,low
百日誓师,comment,回复：净月初中就已经是35个青华肯定更贵啊,中性,无,low
百日誓师,comment,回复：师大附中,中性,无,low
百日誓师,comment,回复：那是师大自由，而且自由的清北率是十个人里出一个,中性,无,low
百日誓师,comment,回复：也没有这么夸张,中性,无,low
百日誓师,comment,回复：笑死我了,中性,无,low
百日誓师,comment,应该是师大自由把,中性,无,low
百日誓师,comment,师大青华,中性,无,low
百日誓师,comment,她学习不好,中性,无,low
百日誓师,comment,回复：她学习不好,中性,无,low
百日誓师,comment,回复：你怎么知道,中性,无,low
百日誓师,comment,回复：以为我俩是一个学校的宝宝,中性,无,low
百日誓师,comment,回复：尊嘟假嘟在你们学校是不是很出名,中性,无,low
百日誓师,comment,回复：大概是多少分呀,中性,无,low
百日誓师,comment,回复：真的宝宝,中性,无,low
百日誓师,comment,鸡是谁家的,中性,无,low
百日誓师,comment,长春本地大馋丫头要点,中性,无,low
百日誓师,comment,蹲蹲，感觉好香,中性,无,low
百日誓师,comment,我真的发现，如果学起来了，会真的不想玩,中性,无,low
百日誓师,comment,我英语老师天天考单词，某天不考我居然有点失望,中性,无,low
百日誓师,comment,回复：别英语课文,中性,无,low
百日誓师,comment,主播，你是左撇子吗,中性,无,low
百日誓师,comment,一样的笔袋,中性,无,low
百日誓师,comment,同担跟我同款笔袋,中性,无,low
百日誓师,comment,笔袋是百誉的吗,中性,无,low
百日誓师,comment,他就是晗少啊,中性,无,low
百日誓师,comment,宝宝初三就1点多睡了5点多起,中性,无,low
百日誓师,comment,吉林不应该啊,中性,无,low
百日誓师,comment,回复：为什么吉林就不应该啊,中性,无,low
百日誓师,comment,吉林就都很轻松么,中性,无,low
百日誓师,comment,回复：吉林分数线很低啊，比辽宁都低，我辽宁的都没你这么拼我同校的大学霸都11睡6点起,中性,无,low
百日誓师,comment,只有我发现了她是用左手写字的吗,中性,无,low
百日誓师,comment,看评论区发现,中性,无,low
百日誓师,comment,为什么你在学校还能拍视频,中性,无,low
百日誓师,comment,用的摄像机,中性,无,low
百日誓师,comment,回复：用的手机,中性,无,low
百日誓师,comment,他们学校让带,中性,无,low
百日誓师,comment,回复：能带，没看到中午都点的外卖吗上午要交,中性,无,low
百日誓师,comment,因为这是东师附中,中性,无,low
百日誓师,comment,为什么在外面穿羽绒服，在教室里面穿短袖,中性,无,low
百日誓师,comment,学校里带手机,中性,无,low
百日誓师,comment,他这是东北 不是山河四省,中性,无,low
百日誓师,comment,回复：不不不 这是吉林省最好的高中普通一点的学校还是不允许的,中性,无,low
百日誓师,comment,或者是拿一个专门拍摄v log的那种,中性,无,low
百日誓师,comment,不是啦是相机她之前有说过,中性,无,low
百日誓师,comment,我们学校不让带我也很奇怪她咋这么能拍的,委屈,人际/学校,high
百日誓师,comment,上学是咋带手机的[呃R],中性,无,low
百日誓师,comment,附中应该是让带,中性,无,low
百日誓师,comment,你们高三也在青华嘛 老学长咋记得我们那时候直接高三全去自由,中性,无,low
百日誓师,comment,现在分开了，自由的就在自由上，青华的就在青华上,中性,无,low
百日誓师,comment,回复：青华哈哈哈,中性,无,low
百日誓师,comment,回复：哈哈哈被我逮到了,中性,无,low
百日誓师,comment,冷就不会这样穿了,中性,无,low
百日誓师,comment,主包还是一如既往的抽象😝,中性,无,low
百日誓师,comment,主播特工那段特好笑🤔,中性,无,low
百日誓师,comment,可能是镜像的问题吧，应该是右手,中性,无,low
百日誓师,comment,回复：就是左手哈,中性,无,low
百日誓师,comment,开了一点美颜的,中性,无,low
百日誓师,comment,回复：没事没事，那也抵挡不住她的大眼睛,中性,无,low
百日誓师,comment,三亚不是没冬天吗为什么还穿棉袄,中性,无,low
百日誓师,comment,她不是在吉林吗,中性,无,low
百日誓师,comment,主播不是在吉林吗,中性,无,low
百日誓师,comment,回复：那她之前那么久的海南IP是旅游吗我一直以为她是海南人,中性,无,low
百日誓师,comment,可以带手机吗,中性,无,low
百日誓师,comment,应该带的是相机,中性,无,low
百日誓师,comment,姐妹你知道吗,中性,无,low
百日誓师,comment,演员关注你了,中性,无,low
百日誓师,comment,回复：哦哦哦，他是一个新人演员,中性,无,low
百日誓师,comment,还有一年多,中性,无,low
百日誓师,comment,不对两个月了,中性,无,low
百日誓师,comment,你们那边是东北，为什么还能穿短袖啊,中性,无,low
百日誓师,comment,我天教室里就算开空调会这么热吗,中性,无,low
百日誓师,comment,河南昨天教室已经开空调制冷了,中性,无,low
百日誓师,comment,东北冬天屋里也很热的，有时候都二三十度 ，而且这几天开春外面也挺热的，20多度呢,中性,无,low
百日誓师,comment,有的学校给地暖 我们学校没有 冬天得穿棉袄戴手套上课,中性,无,low
百日誓师,comment,加油朋友,正面,学业,low
百日誓师,comment,回复：一起加油吧,正面,学业,low
百日誓师,comment,《法式小面包》,中性,无,low
百日誓师,comment,晗少是左撇子,中性,无,low
百日誓师,comment,蹲外卖清单,中性,无,low
百日誓师,comment,每次看晗少吃的都非常好吃,中性,无,low
百日誓师,comment,我也想要,中性,无,low
百日誓师,comment,姐姐，你上厕所不脱裤子,中性,无,low
百日誓师,comment,她要是脱了还给你播出来吗,中性,无,low
百日誓师,comment,脱了还能播吗,中性,无,low
百日誓师,comment,咱们下次思考一下再评论呢,中性,无,low
百日誓师,comment,韩少怎么最近开始说成功学了,中性,无,low
百日誓师,comment,她快高考了,焦虑,学业,medium
百日誓师,comment,估计是激励自己,中性,无,low
百日誓师,comment,真的有人早上起来头发就这么整齐嘛我起来乱的和鸟窝一样,中性,无,low
百日誓师,comment,之前好像讲过早上起来的画面是补拍的,中性,无,low
百日誓师,comment,为什么初中睡的比你还晚,中性,无,low
百日誓师,comment,这就是住宿制吗,中性,无,low
百日誓师,title,沈阳七中,中性,无,low
百日誓师,title,百日誓师大会活动,中性,无,low
百日誓师,content,赢战2024 以我为峰 沈阳七中 中考百日誓师大会 #中考加油#金榜题名#中考#中考上岸#婚礼纪实#摄影摄像#咔咔创意摄影#活动拍摄#沈阳摄影师#沈阳活动拍摄,焦虑/正面,学业,high
百日誓师,comment,拍的真好,中性,无,low
百日誓师,comment,这摄像技术,中性,无,low
百日誓师,comment,七中人永立潮头,中性,无,low
百日誓师,comment,哈哈看到熟人了吗,中性,无,low
百日誓师,comment,回复：我们数学老师,中性,无,low
百日誓师,title,深圳学校高三壮行礼，仪式感满满,中性,无,low
百日誓师,content,距离高考仅剩1天 祝所有考生高考必胜,焦虑,学业,medium
百日誓师,content,金榜题名,中性,无,low
百日誓师,content,#深圳 #高中 #校园 #深圳市第二实验学校 #高三 #高考 #高考加油 #青春,焦虑/正面,学业,medium
百日誓师,comment,有点过了，我们当年就是很自然的去参加考试，最多就是老师在校门口接我们一下，稳定下我们的状态，不会搞这么花里胡哨的,正面,学业,high
百日誓师,comment,可以有仪式感，不要花里胡哨,中性,无,low
百日誓师,comment,我高考也是，但那时候是十几年前了,焦虑,学业,medium
百日誓师,comment,为这溢出屏幕的青春活力点赞,中性,无,low
百日誓师,comment,高考加油!,焦虑/正面,学业,medium
百日誓师,comment,燃，青春,中性,无,low
百日誓师,comment,加油深圳,正面,学业,low
百日誓师,comment,我看到咱俩了 我半张脸哈哈哈,中性,无,low
百日誓师,title,梧州19中百日誓师大会,中性,无,low
百日誓师,content,#中考 #中考加油 #梧州 #百日誓师,焦虑/正面,学业,medium
百日誓师,comment,回复：噢噢没看,中性,无,low
发成绩单,title,毕业结算成绩单,中性,无,low
发成绩单,content,想起这个号第一次小火的帖子就是两年前随手发的成绩单，也给自己做个收尾,中性,无,low
发成绩单,comment,然后，个人觉得你们学院是不是绩点比较卷啊（弱弱问一句），学姐很厉害4.16，但是应该是rk2或者rk3吧，感觉专业第一挺高分的,中性,无,low
发成绩单,comment,回复：太多优秀的人啦哈哈,中性,无,low
发成绩单,comment,回复：去香港读研学姐您也很强啊,中性,无,low
发成绩单,comment,回复：看了下您的profile and posts ，能去hku的都很厉害了good👍🏻 btw，我见人家发po话，去hk读书第一件事是学号广东话哈哈哈,中性,无,low
发成绩单,comment,回复：会讲一半一半哈哈哈,中性,无,low
发成绩单,comment,回复：实在不会讲，很简单的，用英文代替,中性,无,low
发成绩单,comment,学姐学姐你太厉害啦,中性,无,low
发成绩单,comment,恭喜学姐呀,中性,无,low
发成绩单,comment,加油加油 祝你顺利,正面,学业,low
发成绩单,comment,请问后续是考研还是考公,中性,无,low
发成绩单,comment,香港读研,中性,无,low
发成绩单,comment,回复：哪个学校什么专业，参考一下,中性,无,low
发成绩单,comment,回复：学姐V5，学霸呀,中性,无,low
发成绩单,comment,我家的华师绩点才3点多,中性,无,low
发成绩单,comment,我也想去港大，难申请嘛,中性,无,low
发成绩单,comment,看专业～,中性,无,low
发成绩单,comment,回复：中文系呢,中性,无,low
发成绩单,comment,你又帅又美的,中性,无,low
发成绩单,comment,好厉害啊啊,中性,无,low
发成绩单,comment,你好漂亮,中性,无,low
发成绩单,comment,哈哈，我也是国商，不过绩点是年级倒数第二,焦虑,学业,medium
发成绩单,comment,震撼…学姐你好厉害啊啊啊,中性,无,low
发成绩单,comment,学姐好优秀，请问学姐是弃保吗,中性,无,low
发成绩单,comment,是的 更想去外面看看,中性,无,low
发成绩单,title,准备列个清单,中性,无,low
发成绩单,content,一定要在考试成绩出来前发,中性,无,low
发成绩单,content,一定要在考试成绩出来前发,中性,无,low
发成绩单,content,一定要在成绩出来前发,中性,无,low
发成绩单,comment,一定要在考试成绩出来前发,中性,无,low
发成绩单,comment,一定要在考试成绩出来前发,中性,无,low
发成绩单,comment,一定要在成绩出来前发,中性,无,low
发成绩单,comment,一定要在 考试成绩出来前 发,中性,无,low
发成绩单,comment,一定要在考试成绩出来前发,中性,无,low
发成绩单,comment,一定要在成绩出来前发,中性,无,low
发成绩单,comment,回复：一定要在考试成绩出来前发,中性,无,low
发成绩单,comment,一定要在考试成绩出来前发,中性,无,low
发成绩单,comment,一定要在成绩出来前发,中性,无,low
发成绩单,comment,还愿来了，年级第二,中性,无,low
发成绩单,comment,发了2次,中性,无,low
发成绩单,comment,期末考试不挂科,焦虑,学业,high
发成绩单,comment,如果说2月28号我顺利进入复试，并且顺利被一志愿录取，我将捐与我分数相同的金额给韩红基金会,正面,学业,high
发成绩单,comment,回复：一定要在考试成绩出来前发,中性,无,low
发成绩单,comment,一定要在考试成绩出来前发,中性,无,low
发成绩单,comment,一定要在成绩出来前发,中性,无,low
发成绩单,comment,帮我的学生接一个好成绩,中性,无,low
发成绩单,comment,已考上，来还愿,中性,无,low
发成绩单,comment,"每当瞻仰其月照松风的绝世风华，便觉万丈红尘皆成映照神性的明镜令人顿生""虽不能至，心向往之""的追慕",中性,无,low
发成绩单,title,过年那几天，别人在热闹，我在做整改方案,中性,无,low
发成绩单,content,kcl一是发con的时候把成绩单提交截止日期写成去年 二是给我发uncon的时候把我的选课写错了[抠鼻]#kcl,中性,无,low
发成绩单,title,Consulting转Corporate入职两个月感想,中性,无,low
发成绩单,content,转甲方第二个月、开始找新工作了，原因如下： Shared Services慢到怀疑人生： 想把Teams的first name改成英文名方便大家. 找help desk，上来第一句问：你是想把First Name+Last Name 改成Last Name+First Name吗,中性,无,low
发成绩单,content,在前司一个ticket一周就搞定，这次一个月了、ticket直接被关,中性,无,low
发成绩单,content,follow-up时答非所问，笼罩在一种“我不告诉你我怎么做的、将来你就不能甩锅给我了哦”的氛围里,中性,无,low
发成绩单,content,于是只能直接escalate到老板、推掉了这个项目,中性,无,low
发成绩单,content,还有些惊掉下巴的话语： 在加拿大工作、在叫得出名字的大型的企业里，听到的一些言论…很难想象workplace environment竟然可以如此糟糕,中性,无,low
发成绩单,content,想了很多也反思了自己很多，五味杂陈,中性,无,low
发成绩单,content,只是经历了去年的burnout和gap，自己意识到：硬扛只会牺牲自己，没有足够的incentives、改变不了环境不如换个环境,自卑,自我,high
发成绩单,content,可同时，临近而立之年、职场有几年不多不少的经验，自己现在交出的成绩单好像既不耀眼也不抓眼,中性,无,low
发成绩单,content,罢了罢了，本intj还是专注在解决实际问题上,中性,无,low
发成绩单,content,或许有小伙伴可以connect的,中性,无,low
发成绩单,content,虽然我是十足的i人… #职场碎碎念#甲方乙方#外企打工人#我的职场感悟,自卑,自我,high
发成绩单,comment,是的 要做事上面的人都不把信息往下传 最后留给底层牛马的时间就那么一点,自卑,自我,high
发成绩单,comment,各有各的好吧,中性,无,low
发成绩单,comment,往好的方面看，在甲方做项目的进程很慢，毕竟大多数同事都在混日子，但是你可以选择卷或者不卷,中性,无,low
发成绩单,comment,在乙方，你不得不卷，还要力争最卷,中性,无,low
发成绩单,comment,说到底，不管甲方乙方，对绝大多数人来说这就是一份工作而已,中性,无,low
发成绩单,comment,所谓的 career progression，在大厂里更像是一种管理工具,中性,无,low
发成绩单,comment,让大家相信只要再多干一点，未来就会更好 😂,中性,无,low
发成绩单,comment,回复：这就是我难受的 当时因为觉得老板人不错+乙方卷不动了 降薪来的这就为了WLB 来了发现除了老板人不错、没有任何一个地方比得上前司[尬住R]现在就只能骑驴找马了,中性,无,low
发成绩单,comment,回复：哈哈哈 我也觉得corporate 流程和工作效率很难比得上乙方大厂的，除了老板和同事相对比较温和，不卷,中性,无,low
发成绩单,comment,也许你可以一边看别的机会，也可以同时negotiate pay,中性,无,low
发成绩单,comment,"我也是intj, 我觉得intj在不是以解决问题，找最佳方案为原则的职场环境是不具备先天优势的，需要后天习得非常多的people skills，很多人的出发点并不是寻求最佳方案，而是他们的感受和需要你easy to work with",中性,无,low
发成绩单,comment,你需要先考虑人而不是先考虑做事，对不同的人用不同的方式，包括话术,中性,无,low
发成绩单,comment,intj的脑回路天生是以解决问题，寻求高效为主的，不是不懂people skills，而是不是主要的strengths,中性,无,low
发成绩单,comment,我观察我身边的同事，esfj 是最具优势的,中性,无,low
发成绩单,comment,虽然与人合作无法避免、但可以尽力减少，同时让事变得可以自己掌握,中性,无,low
发成绩单,comment,回复：哦豁我本来想凹一个严肃的形象,中性,无,low
发成绩单,comment,他们不值得让我把他们当客户,中性,无,low
发成绩单,comment,回复：哈哈 我现在是努力调整不把他们当客户 觉得影响和同事之间的感情 但习惯了,正面,学业,low
发成绩单,comment,corporate要靠时间磨以及站正确队和向上管理,中性,无,low
发成绩单,comment,具备这些skill适合在corporate里,中性,无,low
发成绩单,comment,专注outcome或者做了多少事适合consulting,中性,无,low
发成绩单,comment,刚从咨询跳甲方,中性,无,low
发成绩单,comment,深有同感 之前也在有毒的职场呆过 会不断质疑是不是自己能力的问题 好在不是刚毕业就进入这样的职场 否则绝对会觉得是自己的问题,中性,无,low
发成绩单,comment,抱抱你姐妹 一起加油,正面,学业,low
发成绩单,title,显化成绩 （速成版,中性,无,low
发成绩单,content,1. 明确目标与坚定信念 •清晰视觉化：闭上眼睛，想象自己已经通过考试的场景（看到成绩单、听到祝贺声、感受喜悦）,中性,无,low
发成绩单,content,细节越真实越好，持续1-2分钟，重复多次,中性,无,low
发成绩单,content,•肯定语强化：大声说出或默念正面宣言，例如：“我轻松通过了考试，我的答案准确而流畅,正面,学业,high
发成绩单,content,"“避免""不挂科""这类否定词",焦虑,学业,high
发成绩单,content,•模拟答题：做1-2套模拟题，完成后想象：“这就是我考试时的流畅状态,中性,无,low
发成绩单,content,"•交托宇宙：告诉自己：""我已尽力，剩下的交给更高的智慧",中性,无,low
发成绩单,content,"""#显化法则#显化#吸引力法则",中性,无,low
发成绩单,comment,图来自于之前存的视觉化图片 ，如果有知道原图在哪的可以艾特出来,中性,无,low
发成绩单,comment,我（本人） 是好运的吸铁石 ，分从四面八方来，🧲今年所有考试顺利通过好成绩来(永久有效，无‬副作用）→好成绩来永久有效，无副作‬用）→好成绩来好成绩来（永久有效，无‬副作用）→我一定顺利上岸,正面,学业,high
发成绩单,comment,我相信我会变更好,中性,无,low
发成绩单,comment,事事顺心‬（好运连连,中性,无,low
发成绩单,comment,永远有效,中性,无,low
发成绩单,comment,无副作用,中性,无,low
发成绩单,comment,回复：我（本人） 是好运的吸铁石 ，分从四面八方来，🧲今年所有考试顺利通过好成绩来(永久有效，无‬副作用）→好成绩来永久有效，无副作‬用）→好成绩来好成绩来（永久有效，无‬副作用）→我一定顺利上岸,正面,学业,high
发成绩单,comment,我相信我会变更好,中性,无,low
发成绩单,comment,事事顺心‬（好运连连,中性,无,low
发成绩单,comment,永远有效,中性,无,low
发成绩单,comment,无副作用,中性,无,low
发成绩单,comment,回复：我（本人） 是好运的吸铁石 ，分从四面八方来，🧲今年所有考试顺利通过好成绩来(永久有效，无‬副作用）→好成绩来永久有效，无副作‬用）→好成绩来好成绩来（永久有效，无‬副作用）→我一定顺利上岸,正面,学业,high
发成绩单,comment,我相信我会变更好,中性,无,low
发成绩单,comment,事事顺心‬（好运连连,中性,无,low
发成绩单,comment,永远有效,中性,无,low
发成绩单,comment,无副作用,中性,无,low
发成绩单,comment,今天下午出,中性,无,low
发成绩单,comment,试试修正明天晚上出,中性,无,low
发成绩单,comment,回复：宝宝我明天就出分惹🥲🥲请问修正有什么教程吗,中性,无,low
发成绩单,comment,回复：老师我明天出分,中性,无,low
发成绩单,comment,回复：今天下午出,中性,无,low
发成绩单,comment,期末高分过第一名均分90+,焦虑,学业,medium
发成绩单,comment,🍀🍀我（本人） 是好运的吸铁石 ，分从四面八方来， 会考双A 顺利通过好成绩来🍀🍀(永久有效，无‬副作用）→好成绩来永久有效，无副作‬用）→好成绩来好成绩来🍀🍀（永久有效，无‬副作用）→我一定顺利上岸,正面,学业,high
发成绩单,comment,事事顺心‬🍀🍀好运连连,中性,无,low
发成绩单,comment,永远有效,中性,无,low
发成绩单,comment,无副作用,中性,无,low
发成绩单,comment,我是好运的吸铁石 ，分从四面八方来，🧲今年考试顺利通过好成绩来(永久有效，无‬副作用）→好成绩来永久有效，无副作‬用）→好成绩来好成绩来（永久有效，无‬副作用）→我一定顺利上岸,正面,学业,high
发成绩单,comment,我相信我会变更好,中性,无,low
发成绩单,comment,事事顺心‬（好运连连,中性,无,low
发成绩单,comment,永远有效,中性,无,low
发成绩单,comment,无副作用,中性,无,low
发成绩单,comment,我轻松通过了儿科内科和基护的考试 我的答案准确且流畅,正面,学业,high
发成绩单,comment,我能记住关键内容,中性,无,low
发成绩单,comment,期末考试第一名期末考试第一名期末考试第一名,焦虑,学业,medium
发成绩单,comment,期末考试前八期末考试前八,焦虑,学业,medium
发成绩单,comment,回复：我（本人） 是好运的吸铁石 ，分从四面八方来，🧲今年所有考试顺利通过好成绩来(永久有效，无‬副作用）→好成绩来永久有效，无副作‬用）→好成绩来好成绩来（永久有效，无‬副作用）→我一定顺利上岸,正面,学业,high
发成绩单,comment,我相信我会变更好,中性,无,low
发成绩单,comment,事事顺心‬（好运连连,中性,无,low
发成绩单,comment,永远有效,中性,无,low
发成绩单,comment,无副作用,中性,无,low
发成绩单,comment,我（本人） 是好运的吸铁石 ，分从四面八方来，🧲今年所有考试顺利通过好成绩来(永久有效，无‬副作用）→好成绩来永久有效，无副作‬用）→好成绩来好成绩来（永久有效，无‬副作用）→我一定顺利上岸,正面,学业,high
发成绩单,comment,我相信我会变更好,中性,无,low
发成绩单,comment,事事顺心‬（好运连连,中性,无,low
发成绩单,comment,永远有效,中性,无,low
发成绩单,comment,无副作用,中性,无,low
发成绩单,comment,）接高考总分360+,焦虑,学业,medium
发成绩单,comment,igcse全科A*,中性,无,low
发成绩单,comment,期末考试不挂科全过,焦虑,学业,high
发成绩单,comment,求求了高考上620+吧,焦虑,学业,medium
发成绩单,comment,我（本人） 是好运的吸铁石 ，分从四面八方来，🧲今年所有考试顺利通过好成绩来(永久有效，无‬副作用）→好成绩来永久有效，无副作‬用）→好成绩来好成绩来（永久有效，无‬副作用）→我一定顺利上岸,正面,学业,high
发成绩单,comment,我相信我会变更好,中性,无,low
发成绩单,comment,事事顺心‬（好运连连,中性,无,low
发成绩单,comment,永远有效,中性,无,low
发成绩单,comment,无副作用,中性,无,low
发成绩单,comment,）中考一定要430+,焦虑,学业,medium
发成绩单,title,纱·音乐欣赏｜治愈的查分瞬间,中性,无,low
发成绩单,comment,之前辅导员把二维码发到家长群里面，家长可以查自己孩子的成绩，但是那个二维码是查看一次就锁定了，在我和我的家人都没查看的情况下但锁定了，我的同学看来蛮关注我的,中性,无,low
发成绩单,comment,这么离谱,愤怒,社会,medium
发成绩单,comment,被视奸了,中性,无,low
发成绩单,comment,大学还有家长群,中性,无,low
发成绩单,comment,回复：对的，应该是有的家长群在微信，然后像我们学生群年级的话应该是在QQ里面,中性,无,low
发成绩单,comment,回复：这是在上小学幼儿园呢,中性,无,low
发成绩单,comment,我们搞了个微信家长群,中性,无,low
发成绩单,comment,ㅤ,中性,无,low
发成绩单,comment,之前是，一学年后会发布绩点排名，但不会展示具体科目成绩，这次直接把所有人的成绩发到大群里，ps（大群是辅导员带的所有班级在的一个群），稍微有点被冲击到了，加上这次考的确实不理想，所以抱怨一下,焦虑/正面,学业,medium
发成绩单,comment,回复 衮,中性,无,low
发成绩单,comment,回复：特别离谱,愤怒,社会,medium
发成绩单,comment,还有家长群,中性,无,low
发成绩单,comment,什么玩意,中性,无,low
发成绩单,comment,为什么大学还有家长群,中性,无,low
发成绩单,comment,永远记住一句话零人在意 真的 自己心里演了一出大戏 实际上大家都只顾自己,中性,无,low
发成绩单,comment,室友在意,中性,无,low
发成绩单,comment,回复：总会有这种小肚鸡肠的，不理就完事了，一个学校也不一定以后一个赛道一个层次,中性,无,low
发成绩单,comment,回复：别太放心上 他又不给你发钱 你管他想什么,中性,无,low
发成绩单,comment,回复：室友而已 你很在意他吗,中性,无,low
发成绩单,comment,回复：就是这样,中性,无,low
发成绩单,comment,回复：有的开玩笑而已 考不好下次努力 这些室友基本一毕业就不会有交集了 管他做甚,正面/委屈,学业/人际,high
发成绩单,comment,我们都是匿名的，班长会因为我们不知道其他人的成绩给自己改，所以我们班长每年都有一等奖学金（班长每节课都做坐后面玩手机，叫他回答问题他都不会）,中性,无,low
发成绩单,comment,回复：专科刚升了三年的本科职业大学，学校里管的很松不仅一等奖学金，这哥不是贫困生还拿了两年的国家励志奖学金我们班谁不知道他和导员特别好，导员给的他,中性,无,low
发成绩单,comment,我嘞个大豆啊,中性,无,low
发成绩单,comment,回复：入库不就可以评吗,中性,无,low
发成绩单,comment,我们排名出来了都会发，因为奖学金要公示,焦虑,学业,medium
发成绩单,comment,我们只公示拿奖的那几个，别的都是自己查不然排在后面确实不舒服,中性,无,low
发成绩单,comment,这种我觉得还挺合理的,中性,无,low
发成绩单,comment,可以私信问排名啊,焦虑,学业,medium
发成绩单,comment,好公平啊，我们班同学如果都看到某些同学能拿98分，估计那些勾当早就引起公愤了,中性,无,low
发成绩单,comment,我们是名单在导员那，会说前多少名，和获奖的，想看的去导员那里看,中性,无,low
发成绩单,comment,回复：排名在哪里能查到啊,焦虑,学业,medium
发成绩单,comment,其实我觉得没有谁会过多关注的哈哈，像我就只关心我自己而且我每次捅了篓子之后就安慰自己0人在意,中性,无,low
发成绩单,comment,确实0人在意 大家都只认识自己的舍友 最多也就调侃一下,中性,无,low
发成绩单,comment,回复：对，我们宿舍也不会相互问成绩的，只讨论哪个老师给分高哪个老师给分低罢了,中性,无,low
发成绩单,comment,回复：哈哈哈，对的，人生没有那么多观众,中性,无,low
发成绩单,comment,对啊，大部分人都不会关注无关自己利益的东西看过即忘,中性,无,low
发成绩单,comment,别人会在意也可能是因为对方是“占坑不拉屎的情况”,自卑,自我,high
发成绩单,comment,并不是 我室友会把所有人的学号对应上看每个同学的成绩💥,中性,无,low
发成绩单,comment,挂科知道丢人了，到时没给你发补考名单没看见是你的问题，还等老师给你一个个通知啊,焦虑,学业,high
发成绩单,comment,回复：可我导员真是一个个通知的呀,中性,无,low
发成绩单,comment,回复：那为什么不能发到班级群，非要发到年级大群呢,中性,无,low
发成绩单,comment,回复：说白了，我们老师真的很懒，甚至通知不是她自己发的，是学委发的,中性,无,low
发成绩单,comment,回复：因为这玩意出分就是直接发到大群的，你以为人家批改试卷是一个个批的吗，都是全年级老师打乱直接批整个年级出分，你以为是小学自己老师批改自己班级吗,中性,无,low
发成绩单,comment,回复：我以前上大学，挂科就是学委一个一个通知啊,焦虑,学业,high
发成绩单,comment,难道是世道变了,中性,无,low
发成绩单,comment,这很正常啊，一般辅导员不会发学委也会发在群里，因为评优评先评奖学金都是要公开公正的，但是非常离谱的是今年我们辅导员把专业成绩排名发到了家长群，这就很离谱了，我不理解他的操作,焦虑/愤怒,学业/社会,medium
发成绩单,comment,但是我不参加评优评先，能别公开我成绩吗,中性,无,low
发成绩单,comment,等等，你们居然有家长群,中性,无,low
发成绩单,comment,回复：你们没有吗,中性,无,low
发成绩单,comment,方便和家长联系什么的吧，反正就是有，之前都不发成绩的，今年抽风吧可能,中性,无,low
发成绩单,comment,回复：什么学校还有家长群,中性,无,low
发成绩单,comment,每年评奖学金学院会发一个学年绩点排名，符合要求的去申请就可以了,焦虑,学业,medium
发成绩单,comment,我有保存好大学四年的成绩单文件，有需要的同学可以私下里来找我，实话说很少有人来问，问的人也是自己有需要，比如想提前算算自己的专业排名，还有考选调生的时候有同学来找我了,焦虑,学业,medium
发成绩单,comment,我也不会把挂科的人发在班群或者告诉别人，只会私下提醒他们注意开学补考的时间,焦虑,学业,high
发成绩单,comment,我总感觉成绩也是学生隐私，所以有些作业的成绩必须发群里核对的时候我都是把姓名删了，只留学号，感觉会好点,中性,无,low
发成绩单,comment,姓名学号也是公开透明的呀，这不是一样的吗,中性,无,low
发成绩单,comment,回复：哦，你是说核对单科作业成绩啊,中性,无,low
发成绩单,comment,回复：平时成绩里的在线学习部分,中性,无,low
发成绩单,comment,其实0个人在意你,中性,无,low
发成绩单,comment,她还真有人在意而你是0个人在意,中性,无,low
发成绩单,comment,而且排名关系申请奖学金，人家不知道自己排名怎么敢申请你那玻璃心收一收，要这么多跟你一样的，工作咋做,焦虑,学业,medium
发成绩单,comment,说真的，我两种情况都遇见过,中性,无,low
发成绩单,comment,我转专业前那个旧专业的学习部长每个同学单发，转专业后新专业直接大群公开，我突然佩服旧专业的部长了，工作量超级大,中性,无,low
发成绩单,comment,回复：奖学金要自己申请,中性,无,low
发成绩单,comment,不应该是按成绩分等级么,中性,无,low
发成绩单,comment,回复：我们学校是自己申请，像有些特殊的奖学金还要去准备讲稿ppt竞争的,中性,无,low
发成绩单,comment,还好我们都是系统统一导出来,中性,无,low
发成绩单,comment,那只是你们班,中性,无,low
发成绩单,comment,回复：无人在意,中性,无,low
发成绩单,comment,回复：对啊，你们班无人在意,中性,无,low
发成绩单,comment,回复：我们真的有那种非要看别人成绩的,中性,无,low
发成绩单,comment,四个小时的信息是一点也不看的，攻击的话是必须要说的,中性,无,low
发成绩单,comment,我们是自己去教务系统查成绩,中性,无,low
发成绩单,comment,个人排名可以问辅导员,焦虑,学业,medium
发成绩单,comment,但是每一学年结束要评奖学金的时候还是会公示每个人的成绩,中性,无,low
发成绩单,comment,我们开学就要算综测啥的，谁挂科啥的都能看见,焦虑,学业,high
发成绩单,comment,回复 山菊月,中性,无,low
发成绩单,comment,: 我们之前是公示的总成绩,中性,无,low
发成绩单,comment,看不见单科成绩怎么样,中性,无,low
发成绩单,comment,回复：哈哈哈哈哈那是,中性,无,low
发成绩单,comment,无人在意你说实话……除非你在班里有恶毒女配天天盯着你,中性,无,low
发成绩单,comment,👉🏻👈🏻不一定是性别女，只是用恶毒女配这个专有名词（恶毒男配也可以）,中性,无,low
发成绩单,comment,回复：还有你的好朋友,中性,无,low
发成绩单,comment,回复：宝宝改成恶毒♂配吧,中性,无,low
发成绩单,comment,回复：那你下次就说恶毒男配,中性,无,low
发成绩单,comment,看置顶，真有,中性,无,low
发成绩单,comment,没事我们研究生英语直接群里发成绩，然后告知多少位没及格,焦虑,学业,high
发成绩单,comment,然后所有成绩也是学校系统给老师，老师再发在学生群里（本科学校是自己在教务系统查然后登记给学委，统计完公布，但是出现偷改成绩的，可能研究生院防一手）,中性,无,low
发成绩单,comment,改成绩这事，我们本科时候学委把自己和室友从十多名改到第一第二名后面被我查自己成绩觉得不对劲发现改低我成绩了,中性,无,low
发成绩单,comment,看到的时候两眼一黑还好不是自己没过,中性,无,low
发成绩单,comment,上个学期她发全院的挂科名单到大群,焦虑,学业,high
发成绩单,comment,学校要求公示，又不是故意的,中性,无,low
发成绩单,comment,我们学校每年都这样,中性,无,low
发成绩单,comment,回复：没有啊去年就没有院里贫困生的啥信息都公开,中性,无,low
发成绩单,comment,回复：整个院都有,中性,无,low
发成绩单,comment,回复：我们不会公开贫困生信息,中性,无,low
发成绩单,comment,0人在意哈,中性,无,low
发成绩单,comment,有人在意的,中性,无,low
发成绩单,comment,你看置顶评论,中性,无,low
发成绩单,comment,回复：那很坏了,中性,无,low
发成绩单,comment,回复：所以这个设定就不好,中性,无,low
发成绩单,comment,回复：我觉得比那种直接发稍微好点，毕竟有这个设计在，那些好奇心重的人能收敛点,中性,无,low
发成绩单,comment,有一次班委把本班的开学前必刷视频成绩发群里结果被辅导员说了，因为这涉及到个人隐私,委屈,人际,high
发成绩单,comment,成绩啥时候是个人隐私了,中性,无,low
发成绩单,comment,评奖评优不公示吗,中性,无,low
发成绩单,comment,回复：评奖也是想评的人公示啊,中性,无,low
发成绩单,comment,回复：我们评优评先都不会公示，只有导员知道,中性,无,low
发成绩单,comment,回复：那你可以举报了,中性,无,low
发成绩单,comment,我们用喜鹊,中性,无,low
发成绩单,comment,我们也是 不过每一学年为了评奖评优都会公示一次全部成绩,中性,无,low
发成绩单,comment,97了还不满绩，我以为90分以上就能满绩,中性,无,low
发成绩单,comment,回复：绩点是4的上90就是4满绩了 这个是5可能算法不一样🤔,中性,无,low
发成绩单,comment,回复：99也没满,中性,无,low
发成绩单,comment,公开好点吧，我们学校那个高数，考完考试分没有平时分没有，鬼知道有没有乱整,中性,无,low
发成绩单,comment,现在连这也不能发了,中性,无,low
发成绩单,comment,回复：不是，好像只有高数平时分和期末分没有，其他科目都有,焦虑,学业,medium
发成绩单,comment,我就感觉是这样，问老师卷面他不说,中性,无,low
发成绩单,comment,我甚至可以看到整个专业的成绩，其实也无所谓哈哈哈,中性,无,low
发成绩单,comment,我们更猛，全院所有年级全在一个表里公式,中性,无,low
发成绩单,comment,这没关系 成绩都要公示,中性,无,low
发成绩单,comment,回复：公示和直接发群里是两码事,中性,无,low
发成绩单,comment,有都是导员不是,中性,无,low
发成绩单,comment,无人在意你的成绩哈,中性,无,low
发成绩单,comment,都成年了，辅导员也不用考虑学生的心情了,中性,无,low
发成绩单,comment,是不用考虑了，帖主连成绩都不能查看了,中性,无,low
发成绩单,comment,回复：哈哈哈哈哈哈,中性,无,low
发成绩单,comment,回复：也许有手贱的会把班上所有人的都看一遍,中性,无,low
发成绩单,comment,回复：笑鼠，谁都别想查是吧,中性,无,low
发成绩单,comment,这有什么，我们挂科或者补考，甚至重修名单都会发到大群里，直接通知,焦虑,学业,high
发成绩单,comment,我们也是，排名重修补考，什么网课进度，全部都在企微大群,焦虑,学业,medium
发成绩单,comment,米兔,中性,无,low
发成绩单,comment,我们也是哈哈哈哈,中性,无,low
发成绩单,comment,会慢慢好的,中性,无,low
发成绩单,comment,学校补助金很多，多到发不掉，可以申请哦，主动一点,中性,无,low
发成绩单,content,如题，commonapp里只在final grade里面填中考成绩，其他的不填，会有影响吗#美本#普高留学#美本申请#普高留学规划,焦虑,学业,medium
发成绩单,comment,common app里应该要填你transcript递上的g9成绩,中性,无,low
发成绩单,comment,transcript上只有高中的,中性,无,low
发成绩单,comment,而且就算你final填中考也没什么用吧，大学ao应该是以transcript为主,焦虑,学业,medium
发成绩单,comment,找初中开成绩单吧,中性,无,low
发成绩单,comment,我初三上学期没参加期末考试,焦虑,学业,medium
发成绩单,comment,回复：那也得找学校开 看学校咋表示缺考了 成绩单我都是老师传的不知道能不能自己传,中性,无,low
发成绩单,comment,会让你上传自己高中的成绩单的，不能只填中考成绩（而且美国学校不怎么认国内中考）,焦虑,学业,medium
发成绩单,comment,这种最糟心，问学校吧，这里回的都不准,中性,无,low
发成绩单,comment,还是要有初中最后一年成绩单,中性,无,low
发成绩单,comment,问题不大，你关注下我，我有话讲,中性,无,low
发成绩单,title,出来了8门，我真没想到我的高代成绩这么高,中性,无,low
发成绩单,comment,对再等等吧，应该过几天就能全出来了,中性,无,low
发成绩单,comment,wfu是什么,中性,无,low
发成绩单,comment,回复：潍坊学院哈哈哈哈 一个非常小众的学校 估计只有本校学生才知道🌚🌚,中性,无,low
发成绩单,comment,高代最低……考高代的时候，体会到了好久没体验到的高中数学考试时间不够的感觉,焦虑,学业,high
发成绩单,comment,能看平时成绩吗,中性,无,low
发成绩单,comment,回复：平时成绩满分40，扣了4分,中性,无,low
发成绩单,comment,数分也一样,中性,无,low
发成绩单,comment,我也是数学专业,中性,无,low
发成绩单,comment,考试难度估计就课本原题的那种吧,中性,无,low
发成绩单,comment,军训，中,中性,无,low
发成绩单,comment,你也看音乐剧,中性,无,low
发成绩单,comment,回复：哈哈是滴,中性,无,low
发成绩单,comment,不是线性代数嘛,中性,无,low
发成绩单,comment,咋还有高等代数,中性,无,low
发成绩单,comment,我是数学系的,中性,无,low
发成绩单,comment,哪个学校,中性,无,low
发成绩单,comment,咱俩应该是一个学校的,中性,无,low
发成绩单,comment,这是哪个学校呀,中性,无,low
发成绩单,comment,为什么我看到的课程数量都没有多的,委屈,人际,medium
发成绩单,comment,同高代97,中性,无,low
发成绩单,title,喜极而泣的一家人,中性,无,low
发成绩单,content,12月，早申结果陆续开奖,中性,无,low
发成绩单,content,有多少家庭正体验着这种心跳,中性,无,low
发成绩单,content,❤️ 无数个日夜的奋战，在这一刻都值了,中性,无,low
发成绩单,content,🌟 清晨的单词，深夜的习题，终于换来屏幕前一声“Congratulations”,中性,无,low
发成绩单,content,恭喜上岸,正面,学业,high
发成绩单,content,你的光芒，值得被世界看见,中性,无,low
发成绩单,content,✨ #斯坦福、#晒晒我的offer、#留学申请、 #早申录取、#美国留学#生活碎片、#vlog、#记录真实生话,正面,学业,high
发成绩单,comment,我们今天也中了,中性,无,low
发成绩单,comment,请教一下育儿经 恭喜,中性,无,low
发成绩单,comment,回复：真没有，娃从小就是我管吃喝拉撒睡，学习我是管不来的,中性,无,low
发成绩单,comment,恭喜恭喜🎊🎊,中性,无,low
发成绩单,comment,恭喜恭喜,中性,无,low
发成绩单,comment,斯坦福学费多少一年,中性,无,low
发成绩单,comment,写在第二个家庭父母的脸上,中性,无,low
发成绩单,comment,a lot,中性,无,low
发成绩单,comment,回复 North Pole Compass : correct,中性,无,low
发成绩单,comment,回复 North Pole Compass : 笑死,中性,无,low
发成绩单,comment,老外便宜国人贵,中性,无,low
发成绩单,comment,是的，recording一下给将来的自己回忆,中性,无,low
发成绩单,comment,那比裸分考清北还是容易的多,中性,无,low
发成绩单,comment,回复：北京户口 另论,中性,无,low
发成绩单,comment,回复：北京户口目前裸分录取率是千分之五,正面,学业,high
发成绩单,comment,回复：目前裸分录取三百多个人，报考人数七万多人,正面,学业,high
发成绩单,comment,回复：觉得容易可以来试试，而且分母组成强985211留在北京人的孩子浓度很大，比资源比财力,自卑,自我,high
发成绩单,comment,视频中的bgm叫什么,中性,无,low
发成绩单,comment,很抱歉，当前未检索到与你描述一致的可靠信息，请注意核实相关内容的真实性,中性,无,low
发成绩单,comment,他们是在统一时间登陆学校网站查看录取结果,正面,学业,high
发成绩单,comment,是的，每个学校出结果时间不一样，提前会说哪天几点,中性,无,low
发成绩单,comment,贷款也还得起,中性,无,low
发成绩单,comment,学生贷款 斯坦福毕业 两三年就能还清,中性,无,low
发成绩单,comment,第二个亚裔家庭怎么不抱抱,中性,无,low
发成绩单,comment,国情不一样,中性,无,low
发成绩单,comment,今天有个朋友孩子中了哈佛[嘻嘻R],中性,无,low
发成绩单,comment,回复：真的别人家孩子,中性,无,low
发成绩单,comment,哈弗远远没有想象中难申请,中性,无,low
发成绩单,comment,我考证查结果时跟我妈尖叫得把猫吓坏了,焦虑,家庭,high
发成绩单,comment,when you can scare a cat; you have succeed,中性,无,low
发成绩单,comment,It will soon be me,中性,无,low
发成绩单,title,四六级就这样水灵灵地…,中性,无,low
发成绩单,content,1128雅思机考查不到分怎么回事,中性,无,low
发成绩单,content,显示“准备出成绩单”,中性,无,low
发成绩单,content,之前都是下午两点准时出的,中性,无,low
发成绩单,comment,回复 sky watcher : 第五天,中性,无,low
发成绩单,comment,我28上午的机考出了，你不会是被抽查了吧,中性,无,low
发成绩单,comment,我是下午的 当时我电脑坏了换了个电脑考,中性,无,low
发成绩单,comment,我靠那他们咋这样,中性,无,low
发成绩单,comment,姐妹姐妹想问一下你有没有提交statement呀我的也是到点还没出官方也还没发邮件,中性,无,low
发成绩单,comment,没交 我第五天出了,中性,无,low
发成绩单,comment,啊啊啊啊我也是现在都没出,中性,无,low
发成绩单,comment,你咋还没考出来,中性,无,low
发成绩单,comment,我的还没出 同11.28,中性,无,low
发成绩单,comment,出分了吗,中性,无,low
发成绩单,title,清华满绩成绩单竟是我的🎊,中性,无,low
发成绩单,comment,你的数字影音居然4.0吗,中性,无,low
发成绩单,comment,这就是为什么我pf了一门专业课,委屈,人际,medium
发成绩单,comment,回复：啊啊啊啊啊啊啊啊啊啊啊,中性,无,low
发成绩单,comment,我怎么不知道wxy会批发3.6,中性,无,low
发成绩单,comment,回复：pf是什么意思TT,中性,无,low
发成绩单,comment,回复：他给我了唯一一门3.6的专业课 真的历历在目,中性,无,low
发成绩单,comment,回复：就是不算绩点 只给过和不过两个等级,中性,无,low
发成绩单,comment,回复：啊 明白了,中性,无,low
发成绩单,comment,回复：我也想知道,中性,无,low
发成绩单,comment,来看9边形战士,中性,无,low
发成绩单,comment,牛的我说不会话,中性,无,low
发成绩单,comment,回复：我会不说也话了,中性,无,low
发成绩单,comment,我说不出话来,中性,无,low
发成绩单,comment,逼是什么好词儿,中性,无,low
发成绩单,comment,因为这两个东西同源,中性,无,low
发成绩单,comment,你就说 瞧瞧我 能不能考个体育研究生 去清华跟你偶遇,中性,无,low
发成绩单,comment,没想到吧，po主美院的，更厉害啦～,中性,无,low
发成绩单,comment,我反手一个关注,中性,无,low
发成绩单,comment,我看不见,中性,无,low
发成绩单,comment,偶像级别的A啊啊啊啊啊啊,中性,无,low
发成绩单,comment,我军理已经3.6了,中性,无,low
发成绩单,title,哈哈哈哈这不稳过 100分,中性,无,low
发成绩单,content,认真准备了一下，看来宝刀未老,中性,无,low
发成绩单,content,可答疑解惑,中性,无,low
发成绩单,content,有什么问的可以问我哈#外研社演讲#外研社国才杯#英语演讲比赛#外研社杯初赛#外研社杯,中性,无,low
发成绩单,comment,到今年肯定不一样，一个是大家比去年都有做题的经验，分数线肯定水涨船高,中性,无,low
发成绩单,comment,第二个是大家问的是稳不稳，我也不是官方人员，80分左右的我真的打不了包票，你如果问我多少分稳，我能说90分以上百分之百稳,中性,无,low
发成绩单,comment,陕西的能过吗,中性,无,low
发成绩单,comment,回复：山东89问一下,中性,无,low
发成绩单,comment,回复：不是只有一次机会吗,中性,无,low
发成绩单,comment,回复：题目是不是一样的,中性,无,low
发成绩单,comment,回复：不一样，在题库里随机抽题,中性,无,low
发成绩单,comment,初试当时出成绩吗,中性,无,low
发成绩单,comment,当时就出,中性,无,low
发成绩单,comment,回复：嗯嗯刚考完，看见成绩了,中性,无,low
发成绩单,comment,这个会影响后面的比赛吗,中性,无,low
发成绩单,comment,什么意思,中性,无,low
发成绩单,comment,回复：如果这个分数不高但是晋级了 以后的比赛会参考这个吗,中性,无,low
发成绩单,comment,浙江杭州多少能够,中性,无,low
发成绩单,comment,比较卷的区域就分数高一些,中性,无,low
发成绩单,comment,回复：低的话我可以一个名字重新报名吗,中性,无,low
发成绩单,comment,回复：那名字一样算作弊处理吗,中性,无,low
发成绩单,comment,注销后重考会不会被判定作弊呀,中性,无,low
发成绩单,comment,不会 放心 要换手机号,中性,无,low
发成绩单,comment,广东86可以吗,中性,无,low
发成绩单,comment,回复：广东93可以吗,中性,无,low
发成绩单,comment,江苏87能过吗,中性,无,low
发成绩单,comment,江苏比较卷呀,中性,无,low
发成绩单,comment,回复：这个分需要重新刷吗,中性,无,low
发成绩单,comment,回复：不太好说，去年肯定没问题,中性,无,low
发成绩单,comment,广东86,中性,无,low
发成绩单,comment,陕西82可以吗,中性,无,low
发成绩单,comment,建议90,中性,无,low
发成绩单,comment,回复：上个账号绑定自己的 监护人是母亲的 可以再弄一个报名号是母亲的 监护人是父亲的吗,中性,无,low
发成绩单,comment,江苏79,中性,无,low
发成绩单,comment,有点低 不好说,中性,无,low
发成绩单,comment,北京83,中性,无,low
发成绩单,comment,上海能过吗,中性,无,low
发成绩单,comment,辽宁多少能过啊,中性,无,low
发成绩单,comment,河南87能过吗,中性,无,low
发成绩单,comment,甘肃89可以过吗,中性,无,low
发成绩单,comment,山东87可以吗,中性,无,low
发成绩单,comment,山东91可以过吗,中性,无,low
发成绩单,comment,新疆67可以过吗,中性,无,low
发成绩单,comment,有点低啊,中性,无,low
发成绩单,comment,湖北87能过吗,中性,无,low
发成绩单,title,约克大学因GPA低猛发劝退信…,中性,无,low
发成绩单,content,#加拿大约克大学#约克大学#GPA低#劝退申诉#留学挂科#约克大学劝退#约克大学劝退appeal#约克大学GPA低被劝退#约克大学劝退申诉#约克大学挂科劝退,焦虑,学业,high
发成绩单,content,设计系学姐在线营业啦～ 海报、Logo、电商图、宣传物料……都可以来找我聊聊,中性,无,low
发成绩单,content,✨ 本人设计专业在读，审美在线，沟通不绕弯，主打一个：认真、耐心、好说话,中性,无,low
发成绩单,content,✅ 可接范围 • 活动海报｜社团招新｜比赛宣传｜开业促销 • Logo设计｜名片设计｜品牌视觉｜VI基础延展 • 画册排版｜展架易拉宝｜菜单价目表｜宣传单页 • 电商主图｜详情页｜节日活动图 • 文创设计｜字体排版｜平面插画 • 其他平面类需求也欢迎来问问～ ✅ 我的优势 设计系科班出身，基础扎实 审美稳定，不做土味敷衍图 点子多，会帮你一起优化想法 沟通耐心，改稿不暴躁 价格友好，学生党/小商家也能放心问,中性,无,low
发成绩单,content,⚠️ 这些不接哦,中性,无,low
发成绩单,content,不接证件、截图、聊天记录、票据、成绩单等任何造假类修改,中性,无,low
发成绩单,content,✨ 最后悄悄说一句： 设计不只是“做得好看”，更要“真的好用”,中性,无,low
发成绩单,title,留学均分使用加权还是算数,中性,无,low
发成绩单,content,1️⃣留学均分使用加权还是算数,中性,无,low
发成绩单,content,我看到很多同学都在这个问题上有疑惑，不同学校的评分标准都不尽相同，有的使用加权、有的使用算数、还有的使用4分或者5分制,中性,无,low
发成绩单,content,我觉得留学填表的时候使用算数或者加权都可以，但是有一个原则，就是要 【有理有据，要有学校或者第三方机构的背书,中性,无,low
发成绩单,content,】 你不能说按照自己的标准去算一个更高的分数，然后拿去做申请，这种做法其实风险很大，严重的会直接被申请学校判定为学术诚信问题，然后被pass,中性,无,low
发成绩单,content,2️⃣正确做法（推荐） 按照成绩单或者学校开的官方成绩证明填写分数，一般港校标准是使用加权，你可以发送邮件给学校解释一下，能不能将你的成绩转换一下,中性,无,low
发成绩单,content,注意几个要点： 1、如果成绩单上有均分，不管算数还是加权，使用这个成绩,中性,无,low
发成绩单,content,2、如果成绩单上无均分有绩点，直接使用绩点或者按照学校Grading Scheme换算成均分都可以,中性,无,low
发成绩单,content,注意这是提交材料的环节，一定要保证材料真实可靠，后续可以发邮件和学校argue,中性,无,low
发成绩单,content,#留学规划#留学DIY#硕士留学#留学机构#留学成绩#加权#算术#留学成绩单#留学成绩要求#留学申请指南,中性,无,low
发成绩单,title,答疑：用线上美高的成绩单申请美本 🤔,中性,无,low
发成绩单,content,最近有学生问我一个问题： 他的朋友因为高中成绩不理想，打算用线上美高成绩单替换原来的成绩去申请大学,中性,无,low
发成绩单,content,他问我：“如果被大学发现，会怎样,中性,无,low
发成绩单,content,” 这个问题，其实可以很明确地回答,中性,无,low
发成绩单,content,先说结论：不是“可能有风险”，而是：几乎所有美国大学的态度都是“零容忍”,中性,无,low
发成绩单,content,#美本申请#美本转学,中性,无,low
发成绩单,title,包录取骗局,正面,学业,high
发成绩单,title,成绩单造假被抓,中性,无,low
发成绩单,content,其实现在保录取更多的是通过慈善捐赠来解决,正面,学业,high
发成绩单,content,首先，我们要明确一点，成绩单造假是绝对不可取的，会涉及当地法律留下永久污点,中性,无,low
发成绩单,content,现在很多大学是有慈善捐赠绿色通道，不需要作假,中性,无,low
发成绩单,content,本科全部预算200-300，qs25的学校,中性,无,low
发成绩单,content,在上海有办公室，签合同确保权益,中性,无,low
发成绩单,content,#学术不端申诉#海外留学生#留子的命也是命#留学生那些事#留学中介避坑#当代留学生现状#一键查询留学生精神状态,中性,无,low
发成绩单,comment,多大预算需要200-300,中性,无,low
发成绩单,comment,入学 为啥不去买小藤,中性,无,low
发成绩单,comment,全部加起来 学费生活费,中性,无,low
发成绩单,comment,说是捐赠 悄悄的给你换背景 血赚,中性,无,low
发成绩单,comment,美本转学保录有吗,中性,无,low
发成绩单,comment,那如果身边有人造假该怎么举报,中性,无,low
发成绩单,comment,为什么要举报,中性,无,low
发成绩单,comment,入学后学校会再次审核的,中性,无,low
发成绩单,comment,回复：那如果是学校造假能查得出来吗,中性,无,low
发成绩单,comment,回复：成绩单咋查出来的啊，现在不都学校老师直接上网递交成绩单和推荐信了吗,中性,无,low
发成绩单,comment,本科还是高中啊 高中其实造假挺严重 学校都包庇学生 这种根本查不出来 如果自己瞎弄一个成绩单 倒是会被查出来,中性,无,low
发成绩单,comment,200-300 扯蛋吧,中性,无,low
发成绩单,title,花知晓的一则重要声明⚠️提高警惕 谨防诈骗,中性,无,low
发成绩单,content,致所有花知晓消费者： 近期，我们监测到市场上有非官方账号或个人，通过冒充FlowerKnows花知晓品牌、虚构工作人员身份，以“抽奖送礼”“独家福利官”“品牌清货”等名义，诱导用户加入群聊、扫描二维码或开通所谓“企业代付”，进而实施虚假宣传、收集个人信息，甚至涉嫌进行非法交易,中性,无,low
发成绩单,content,此类行为不仅严重侵犯「FlowerKnows花知晓」品牌声誉，更对所有消费者的个人信息与财产安全构成重大损害风险,中性,无,low
发成绩单,content,在此郑重声明：FlowerKnows花知晓从未授权任何非官方账号开展上述活动,中性,无,low
发成绩单,content,我们始终珍视每一位消费者的信任，并将维护您的权益置于首位,中性,无,low
发成绩单,content,请各位消费者务必提高警惕，加强甄别，保护自身权益,中性,无,low
发成绩单,content,特此声明,中性,无,low
发成绩单,content,- #花知晓#防诈#温馨提示#防骗#反诈,中性,无,low
发成绩单,comment,你们拼多多没有官网吗,中性,无,low
发成绩单,comment,是官方信息发布渠道，简单来说是社交媒体账号，pdd和桃是纯购物软件所以没有写这两个,焦虑,人际,high
发成绩单,comment,一直都没,中性,无,low
发成绩单,comment,回复：有的吧…,中性,无,low
发成绩单,comment,回复：有的 上面说的都是官方信息 不是说渠道噢,中性,无,low
发成绩单,comment,回复：但是拼多多不在上面,中性,无,low
发成绩单,comment,回复：其实我感觉我说的那句是有一点错的 都是渠道只不过上面发的是官方信息渠道 并不是说官方购买渠道,中性,无,low
发成绩单,comment,回复：我是感觉怪怪的,中性,无,low
发成绩单,comment,回复：信息发布渠道和购买渠道应该是不一样的 淘宝也不在上边,中性,无,low
发成绩单,comment,这两家店是正的吗,中性,无,low
发成绩单,comment,第二个不是吧,中性,无,low
发成绩单,comment,回复：我靠，真的吗,中性,无,low
发成绩单,comment,回复：花知晓官方说没有这个店铺,中性,无,low
发成绩单,comment,回复：我靠，那我直接死掉了,中性,无,low
发成绩单,comment,回复：应该是真的白天鹅这个盘没有假的,中性,无,low
发成绩单,comment,回复：前面有品牌那个就是真的（不好意思我当时没看清就评论了,中性,无,low
发成绩单,comment,回复：哈哈哈哈百亿补贴刷一刷也有好价的花知晓,中性,无,low
发成绩单,comment,都不是正的吧,中性,无,low
发成绩单,comment,他的名字就是跟抖音里的名字一模一样,焦虑,学业,medium
发成绩单,comment,这些都是官方店铺,中性,无,low
发成绩单,comment,回复：我也是!,中性,无,low
发成绩单,comment,我也被骗了,中性,无,low
发成绩单,comment,我已经被骗了,中性,无,low
发成绩单,comment,就是这个人他换了好几个号话术都一样,中性,无,low
发成绩单,comment,哈哈哈哈，怎么去美国了,中性,无,low
发成绩单,comment,可能是平台bug,中性,无,low
发成绩单,comment,这几天怎么总是ip乱飞,中性,无,low
发成绩单,comment,回复：哈哈哈哈，好，新品快快快,中性,无,low
发成绩单,comment,我主页都给你宣传了,中性,无,low
发成绩单,comment,见到一个，我举报一个,中性,无,low
发成绩单,comment,真的经常刷到,中性,无,low
发成绩单,comment,请晓宝一定要注意甄别，认准花知晓的官方账号，谨防诈骗,中性,无,low
发成绩单,comment,为啥这次新品都是英文啊,中性,无,low
发成绩单,comment,晓晓子正在努力准备中，所有物料都以官方发布为准哦,正面,学业,low
发成绩单,comment,那些直播间卖你们试色件之类的也是假的嘛,中性,无,low
发成绩单,comment,不是滴，假的类似说抽奖送你东西，然后在笔记里面每个评论会回复所有人,中性,无,low
发成绩单,comment,我已经被骗了600,中性,无,low
发成绩单,comment,我也被骗了不知道会不用盗用我的人脸 扫他微信退款的时候蹦出网页违规才意识到自己被骗,中性,无,low
发成绩单,comment,花不早说，我已经被骗了,中性,无,low
发成绩单,title,朱正廷学长拍了拍你：军训肌救站已就位🙌,中性,无,low
发成绩单,content,2025校园行 孔凤春席卷杭州高校—— 📍第一站浙江传媒学院 一喷舒缓补水 唤醒肌肤超活力 马齿苋舒缓修护喷雾 让肌肤在烈日下 也能keep活力满满好状态💚 军训肌救站持续巡回中 欢迎同学们来与春春相遇👀 #孔凤春#孔凤春马齿苋#孔凤春品牌大使朱正廷#浙江传媒学院#孔凤春活力校园行#校园快闪#军训#军训护肤#孔凤春马齿苋喷雾#晒后修护,中性,无,low
发成绩单,comment,这种活动我读书的时候怎么遇不到,中性,无,low
发成绩单,comment,是春春来晚了,中性,无,low
发成绩单,comment,回复：春春下次来我们学校好不好,中性,无,low
发成绩单,comment,哇塞 我读书的时候从来没遇到过,中性,无,low
发成绩单,comment,补水保湿舒缓肌肤,中性,无,low
发成绩单,comment,喷雾很好用,中性,无,low
发成绩单,comment,浙江学子有福了,中性,无,low
发成绩单,comment,来天津吧春春,中性,无,low
发成绩单,title,迪迪刚开播就遇到黑粉，被路人恶评长得丑,中性,无,low
发成绩单,content,#怼人#聊天#网暴#恶评,中性,无,low
发成绩单,comment,确实挺丑的呀,中性,无,low
发成绩单,title,成绩单英文版怎么弄,中性,无,low
发成绩单,title,3种方法讲清成绩单翻译,中性,无,low
发成绩单,content,” “原件是中文的，是不是自己翻一下就行,中性,无,low
发成绩单,content,” ⚠️ 注意：成绩单英文版 ≠ 自己翻一下就好,中性,无,low
发成绩单,content,不同学校、不同国家对“英文成绩单”都有要求👇 今天这篇笔记，3 分钟帮你理清英文成绩单到底该怎么准备，别踩坑,中性,无,low
发成绩单,content,🎯 方法一：直接开具双语成绩单（优先） 有些高校支持开具【中英文对照成绩单】，可以通过教务处或学校官网自助申请,中性,无,low
发成绩单,content,✅ 优点： * Guan方出具，学校直接盖章 * 一般内容规范，可直接提交申请院校审核 ⚠️ 注意： * 并非所有“带英文”的成绩单都符合国外学校要求 * 如果中英混排、不完整、不带章，仍可能需要翻译件,中性,无,low
发成绩单,content,🖋 方法二：中文成绩单 + 翻译件（常见） 如果学校不给开双语版，那就要提交： 👉 中文原件 + 对应的英文翻译件 翻译件应符合以下规范： * 一一对应、格式规范 * 附翻译机构出具的声明、公章 * 不建议自己翻或用翻译软件提交 📎 很多学校会要求翻译件附： * 翻译资质说明 * 翻译章或译者签名 🔒 为什么不建议自己翻,中性,无,low
发成绩单,content,因为多数国外高校在审核材料时会验证翻译机构的资质， 自己翻不具备“第三方中立证明效力”，容易被打回,中性,无,low
发成绩单,content,🧾 方法三：学校提供英文 PDF / 打印件（个别情况） 部分学校会统一提供英文成绩单 PDF 或打印件,中性,无,low
发成绩单,content,✅ 如果内容规范、带章，并被目标学校明确接受，可直接使用,中性,无,low
发成绩单,content,⚠️ 但建议先确认目标院校是否认可，否则可能仍需提交翻译件,中性,无,low
发成绩单,comment,店家非常有耐心，后期需要公证需要改，店家也非常积极的帮忙改正特别nice 放心靠谱的店家,中性,无,low
发成绩单,comment,翻译件还需要学校盖章吗,中性,无,low
发成绩单,comment,要看目标院校是否要求哈,中性,无,low
发成绩单,comment,多少钱啊,中性,无,low
发成绩单,comment,您好，我需要翻译成绩单,中性,无,low
发成绩单,comment,您好，可以进店铺滴滴客服哈,中性,无,low
发成绩单,comment,💌回复您了哈,中性,无,low
发成绩单,comment,您好，您需要翻译什么文件吗,中性,无,low
发成绩单,title,伦敦国王学院成绩单翻译,中性,无,low
发成绩单,content,2·纯人工翻译，文字更加细腻 伦敦国王学院综合实力稳居全球前40，伦敦国王学院的学霸们快来咨询吧,中性,无,low
发成绩单,content,学位证 在读证明 毕业证 都可以翻译哦 注意：翻译是定制服务哈，价格需要根据具体文件定,中性,无,low
发成绩单,content,请宝宝们先咨询后下单,中性,无,low
发成绩单,content,如果没有咨询就下单的话，我们没发翻译，只能是给宝宝发个小纪念品了,中性,无,low
发成绩单,comment,成绩单这种正式文件，本来挺忐忑的，结果翻译得贼专业，排版也工整,中性,无,low
发成绩单,comment,第二天就出稿，学校那边一眼就通过了，完全没返工,正面,学业,high
发成绩单,comment,价格才几十块，比外面中介便宜一半不止,中性,无,low
发成绩单,comment,宝藏店铺，已经收藏了，以后毕业证啥的都找这家,中性,无,low
发成绩单,comment,学位证翻译得很规范，每个细节都没落下,中性,无,low
发成绩单,comment,不仅质量高，出件速度也快，沟通起来特别顺畅，很满意,中性,无,low
发成绩单,comment,翻译得非常精准，成绩单的排版格式很规范，学校公章也很清晰,中性,无,low
发成绩单,comment,必须给个大大的好评,中性,无,low
发成绩单,comment,速度也快，当天就拿到电子版，客服全程耐心指导，价格还实惠,中性,无,low
发成绩单,comment,留学申请关键材料交给他们，心里特别踏实，已经推荐给同学了,中性,无,low
发成绩单,comment,必须给个好评,中性,无,low
发成绩单,comment,毕业证翻译得特仔细，那些学位名称啥的一点没出错，排版工工整整看着就舒坦,中性,无,low
发成绩单,comment,关键是办事效率高，没耽误我提交材料,中性,无,low
发成绩单,comment,价格也合适，有朋友需要肯定推荐这家,中性,无,low
发成绩单,comment,朋友推荐来的，翻译在读证明果然没踩雷,中性,无,low
发成绩单,comment,翻译规范，盖章清晰，交上去秒过,中性,无,low
发成绩单,comment,发货速度也快，沟通很顺畅，全程没啥废话但活干得漂亮,中性,无,low
发成绩单,comment,关键是便宜,中性,无,low
发成绩单,comment,以后有需要肯定再来，也会安利给其他同学～,中性,无,low
发成绩单,comment,之前找别家翻译过，总有些小毛病,中性,无,low
发成绩单,comment,这家真不错，在读证明翻译得专业又准确，关键是用词很地道，提交后顺利通过,中性,无,low
发成绩单,comment,以后翻译材料就认你家了,中性,无,low
发成绩单,title,5套大学生成绩证明模板电子版,中性,无,low
发成绩单,content,✅全部电子版，可编辑可打印 ✅高清无水印，学校认可超规范 ✅拍下自动秒发，升学就业不耽误,中性,无,low
发成绩单,content,#大学生成绩证明#成绩证明#学生成绩证明#大学成绩单#成绩证明模板#在校成绩证明#留学成绩证明#考研材料#学历证明#学生必备,中性,无,low
发成绩单,title,亚克力板上留下的签名是给青春留下华丽的,中性,无,low
发成绩单,content,篇章#初三中考顺利金榜题名#毕业季青春纪念册#毕业季#致青春致我们#毕业典礼拍照道具#青春回忆#致青春,焦虑,学业,medium
晚自习,comment,带我一个,中性,无,low
晚自习,comment,回复 Not ordinary🌟 : 她应该化了淡妆，但是不影响人家是美女,中性,无,low
晚自习,comment,回复 Not ordinary🌟 : 女娲怎么可以偏心成这样子,中性,无,low
晚自习,comment,回复：没看到吗,中性,无,low
晚自习,comment,再发一遍，我是女的,中性,无,low
晚自习,comment,im women,中性,无,low
晚自习,comment,哦豁牛逼的 还有这种玩法的,中性,无,low
晚自习,comment,好好笑服了,愤怒,社会,medium
晚自习,comment,P1有种中二萌的感觉,中性,无,low
晚自习,comment,爸了个跟的，拍着玩的,中性,无,low
晚自习,comment,那我精心找角度 ，批图然后花费半个小时拍出来的💩💩算什么,中性,无,low
晚自习,comment,（女娲，我们时候该谈谈了……）,中性,无,low
晚自习,comment,上帝好像把我所有的窗都关了……,中性,无,low
晚自习,comment,算我有耐心吗,中性,无,low
晚自习,comment,回复：算你有时间,中性,无,low
晚自习,comment,四和五张，好像小说里的女主，校花,中性,无,low
晚自习,comment,青春洋溢的感觉,中性,无,low
晚自习,comment,看了心情都变好了啊,中性,无,low
晚自习,comment,我今天会给所有人好脸色,中性,无,low
晚自习,comment,无论是侧颜还是正颜，都无可挑剔，好完美啊,中性,无,low
晚自习,comment,这眼睛着鼻梁着皮肤这嘴巴着脸型这眉毛这头发，好绝,中性,无,low
晚自习,comment,好美好青春靓丽高中时期的照片是用相机拍的嘛 是什么型号呀,中性,无,low
晚自习,comment,同问，好漂亮啊,中性,无,low
晚自习,comment,美女你随便吧,中性,无,low
晚自习,comment,我说随便,中性,无,low
晚自习,comment,像韩国一个女团中的美女,中性,无,low
晚自习,comment,姜海粼嗎,中性,无,low
晚自习,comment,好像是叫这个名字,中性,无,low
晚自习,comment,我是女的，私吗,中性,无,low
晚自习,comment,没法出去吗,中性,无,low
晚自习,comment,回复：是不是故意装没看到,中性,无,low
晚自习,comment,回复：我是大女子,中性,无,low
晚自习,comment,回复：吾乃雌性,中性,无,low
晚自习,comment,少欲擒故纵哈,中性,无,low
晚自习,comment,像zlz,中性,无,low
晚自习,comment,来看美女,中性,无,low
晚自习,comment,我要起诉女娲,中性,无,low
晚自习,comment,我也要🐬,中性,无,low
晚自习,comment,回复：加我一个,中性,无,low
晚自习,comment,我前妻团子姐之前有个瓜取关来着,中性,无,low
晚自习,comment,是哦 之前心态比较不好随意拉黑粉丝是我的问题 当时已经和那位宝宝道过歉了哦,中性,无,low
晚自习,comment,什么 闻着味就来了,中性,无,low
晚自习,comment,大家好 我是大马猴,中性,无,low
晚自习,comment,我是大马猴知道吗,中性,无,low
晚自习,comment,回复：成精点大马猴,中性,无,low
晚自习,comment,回复：你好大马猴 我是二狗,中性,无,low
晚自习,comment,回复：我是二狗知道吗,中性,无,low
晚自习,comment,回复：回复我大马猴,中性,无,low
晚自习,comment,你好，我是女的,中性,无,low
晚自习,comment,老乡好巧啊，我也是北方人,中性,无,low
晚自习,comment,哈喽我是应届生,中性,无,low
晚自习,comment,女娲：那坨泥巴又要说话了,中性,无,low
晚自习,comment,蚌埠住了,中性,无,low
晚自习,comment,🥔教主,中性,无,low
晚自习,comment,第二张棒棒糖棍怎么穿牙而过了是我眼花了吗,正面,学业,high
晚自习,comment,是在嘴角出来啦 你试试平常含棒棒糖 大部分人都是这样的,中性,无,low
晚自习,comment,像我这种皮肤黑且天生有毛的人，遭受的只有嘲笑,中性,无,low
晚自习,comment,回复：如果你特别在意可以买个刮毛刀洗澡的时候刮一下，也不费事，上大学了之后可以买个脱毛仪自己慢慢脱，🐟上买个全新的ulike也就五六百，我也是猕猴桃,中性,无,low
晚自习,comment,回复：没钱，我有个同学有几千块压岁钱了,中性,无,low
晚自习,comment,回复：那就上大学了慢慢弄嘛，好多女同学上大学了之后简直是华丽变身,中性,无,low
晚自习,comment,宁夏………………,中性,无,low
晚自习,comment,好巧，我也在银川，你在哪个区,中性,无,low
晚自习,comment,回复：咱们不可能是一个学校的吧,中性,无,low
晚自习,comment,回复：你是哪个学校,中性,无,low
晚自习,comment,咱是泥点子别叫,中性,无,low
晚自习,comment,她是泥塑，我们是甩都泥点,中性,无,low
晚自习,comment,回复：早期烂尾工程哈哈哈哈,中性,无,low
晚自习,comment,抱歉抱歉,中性,无,low
晚自习,comment,老师米米哒,中性,无,low
晚自习,comment,回复：如果我不推荐别人用的话，那我就不用啦,中性,无,low
晚自习,comment,你好 我是女生,中性,无,low
晚自习,comment,咋回事啊网不好?再说一遍我是女生,中性,无,low
晚自习,comment,团子是来宁夏上学吗，ip在宁夏,中性,无,low
晚自习,comment,她就宁夏银川的,中性,无,low
晚自习,comment,回复：我才知道震惊,中性,无,low
晚自习,comment,我将起诉我爸的举办,焦虑,家庭,high
晚自习,comment,好糙的话,中性,无,low
晚自习,comment,宝宝…能当头像吗,中性,无,low
晚自习,comment,嗯，我是女的,中性,无,low
晚自习,comment,回复：没听明白吗,中性,无,low
晚自习,comment,是没看见吗,中性,无,low
晚自习,comment,老师这是你吗,中性,无,low
晚自习,title,真的在教室找到能和我畅聊一个晚自习的人了,中性,无,low
晚自习,comment,密码还能用qqjjqhh927哈哈哈哈哈哈哈哈哈,中性,无,low
晚自习,comment,那我真要去试试了,中性,无,low
晚自习,comment,这个是啥意思呀,中性,无,low
晚自习,comment,回复：钎钎九九请和好，927我不太清楚,中性,无,low
晚自习,comment,回复：我理解的⑨是他们三月九号的登场日，27是钎城的生日＋队服后面的数字,中性,无,low
晚自习,comment,回复：并且尾子背后是9号,中性,无,low
晚自习,comment,回复：啊啊啊啊啊啊啊啊哈哈哈哈哈哈哈哈哈,中性,无,low
晚自习,comment,回复：我去原来是这样,中性,无,low
晚自习,comment,回复：嗯呐，9就是九尾的九，之前新糖点，一套哥发的赛车图片，927连在一起那周哥能不知道927啥意思吗,中性,无,low
晚自习,comment,没绷住,中性,无,low
晚自习,comment,我家lwj，第一艾琳,中性,无,low
晚自习,comment,回复：你快说我也是第一艾琳,中性,无,low
晚自习,comment,回复：我家dzn，第一艾琳,中性,无,low
晚自习,comment,回复：只有艾琳吗,中性,无,low
晚自习,comment,回复：我家jsn，第一蔡文姬第一张飞第一王昭君第一庄周,中性,无,low
晚自习,comment,铁幕演说来一个，我给你配乐《茉莉雨》,中性,无,low
晚自习,comment,缘分竟默许你离去,中性,无,low
晚自习,comment,回复：说明缘分不默许你离去,中性,无,low
晚自习,comment,回复：（见过陶喆A-Lin阿Fi版）,中性,无,low
晚自习,comment,回复：下面还有个王者荣耀启动,中性,无,low
晚自习,comment,那我家产就是：热点，好狗狗,中性,无,low
晚自习,comment,感觉来了,中性,无,low
晚自习,comment,缘分不许你886哈哈哈哈哈哈,中性,无,low
晚自习,comment,，同谋者 看密码哈哈哈哈哈哈,中性,无,low
晚自习,comment,回复：缘分不许你离去,中性,无,low
晚自习,comment,老公,中性,无,low
晚自习,comment,还有一个王者荣耀启动的 你们去组个三排有感觉吗,中性,无,low
晚自习,comment,还有一个彻底疯狂,中性,无,low
晚自习,comment,懂你意思,中性,无,low
晚自习,comment,90是钎九嘛，刚磕不太懂,中性,无,low
晚自习,comment,我家热点，第一网络 致敬的是钎九名言：我家钎城，第一马可,中性,无,low
晚自习,comment,回复：抓到你了997,中性,无,low
晚自习,comment,而且我怎么感觉是同校...,中性,无,low
晚自习,comment,回复：真的吗这么巧吗,中性,无,low
晚自习,comment,好兄弟一辈子,中性,无,low
晚自习,title,挑战全网最晚放学,中性,无,low
晚自习,comment,挑战全网最早起床,中性,无,low
晚自习,comment,初初初初初初一,中性,无,low
晚自习,comment,我初中是5:50起床 10点半睡觉,中性,无,low
晚自习,comment,初一4.30,中性,无,low
晚自习,comment,初一有毒吧 初中不双减吗 我初中八点才上课 我天天七点半起,中性,无,low
晚自习,comment,回复：河南啦正常,中性,无,low
晚自习,comment,我们初一七点二十到四点半,中性,无,low
晚自习,comment,河南是真不把学生当人啊,中性,无,low
晚自习,comment,甚至我们周六还上学,中性,无,low
晚自习,comment,回复：我们周日都要上,中性,无,low
晚自习,comment,回复：这些额外的时间都是你另外交费的，你家长的钱也花了不少,中性,无,low
晚自习,comment,回复：正课上到四点半就结束了，对于高中生来说已经很早了,中性,无,low
晚自习,comment,高二晚自习十点半,中性,无,low
晚自习,comment,我们也是 高一高二都是,中性,无,low
晚自习,comment,你们几点起床啊姐妹，我们十点半下晚自习早上六点进班,中性,无,low
晚自习,comment,那么早啊 我们只有住宿生六点二十到班 这个点是吃完饭后 走读生七点二十到就行,中性,无,low
晚自习,comment,高一晚自习走读生12点放,中性,无,low
晚自习,comment,第一眼：天呐 第二眼：新疆,中性,无,low
晚自习,comment,辽宁哪里,中性,无,low
晚自习,comment,这么冷这么早……,中性,无,low
晚自习,comment,我们学校高三十点,中性,无,low
晚自习,title,感觉逃晚自习的人社会化程度都好高啊,中性,无,low
晚自习,content,你们大学晚自习无不无聊 我的大学晚自习好无聊啊#晚自习#大学生活#大学生的状态,中性,无,low
晚自习,comment,煮播是想上晚自习还是想上晚十,中性,无,low
晚自习,comment,无聊透了[抽泣R],中性,无,low
晚自习,comment,哈哈哈好牛,中性,无,low
晚自习,comment,但在备战四级,中性,无,low
晚自习,comment,没有晚自习,中性,无,low
晚自习,comment,到图书馆借书，或者买点小玩意解闷,中性,无,low
晚自习,comment,晚自习收手机谁懂,中性,无,low
晚自习,comment,还很不好了,中性,无,low
晚自习,title,建议给家里的住校生多囤点这个牛肉,中性,无,low
晚自习,comment,味道不错，而且的确是牛肉,中性,无,low
晚自习,comment,第一次在小红书买到货真价实的牛肉,中性,无,low
晚自习,comment,很好很好，会回购,中性,无,low
晚自习,comment,而且分量足，没有缺斤少两,中性,无,low
晚自习,comment,小红书评论鼠标不能点到前面文字进行修改,中性,无,low
晚自习,comment,本来还想说两句，算了，懒得撤了重写了,中性,无,low
晚自习,comment,哇塞这个好吃的，带到了国外，都不舍得吃,中性,无,low
晚自习,comment,每天上班补充体力绝绝的,中性,无,low
晚自习,comment,居然是老家的平遥牛肉,中性,无,low
晚自习,comment,一整块，绝对是牛肉，没有奇怪香精的味道，就是很纯正的..牛肉的味道,中性,无,low
晚自习,title,大一晚自习就是一个玩手机集中营,中性,无,low
晚自习,content,是#晚自习#上课日常#当代大学生上课#破碎的大学生#忙碌的大学生#易碎大学生#大学生上课的状态#当代大学课堂#在学校的我,中性,无,low
晚自习,comment,晚自习收手机,中性,无,low
晚自习,content,家人们谁懂啊,中性,无,low
晚自习,content,晚自习到十点半回家，整个人被榨干了😇切好一盘这个极客蜜瓜 一口下去直接活过来了，不是那种齁甜的，是清甜爆汁的那种 果肉软糯又带点脆，芯儿那一勺我直接挖着吃 - 不用吐籽（懒人狂喜）- 冰镇后像在吃蜜瓜冰淇淋- 吃完手上不黏糊糊的 晚自习前让我妈放冷冻层20分钟，回家刚好是微微冰沙的口感,焦虑,家庭,high
晚自习,content,#婚姻#情感#香水#迪迪,中性,无,low
晚自习,title,大一新生作息时间表来喽,中性,无,low
晚自习,content,#当代高中生现状#高中生活#北京高中#高中生,中性,无,low
晚自习,comment,我靠好多人了 作业太多没登小红书你们等我翻一下,中性,无,low
晚自习,comment,学校也不是大家知道的那个很卷的区,中性,无,low
晚自习,comment,主播每天就看着初中同学比我们提前一小时就放学心已死,中性,无,low
晚自习,comment,回复：不不不，我听说海淀挺卷的（,中性,无,low
晚自习,comment,回复：我西城的，也不是重点，普高里能排到前2前3吧,中性,无,low
晚自习,comment,回复：噢噢噢噢,中性,无,low
晚自习,comment,回复：西城都是回家偷偷卷啊，不明着卷，我听说四中高三还双休呢,中性,无,low
晚自习,comment,回复：sdf高二还三点五十放学呢 巴不得有晚自习,中性,无,low
晚自习,comment,回复：我们也是 一模一样 物化三节还有一节是俩班一起上,焦虑,学业,medium
晚自习,comment,回复：俩班一起上,中性,无,low
晚自习,comment,这怎么上一个桌子放两个凳子,中性,无,low
晚自习,comment,回复：159吗,中性,无,low
晚自习,comment,天呐我们初三晚自习9:30才放,中性,无,low
晚自习,comment,哪个区的高一周六敢补课,中性,无,low
晚自习,comment,哪个区不补吗,中性,无,low
晚自习,comment,这不是自己的课吗,中性,无,low
晚自习,comment,回复：除了周一到周五其余的不都是补课吗,中性,无,low
晚自习,comment,回复：他这种网课基本上查不到，也没查的,中性,无,low
晚自习,comment,回复：按理来说就不应该有啊,中性,无,low
晚自习,comment,我哩个 海淀真有学校补,中性,无,low
晚自习,comment,6点20出门，6点45到学校,中性,无,low
晚自习,comment,五点多放学,中性,无,low
晚自习,comment,之前成绩不好，周六四节网课周日两节课,中性,无,low
晚自习,comment,半年后成绩上来了，网课取消,中性,无,low
晚自习,comment,保持住就不上网课，周末可以睡一天,中性,无,low
晚自习,comment,这么恐怖吗 我海淀六小强 7：30到校 平常有时候5：10放学 有时候4：20放学 没有晚自习 周末没有课,中性,无,low
晚自习,comment,回复：关键是人家这个作息一个学校清北的得有一两百人，北京其他也有作息比这久的，清北也就人零头，所以学校作息不代表什么,中性,无,low
晚自习,comment,我家孩子北京郊区高一，也算市重点高中，早6:50-21:30，据说高三22:30，那又怎样，我同事家孩子高中海淀六小强，高三才有晚自习，早7:30到校，不影响人后来考人大,中性,无,low
晚自习,comment,我四的，我上学那会都3点放学，一周游4次泳，全北京300多清北，我们150多个,中性,无,low
晚自习,comment,回复：没有一两百我们学校开始没落了能有50个不错了（全部算强基什么的 ）,中性,无,low
晚自习,comment,我闺女也是海淀的中学，去年毕业了，他们从初中就开始上晚自习了啊，初中八点半，高中九点半，当然学校允许选择不上晚自习，但绝大多数同学都上晚自习,中性,无,low
晚自习,comment,高三一周上六天课，暑假寒假只休息两周，国庆节只休息三天,中性,无,low
晚自习,comment,回复：我们还以为大家都这样……,中性,无,low
晚自习,comment,早上6:50晚上9:30高三10:30 大小周隔一周周六补课 寒假补课（各年级1加3加高三）我今年应届中考生寒假只放了17天,焦虑,学业,medium
晚自习,comment,学校在郊区中的郊区跟荒地没区别 我是走读生更惨了一天睡5个小时,中性,无,low
晚自习,comment,不强制补课上晚自习普通班什么样我不清楚 但是我们班没有一个不来的 你要是不上就等着被蛐蛐吧,中性,无,low
晚自习,comment,回复：那你几点起床,中性,无,low
晚自习,comment,回复：诶同道中人啊,中性,无,low
晚自习,comment,回复：5:50,中性,无,low
晚自习,comment,西城住宿某校，早六点四十起，七点半早读，上到下午五点零五，六点到七点二十下第一节晚自习，七点四十到九点第二节晚自习（因为有人只上一节）高三可自愿延长到十点,中性,无,low
晚自习,comment,高一高二周六自愿上课高三正常上课，高一高二是四节大课，上什么课自己报名，再安排教室，高三的是七节小课（六门课都上一次+一节自习）,中性,无,low
晚自习,comment,高三的第一节晚自习也可以自愿报名课去上，不同科目不同难度，第二节没课,中性,无,low
晚自习,comment,回复：还真不是,中性,无,low
晚自习,comment,回复：八中不过这个起床时间基本上一直在变，宿管也没很确定的时间,中性,无,low
晚自习,comment,市重点 七点半到校 周一-周四四点四十五当学 周五3:50放学 相当爽好吧,中性,无,low
晚自习,comment,一看就是西城作息,中性,无,low
晚自习,comment,没晚自习,中性,无,low
晚自习,comment,东城某重高也这样🤷,中性,无,low
晚自习,comment,我们七点五十五到校，海淀某市重点,中性,无,low
晚自习,comment,我家的每天七点半之前到校，周一二三4：15放学（有统练就五点半），周四五选修课五点五十放学，没有晚自习，六日不上课,中性,无,low
晚自习,comment,回复：你咋知道,中性,无,low
晚自习,comment,七点二十上课六点二十下课，7-10晚自习（高三）,中性,无,low
晚自习,comment,原来我们是全北京最惨 我们6.30到校 10.30放学 而且两周休一次,中性,无,low
晚自习,comment,回复：哪个学校啊，好疯狂,中性,无,low
晚自习,comment,北京这个强度的不多哦，哪个学校哦,中性,无,low
晚自习,comment,现在吃学习的苦，以后就不吃生活的苦，你可以挑工作,中性,无,low
晚自习,comment,我是西城某普高高一牲，我们早上七点半到校，周一到周四六点放学，周五五点半放学，晚自习八点十五放（自愿上，周五没有晚自习）,中性,无,low
晚自习,comment,我也西城普高高一 七点半到校 16:55放学 高一高二不开晚自习,中性,无,low
晚自习,comment,回复：那真的能交齐作业吗我要是没有晚自习绝对每天拖到大半夜,中性,无,low
晚自习,comment,回复：可以 我晚自习反而效率低…在学校看着作业好多不会的,中性,无,low
晚自习,comment,回复：161吗,中性,无,low
晚自习,comment,回复：现在161高一高二都有晚自习的,中性,无,low
晚自习,comment,回复：不是 3,中性,无,low
晚自习,comment,海淀小强，7.30到校，放学5.10/4.30不等，没有晚自习,中性,无,low
晚自习,comment,高三每周六雷打不动补课，倒是不要钱，但是补课补得活人微丝……,中性,无,low
晚自习,comment,我回山东老家给我表弟陪读了一个月发现这个作息比我们老家还不抽象，结果到高三了有同学在宿舍水房自己学到晚上十二点,中性,无,low
晚自习,comment,哪个区的胆子这么肥敢这么上课,中性,无,low
晚自习,comment,回复：那个应该是自己报的吧,中性,无,low
晚自习,comment,铁二（不太确定但是听说周日有自习课可以去）,中性,无,low
晚自习,comment,当然是目前成绩最好的那个区了啊，都不用问,中性,无,low
晚自习,comment,回复：指望学生举报不如指望对家学校的家长举报,自卑,自我,high
晚自习,comment,七点半到校4:15放学，高三会有一部分时间六点放学，晚自习三年都纯自愿，三年周末不补课,中性,无,low
晚自习,comment,其实我觉得这种才该是正常状态吧，现在居然连北京都开始从高一卷时间了吗,中性,无,low
晚自习,comment,其实我们区我知道的其他学校高三都要周六补课，我们高三周末如果不想在家的话可以报名去学校图书馆自习,中性,无,low
晚自习,comment,rdf的吧,中性,无,low
晚自习,comment,回复：四中（）,中性,无,low
晚自习,comment,我们学校是都上晚自习晚上八点半放，我周末也要补课基本上4.5节,中性,无,low
晚自习,comment,孩子，所有的人都是这么过来的，确实很辛苦,中性,无,low
晚自习,comment,但是想想自己能考到一个理想心仪的大学，就还得坚持住,中性,无,low
晚自习,comment,不应该是七点到校晚上九点半放学周末周六在学校至少补两科然后自己的课六节每节俩小时吗,中性,无,low
晚自习,comment,这还有时间写周末作业吗,中性,无,low
晚自习,comment,这是我妹学校,中性,无,low
晚自习,comment,朝阳某高中啊，高一高二晚自习自愿，早7:30到晚上6:05放学，晚自习好像是夏季学期到9:30，冬季学期到9:00（本人从没上过晚自习），到高三要求6:45到校，强制晚自习，坚决不上晚自习的6点放，一天十节课，周一考语文，周二考数学，周三考英语，周四和周五的选课每两周考一次，基本上都是会考满时间的，实在考不完的会占用些课堂来继续,中性,无,low
晚自习,comment,高三的周六是早上8点前到校，下午5点45放学（好像），上六节课，一节课一小时，上午主科，下午选科,中性,无,low
晚自习,comment,现在居然周末也上课,中性,无,low
晚自习,comment,对呀，毕业六年怎么北京都这样了,中性,无,low
晚自习,comment,少部分北京的学校吧，我周六要上课，但只有理科实验班是这样,中性,无,low
晚自习,comment,我们当时是7:30早读，12:40-13:30吃饭+午休，16:30-18:00周练，19:00-22:30晚自习，23:10熄灯，周六7:30开始，16:20放学（周六全天在学校补课）,中性,无,low
晚自习,comment,才发现楼主说的是高一，那你们强度有点大了，我们这是高三作息,中性,无,low
晚自习,comment,朝阳某学校7点25到校，下午不上晚自习5点半放学，晚自习自选上的高一八点二十高二八点半高三九点三年都不强制上,中性,无,low
晚自习,comment,啥学校啊,中性,无,low
晚自习,comment,七点二十五前到校 不上晚自习五点半上晚自习九点半 周五五点,中性,无,low
晚自习,comment,10年前东城高三的作息：6点起床，6点50到校上早自习，7点半上早操，8点到12点10分上课，然后午休到1点上午自习，1点半到5点20上完课放学，晚自习自愿参加到8点,中性,无,low
晚自习,comment,周六补课是不是就省的自己花钱补了呀,中性,无,low
晚自习,comment,如果是大锅饭，没有针对性，这就是浪费时间,中性,无,low
晚自习,comment,孩子初一郊区中学，早7:15晚6:50,中性,无,low
晚自习,title,谁敢信这是快两点的宿舍,中性,无,low
晚自习,comment,现在还在开麦打游戏我要发力了,中性,无,low
晚自习,comment,你好温柔,中性,无,low
晚自习,comment,沟通完毕,中性,无,low
晚自习,comment,（虽然每次跟她沟通都是这么保证的，但是她也没有坚持做到过,中性,无,low
晚自习,comment,不过现在会安静了等以后又吵了就继续沟通）,焦虑,生活,high
晚自习,comment,回复：可是大家都上床睡了,中性,无,low
晚自习,comment,我发这段文字的时候，我的另一个室友直接说了，刚刚还吓了我一跳哈哈哈,中性,无,low
晚自习,comment,（而且凌晨一点不早了吧…）,中性,无,low
晚自习,comment,回复：哈哈哈哈哈哈,中性,无,low
晚自习,comment,回复：尊重一下正常人的作息好吗.....,中性,无,low
晚自习,comment,回复：不好翻脸嘛,中性,无,low
晚自习,comment,谁敢想这是下午两点多的宿舍,中性,无,low
晚自习,comment,怎了很好啊大家都睡午觉,中性,无,low
晚自习,comment,我懂...甚至有时候大家不开灯持续到晚上八九点都有...,中性,无,low
晚自习,comment,两点多还好吧 午休刚结束 你直接说一句就可以开灯啊,中性,无,low
晚自习,comment,我们宿舍下午五点也是这样的,中性,无,low
晚自习,comment,虽然我不知道怎么劝你舍友能解决这个开灯的问题 但是我建议你换个床帘～这个看起来有点透，换一个可能能睡好一点（或许,中性,无,low
晚自习,comment,回复：我也是无涂层的布 遮光效果比你好很多 你这个布都是透的,中性,无,low
晚自习,comment,回复：买的还是品牌感觉被坑了,中性,无,low
晚自习,comment,回复：如果室友不听还是和导员说一下啊啊啊,委屈,人际,high
晚自习,comment,回复：涂层是里边银色的那层吗 应该没啥事吧我4年都用的这种 遮光效果要好很多,中性,无,low
晚自习,comment,回复：生活上的事情导员才不得管 而且我觉得没必要闹到这样,中性,无,low
晚自习,comment,宿舍为啥不能按照生活习惯来分配,中性,无,low
晚自习,comment,我支持这种分配,中性,无,low
晚自习,comment,我也支持,中性,无,low
晚自习,comment,资源不够 而且作息会变 不同班上课时间不同,中性,无,low
晚自习,comment,有点时候迷惑为什么大学了还有集体熄灯，看了这个就觉得其实熄灯挺好的,正面,生活,medium
晚自习,comment,我大学时候准时十一点半断电断网，除了厕所哪里都没电，一开始时候超级不习惯，特别不理解，现在看来还是很有必要的,中性,无,low
晚自习,comment,我大学11点统一关灯，宿管还会巡楼，大家基本上10点就上床休息，10点半就关灯了，第二天早八得7点起床洗漱，还要去饭堂吃早饭不然就迟到了,中性,无,low
晚自习,comment,你能明白就好舍友现在还在打游戏各种大声说话我真的想要这种集体熄灯,中性,无,low
晚自习,comment,我们学校十点不到就熄灯了 我们寝室关系一直都不是很亲密所以基本上一熄灯大家都不会发出声音了 真的特别好,中性,无,low
晚自习,comment,回复：如果你当时想睡，时间也到了晚上十一点半甚至更晚了，那你就说已经很晚了，明天还有早八，我要睡了，你可以开你桌子上的小台灯（她自己台灯电不够用，如果你不介意的话可以把自己台灯借给他，反正不能让他很晚了还强行开着大灯）,中性,无,low
晚自习,comment,她要是不愿意，就直接关灯，她要是再开开你就直接去关，他再开你就再关,中性,无,low
晚自习,comment,争取一个晚上吵一架就把问题解决，反正不能被宿舍霸凌,焦虑,生活,high
晚自习,comment,每天如此,中性,无,low
晚自习,comment,宝子 你这个遮光是不是不太行,中性,无,low
晚自习,comment,回复：是的 因为这个是上一届学姐留下来的 我就没拆 但是室友一直不熄灯 我已经买了个新的遮光的窗帘了,委屈,人际,high
晚自习,comment,回复：跟度假似的,中性,无,low
晚自习,comment,这个帘子配光简直是在热带雨林里面了,中性,无,low
晚自习,comment,回复：同是天涯沦落人,中性,无,low
晚自习,comment,不能关灯拉床帘打吗,中性,无,low
晚自习,comment,回复：要开麦交流,中性,无,low
晚自习,comment,我当时就是和其中一个室友大吵一架，然后她带着其他人孤立我，但是没成功，后面我外宿了,焦虑/委屈,生活/人际,high
晚自习,comment,感觉你的窗帘不遮光 可以去买一个好一点的 我有个舍友帘子特别好 里外都不透光 当然我不是怪你的意思 我是觉得改变别人很难 不如换个办法让自己舒服点,自卑,自我,high
晚自习,comment,本创的床帘两百多[完啦R],中性,无,low
晚自习,comment,回复：本创是谁,中性,无,low
晚自习,comment,回复：本创屋品,中性,无,low
晚自习,comment,回复：确实不遮光，我中午睡觉外面也是亮的屋里也开着灯，我这床帘完全看不到光,中性,无,low
晚自习,comment,我400买的斐艺床帘,中性,无,low
晚自习,comment,回复 瘦到88斤好嘛,中性,无,low
晚自习,comment,: 没治,中性,无,low
晚自习,comment,我觉得可以先和舍友沟通，如果还这样就找导员，换床帘感觉还是治标不治本，都这么亮了肯定动静也不小，总不能一天到晚睡觉这么受罪,中性,无,low
晚自习,comment,这个真试着沟通了，没有用,中性,无,low
晚自习,comment,回复：直接下床关灯可以试试,中性,无,low
晚自习,comment,回复：早上不停开灯，闪瞎她们的眼，有窗帘闪不动，就想办法吵醒她们，不让你睡，她们也别想睡,焦虑,生活,high
晚自习,comment,回复：在外租房呢，简直没法忍,中性,无,low
晚自习,comment,宿舍好热……但是她们不让开空调…,中性,无,low
晚自习,comment,你们那里现在几度呀,中性,无,low
晚自习,comment,每个人体感温度不一样，可能她们真觉得凉,中性,无,low
晚自习,comment,回复：今天刚开始降温 屋里还是很闷很热回去连电扇都不让开我只能坐宿舍楼外面吹风了,中性,无,low
晚自习,comment,宝宝买那种小风扇,中性,无,low
晚自习,comment,我宿舍的给我跪下了 我只是说了她两句,中性,无,low
晚自习,comment,回复：换我我第一反应是躲开，这种恶人可不能当,中性,无,low
晚自习,comment,（她可能真的比较极端你要小心）,中性,无,low
晚自习,comment,回复：过去的事还好,中性,无,low
晚自习,comment,回复：哈哈 又怂又凶,中性,无,low
晚自习,comment,回复 法考必过～,中性,无,low
晚自习,comment,回复：哈哈哈哈你看她群名后面还有个括号4， 你连起来读读看,中性,无,low
晚自习,comment,回复：非也，这种群名有它自己的意义,中性,无,low
晚自习,comment,回复：哈哈哈哈哈哈哈哈哈,中性,无,low
晚自习,comment,撞群名了,中性,无,low
晚自习,comment,我室友晚上十一点多还会很大声的打电话，还是外放，也是没招了昨晚困的要死，都快睡着了，被她吵醒了,焦虑,生活,high
晚自习,comment,寝室很小密闭环境的再小声的声音都会被影响[完啦R][完啦R][完啦R][完啦R][完啦R],中性,无,low
晚自习,comment,回复：感觉是态度问题，要是声音很小，我会觉得她是在乎室友感受的（虽然也不多），但本身声音很大的，我会觉得她根本不把室友当人看,中性,无,low
晚自习,comment,回复：我觉得睡觉时间既然你在乎别人的感受就应该做的不出声音[完啦R]这是起码的尊重啊,中性,无,low
晚自习,comment,回复：对，你这种想法是正常人基本都会有的，但很多人他不正常，所以根本没法以一个正常人的想法要求他只能退而求其次了,中性,无,low
晚自习,comment,回复：你是一个很好的宝宝,中性,无,low
晚自习,comment,这种回宿舍真是煎熬,中性,无,low
晚自习,comment,是的 不是每个人都有母亲,中性,无,low
晚自习,comment,你们懂今年元旦跨年那天吗,中性,无,low
晚自习,comment,不用说了，你们是晚上两点还不关灯，我们寝室是晚上两点过不仅开着灯，室友还在打游戏，并且非常的大声,中性,无,low
晚自习,comment,非常大声就更过分了我们是时不时突然冒出声音吓人一跳,中性,无,low
晚自习,comment,回复：我宿舍就是一直持续的超大声聊天,中性,无,low
晚自习,comment,回复：，宝子，辛苦了,中性,无,low
晚自习,comment,要么买耳塞+眼罩，要么换寝室，这是解决问题的唯二途径，发生冲突和争执最无效，挂人也没有啥意义,正面,学业,low
晚自习,comment,你们不会沟通吗,中性,无,low
晚自习,comment,回复 The azure distance : 沟通啥啊，会这样做的人，基本上是不会顾及到其它人的,中性,无,low
晚自习,comment,读书时的精力花在更值得的地方，现在就业环境这么不好，读书期间多想想以后要干嘛，要不要考证，要什么时候开始准备，别把精力花在一些乱七八糟的地方，大学同学毕业了基本上就是陌路人了,中性,无,low
晚自习,comment,回复：不会沟通，换一个寝室万一也是这样的，继续换寝室吗,中性,无,low
晚自习,comment,我大四，人家大二，辅导员这学期安排进来的,中性,无,low
晚自习,comment,赶紧跟导员说看看能不能调走，这种要是似了还会赖上你们,中性,无,low
晚自习,comment,回复 鼠咪事,中性,无,low
晚自习,comment,回复 鼠咪事,中性,无,low
晚自习,comment,: 大四学生的命不是命嘛,中性,无,low
晚自习,comment,不过我们约好，第一个上床的人不管几点都可以关灯了，关灯后不准吵,焦虑,生活,high
晚自习,comment,这不是下午吗,中性,无,low
晚自习,comment,这个点睡什么觉,中性,无,low
晚自习,comment,现在才6点多睡觉干嘛,中性,无,low
晚自习,comment,谁晚上六点半就睡觉啦,中性,无,low
晚自习,comment,六点睡什么觉,中性,无,low
晚自习,comment,半弦月真的很遮光，也是真的拉上帘子以后很热,中性,无,low
晚自习,comment,哇塞这个好啊,中性,无,low
晚自习,comment,请问你这个有遮光涂层吗,中性,无,low
晚自习,comment,回复：我买的半弦月的没有,中性,无,low
晚自习,comment,回复：其实还好,中性,无,low
晚自习,comment,买个眼罩,中性,无,low
晚自习,comment,有的，不过眼罩的绑带勒着很难受，感觉被什么禁锢了哈哈哈哈哈哈哈哈哈,中性,无,low
晚自习,comment,回复：要买这种，亲测有用，不紧，然后头又不会压着东西的感觉,中性,无,low
晚自习,comment,回复：三福好像有，很舒服,中性,无,low
晚自习,comment,回复：下次去商场的时候到三福看看,中性,无,low
晚自习,title,晚自习刷牙挑战,中性,无,low
晚自习,content,当然是玩转学校喽 第一次剪辑，大家凑合着看 #高中生日常#晚自习#抽象艺术#学校刷牙挑战#在学校的我#当代高中生现状,中性,无,low
晚自习,comment,我和同桌还有做过，当时老师发现了我同桌，我同桌直接被老师请教室外当保安了我突然灵机一动把泡沫都咽下去了把牙刷扔窗外了,中性,无,low
晚自习,comment,因为有大学生在晚上出去放飞出事，所以有晚自习,中性,无,low
晚自习,comment,因为有大学生翘了晚自习出去放飞出事，所以严查晚自习出勤,中性,无,low
晚自习,comment,校领导没事给自己增加工作吗,中性,无,low
晚自习,title,高中，是我要的自由和自由的束缚,中性,无,low
晚自习,title,高中晚自习的5大权威娱乐方式,中性,无,low
晚自习,content,很普通的一个晚上 晚自习放学后#准高三,中性,无,low
晚自习,title,乡镜初中晚自习到十点的意义,中性,无,low
晚自习,content,晚自习数学一对一，我带了五道错题去问,焦虑,学业,medium
晚自习,content,老师看了之后说：“这几道其实都是一个知识点——三角函数图像的平移变换,中性,无,low
晚自习,content,讲完让我自己重新做那五道题，我做出了四道,中性,无,low
晚自习,content,第五道还是卡，他又讲了一遍，这次换了个方式，用“平移坐标轴”的思路,中性,无,low
晚自习,content,最后我懂了,中性,无,low
晚自习,content,” 说实话，鸿鹄的这种老师真的让人想学#一对一#晚自习#成都市青白江区鸿鹄高级中学#青白江鸿鹄高级中学,中性,无,low
晚自习,title,晚自习才是川渝特产,中性,无,low
晚自习,comment,回复 竹马,中性,无,low
晚自习,comment,您好老师，接不接赞助,中性,无,low
晚自习,content,#晚自习#我与高考的难忘经历#高中生活#学生时代#怀念青春年少的我们#高考#高考加油,焦虑/正面,学业,medium
晚自习,comment,唯一的一次相对平等的机会,中性,无,low
晚自习,comment,看给孩子们给熬的,中性,无,low
晚自习,comment,高考加油💪,焦虑/正面,学业,medium
晚自习,comment,可不可以报道我老公 37岁加班猝死 0赔偿的事,中性,无,low
晚自习,title,你好晚自习,中性,无,low
晚自习,content,#初中晚自习,中性,无,low
晚自习,comment,那句让开是我吼的（）,中性,无,low
晚自习,comment,回复：我们班放学提前了两分钟,中性,无,low
晚自习,comment,看了半天，说这个校服好熟悉，这个教室也好熟悉啊,中性,无,low
晚自习,comment,你怎么拍的,中性,无,low
晚自习,comment,我的美味平板,中性,无,low
晚自习,comment,自己掰开,中性,无,low
晚自习,comment,好眼熟的校服…等等我找找我们班合照,中性,无,low
晚自习,comment,是附中博才吗…,中性,无,low
晚自习,comment,回复：哈哈是附中星城,中性,无,low
晚自习,comment,你们班待遇这么好,中性,无,low
晚自习,title,陪高三的女儿旷了一节晚自习,中性,无,low
晚自习,content,到高三的时候，就连请假都成了一种奢侈 虽然旷的只是一节晚自习 这在高三的学生来说 这一节晚自习超越了无数个奋斗的夜晚 #学生#高三#评论区#温馨时刻#分享片刻,中性,无,low
晚自习,comment,我就有个这样的妈妈，高三我请过便秘假 痛经假 睡觉假 考砸了心情不好假，我还是考上985了，并且是精神状态良好地考上的,中性,无,low
晚自习,comment,果然，有妈妈理解的孩子就是不一样,中性,无,low
晚自习,comment,笑死了我妈天天只知道跟张弦说我胃疼，后来张弦老问我胃舒不舒服,焦虑,家庭,high
晚自习,comment,我也是啊哈哈,中性,无,low
晚自习,comment,高三请过各种奇形怪状的假,中性,无,low
晚自习,comment,以后我也要当这样的妈妈,中性,无,low
晚自习,comment,主要是你平时自己知道要努力，有的孩子家长帮请假他会越来越懒……请假这个事还是看人的,正面,学业,low
晚自习,comment,我也是这样的妈妈 所以我女儿也是,中性,无,low
晚自习,comment,我也是，而且我们班主任特别好，只要是有益于同学的身心健康的，他都会批假，狠狠地批假,中性,无,low
晚自习,comment,回复：东大建院还不厉害嘛,中性,无,low
晚自习,comment,我也请过便秘假……高中,中性,无,low
晚自习,comment,回复：真的很好呀,中性,无,low
晚自习,comment,我也是 我妈想尽办法给我请假 老师也都批 睡眠不足去找老师请假 老师说没睡好别回来,焦虑,家庭,high
晚自习,comment,同感，我高考那年甚至还自己造了个五一小长假,焦虑,学业,medium
晚自习,comment,上学的时候我爸也经常帮我请假，高三晚自习三节只上两节也考上985了，不过现在当了高中老师生病也得去上班特么的,焦虑,家庭,high
晚自习,comment,看到后面我乐了,中性,无,low
晚自习,comment,回复：看名字更爆笑了,中性,无,low
晚自习,comment,姐妹 你的名字让这件事的搞笑程度达到了新的高度哈哈哈哈哈哈哈,中性,无,low
晚自习,comment,最后高考刚过一本线一点我妈还说是她把我惯的不然能更高哈哈哈哈哈哈,焦虑,学业/家庭,high
晚自习,comment,我嘞个豆姐妹真的世另我 我高三的时候我妈也是,焦虑,家庭,high
晚自习,comment,要是我高中有这觉悟就好了,中性,无,low
晚自习,comment,我以前一周请一次假，也是晚自习，因为没有测试，我走读，回家之后就是玩，也不学习了，高考比一本线低7分,焦虑,学业,medium
晚自习,comment,回复：,中性,无,low
晚自习,comment,高三胃肠型感冒上吐下泻一晚上没睡成觉第二天早上输完液被我妈赶回学校上课,焦虑,家庭,high
晚自习,comment,连夜去医院输液的，输完液就天亮了，去学校上课,中性,无,low
晚自习,comment,回复：所以后来你出国深造了,中性,无,low
晚自习,comment,回复：妹妹加油，大学好好学早点独立远离他们一家,正面,学业,low
晚自习,comment,原来旷一节晚自习很奢侈 我高三的时候都是打一通电话我妈就来把我接走的,焦虑,家庭,high
晚自习,comment,我是想请假的话爸妈就帮我给班主任发消息，但是,中性,无,low
晚自习,comment,班主任不让老请假,中性,无,low
晚自习,comment,我们学校都不怎么管了 班主任的签名很多人都会模仿 自己签了就走班主任也不怎么管,中性,无,low
晚自习,comment,请假不会落课吗,中性,无,low
晚自习,comment,所以大家都挑晚自习请假啊 不会有新课,中性,无,low
晚自习,comment,回复：晚自习不上课吗,中性,无,low
晚自习,comment,就落那么一点没什么关系，我们历史老师（隔壁班班主任）说状态不好硬撑着上课不如回家休息休息好了再回来精力充沛地听课，老师ppt也都发群里哪里缺了自己补就行,自卑,自我,high
晚自习,comment,回复：我们老师也这么说但是只是表面上吓唬一下，我们班有几个常年段前十的同学请假请得可欢了学校也没拿他们怎么样,中性,无,low
晚自习,comment,回复：晚自习是晚辅答疑或者讲题查缺补漏吧 不会涉及新知识,中性,无,low
晚自习,comment,这一个晚上应该会记很久吧,中性,无,low
晚自习,comment,回复：哈哈哈我都大四了，还能记得,中性,无,low
晚自习,comment,回复：所以虽然已经毕业几年了，我还能记得那一天老师感觉我状态不对就批了我的假,中性,无,low
晚自习,comment,不请假也没耽误我上专科,中性,无,low
晚自习,comment,我靠，我TM就是起早贪黑上大专,中性,无,low
晚自习,comment,回复：那你高考多少分啊,焦虑,学业,medium
晚自习,comment,回复：,中性,无,low
晚自习,comment,我高三旷过我感冒了难受，打电话给我爸带我去医院打针结果去了医院然后医生说没事回去歇着，我就旷了,焦虑,家庭,high
晚自习,comment,回复：不过比起这个我最想笑的是高一有一次调休，周六要上课然后我和我爸妈都没定闹钟，上课迟到了，然后我妈给老师发消息说我早上吃坏肚子去医院了我没吃早饭就赶过去了，到教室的时候嘴巴是白的，老师还特心疼，说我勤奋实际上是没吃早饭饿的，当时我就觉得我妈妈好皮,焦虑,家庭,high
晚自习,comment,现在正在请假旷,中性,无,low
晚自习,comment,现在还记得高三最后一学期妈妈晚上骑电动车带我去兜风，隔着一条河看我们教学楼灯火通明，真的好怀念好怀念,中性,无,low
晚自习,title,当时的心比天高,中性,无,low
晚自习,content,我想，我所怀念的高中生活是欢声笑语的课后，而非枯燥乏味，一成不变的反复做题，刷题,中性,无,low
晚自习,content,记2025.6.9 #照片里的青春#当时只道是寻常#高中生活#记录#回忆#梦#高中,中性,无,low
晚自习,title,马来金昌西“晚自习”下课,中性,无,low
晚自习,content,40的风确实很爽可是晚自习下课也是会想念30的风#骑个痛快#这座山我骑过#骑友圈#骑行友好计划#骑了就行#下班后才是生活#日常骑行,中性,无,low
晚自习,comment,诶昨天还真是你们,中性,无,low
晚自习,comment,人多的反正分不清谁是谁,中性,无,low
晚自习,comment,50码跟不上,焦虑,学业,high
晚自习,title,高三 一晚上三次…,中性,无,low
晚自习,content,但是今年终于也有精力走进剧场了，原来他们创造的真的是一个如此有魅力的世界，坐在剧场看谢幕的那十几秒里好像又能听见自己高三那年的心跳声,中性,无,low
晚自习,content,#声入人心,中性,无,low
晚自习,comment,是的，完全是当时的精神支柱,中性,无,low
晚自习,comment,他们的很多歌选的都是那种很振奋人心鼓舞的类型，早上起不来，就放我的太阳,中性,无,low
晚自习,comment,当时真的影响我很深,中性,无,low
晚自习,comment,完全精神支柱的存在,中性,无,low
晚自习,comment,又想起来当年高考那天我的闹钟是《就在这瞬间》,焦虑,学业,medium
晚自习,title,《晚自习》还想看什么,中性,无,low
晚自习,content,家有走读女初宝宝，晚自习回来肚子饿，妈妈给她煮了香喷喷土豆螺蛳粉+卤鸡爪，吃的超过瘾#记录真实生活#臭宝螺蛳土豆粉,中性,无,low
晚自习,comment,姐姐 妹宝吃饭用的那个大木勺有链接嘛,中性,无,low
晚自习,comment,这个土豆粉跟螺蛳粉哪个更胜一筹,中性,无,low
晚自习,comment,感觉土豆粉会更糯更有嚼劲 不过粗粉细粉都好吃吧,中性,无,low
晚自习,comment,这个土豆粉看起来好好吃 都饿了,中性,无,low
晚自习,comment,但是我吃的是宛禾的土豆螺蛳粉 这个臭宝的我没吃过,中性,无,low
晚自习,comment,我将杀死比赛，土豆螺蛳粉,中性,无,low
晚自习,comment,嘿嘿我昨天的夜宵也是臭宝的螺蛳土豆粉～😋,中性,无,low
晚自习,comment,平时吃的都是爆有料还没试过土豆粉的呢，可把我看馋了,中性,无,low
晚自习,comment,我现在二十几了晚上也老感觉好饿是不是还在长身体[完啦R],中性,无,low
晚自习,comment,那是没吃饱,中性,无,low
晚自习,comment,那是横着长,中性,无,low
晚自习,comment,回复：好了不许笑了,中性,无,low
晚自习,comment,宝宝也好乖 会让妈妈先吃鸡腿,中性,无,low
晚自习,comment,想问一下妹妹多高多重呀 被妈妈养得很好,中性,无,low
晚自习,comment,好像是163 88,中性,无,low
晚自习,comment,回复：天啊那很瘦了,中性,无,low
晚自习,comment,回复：哇塞那真的要多吃点了 果然还在长身体,中性,无,low
晚自习,comment,回复：没那么矮,中性,无,low
晚自习,comment,背景音乐是什么呀,中性,无,low
晚自习,comment,虽然但是 臭宝rn 我不会看这种接rn广告的博主,中性,无,low
晚自习,comment,回复：我还以为只有好欢螺,中性,无,low
晚自习,comment,半夜刷到好想吃螺蛳粉,中性,无,low
晚自习,comment,主播，有人抄袭你,中性,无,low
晚自习,comment,这种题材不是很多博主都在拍吗,中性,无,low
晚自习,comment,背景音乐是什么,中性,无,low
晚自习,comment,什么背景音乐呀,中性,无,low
晚自习,comment,我就是这样，当时很饿，高中回去吃夜宵，毕业后都快130斤了,中性,无,low
晚自习,comment,会胖的注意注意，我就是这么胖起来的,中性,无,low
晚自习,comment,我每次一煮螺蛳粉，我就要洗头洗衣服,中性,无,low
晚自习,comment,你这鸡爪、鸡腿焯水出来的汤都成鸡汤了，还是老老鸡汤,中性,无,low
晚自习,comment,为什么觉得女孩吃的很多，但是很瘦啊,中性,无,low
晚自习,title,谁懂啊 高三晚自习居然有水果夜宵,中性,无,low
晚自习,content,真的被学校暖到了晚自习还给我们准备了水果,中性,无,low
晚自习,title,沉浸式体验资深老师的晚自习,中性,无,low
晚自习,content,#内容过于真实 江浙沪小孩的DNA动了,中性,无,low
晚自习,comment,闵茂山解锁新角色了吗，他有没有弟弟叫闵茂库,中性,无,low
晚自习,comment,冬季限定角色,中性,无,low
晚自习,comment,我要笑死啦,中性,无,low
晚自习,comment,回复：那个汤梧梓是不是“烫壶子”的谐音哇,中性,无,low
晚自习,comment,过年的时候如果去我阿婆家，我阿婆就会在我和我妹妹的被窝里放这个,中性,无,low
晚自习,comment,回复：对，热水袋就是,中性,无,low
晚自习,comment,回复：嘻嘻，是哒，依稀记得那个“烫壶子”是个玫瑰金色的铜壶，然后在里面灌热水，放在被窝里还是非常暖和的,中性,无,low
晚自习,comment,棉毛衫哈哈哈,中性,无,low
晚自习,comment,回复：是的，而且在被窝里放久了还会烫jio,中性,无,low
晚自习,comment,回复：的确，儿时我阿婆会拿它给我暖裤子,中性,无,low
晚自习,comment,当年的坏学生早早闯过了这一关，好学生走到社会才感受到资本家的压迫,正面,学业,high
晚自习,comment,但社会要的本身就是这样的人，教育是为了这个国家要什么人服务的，总的教育趋势不以老师个人的意志为转移,中性,无,low
晚自习,comment,理想主义者会被周围的环境影响，缄默，然后服从，然后被同化,中性,无,low
晚自习,comment,社会需要听话并且服从的人，而一身反骨的人，谁不想做，但是家里没矿,中性,无,low
晚自习,comment,你在海淀吗，你看过《还珠格格》吗,中性,无,low
晚自习,comment,你怎么把老师说得像恶人,中性,无,low
晚自习,comment,老师也没错啊 针对的是有问题的学生,中性,无,low
晚自习,comment,上课说话还问心无愧,中性,无,low
晚自习,comment,你真的认真看了吗,中性,无,low
晚自习,comment,违反规矩＝闯关,中性,无,low
晚自习,comment,回复：27,中性,无,low
晚自习,comment,抄答案还问心无愧,中性,无,low
晚自习,comment,所以老师的管理手段＝资本家的压迫,中性,无,low
晚自习,comment,你在这偷换什么概念呢,中性,无,low
晚自习,comment,汤婆子 棉毛衫,中性,无,low
晚自习,comment,还有个擦脚布,中性,无,low
晚自习,comment,随时都有可能被叫上去一顿批,中性,无,low
晚自习,comment,怎么这么吓人,中性,无,low
晚自习,comment,哈哈哈哈哈哈哈哈哈哈哈哈哈,中性,无,low
晚自习,comment,军代大大,中性,无,low
晚自习,comment,耳环好漂亮,中性,无,low
晚自习,comment,人也漂亮,中性,无,low
晚自习,comment,怎么一股苏北口音,中性,无,low
晚自习,comment,这明明是苏南口音呀,中性,无,low
晚自习,comment,忽然觉得好像监狱监狱都不带这样的,中性,无,low
晚自习,comment,王莲拟人化，包括她,中性,无,low
晚自习,content,每天要求提前15分钟到店，不然就被点名谈话,中性,无,low
晚自习,content,嘴上说“团队意识”，实际上就是免费延工时,中性,无,low
晚自习,content,加班是必然，调货、发货、入库、卫生、整理、陈列、接待顾客、搭板等，一样都不能少，也不能提前完成,中性,无,low
晚自习,content,早班下班前要把库房衣袋摆放整齐、发完视频，晚班下班前要把所有陈列杆调整至“完美”，直到找不同找不到不同了,中性,无,low
晚自习,content,然后注意,中性,无,low
晚自习,content,得等所有人都干完活才能一起打卡下班,中性,无,low
晚自习,content,可问题是，顾客会不断进来，衣服来回拿，刚整理好又被打乱，接着再重来一遍,中性,无,low
晚自习,content,加班费分毛不给又得来一句“你这样思想逻辑有问题，分内工作怎么算加班,中性,无,low
晚自习,content,” 最有意思的是，晚上回家还不算结束,中性,无,low
晚自习,content,所有人还得等晚班磨到十一二点后，继续写“今日总结”“货品分析”“业绩分析”发到工作群，没及时发就点名谈话开除,中性,无,low
晚自习,content,成年人的晚自习，真的存在,中性,无,low
晚自习,content,接待顾客说是按打卡顺序轮流接待，但有的顾客进店，店里老人没有去招呼的意思，我们新人去了，等到顾客开始要试衣服了，她来说按顺序这顾客是她的,愤怒,社会,medium
晚自习,content,反之，按我的顺序慢了一步，她说：“你刚刚没接待，这个顾客我已经接了,中性,无,low
晚自习,content,”主打一个怎么着都是她的理，非要讲理最后摆摆手走人不听了,中性,无,low
晚自习,content,卫生日更是职场灰姑娘,中性,无,low
晚自习,content,有一天被排到和这个老人一起早班，全场地我扫，两大桶拖地水要我接，抹布水总该换着接了吧，结果人家来一句“你要用水可以自己去,中性,无,low
晚自习,content,到这为止我都还可以不计较，起码店长是真教我东西，除了这位老人，其他人也都到店不长比较好相处,中性,无,low
晚自习,content,真正让我开眼的，是大店长,中性,无,low
晚自习,content,上班第10天第一次见我，因为我在顾客进试衣间后喝了口水，直接把我训了一顿：“上班喝水，你以为在家吗,中性,无,low
晚自习,content,”我解释，她直接摆手：“不用跟我说话，我不想听,中性,无,low
晚自习,content,”后来问系统操作，她全程只会说：“你来这么久了这也要问吗”“你这全都不对,中性,无,low
晚自习,content,”等我问到底哪里不对，她又一句不说,中性,无,low
晚自习,content,问到最后，让店长来教我，结果发现我弄的是对的,中性,无,low
晚自习,content,再后来，因为我半夜没及时回复工作群里的“小作文”，被拉去谈话,中性,无,low
晚自习,content,全程反复问我：“你脑子是不是有问题,中性,无,low
晚自习,content,” “你脑子是不是听不懂,焦虑,学业,high
晚自习,content,节假日也是无休强制加班每天10小时打底，并且不按三薪算,中性,无,low
晚自习,content,#北京#销售#西町村屋.,中性,无,low
晚自习,comment,要是我就直接说，那我现在不面试了，我要试衣服，试完她们自己慢慢整理吧,中性,无,low
晚自习,comment,回复：哈哈哈高手,中性,无,low
晚自习,comment,绝了 长沙一家店也是这样的 这真的是这种店的风格吧,中性,无,low
晚自习,comment,回复：反正就很莫名其妙，小团体就非常严重,中性,无,low
晚自习,comment,回复：高手哈哈哈哈,中性,无,low
晚自习,comment,回复：真的宝子她们家小团体就是很严重我之前就面试的时候就和楼住一起那几个导购的眼神就和奇怪，然后我去试岗的时候不是只能穿店里的衣服没有工服吗，有些挂的地方的衣服不可以穿任何那个导购和我说试岗店里的衣服除了陈列模特上的都可以，之后店助看见了就用那种很不尊重人的眼神告诉我这衣服不能穿真的不要去第三天就跑了小团体超级严重,中性,无,low
晚自习,comment,所以姐妹 是你这篇发文火了 才让所有员工不用再提前十五分钟到店了嘛恩人,中性,无,low
晚自习,comment,仰仗所有网友的功劳,中性,无,low
晚自习,comment,我们也调整了,中性,无,low
晚自习,comment,回复：你说的真对，轻奢品牌不在乎业绩,中性,无,low
晚自习,comment,下班回复工作 也应该是加班,中性,无,low
晚自习,comment,是店里的灯特别昏暗的那个风格吗,中性,无,low
晚自习,comment,看不清衣服的颜色,中性,无,low
晚自习,comment,对 之前我也去问过HR 她们要求不仅要导购还要穿版搭配挂衣服，相当于干两份工作,中性,无,low
晚自习,comment,这么压榨人是吧,中性,无,low
晚自习,comment,不会再去你们店里消费了,中性,无,low
晚自习,comment,回复：没有用的，企业文化就是这样,中性,无,low
晚自习,comment,回复：所以说尽早跑路啊，而且如果觉得抵制没有用就都不抵制的话……那我只能说这种职场环境就老老实实受着吧,中性,无,low
晚自习,comment,回复：这个博主退群了，应该是已经撕破脸了,中性,无,low
晚自习,comment,坚决抵制虐待员工的公司的产品买谁家的衣服不是买,中性,无,low
晚自习,comment,upupup,中性,无,low
晚自习,comment,回复 啦啦啦啦,中性,无,low
晚自习,comment,: 坚决抵制虐待员工的公司的产品买谁家的衣服不是买,中性,无,low
晚自习,comment,没有限制的话我能连发18集不带停的,中性,无,low
晚自习,comment,我每天都有,中性,无,low
晚自习,comment,回复：评论区还可以发,中性,无,low
晚自习,comment,不跑等啥呢,中性,无,low
晚自习,comment,再也不买西町村屋 了,中性,无,low
晚自习,comment,我抵制所有对员工不好的企业,中性,无,low
晚自习,comment,对员工不好的企业，做不了特别良心的产品，对他们来说消费者肯定更无所谓了，能割韭菜就行了,自卑,自我,high
晚自习,comment,前两年买了些，今年一件没买,中性,无,low
晚自习,comment,价格和质量没法比，还不如网购,自卑,自我,high
晚自习,comment,不止这家,中性,无,low
晚自习,comment,他们家的衣服性价比不高,中性,无,low
晚自习,comment,两个破布要600销售还说我们家全能不打折，没有折扣的哦,中性,无,low
晚自习,comment,回复：没错，他家桑蚕丝裙子都两千了,中性,无,low
晚自习,comment,回复：买了个短裙和上衣六百多，结果淘Bao同款几十块,中性,无,low
晚自习,comment,回复：我看的那个600多，我试的时候还有线头,中性,无,low
晚自习,comment,后面我找人买了，打了折，才300来块,中性,无,low
晚自习,comment,工资多少,中性,无,low
晚自习,comment,底薪四千，大一点的城市或者大一点的店底薪4500，没有社保，周一到周日每天都会安排不同的店务，反正我以前周一是盘点周二是调拨，周三是调陈列，还有啥来着我忘记了，然后空闲的时候就是拍照呗搭模特呗，提成好像是3.5,中性,无,low
晚自习,comment,撑死6k,中性,无,low
晚自习,comment,回复：提成3.5是个人吗,中性,无,low
晚自习,comment,服了 不抓质量抓这个……灯暗得衣服都看不清，,愤怒,社会,medium
晚自习,comment,故意的[扶额R],中性,无,low
晚自习,comment,里面的镜子更离谱，全身拉长根本不像自己,愤怒,社会,medium
晚自习,comment,质量对不起价格 部分还是抄的网店款,中性,无,low
晚自习,comment,还比网店款贵,中性,无,low
晚自习,comment,昨天罚款100迟到一分钟10块,中性,无,low
晚自习,comment,早到一分钟会奖励十块吗,中性,无,low
晚自习,comment,没事的 罚款她会还给你的就当变相存钱了 保存罚款记录 离职的时候让他全部都还给你 不还给你直接发钉钉群即可,中性,无,low
晚自习,comment,回复：我们没有钉钉 都是用的飞书 罚款也是wx,中性,无,low
晚自习,comment,他家衣服价格有点虚高,中性,无,low
晚自习,comment,简直离谱，一件短袖普普通通300,愤怒,社会,medium
晚自习,comment,真的很贵衣服动不动300，400而且还不打折,中性,无,low
晚自习,comment,前几天去面试，面一半听到店长说周内调休周末绝对不允许请假，三分之二晚班➕每天需要搭配穿版还要做推销我就直接跑路了,委屈,学校,medium
晚自习,comment,还好没去，比有辛者库之称的优衣库还不把人当人,中性,无,low
晚自习,comment,优衣库至少可以卡点上下班加班有加班费法定节假日三薪，不强制立规矩回工作群写报告，不用每天想搭配推销做业绩，工资还比西町高,中性,无,low
晚自习,comment,回复：那还是去优衣库吧,中性,无,low
晚自习,comment,这家店我每次去都无心看衣服，全程小心翼翼看路…灯光昏暗还弄各种石子路小台阶真的不理解,中性,无,low
晚自习,comment,i v i💓Joy 啊哈哈哈哈真的是一不小心,中性,无,low
晚自习,comment,回复：摔个狗吃屎 有时候去看衣服都很想把衣服拿到自然光下看看啥颜色,中性,无,low
晚自习,comment,我们这的西町 进去都不理你的 一直在吧台自己玩自己的,中性,无,low
晚自习,comment,我们这告诉我全年不打折，全国没有折扣，我拿编号回来找人买，七折，6.9都有,中性,无,low
晚自习,comment,我这里的去逛过一次也是不理人,中性,无,low
晚自习,comment,回复：找谁买的呀 我也想买,中性,无,low
晚自习,comment,回复：确实不打折 是商场活动 会平摊或者全部报销优惠的活动公司才参加 所以介意价格直接拍下款号直接发网上寻找最低折扣,中性,无,low
晚自习,comment,我直接大开眼界,中性,无,low
晚自习,comment,来个新员工苦苦就是压榨剥削 一个芝麻大的官 权利也可以是被运用到极致的 可以去申请吉尼斯最小官最大权利记录了,中性,无,low
晚自习,comment,回复：这是北京的，我这个还好，没嫩多事,中性,无,low
晚自习,comment,还好当初去面试设计师没要我,中性,无,low
晚自习,comment,它家好多衣服都是抄袭和卖老款,中性,无,low
晚自习,comment,回复：品牌都这样 特别是70后老板的,中性,无,low
晚自习,comment,因为这个也是公司规定的哈哈哈哈如果被发现没有跟着顾客或者不给顾客讲解就要被谈话了,中性,无,low
晚自习,comment,我也是，我去试衣服的时候员工看着我发呆，要么就像游魂一样跟着我，搞得我毛骨悚然的,中性,无,low
晚自习,comment,这工作量和工作时长，我以为月薪几万,中性,无,low
晚自习,comment,工作量特别大 而且出去周末 平时要干非常多的是 不会让你闲着的,中性,无,low
晚自习,comment,这样一天下来还有属于自己的时间吗,中性,无,low
晚自习,comment,一点没有，不能闲下来五分钟的,中性,无,low
晚自习,comment,回复：那还是换工作吧,中性,无,low
晚自习,comment,回复：同意 我根本坐下来不到两分钟就得起来 而且一直在叠衣服,中性,无,low
晚自习,comment,不知道咋培训的，上次我去看衣服，就看了下尺码，店员直接说小心点拽，这个很容易坏，我说容易坏你们不想办法固定下，一副拽拽的样子,中性,无,low
晚自习,comment,坚决抵制压榨员工的品牌,中性,无,low
晚自习,comment,西町村屋这种模式到底是哪里传来的我之前在汉正街做过一家店，也是这种模式，觉得好奇怪，店员为什么要每天穿店里的衣服,中性,无,low
晚自习,comment,客人买的不就是穿过的了吗，而且要求带妆，精致妆容，还不给时间，销售的命不是命吗……btw西町村屋质量和价格并不成正比,中性,无,low
晚自习,comment,回复：对的 还要同班次打卡 说是这样显得关系好团体氛围好,中性,无,low
晚自习,comment,到下班时间了还不让走,中性,无,low
晚自习,comment,全员打卡才能一起走,中性,无,low
晚自习,comment,那个老板是对夫妻，汉正街的有些店真的可以避雷,中性,无,low
晚自习,comment,这样的工作环境还不快辞职吗 前几天一夏天买了不少衣服 发现质量跟价格完全不符我就再也不买了 冬天的时候无意间逛了逛发现大衣比麦檬伊芙丽都贵 然而质量,中性,无,low
晚自习,comment,卖服装都这样我以前也是,中性,无,low
晚自习,comment,你可真是命苦,中性,无,low
晚自习,content,青岛西海岸新区开发区四中上晚自习吗 #不懂就问有问必答#万能的小红书,中性,无,low
晚自习,comment,晚自习现在都取消了,中性,无,low
晚自习,comment,下午几点下课呀,中性,无,low
晚自习,comment,回复：你们通知哪天开学了吗,中性,无,low
晚自习,comment,回复：我初中毕业了,中性,无,low
晚自习,comment,回复：接近六点吧,中性,无,low
晚自习,comment,以前是有的，现在没了,中性,无,low
晚自习,comment,初中哪来的晚自习,中性,无,low
晚自习,title,政治理论晚自习,中性,无,low
晚自习,content,针对3.22山东事业编，3.29全国事业编联考，准备给大家出一个《3.15政治理论真题研学课》，结合3.15的真题，利用命题人思维，给大家详细揭秘一下命题人是怎么进行挖坑的，而我们要如何考试时快速进行识别和排除，每晚20题,中性,无,low
晚自习,content,另外再按照热点主题给大家梳理一下知识点，比如养老主题，把所有养老相关的文件、讲话，会议等可能挖坑的表述给大家过一遍,中性,无,low
晚自习,content,我还是这个观点知识是基础，思维是关键，要想拿下政治理论这个模块，缺一不可,中性,无,low
晚自习,content,至于价格还是免费吧 上课时间晚上10点到11点可否#省考#事业单位#事业单位联考#山东事业编#公考#山东事业单位#公考笔试#政治笔记#联考#公考备考,中性,无,low
晚自习,comment,辛苦超哥了,中性,无,low
晚自习,comment,好的超哥,中性,无,low
晚自习,comment,收到超哥,中性,无,low
晚自习,comment,超哥辛苦了,中性,无,low
晚自习,comment,书还是用早自习那个带红色卡片的吗,中性,无,low
晚自习,comment,超哥辛苦啦,中性,无,low
晚自习,comment,比心超哥,中性,无,low
晚自习,comment,不要这么说,中性,无,low
晚自习,comment,你让我的时间更有价值更有效率更有意义,中性,无,low
晚自习,comment,辛苦辛苦,中性,无,low
晚自习,comment,辛苦超哥,中性,无,low
晚自习,comment,超哥，是晚上9.30嘛,中性,无,low
晚自习,comment,超哥，你配享太庙,中性,无,low
晚自习,comment,超哥，您好，我想问一下329的联考应该具体再看什么资料呢,中性,无,low
晚自习,comment,我已经买了红本本，复习329的话结合红本本看带背课➕每晚直播够不，还需要再看哪些资料嘛,中性,无,low
晚自习,comment,哥 你是我唯一的哥 可是我省考第一题就错了,中性,无,low
晚自习,comment,讲义在哪呢 出了吗 想打印,中性,无,low
晚自习,comment,超哥教师编能跟早自习嘛,中性,无,low
晚自习,comment,可以九点到十点吗,中性,无,low
晚自习,comment,好的，大家这么支持,中性,无,low
晚自习,comment,超哥3.22 山东事业编点睛课 可以开一个单独购买的点睛课吗,中性,无,low
晚自习,comment,你就学吧，争取一天一个小时全拿来学常识,中性,无,low
晚自习,comment,dddddddd同样需求,中性,无,low
晚自习,comment,附议➕111111,中性,无,low
晚自习,comment,超哥，什么时候能出综应B啊,中性,无,low
晚自习,comment,挖一个好老师来吧信任超哥，在外面选半天选不出跟哪个课还贵,中性,无,low
晚自习,comment,回复：加一..根本找不到综b老师,中性,无,low
晚自习,comment,在哪在哪 哥 还是超格吗 我必去听,中性,无,low
晚自习,comment,回复：哥回我了,中性,无,low
晚自习,comment,哥 背诵手册我也准备考前两天在全部看一遍,中性,无,low
晚自习,comment,请问 研学课在哪儿能看回放,中性,无,low
晚自习,comment,回复：超格教育APP里应该有吧，你可以去找找,中性,无,low
晚自习,comment,我不太清楚，我听的直播,中性,无,low
晚自习,comment,回复：超哥，后面福建事业单位考试会有相应课程吗,中性,无,low
晚自习,comment,超哥，请问一下，我考3.29的事业编，基本0基础，是从之前的早自习带背开始看，结合这个晚自习，还是直接看这个晚自习➕做题就可以啊,中性,无,low
晚自习,comment,顿顿顿 追梦人超哥 去问,中性,无,low
晚自习,comment,蹲 超哥你快说,中性,无,low
晚自习,comment,哥这个课回放在哪里,中性,无,low
晚自习,comment,在超格教育上,中性,无,low
晚自习,comment,超哥超哥，我想问一下省考完开始学事业编是听没听完的五合一璐璐老师还是可以直接上手事业编晚自习,中性,无,low
晚自习,comment,超哥回我了超哥真的很耐心很温柔,中性,无,low
晚自习,comment,回复：姐妹 带背是早自习吗,中性,无,low
晚自习,comment,超哥，今天课还开吗,中性,无,low
晚自习,comment,超哥了不起,中性,无,low
晚自习,comment,老师第二季度事业单位联考有课吗,中性,无,low
晚自习,comment,可以可以,中性,无,low
晚自习,comment,超哥，破站的ppt能不能像义恒老师一样放app啊，老地方我们好找~,中性,无,low
晚自习,comment,超哥，最近没听新出的考题研学，我把大盘点再过一遍可以吗,中性,无,low
晚自习,comment,还是倍速这两天把研学看了,中性,无,low
晚自习,comment,5月河南事业编，时政0基础听哪个课合适呀超哥,中性,无,low
晚自习,comment,超哥能不能出一期关于广东省情的,中性,无,low
晚自习,title,分享几位B站讲课很厉害的高中老师,中性,无,low
晚自习,content,高中可以申请不上晚自习吗#晚自习#高中生活,中性,无,low
晚自习,comment,我们这里走读生和住宿生一样，都是10点放学，我就给老师申请少上一节,中性,无,low
晚自习,comment,回复：我去申请的时候，老师也不乐意说话很难听，说我女儿搞特殊成绩跟不上就转班之类的，我压根不理会，态度比较强硬，老师和领导都同意了,焦虑,学业,high
晚自习,comment,我昨天跟老师说老师不同意啊，我到家都11.25了,中性,无,low
晚自习,comment,少一节会影响学习吗,中性,无,low
晚自习,comment,回复：这么晚 肯定要申请早点走啊,中性,无,low
晚自习,comment,家长态度要强硬,焦虑,家庭,high
晚自习,comment,早七晚九，如果是我就会变神经病,中性,无,low
晚自习,comment,那早六晚十呢,中性,无,low
晚自习,comment,回复：人生没必要这样,中性,无,low
晚自习,comment,回复：我们上高一就这样,中性,无,low
晚自习,comment,回复：会好起来的,中性,无,low
晚自习,comment,回复：保重身体,中性,无,low
晚自习,comment,高一走读不晚自习，华附,中性,无,low
晚自习,comment,需要什么理由申请,中性,无,low
晚自习,comment,回复：不需要，军训最后两天正要问老师的时候，学校就发了三种选择，住宿、全走读、午休，自由勾选即可，不需要理由，我们报了午休，中午有宿舍睡觉,中性,无,low
晚自习,comment,回复：是的很人性化,中性,无,low
晚自习,comment,高二高三嘞,中性,无,low
晚自习,comment,自习自习，为啥都要逼迫孩子上,中性,无,low
晚自习,comment,反正我觉得在学校自习没啥用，不学的老师也看不见，自己干自己的，纯靠时间,中性,无,low
晚自习,comment,随便他吧，我上学时候没上过什么晚自习，没影响我上985，读研究生，孩子的健康重要,中性,无,low
晚自习,comment,那是老师问题，不是你的问题,中性,无,low
晚自习,comment,我们学校上晚自习还要交钱嘞，现在这个学期交了800多,委屈,学校,medium
晚自习,comment,可以，我儿子不上晚自习,中性,无,low
晚自习,comment,回复：这个你不应该问别人啊，每个学校都不一样，你得先问问你们班主任，看他怎么说，需要哪些手续，跟着流程走就好了,中性,无,low
晚自习,comment,回复：我们是老师通知的，如果需要8：20走的话，书面写一张申请书，写上原因，家长签字，然后交给班主任，班主任再交给年级主任，看批不批,中性,无,low
晚自习,comment,我们申请了,中性,无,low
晚自习,comment,要是学校规定强制呢,中性,无,low
晚自习,comment,回复：问问教育局呗，上晚自习不上是不是就不能上高中,中性,无,low
晚自习,comment,晚自习老师会讲课嘛,中性,无,low
晚自习,comment,我们这边不会,中性,无,low
晚自习,comment,主要是要看班主任,中性,无,low
晚自习,comment,班主任这么大权利,中性,无,low
晚自习,comment,比教育局权利还要大,中性,无,low
晚自习,comment,回复：教育局更不会强迫孩子晚自习,中性,无,low
晚自习,comment,其实晚自习高三上就行了 高一高二根本就无心学习,中性,无,low
晚自习,comment,高二现在班主任几个小时前刚同意,中性,无,low
晚自习,comment,只是我现在想申请长假在家自学,中性,无,low
