Keyword,Source,Sentence,Note_ID
准初三,content,快中考了这种成绩咋办🥹🥹#初三#月考,
准初三,comment,不用当严厉老师，只做两件小事就够了,
准初三,comment,他们更懂青春期的小情绪和压力，能站在孩子角度聊天，更容易被信任,
准初三,comment,其实不要急切的一直想提高每一科的成绩数学最简单，可以先提高数学，比如你提高到了90多分，后面也很难提高，你就可以继续换个科目慢慢提高，主要就是基础题，你基础好了，后面套公式做什么都简单,
准初三,comment,反正就是先紧着一个科目慢慢往高提，你自己想60分高还是90分高，像主科，基础题基本都占80分，剩下的就去积累，刷题看解析，做的多了，自然而然就会了,
准初三,comment,给自己定个目标，安排个作息表，你没有目标，你怎么学呢，你安排了，你就得去实际行动[抽泣R]现在就剩60天了，来得及，最多提高200分,
准初三,comment,ok谢谢啦，那你有没有买练习题来写呀,
准初三,comment,不客气啦我有练习题 你要是想花钱可以去买，不想花钱，网上就有,
准初三,comment,初三每天都要在学校上晚自习上到10点 回到家洗完澡快11点早上六点起床 个人基础比较薄弱 大多数题听一遍都不会很懂的那种 所以很怕打扰老师和同学的时间 和家长提出上晚辅班家长不同意 自己该怎么学好迷茫 也被家长打击到了现在有种不想学的心理了,
准初三,comment,我和她差不多,
准初三,comment,好谢谢你,
准初三,comment,我的天哪 你要补课吗 再不补就来不及了 如果自学有用成绩早就上来了,
准初三,comment,只要有学习的态度，做好规划，查漏补缺，完全来得及，珍惜当下,
准初三,comment,宝宝 数学不及格的话我个人建议还是先研究一下基础题吧选择题都是基础 然后填空最后一题偏难 每年中考其实题型差不多 我以我在的地区为例 基本上每年都考科学记数法 解不等式 轴对称 谁比谁小 圆等 我已经研究透了,
准初三,comment,边刷题边搞知识点 学专题 因为你现在初三了没时间一本书一本书刷了 而且刷完了也得会用呀 我这个方法适合于中考 因为咱们就搞定中考 中考题型不怎么变 这样我觉得提分很快 你不及格可能效果更明显[抽泣R],
准初三,comment,物化太拉分了宝宝,
准初三,content,还剩一百多天了有点慌,
准初三,comment,大家都是挑什么时间背诵的啊，我们政治有好多好多要背的，作业又很多，差不多上床的时候就十一点了，现在只能语文课偷偷背（bushi,
准初三,comment,我很喜欢在吃饭的时候看点东西，或许可以,
准初三,comment,所以这就是我们现在初3两个月发生了400块钱报警，7000块钱报警，抽电子烟跟女朋友去被老师发现，我觉得他们上九年级之后都太敢了,
准初三,comment,把校违规都做一遍，等我毕业的时候，我就要把除谈恋爱这一项，其他的染色什么之类的都给干一遍,
准初三,comment,那当然是把自己讨厌的人都骂一遍啊,
准初三,comment,讨厌的人已经好久不上学了但是有很气的一点是她跟老师说她不想来上学因为她一来就有人说她,
准初三,title,初中生放学回家不摆烂方法,
准初三,comment,太离谱了 这个作业没个3h写不完,
准初三,comment,21:50才放 咋办,
准初三,content,2. 色彩：牢记调色公式，每天练10分钟调色，避免调色偏暗、偏脏，画完后对比范画，找出差距,
准初三,content,3. 不跟别人比进度，只跟自己比提升，避免孩子压力太大，毕竟心态好，才能发挥好,
准初三,content,至中考生:备考路上，难免有迷茫时刻，但请一定相信，只要咬牙坚持下去，就一定能看见希望的曙光，学霸他也不是生来就是，再给自己一个机会，和他们再次同时起跑，这次一定拼命向前冲,
准初三,content,不留遗憾#快速提分#必考考点#知识点总结#初中学习方法#学霸养成#中考复习#学习方法很重要#学习技巧#学习规划#学习逆袭一起改变,
准初三,title,中考其实挺水的，初三生们别太焦虑了,
准初三,content,其实中考并没有那么难，初三的宝子们别太焦虑了，整理了贴合中考的备考思路，放平心态，按计划稳步复习，抓牢重点知识点，就能从容应对中考～#备战中考 辣妈育儿经 #学霸秘籍#家长收藏孩子受益#初中学习方法#初三#学习经验#知识点总结#家有初三 #中考复习中考-,
准初三,content,初三了有种清醒的堕落感怎么办[完啦R]#备战中考#学习动力不足#中考#学习心态调整,
准初三,comment,语文100 数学113 英语75 物理53（折后） 化学25（折后） 历史43 道法72这种分数应该怎么提分啊[完啦R],
准初三,comment,和你差不多但历政反过来的😭,
准初三,comment,线下好的没有打听到 线上又怕被骗[完啦R],
准初三,comment,那应该到我焦虑了，我成绩比你更低低很多，没几科是及格的,
准初三,comment,我也，而且被老师给予厚望完全不敢松懈,
准初三,comment,初中的物化政史真的蛮简单的，我觉得你应该和我当时情况差不多，就是没人看着就完全不想学，可以试试让家长报一对一补补课，不一定要一直补，化学物理的每个题型都是有套路的，让老师给你讲明白or自己弄明白这几个题型的应对方法再跟着学校进度学就好了,
准初三,comment,其他科目其实我并没有找到什么学习方法就是跟着学校走，最后也考上了市里最好的高中最后祝你前程似锦啦宝宝，希望你能考上心仪的高中,
准初三,comment,好的好的 谢谢你因为老师没说我之前完全没有背过化学历史之类的 明天就开始背,
准初三,comment,历史选择题得自己分析错因，看看自己是因为不熟悉知识点的史实错误的还是材料理解偏差导致选错的，如果是前者那还是要熟悉课本知识，后者的话就要看答案解析/拿着卷子去问老师搞清楚自己为什么做错才是最重要的我觉得拿着卷子去挨个问老师真的能解决绝大多数的疑问，而且也会记得比较深刻,
准初三,comment,学姐（或者学长）我想问问就是物理化学基础特别差，现在老师复习上课一点都听不懂自己怎么补知识[完啦R]网课太长时间听不完，我感觉看不懂物理好难,
准初三,comment,嗯这个的话你可以去找班里学习好的人借笔记，对着笔记和课本结合理解一下知识点，然后理解不了的知识点再看网课去补，这样比较省时间借不到笔记的话买一本万维的基础知识看也可以，然后就是要把每个知识点跟题型对应上去学，太难的题不用强迫自己一定要做出来，把基础题和中等题做对就好，落的分往擅长的科目找补（是学姐）,
准初三,comment,谢谢学姐我准备一节一节听网课[抽泣R],
准初三,comment,好哒，谢谢学姐鼓励[抽泣R][抽泣R]也祝学姐学业进步，生活愉快,
准初三,comment,就是不想学不想写 考砸了也不想学总想玩手机 现在月考甚至不太想复习了但又很焦虑中考（就是特别想学又学不进去,
准初三,comment,我也这样我不知道咋办我其实初一成绩还可以吧中等偏上 现在只能算中等了 因为新加了物理化学 这两门加上数学能被拉一百分左右了,
准初三,comment,分到了全校最差班，现在啥也不学，之前八年级还焦虑，现在完全啥也不学习班里面化学没一个及格的，每次都是倒数第一，老师也不管,
准初三,comment,我也是最差班,
准初三,title,真的不知道初三牲在焦虑什么……,
准初三,content,本初三牲现状╰(⇀‸↼)╯ 十四岁以前过的顺风顺水 众星捧月，考过班2年12，心高气傲地曾想要超过所有人,
准初三,content,可是只有自己知道自己没有付出很多努力，反而看着别人努力进步自己着急……步入九下，总是容易被别人影响，怕别人卷自己超过自己，心里特别浮躁着急，可正当自己做事又做不进去沉不下心,
准初三,content,明明可以考重高，但总因为心态犹豫不前，时常焦虑我真的快崩溃了_(:з」∠)_ 简单来说 问题1️⃣ 看见别人学习我就慌,
准初三,content,可能是嫉妒心作祟，看到那些曾经学习成绩不如我的逐渐靠近我 超过我，我心里多多少少会很不甘,
准初三,content,比方看到别人内卷我心里会兵荒马乱…… 并且学习的时候总因为关注别人而没办法专心做事，导致我常想把事情做好，但心有余而力不足 问题2️⃣ 有目标or无目标，我真的很迷茫,
准初三,content,可能是八下那段时间很压抑，我不想再那么狠逼自己,
准初三,content,我之前想考重高，可我又担心上了重高因为自己心态问题承受不住压力（我抗压能力不是很好）所以我畏缩了，我又想着要是考当地普高的奥赛班，但环境师资又是另一说……我目前就读于一所每学期学费一万多的私立学校 是我们当地最好的初中且升学率很高，我在里面算成绩不错的,
准初三,content,但就是很迷茫，就像一只小帆船在茫茫大海上，我既没有前进，也没有后退，徘徊在海面上，只是眼睁睁看着别人坚定朝自己目标驶去，我也只能随着大流方向茫然前行 有人说“没有目标的生活 是向机会投降”,
准初三,content,每当我定下目标，我心里就恐慌，又有心理压力了 敏感细腻+想太多+自信时有时无+易焦虑体质+急于求成+老妈遗传的急性子……我tm简直buff叠满,
准初三,content,咋感觉上了高年级越来越急功近利，只是追求分数和夸赞而不是去注重过程,
准初三,comment,亲爱的楼主小妹妹，看看这个阿姨写的，祝福你顺利噢,
准初三,comment,谢谢阿姨,
准初三,comment,求原图，谢谢,
准初三,comment,礼貌求原图 谢谢谢谢,
准初三,comment,我也不知道我为什么会这样也许是不甘也许是害怕 害怕自己越来越后面 虽然一直都想努力 但老是集中不了意志力 感觉自己一直都没有努力，，可是老是找不到状态 再这样下去我都不知道呢能不能上高中了，，真的很容易被外界影响啊怎么办,
准初三,comment,我前一周也这样 但我也是自己调节过来了心态豁达无所谓一点 别人超了就超了吧 反正又不是中考 名次起伏很正常 不要执着着分数名次不放 这会让你急功近利 忽略过程在乎结果如果浮躁 建议你练字静心 或者去公园散步 写写日记 和信任的人聊天 听歌等等来转移注意力 还有运动 出汗了你会感觉好多了 静下来后就多做事 别想结果这些 不要想考哪个高中 考到哪算哪 不要想自己跟别人的差距 做自己的事……各种让你感到焦虑的想法通通摒弃 只有解决问题才能让你踏实安心宝贝 如果你觉得自己之前成绩那么好现在下降了 可能会感觉自己努力白费 但是你对之前的知识更熟悉啊 复习起来更轻松 而且掌握,
准初三,comment,姐妹 我真的和你特别像 八年级上下册 我一直稳定在班级前三年级前五十 九年级上册 变成了班级前五 最差的一次就是期末 掉到了第十八名 从那个时候开始 我就有些迷茫和焦虑 最近的第一次月考也才考了第九名 年级117 天天都在很焦虑 身边同学都很卷 单是九年级学校发的资料他们也已经写一大半了 但这也有我不怎么努力的原因 感觉心里每次都是想好要做什么却还是会想着下次 没有一个学习的劲 老师 父母 都对我的期望很高 都希望我考上市重点高中 周围高压的环境 让我无时无刻都不在焦虑 边焦虑边放纵自己 意志也很不坚定 看到别人学习也会不安 每次想着下了晚自习就回家写题 但回家一拿到手机也根本放不下,
准初三,comment,宝子，语文和历史怎么学啊你考得好高我之前也有过90多现在会回都是80几，而且我的状态也很迷茫,
准初三,comment,语文 我觉得中上的同学可以专攻基础 上一百的话需要长期积累，成绩好起来它是需要一个过程的，不用急,
准初三,comment,你可以每天就在上面摘抄一两个你喜欢的句子，积少成多，你的作文也就不愁没佳句，还有多看范文，看范文不只是看人家的故事多么引人入胜，着重看人家的结构层次 好词好句 偷偷记下来如果你写作文实在没事情可以写 那么久从别人的范文里面 背下来他写的那个事情,
准初三,comment,我女儿跟你一摸一样刚刚把你写的给她看了，看完她就笑了，跟她目前的心态完全一致，她这次三调没考好就因为心态崩了，哎，着急,
准初三,comment,我也是心态崩了 感觉做啥都没动力……也不知道考个好高中进去还是那么大压力有什么意义这个清明假我也没怎么学习 一提到学习我就抗拒 看着自己清醒的堕落我也太难受了,
准初三,comment,额如果浙江这个分数不慌你就上烂高中吧起码重高和第二第三的普高你是无缘了,
准初三,comment,也不知道为什么呀，应该是考试太多麻木了吧，我觉得我现在心理很松弛，前几天刚考的校一模，一点紧张都没有，考完也很平静 成绩出来了也很平静，就是很奇怪啊，但是我们全班都这样,
准初三,comment,老师，语文和物化基础不好怎么办,
准初三,content,多数娃“理科稍强、文科拖后腿”，盲目补弱白费力，整理各年级核心重点，家长直接抄作业✅ 📌初一：打牢基础，规避分化 核心补弱：语文、英语（文科基础薄弱，校内拓展不足） 辅助补弱：地理、生物（提前预热，避免后期会考慌） ✨补充：初一校内重基础，语文英语缺乏拓展，不补易分化,
准初三,content,📌初二：补弱提优，应对难度飙升 核心补弱：语文（阅读+作文）、英语（语法+阅读）、地理/生物（会考冲刺） 按需补弱：数学（仅基础薄弱生） ✨补充：初二文科差距拉大，地理生物会考在即，校内课时不足，不补易拉低总分,
准初三,content,初三的你是不是觉得数学像一座待攀登的山🏔️别怕，这座山的存在，是为了让你看见更远的风景✨ 🚀 模块三：压轴攻坚区｜第23-25题｜抢分至上,
准初三,comment,3 22羡慕,
准初三,comment,應該是深圳的學生吧 我倒是覺得這個標準挺不錯的 但可惜我不在這考試,
准初三,comment,说每天练就能满分的人，希望你们好好听讲，中考也能满分,
准初三,comment,体质不好就剥夺上好学校的权利，是现在人才太多了嘛,
准初三,comment,现在都快没人了🆘,
准初三,comment,我的天呐，北京八百三分五十五我们都难受，那些规定三分出头的真的要人命吧,
准初三,comment,我恨死800了...本来就体质不行，膝盖不好头也有点问题，肺只能算勉勉强强，然后跑完800能站的住就不错了，头疼死，还喘死偏老师觉得没什么，说我是练少了，而且最气人的是生理期刚刚好和每个重要考试撞了我还痛经晚期患者,
准初三,comment,真的，我跑完步哪里都疼，跑完都上不来气了,
准初三,comment,扔实心球的时候更是绝望[呃R]因为本来我体质就算比较差的那种，跑步就是往死里练起码也能练上去，那实心球是真练不上去啊,
准初三,content,之前质疑过的现在也水落石出了 不敢以偏概全 至少我看到的是公平的,
准初三,content,顺便提一嘴 老师给了一些今年中考录取排名的数据 总的来看，统招真是越来越难了 名额被分走的太多了 这就出现了之前我娃一直担心的情况 她怕自己没走1+3最后统招也考不上,
准初三,comment,是，门头沟,
准初三,comment,差不多，最好的学校只要区前200，所以门头沟能参加中考的都是两极分化分不高,
准初三,comment,中考压力小，所以门头沟的中考成绩真的不能作数，大多数都被1+3了,
准初三,comment,那是不需要中考 已经肯定上那个去的学校了吧,
准初三,comment,您好26年6-8月要申报吗,
准初三,comment,哪个学校的呀,
准初三,comment,这成绩好还是不好,
准初三,comment,我娃班上走了两，都是挺优秀的成绩拔尖的孩子，去了区里最好的学校，想到他们不必为中考而刷题我还是挺羡慕的，但自家娃止步于面试，没能入选，我遗憾也无奈，要承认自己孩子之前的学习方法和学习态度还有缺陷，接下来继续努力吧,
准初三,comment,你娃后悔了不,
准初三,comment,她说不后悔，她说1+3不适合她,
准初三,comment,作者大大我感觉你这个写字姿势不标准啊，眼睛离作业太近了对眼睛有害的,
准初三,comment,寒假作业很早就写完了，但是就是不想复习,
准初三,comment,最近好多人问我怎么学的，统一回复一下，真的没什么技巧，就是背诵和做题，地生其实很简单，只要努力了，即使失败了也不会后悔，快地生会考了，希望各位学弟学妹们也能双a,
准初三,comment,好焦虑啊 一样一点没学过[抽泣R] 现在每科差不多就只能考到35[抽泣R][抽泣R],
准初三,comment,怎么办，我现在初二25号会考，平时生物忽高忽低有时24有时17（生地满分均30）明明之前满分100的卷子从没下过90的,
准初三,comment,地理初一到初二从来不听但最近考的还好24左右，不过我基础知识基本不会能考这分我都害怕，怕正式考试一下就不行了,
准初三,comment,我最近好迷茫，看到成绩一次比一次低不知道该怎么办，还有18天就要考了，感觉基础知识好多不会，也没有系统复习过，生物刷了好多题成绩就是上不来,
准初三,comment,好焦虑，怎么办,
准初三,comment,宝宝先系统地复习一下，不着急慢慢来，相信自己，不要一直盯着成绩看，先把不会的知识点补上,
准初三,comment,我现在好难受啊刷卷子刷了二十多套结果三模成绩还比二模差好多 怎么调理啊,
准初三,comment,完了我只剩5天了,
准初三,comment,江苏这么好的嘛羡慕了，加油吧抓紧时间,
准初三,comment,考完了吗姐妹怎么样,
准初三,comment,题难不难，我好紧张,
准初三,comment,哈哈哈哈考完了 但是咱可能地区不一样 我们两科开卷也不加入中考成绩 题挺简单的 压力不是那么大 也不追求双满分 都是及格就好 所有你们那边压力应该挺大的 但你也不要紧张 我相信你准备了这么长时间 努力一定会有好结果的,
准初三,comment,好焦虑啊，七年级全都没怎么学，八上也是，八下学完就考了,
准初三,comment,如果是今年的完全不用慌哦，今年政策好像改啦,
准初三,comment,我靠咱俩经历为什么这么像 考试的时间也就差一天 地区还一样 太巧了吧,
准初三,comment,友友我也要考了 生物地理都在70-80之间 想上90多不知道有没有可能 今天花了四个小时复习地理 还差八下没复习,
准初三,comment,该怎么办,
准初三,comment,姐姐我想问问看书更有用还是刷题啊 我现在基本刷题都是不会的，然后翻书最多只能考39左右，而且没上过40，我的那个满分是50分，我真不知道该怎么办，我总感觉我学了跟没学一样,
准高三,title,准高三不想高考了🥺OSSD和ALEVEL怎么选啊,
准高三,content,好想上一辈子高三 还有200多天高考 每天就在坐在学校里面学习 累的时候可以和同学聊聊天 也可以吃点小零食 体育课上还能和同学们一起玩海龟汤打牌 还可以写到我最喜欢的数学试卷 每一个晚自习都有收获 每天去吃个饭 回来之后聊聊天 虽然说很紧张 有点压抑 但是这样真的好充实的一天 平常没有人聊天的时候也可以画画我喜欢的画 想想我喜欢的故事 完全不用担心处理那些大人的事情 每一件事情都安排好了在眼前 都向着一个目标前进 好安心的感觉 （但是我不喜欢早起 早起是极坏的[抽泣R][抽泣R]） 二编：大家都有自己的想法 这也是没错的 但是也请大家语言平缓一些 好吗 我也是早上六点起床 晚上差不多十一点五十睡的觉 四个星期休息一天半的 今天可以这个时候发也是因为最近教育局要求星期六晚去半个小时 好了好了 我要去上学了 #高三精神状态#理科生#时间,
准高三,comment,好啦好啦 每个人的高中生活都是不一样的 尽管有些人可能会很枯燥 老师很严肃 学校很变态 但是也会收获相应的快乐和回忆呀[棒R] 我只是发表我的看法 也欢迎你们来讨论 （但是我确实是很喜欢数学的 我也没有说我的成绩很好[呃R]） 打广告和问号的就不要了 我也看不懂 也请大家不要骂人 谢谢大家,
准高三,comment,小宝宝我能理解你 我是大一生 我高中就是一个人文关怀很好的好高中 我在高三和你的感受是一样的,
准高三,comment,大二学生同意，我的高中超级无敌好，现在无时无刻不想回去,
准高三,comment,我懂你我高三的时候说上高中好幸福，幸福到不想上大学，别人都觉得我疯了，高考完后有一天睡觉醒来发现再也不能上高中了真的很伤心,
准高三,comment,等我现在上了大学发现大家都想回到高中，我发现我还是很有先见之明的,
准高三,comment,我喜欢的是初三 不是高三,
准高三,comment,我同意你 我的高中不是很好的学校 但是和朋友室友在一起每一天都很开心 虽然很累但是也很充实 现在上大学了感觉苦的不明不白[完啦R],
准高三,comment,谢谢大家呀[亲一个R][亲一个R] 但是我每天只能看一小会手机 可能没办法一个一个感谢 还有我真的不是起号的口牙 是的话我数学一辈子都考不好的[抽泣R][抽泣R],
准高三,comment,我好想高中的朋友虽然很累但是有朋友在身边真的不累,
准高三,comment,大一新生劝你好好享受珍惜高中生活,
准高三,comment,除了喜欢写数学试卷那句话以外都赞同[棒R],
准高三,comment,我想念高中食堂的饭（大哭）,
准高三,comment,想念高中每天晚上回家妈妈准备的香香饭菜😭,
准高三,comment,）初中我内向又没开智，被人80了都不自知还是高中好啊，大好的青春年华，充实又多彩，不像初中那样天真幼稚，也不像大学一样每天仓促迷茫,
准高三,comment,这是真的[泪崩R][泪崩R],
准高三,comment,初中没开智说的太对了我也不想回初中,
准高三,comment,其实不敢说 我高中特别喜欢跟领导斗智斗勇 也算是枯燥生活里面一种乐趣 但是大学现在谁还理你 每个行动都要标榜成年人 没有说高中特别好的意思[呃R],
准高三,comment,你们食堂这么好吃吗如果你知道我们食堂买变质发酸的绿豆粥你也会觉得我命苦[完啦R],
准高三,comment,可能是我们初中伙食太差了，从刚升入高中我就特别喜欢食堂伙食，食堂旁边就是卖零食的小卖铺，高二时又建起了专卖汉堡热狗面包小蛋糕一类的西餐厅，这谁能不心动……关键是，我们高中食堂真的便宜啊[抽泣R],
准高三,comment,上了大学才发现物价是真几把贵，每天光吃饭上花的钱十几二十往外扔心疼死我了，而且没有我最喜欢的里脊肉饼（高中食堂有个里脊肉饼的窗口特别特别好吃我超级爱吃）我好怀念[泪崩R]我一放假回家就老想着偷偷溜回高中半天去混伙食吃,
准高三,comment,唉其实能理解有的人的高三特别好，但我的高三真的特别命苦，希望全世界高三都能开心点[完啦R],
准高三,comment,高三早上5点50起床，晚上22点10睡觉每天都睡眠不足还压力山大的暴躁日子居然真的有人喜欢过，不是嘲讽是真心佩服你们,
准高三,comment,其实我高三现在想想也挺幸福的,
准高三,comment,嗯对其他地方不敢说但是我和同学的高三真的很开心（永远怀念,
准高三,comment,不想上高中，羡慕你们不便秘的人生,
准高三,comment,对于我这种没什么目标只想混个一本的来说太爽了,
准高三,comment,支持 感觉高中真的比大学，轻轻松松可以超越一大半的人，很有成就感，也不会特别累，课余可以偷偷看喜欢的同人小说，作业可以根据自己情况调整，大部分科目比较简单自学就能学好，放学校门口有猫猫学姐向我跑过来求摸头，累了翘节体育课翻窗进音乐教室弹弹琴烦恼就烟消云散了 去问老师问题会被投喂小零食，走在放学路上随口能吟出一首小诗 凌晨四点起来背书看着窗外安静的灯光会倍受鼓舞，然后上学前去学校对面买一杯学生价咖啡偷偷瞒过教导主任带进学校 想运动了就放学去操场上晒晒太阳打打篮球 生病了请个假就能回家休息，躺在医务室休息也可以 大学请假必须去医院挂号开假条...,
准高三,comment,特别好的帖子 让我感觉共鸣 好想哭 我好舍不得高三 虽然很累但是我真的特别特别舍不得 感受自己一步一步在成长 在向目标前进的每一天都好幸福 爸爸妈妈和朋友陪在身边的感觉太温暖了 真的想留在高中 一想到准备高考要上大学我就难受,
准高三,comment,感觉有点记忆混乱了但是真看过说高三过得很开心的帖子,
准高三,title,求建议😭😭😭,
准高三,content,p2是这次一模的成绩，高中以来最好的成绩大概也就600名左右，然后高考目标分数640，还有挺大差距的,
准高三,content,反正挺害怕自己脱离学校这种大的学习环境会不适应最后成绩反而没什么变化，而且本人又是很受不了孤独的人，怕全托找不到搭子,
准高三,comment,已经差不多半托了,
准高三,comment,真的吗 但我感觉我现在真是遇到瓶颈期了，感觉智商就到这了，再往上走好难[抽泣R],
准高三,comment,现在这个阶段不要陷到分数里，没必要因为分数不高给自己添堵，找弱点干就完了,
准高三,comment,嗯嗯好的，谢谢,
准高三,content,高考剩最后六十几天 被人际关系困住 好崩溃怎么办#高三文科#高中,
准高三,comment,再说我本来就挺敏感的，所以我真有被影响到状态，离高考还有60多天了，我不想把和室友之间关系不好这种事情给闹大，但是他们就是会来阴阳怪气我，我现在每天也很痛苦,
准高三,comment,宝宝 我只能和你说一下我的做法 我和你一样容易被影响 很敏感 我现在的做法就是去找别的朋友玩 然后一个人走的时候就戴耳机避免听到她们说什么 打心里瞧不起她们就好了 就像看乐子一样,
准高三,comment,刚刚跟老师申请了换宿舍，但是老师说宿舍位很紧张，很难换，但是说帮我问一下,
准高三,comment,千万不要被影响大可以难过伤心但是一定要好好学习休息加油,
准高三,comment,谢谢你，我会努力的但是我还是会忍不住的想这事情，一想到就很想哭，而且我爸爸还脑溢血住院了，本来压力就很大,
准高三,comment,好好想想轻重，你就会发现他们不值一提，自己好才是真的好，即使关系重新好了后又能怎样，六十多天后就此别离，余生再也不见，不必担心,
准高三,comment,可以尽量避着他们些，还有60多天大家就再也不见了，要是有时候实在忍不了，就硬气点，回怼回去，自己也解气一点，或许他们也不敢太明显说你了,
准高三,comment,被骂了怎么办，没有当场骂回去，还在软弱求和,
准高三,comment,是的，说的太对了,
准高三,comment,但是那个人是我同桌，经常故意大声翻书打扰我学习，尤其在我认真学习的时候会突然间发出声响吓我一跳，我给老师说换位，但是老师也没办法，班里的同学都没有想和我换的😣只有坐在最后一排一个人😣要不然就是雅座,
准高三,comment,左右护法还是最后一排你能接受就行，我们班都抢购完了我想坐都坐不到了,
准高三,comment,别理他们，第一件事情就是习惯孤独，课间没事可以写写题，没必要因为他们毁了你的高考，你要是改不了适应不了那就只能这样下去，反正你发帖问了也不一定真的能彻底改变，狠狠心就剩六十多天了，但是只是疏离不能绝交，更影响心情，变成普通同学就好,
准高三,comment,已经绝交了，被骂了怎么办，没有当场骂回去，还在软弱求和现在想起来好生气，自己变成别人受气包了,
准高三,comment,不用管了宝宝，过去的事情就过去了，越想越内耗，这是一种消耗自己的过程，别求和，这样显得你太卑微了，你的行为带给了她优越性，反而是更让他得意，最好的办法就是把她当空气，最好也别说她坏话跟同学，你越大度就显得她越不堪,
准高三,comment,天哪宝宝这也太过分了吧,
准高三,comment,同学，我也是高三生，我凭心而论跟你说从你的发帖就能看出来人际关系对你而言是很重的、甚至可以说是影响很大的，我觉得你并不能轻易放弃所有人际关系，至少对你来说会很难，所以不要轻易放弃一切，如果这些反而会更影响你那你就更得不偿失，不如去和你闹矛盾的朋友说开，再者，人不会没有朋友的，去找能和你度过这六十天的同频的人,
准高三,comment,是的 我有想要尝试说开 但目前来看 但对方好像没有这个意图 因为目前来看她没有回复我 但一直在发朋友圈 我也不知道他们是不是在说我 只是我看到了朋友圈自己在不断的内耗 因为太过在意才会这样 她们对我来说很重要 谢谢你 我会加油挺过去的,
准高三,comment,我也是好崩溃啊 而且我还跟她们住在一起,
准高三,comment,我也是该怎么办,
准高三,comment,人际关系到底该咋办啊，我现在好崩溃啊...距离高考还有六十几天了突然发生了这种问题...一直让自己别想这件事反正马上就要毕业了，但是总是会突然想起来，感觉对我特别不公平，为什么偏偏要在这个时候提出来啊,
准高三,comment,其实我不在意她过后会如何说我，就怕她说的话，她说以后我再打呼噜，她不介意半夜叫醒我，可是我问了其他舍友，她们说可以接受，不影响休息，而且我在家不打，在学校才打，现在也在吃药了，如果真的出现这种情况，我该怎么办,
准高三,comment,高中毕业后谁还会联系谁啊，你把高中同学关系想得太重要了吧,
准高三,comment,我也是，一直想说开，但是发现价值观不同根本说不开，他们就聚一团玩，现在就我一个人,
准高三,comment,一个人就一个人 其实一个人很爽 价值观不同就不用再一起玩了 硬在一起玩也是消耗你自己,
准高三,comment,现在突然和男生一起坐还很不适应的感觉，我也是对人际关系有点敏感的人，别人的冷嘲热讽，含沙射影对我来说都很烦，想又不想正面刚,
准高三,comment,我一直在劝自己内核强大，但是很难不被这种事情影响，而且跑操体育课吃饭都是一个人的感觉很难受，不想快高考了还一直保持这种消极心态,
准高三,content,我自己也在这方面确实有点经验，焦虑是整个高三后半学期的常态，但是依然要把握心态和行动上的主动,
准高三,content,实际上你只是在克服生理（如早起）和心理（讨厌这门学科）的障碍，而不是在真正地努力,
准高三,content,定位的方法也很简单，总结开学后几门考试的成绩排名，跟成绩比自己高出10名的人进行纵向对比，找出自己达不到这个名次原因，再跟自己其他科目的成绩进行横向对比，找出自己最差的学科，然后针对试卷进行分析，看自己在哪个板块丢分最多,
准高三,content,我高中时候有个同桌，数学已经差到拉低总成绩30多分，但是因为当时我们的英语老师比较严厉，布置作业多且难度高，她每天就在那里辛辛苦苦地做英语题，数学则是能丢则丢,
准高三,content,率先写自己排名最低的学科作业，再写其他，永远记住你要为自己负责，让自己不辜负自己的努力，而不是为了让老师不骂你,
准高三,content,4.相信一切皆有可能，永远不放弃,
准高三,content,也许一向难度很高的学科反而在高考时很简单，拉开差距的是那些你平常根本不注意的科目,
准高三,content,因此不用为某次联考得分太低而难过，实在伤心就自己哭一哭，但是千万不要觉得它可以定义你,
准高三,comment,好的 谢谢姐姐,
准高三,comment,我是河南高三的学生，谢谢你哦,
准高三,comment,姐姐能给高二的学生出一期建议吗 谢谢,
准高三,comment,学姐高三成绩起伏的厉害怎么办,
准高三,comment,我有段时间2点睡，6点起，差点过去了,
准高三,comment,妈呀妹子你千万注意身体,
准高三,comment,我高中光六点学到晚上十点半都累得不行………有的钱没必要花还不如自己找点好玩的事情放松一下,
准高三,content,平时一定要多积累好的高级句子和段落,
准高三,content,11.不要在备考期间恋爱,
准高三,content,"12..不要每天焦虑,焦虑的来源是缺乏行动",
准高三,content,"每天按计划完成任务,会感到充实而快乐",
准高三,comment,我现在经常后悔以前不好好学习 每次写数学物理都会被自己气到然后很影响状态能学一点是一点吧 一起加油,
准高三,comment,我感觉现在才刚开始 目前还干劲满满 可能是我醒悟的太晚了 但是已经要结束了,
准高三,comment,好像是这样的，我家孩子也说，冬天人就是比较郁闷，每天连太阳都看不到，心情也一样，现在开春了，虽然剩下的时间不多了，但是不觉得难熬了,
准高三,comment,也许是看到希望了吧,
准高三,comment,是，最近成绩越考越差，二模也考砸了，昨天晚上查到成绩真的很崩溃，整天累得跟狗一样，结果越考越差昨天晚上实在坚持不了了，连夜给我妈打电话回家了,
准高三,comment,只有两个月 离目标分还差100+,
准高三,comment,我也离目标分差100➕ 怎么时间这么快就过了,
准高三,comment,历史选择题16道只对五道 英语阅读也错了好几个 好崩溃,
准高三,comment,还有烦人的人际交往 我真不行了,
准高三,comment,现在这个状态 情绪差得一点就炸，感觉需要一个契机让我狠狠的哭,
准高三,comment,我也是 很烦很烦越来越烦一点小事就能把我烦死 很躁不想上学,
准高三,comment,一样，每天在学校过得累死累活，想努力冲一冲的，根本没动力,
准高三,comment,现在大一箱来说点：高三的时候成绩起伏很大正常，在高三我也经历了高中成绩最差的时间段，直线下滑,
准高三,comment,但是担心的是什么呢，应该是旁人对我成绩的看法和态度（除了自己以外的所有人），担心这么下去高考完了，很崩溃焦虑,
准高三,comment,但是等现在再看只想对自己说，没事不要想太多，高考是你自己考又不是别人替你考，努力学习好好学，一定要努力，可以玩但是要努力，不然真的留遗憾了,
准高三,comment,一定要好好规划，劳逸结合，自律自律，一定要背英语单词其实高考我也没有考的想象中那样，所以作为过来人很想说一些，希望大家不要高考留遗憾,
准高三,comment,我不是很相信努力就一定会有你想要的结果，但是付出总会有回报的，请你相信你自己，希望你可以心想事成,
准高三,comment,姐妹们，高三确实很难熬，因为各种压力因素，大家也许都会变的很浮躁，但一定要相信不管是自己还是朋友，都是非常非常好的人，我们一定要相信自己，给自己更多的正向鼓励，所以一定要坚持住,
准高三,comment,谢谢宝宝,
准高三,comment,毕竟高三这最后几十天，真的需要从点滴事件中发现微小幸福，尽量多去发现一些善意，少留意一点恶意,
准高三,comment,好的谢谢,
准高三,comment,谢谢宝宝我们一起加油,
准高三,comment,好好哭,
准高三,comment,谢谢宝贝,
准高三,comment,谢谢你 祝愿我们都考上心仪的院校,
准高三,comment,哇这个说的好好啊,
准高三,comment,谢谢宝宝呀,
准高三,comment,一直左右脑互博一边骂天骂地一边给自己洗脑大家都是好入,
准高三,comment,特别浮躁，压力大就喜欢幻想毕业,
准高三,comment,越来越炫压抑怎么办,
准高三,comment,疯狂想谈恋爱,
准高三,comment,高三开始一个人孤立了全班,
准高三,comment,大概是高二升高三那个暑假，有女生在背后搞我，然后高三开始班里没人跟我讲话（本人没有什么不良嗜好，大概是班里女生和我喜好不同吧，我们班女生喜欢内娱明星喜欢打王者，我喜欢看小说看番还混欧美圈，反差巨大跟她们没什么共同爱好吧，本来交流也没有很多）,
准高三,comment,高三了大家都不装了，想骂就骂想法就法了,
准高三,comment,一周内班级群炸了三次，吃瓜吃得好爽好爽,
准高三,comment,只是有点没意思，大家确实都长大了没那么幼稚，很快就吵完了，唉,
准高三,comment,没有对高考的紧张只有对解放的渴望,
准高三,content,还剩一百零三天高考，昨天开学第一天，调座位被调成了一个人坐,
准高三,content,因为我本身就是e人，特别喜欢聊天，因为一个人坐今天一整天都特别难过，很瞌睡，也不想听课，该怎么调理😭 #高三#高中#高考,
准高三,comment,同enfp想问问那种别人上课讨论问题自己没人讨论那种落差感怎么调节啊心里难受好久了,
准高三,comment,如果落差感来源于没人讨论的话 我觉得你可以试一下主动去找朋友或者前几的那些同学 可以围在一大圈人旁边 就听大佬分析 有不懂的随便揪旁边一个同学问 懂了就撤 不一定要等人来找你 嗯对,
准高三,comment,这个真没事鬼知道我有多喜欢我现在的单桌座，,
准高三,comment,本来书也多我放不下就放旁边 衣服啥的也能往椅子上搭 而且我坐最后一排翘腿上课困了随时起立啥的太方便了😭,
准高三,comment,宝宝我建议你转换一下角度思考问题，马上就要高考了和你e不e或者i不i或者爱不爱聊天没什么关系了，你也知道马上就要高考了还在为一个人坐一桌是不是有问题调理其实宝宝你也知道是比较浪费时间的，你知道问题所在的话就应该知道一个人坐真的是一件好事，少管了很多闲事，当然如果你对于同桌的定义是那种互帮互助，大家一起相互提升的话你大可以去直接和班主任沟通一下，就说你觉得有同桌更有学习氛围可以督促你们双方更好学习啥的，这样的话我觉得大部分的班主任都是会理解的,
准高三,comment,妈呀这是我高中三年的梦想奈何本人太i，不好意思提，不敢这样特立独行，但这样对学习真的挺有帮助的，更专注，不会有人打扰,
准高三,comment,再也没有同桌偷看自己学啥了，出成绩还一直在那丧,
准高三,title,还有10天高考…我好兴奋啊……,
准高三,content,我去了我好兴奋啊…终于要离开这里了吗 刚才班级群里通知考场和考试时间表 其实半个月前就已经开始了，只要想到马上要高考要毕业了我就真的控制不住的笑出声……我真这样…… 终于能#毕业离开这死地方了…… 看小红薯上有些买资料的写莫名其妙的觉得自己考得上的……我真这样……我真是迫不及待高考了 好好笑啊我，，我现在在自习室自习紧迫冲刺 背背背背背背，数学我真的要笑出声了什么我都干了就剩数学没看没动没做题，我会逼着我看的 但是我好兴奋啊哈哈哈哈哈哈哈哈哈哈哈哈哈哈哈哈哈哈哈我妈总说我像有病的……是啊怎么了是啊怎么了是啊怎么了我早被#啥必学校逼疯了哈哈哈哈哈😁日尼玛战斗爽战斗爽战斗爽战斗爽战斗爽战斗爽战斗爽 #文科生#高考#2025高考#高三#高三牲#我要玩#我要放暑假#我要醉生梦死#战斗爽#我要毕业啦#学姐毕业去哪玩#招魂#酣畅淋漓的战斗#精神状态 而且现在脑子里全是那个#该死的#lemon中文版 那一天的忧郁😭忧郁起来🥲 那一天的寂寞🥺寂寞起来😰 他妈了个巴子的……b站首页点开全是……,
准高三,comment,不然毕业了会后悔当时怎么不骂狠一点的,
准高三,comment,周四拍毕业照我要无差别攻击了反正收假了我也自己在家复习,
准高三,comment,我已悟透我现在强的可怕,
准高三,comment,谢谢嘿嘿,
准高三,comment,我是走读生周测放学十点二十在校门口被班主任拦住了班主任警告我我当时说我放学校对面的她根本不带信的我当时还问了咋了她跟我说让我别管内么多搞得班上今天没人敢带手机了,
准高三,comment,哈哈哈哈哈虽然我几乎裸考，但我越来越兴奋了，尤其是今天我连毕业照都没拍上，感觉更加开心以后要离开这里了,
准高三,comment,毕业照么…倒是提醒我了（好久没有回学校了）但是无所谓，好朋友无需毕业证，剩下的件货们更是拿远点，在学校里面合影都晦气更别说照片里有学校和校徽了……简直就是烙在身心上的奴印…时时刻刻提醒我这段屈辱的时光,
准高三,comment,我也好久没回了今天班任通知时间错了，我去了没拍上，其实当时有点小难过 但很快想想我不会出现在其他人的照片里，好像我的高中真的无痕了，不会有人记得我高中时的样子，爽死了好吧,
准高三,comment,啊哈哈你说太对了,
准高三,comment,虽然我也考不了多少分，也考不上什么好大学，但是一想到马上就能离开这个恶心的环境和恶心的同学就好高兴,
准高三,comment,兴奋的一口气刷了本短篇小说，现在还没睡，哈哈哈哈哈今天还要模考来着，十天，哦不，十三天，彻底结束了,
准高三,comment,兴奋的晚上根本睡不着,
准高三,comment,其实我本来还在想拍毕业照尴尬，因为我在学校都带着口罩（这一年基本没去，但去了都戴口罩）结果到了等了半个多小时才知道拍完了，比起遗憾我更心疼毕业照白交的钱没有毕业照多好啊，我现在又丑又阴郁，感觉像黑历史，我毕业典礼也不打算去了,
准高三,comment,那一天的忧郁😭忧郁起来🥲那一天的寂寞🥹寂寞起来😰连同着迷🥺这个炎炎🔥夏日🥵万般滋味👄那个你🫵都化作了烙印在我心底❤挥之不去柠檬🍋的香气💭在晴朗🌞驱散大雨☔之前都无法被抹去😭如同嚼下一口柠檬🍋那样让我难忘记😭你是我永远驻足眺望🫡的唯一那束光🔆,
准高三,comment,期末没课所有时间自由支配，可以随时去旅游，上完课买好饭和水果边看剧边吃饭超级幸福🥰想卷就可以卷想躺平就躺平对于我这种间歇性有斗志的人超级友好,
准高三,comment,间歇性斗志简直就是我……是啊朋友圈不少上大学的姐姐们看着真的好充实（除了上艺术院校美术生，明天是快乐和抑郁的极端，被艺术搞心态（雾）真的是可以一心追求自己喜欢的东西了……,
准高三,comment,我也是，而且特别自信，感觉自己就能考好，不知道为啥啊就是很轻松,
准高三,comment,和上一年我考前一样哈哈哈哈哈哈想想可以不要再回高中那个和阿兹卡班一样的地方就爽得不行人之常情人之常情哈哈哈哈哈,
准高三,comment,就是就是这辈子最恨的就是这个死高中，真的是够够的了，毕业即离婚，一想到马上要一刀两断，一干二净，一清二白的离开我就爽,
准高三,comment,感觉自己想学，然后就总是翻开作业看两眼发现不会又放弃这种的有什么建议吗,
准高三,comment,那有啥建议 翻开之后别放弃啊,
准高三,comment,逼着自己算 填空题前面的或者大题的第一小问都不会就完了诶,
准高三,content,从小学就开始想象我的高三会怎样，事实上并没有拼的头破血流，也没有华丽的破茧成蝶，更不敢想高考会成为一匹黑马,
准高三,content,剩下的每天都很煎熬，想马上结束这一切，又不希望最后的审判到来,
准高三,content,#高考#高三#金榜题名#被考试支配的恐惧#一键查询我的精神状态#我的脑子呢#焦虑,
准高三,comment,今天考完学校最后一次模拟考了，就下来面对的居然就是真的考试了omg希望大家高考顺利哦,
准高三,comment,有一种知道自己会被判死刑然后终于要上断头台的解脱和恐惧感,
准高三,comment,说真的，高二的时候一直在幻想高三了怎么努力怎么焦虑，每天睡五个小时一直做卷子刷题，结果真到了高三发现，和之前一样，还有时间耍耍手机看看小说，回神发现还有27天考试,
准高三,comment,对的对的，我还以为我会和垫底辣妹一样燃,
准高三,content,特别特别特别特别笨但很努力的人高考上限是多少 凡尔赛别来,
准高三,content,就是那种上补习班和学校里老师都说很笨，但是自己很努力一直不放弃的，高考上限是多少呀我的老师一直说我笨#高考#笨#努力,
准高三,comment,笨人努力也没有下限，因为他可能努力的方向不对，不光不进步，还会退步，你懂吗,
准高三,comment,会更笨甚至身体受伤,
准高三,comment,好哦谢谢小猪🐷老师 我的帖子都推到澳大利亚了嘛 那边是不是有很多小动物呀 我很向往那里,
准高三,comment,完全没法赞同 当今普高学习前百分之五就是刺刀见红 努力难以赶上天赋差距了,
准高三,comment,首先没有笨的人,
准高三,comment,我有个朋友，她的笨是很明显的，很多知识点我一遍就会的话她可能要琢磨好久而且再问一遍老师，但她不间断的学，放假也在学，她妈妈是校长总给她在学科网找题做，找知识点，自习课一直在做题或者背书（背书也很慢），但她成绩没差过，现在刚一轮复习完可以上600，高考600+没问题，努力和天赋真的同样重要，没有天赋就用努力去弥补，只要做的足够多知识是能够全覆盖的，别去想上限，你做出的结果就是上限，加油加油,
准高三,comment,谢谢宝宝回复呀看的人心暖暖的我就是你朋友这种很多知识点我要琢磨半天但是也是一直在学希望我一轮复习完也能600+,
准高三,comment,期待你的好消息,
准高三,comment,虽然但是能上600不算笨吧,
准高三,comment,确实是 ，还会有更笨的比如我,
准高三,comment,...那可能不是笨，只是反应慢而已,
准高三,comment,可能是你比较聪明所以觉得她笨,
准高三,comment,600真的和笨没关系....,
准高三,comment,我 理解能力很差 思维刻板 22文科630 上了大学被按在地上,
准高三,comment,谢谢你宝宝 看到你的评论真的好温暖,
准高三,comment,我也是文科班，宝宝你是啥高中啥班型啊，我都是稳定在十五名以内那样，但是确实也就是五百分，原始分也就530那样你这样说的我有点害怕,
准高三,comment,我是本ip四线城市的一中 我们班是二类班 不过你不用太担心啦 我高三发挥的最好也只有560分 平时也就500分左右 平时班级前十 最后高考580 而且不只是我 大部分人都是这样 不要担心太多 走好当下的路就可以啦😘😘😘,
准高三,comment,谢谢宝宝的回复我会一直努力下去的,
准高三,comment,在河北特别特别笨但是努力的话应该是过不了600这个坎的,
准高三,comment,感谢回复🥹我现在高二了，高一升高二凭借努力考了年级第三从普班跳到实验班，以为自己虽然不能说是聪明，至少不能说是笨吧，可是我的老师还是总说我笨，什么都学不会，我也觉得自己确实思维和反应迟钝，就想知道像傻子一样执拗的学下去会不会有个不算太差的结果谢谢你的答复,
准高三,comment,我高中同学吧，真的很努力，认真程度在班上都是有目共睹的，也是我见过唯一一个寒暑假作业都是自己全部独立完成的，最后超过一本线30分（题外话，她平时成绩都一般，但是疫情网课那段时间，大家都没怎么学，就她一个人还是一如既往的认真，返校的那次质检直接考了全班第一，你就知道是真努力了，肯定不是假努力）,
准高三,content,高三上学期我生物大题真的惨不忍睹，忍无可忍摸索出一套超好记的规律，不用死记硬背，做题时直接套用，后期大题扣分基本控制在3分以内，今天就把这份干货分享给和我当初一样迷茫的高三宝子,
准高三,content,🔍具体操作： ① 光合：先写二氧化碳+水→有机物+氧气，再答影响因素,
准高三,content,② 呼吸：有氧写葡萄糖+氧气→二氧化碳+水+能量，无氧分两种，影响因素写温度、氧气浓度，重点提“氧气浓度为0时只进行无氧呼吸，浓度过高抑制呼吸”,
准高三,content,🔍具体操作： ① 神经调节：必写反射弧，兴奋传导方向单向，突触处电信号→化学信号→电信号,
准高三,content,④ 结论：根据结果下结论，若实验组和对照组有差异，就写“××（自变量）对××（因变量）有影响”，无差异则写“无明显影响”,
准高三,content,. 高三生物大题真的不是靠蒙，找对规律，踩准采分点，分数自然就上来了，希望宝子们都能少走弯路，稳稳提分，高考生物不留遗憾,
准高三,content,把三个最容易“阵亡”的阶段写给各位家长，希望你们别踩我们踩过的坑,
准高三,content,✅ 第一个阶段：四月一模前后—心态崩盘期 【崩盘原因】：一模成绩出来，孩子第一次看到真实排名差距，心理防线被击穿,
准高三,content,我家闺女一模考完回来哭了两天，说“努力这么久还是这个水平，是不是没希望了”,
准高三,content,【典型症状】：情绪低落、不愿沟通、反复说“没用”，有的孩子开始逃避模考,
准高三,content,我家差点也陷入这个坑，孩子说要“每天学到凌晨”，我坚决拦住了,
准高三,content,【典型症状】：作息混乱、上课打瞌睡、效率下降，情绪烦躁易怒，越努力成绩反而下滑,
准高三,content,✅ 第三个阶段：高考前一周—临考恐慌期 【崩盘原因】：真正要上考场了，紧张、焦虑、失眠集中爆发,
准高三,content,有的孩子考前三天睡不着，有的临考前一天还在狂刷题，越刷越慌,
准高三,content,【家长应对】：①考前一周不刷新题：只看错题本和知识框架，保持“有准备”的自信,
准高三,content,我家孩子考前两天紧张，我陪她看了场电影，回来睡得很香,
准高三,content,通过反复做全国卷，你能体会到高考喜欢考什么,
准高三,content,3. 干扰项分析 错误选项错在哪，把干扰项的特征记下来，下次看到同类选项直接排除 . （二）主观题复盘 1. 对照答案标漏点 用红笔在答案上标出自己漏写的角度、漏掉的术语 2. 把答案拆开看结构 标准答案为什么这么写、它的逻辑是什么，把这个结构记下来 3. 把好题积累下来 遇到有代表性的题，把材料和答案剪下来贴到活页本上 . #高三政治#政治提分#高考政治#高考,
准高三,comment,数理题目太活了做得头大，但政治背了又怕不考，不背又心慌,
准高三,comment,这样会不会很花时间我英语和地理也急需补,
准高三,comment,我看常老师看晚了，之前总觉得政治靠背就行结果三模才六十多，没法看了才赶紧去听，虽然高考到八十五，但还是后悔没早点开始，不然能冲九十,
准高三,comment,想问一下，像经济全球化和国际关系那块，学校讲完了我还是搞不清逻辑，基本不会是靠刷题还是跟他补,
准高三,comment,现在发现不会就是捡分的机会，我把自己不熟的部分重点看他对应的专题，理解透了再适当练题,
准高三,comment,别急着看选项先把题干圈出主体范围问法这三要素，确定它到底在问谁在什么条件下要答什么先定方向再找答案,
准高三,comment,真受不了我那个线下老师，要续费的时候笑脸相迎，平时问他问题都不太乐意,
准高三,comment,纯背书，不过这次考试运气比较好大题考的我都有背过，刚好考前也复习到了,
准高三,comment,感觉选择得下功夫能拉开分差， 我看完常迎的解题突破选择错的能控制在两个内,
准高三,title,说些相见恨晚的高三地理主观题满分做题技巧,
准高三,content,下面是我高三后期地理主观题提分的核心技巧，分享给大家 - ✔️审题 1.先看设问类型（原因、特征、过程、影响、措施），确定答题方向 2.再看分值，以6分题为例，通常需要3个要点，避免少答漏答 3.带着设问读材料，快速圈出区域、地理要素、数据变化、关键词，信息全部来自材料，不凭空推断 - ✔️自然地理vs人文地理 . ✅自然地理答题强调因果链条完整 •从地形、气候、水文、植被、土壤五大要素出发 •按作用顺序或时间顺序书写 •过程题必须写出阶段逻辑，不跳步骤、不省略环节 . ✅人文地理强调要素筛选与材料结合 •只用“自然+人文”两个维度展开 •只写与材料相关的点，不盲目堆模板 •避免空泛内容，确保每点都能在材料里找到依据 - ✔️按题型套固定答题思路 1️⃣特征描述题：先概括整体分布与变化趋势，再分点描述数值、结构、空间差异，表述具体不模糊 . 2️⃣原因分析题：自然因素从位置、地形、环流、下垫面切入，人文因素从人口、产业、交通、政策切入，逐条对应，不交叉混乱 . 3️⃣过程推演题：按起始条件—中间变化—最终结果分步书写，写明作用力与演化环节，逻辑闭环 . 4️⃣区位/条件题：先抓主导因素，再补充次要因素，只保留与材料匹配的要点，不堆砌通用模板 . 5️⃣影响评价题：分经济、社会、生态三个层面，兼顾利弊，结合区域实际作答，不泛泛而谈 . 6️⃣措施类题：紧扣问题成因，从工程、生物、管理、技术角度给出具体做法，务实可操作 - ✔️语言规范 地理主观题最吃术语准确度 ①全部使用规范表达，如“降水丰沛”“劳动力充足”“地形起伏大”等 ②关键词前置，让阅卷老师一眼看到得分点 ③分点作答，使用①②③，保证结构清晰 ④每一点都做到“原理+材料信息”结合，不单独套模板 - ✔️保底技巧抢基础分 遇到不会的题，遵循两个原则： 1.围绕题目涉及的地理要素写术语，尽量踩基础分 2.只写与题目相关的核心名词+简单逻辑，不乱写、不凑字✔️复盘只抓两件事 •对照答案，只补遗漏角度 •把同类题规律整理成一句话模板，不建立新体系 - 地理主观题提分真的不靠苦学，靠的是审题逻辑+答题规范+要素思维 #高三地理#地理主观题#答题技巧#高三提分#新高考地理#自然地理#人文地理,
准高三,comment,我一直以为是知识点背太少了，做题才做不对，现在开始补时间来得及不,
准高三,comment,求资料谢谢谢谢,
初三党,title,非常焦虑的初三党,
初三党,comment,好的 谢谢,
初三党,comment,谢谢你 我已经找到啦,
初三党,content,10.不要在备考期间恋爱,
初三党,content,11.不要焦虑,
初三党,content,每天按计划完成任务，会感到充实而快乐,
初三党,content,!! #准初三#准初三的暑假#准初三逆袭#学霸秘籍#学渣逆袭指南#学习日常#初中生#初中学习方法#暑假规划#暑假计划,
初三党,content,还有74天就要中考了 我脑子一片混乱 一直在清醒的堕落 今天早上有点崩溃发了朋友圈 晚上发现同学的朋友圈提到了我 突然发觉我好像真的没有认真想过,
初三党,comment,我的天哪 早上起来给我吓到了 好多人,
初三党,comment,我发那个朋友圈并不是真的决定放弃了 就是 怎么说呢,
初三党,comment,其实我有想过考比那个学校稍微差点的 感觉会轻松很多 这样我是肯定能拿到指标生的（+45分） 但是心里还是不太得劲 之前我在家里提过 我家里人说我考不上 让我别吹牛b（后面一句应该是开玩笑） 还说我想报都不敢让我报 所以我是想考的 同样想打他们的脸 我现在七科里只有英语好点 物化是最差的 上课认真听了但是做题不会 化学知识点背完就忘了 开学调完位置之后 我下课就几乎没有玩过了 同桌一直在学习（年1） 我如果不学总觉得别扭 但学几分钟就特别烦躁 我没招了,
初三党,comment,评论我都看了 我看到有人说p1的朋友圈很… 我已经删了 以后不会再发类似的了 也谢谢plq的友友们可以理解我,
初三党,comment,烦躁的时候可以学不用动脑子只用抄写的内容,
初三党,comment,还是对未来充满希望，有拼劲的年纪呢,
初三党,comment,我高中同学也给我抄过这些，我觉得很励志，很感动,
初三党,comment,正气绝不会是贬义词,
初三党,comment,我初中也这样，对当时我喜欢的人都一心劝学,
初三党,comment,真的同学人真的太好了 有种被养育的很健康阳光的感觉 博主多和这种同学一起对自己的磁场好,
初三党,comment,好久没见过这么热忱的人了，就是那种对万事万物都认真到有点呆萌的感觉谁懂有个朋友就是这样的性格，特别特别好的一个人,
初三党,comment,天啊这种性格真的是有点萌……认真到呆萌,
初三党,comment,中考都那么费劲还要别人提醒才能自律那高中更是没救而且你目前成绩想必很差了 如果你不彻底改变那考不考高中都无所谓了 你的人生就这么看到头嘞,
初三党,comment,宝宝 一个22岁的姐姐告诉你 在该学习的时候一定要好好学习 虽然现在这个社会的大环境的确学习不是唯一的出路 但是读书对于一个女孩子来说（没有性别对立的意思 没有歧视的意思 每个人都可以有自己的选择 只是自己的一点意见） 对于眼见 对于生活中遇到事情的看法都会不一样的 现在长大了才发现 学生时期这种其他什么事情都不用担心 天天只用学习的时光真的很美好,
初三党,comment,完全同意，以前还小不懂，现在出来上学了快要面对社会生存压力了之后真的觉得读书是一件非常重要的事情,
初三党,comment,其实你发这个朋友圈就知道你才是最焦虑的那个…… 真正在无忧无虑的玩的人不会发这种东西…… 加油呀意识到自己堕落了就赶紧调整起来,
初三党,title,初三开学前焦虑锦囊,
初三党,comment,我…努力吧，真的感觉最近挺迷茫，特别是体育,
初三党,comment,谢谢你，我要继续去补作业了,
初三党,comment,寒假作业特别多，知道大部分写的也没用，但不写会被老师骂,
初三党,comment,可是体育训练真的好累😫😫😫，我真的不想跑800学校还天天练体育课也累，而且班上神人也多,
初三党,comment,放不下手机怎么办，是追星女，有很多消息需要知道成绩不咋还又想抄答案没手机感觉受不了,
初三党,content,九上期末遇滑铁卢，初三最差的一次，郁闷但也清醒,
初三党,content,浮躁的代价终需买单，寒假沉心复盘补短板，把问题解决在考前，中考才更有底气💪#初三#公布成绩#初三党#中考#成绩,
初三党,comment,这么好了，还说差，我家的那个都没眼看那成绩,
初三党,comment,谢谢关注,
初三党,comment,回复 May 🌻 : 谢谢鼓励还有很大的提高空间,
初三党,comment,好厉害的成绩不偏科的全能型偏科战神表示好羡慕[抽泣R],
初三党,comment,感谢关注普娃一枚，这次得分率严重下滑，需要好好查漏补缺了,
初三党,comment,感谢关注,
初三党,comment,对对对，确实差的要死,
初三党,title,初三｜累累的很安心🤞🏻,
初三党,content,本周初三真的被电路和函数搞得特别崩溃….但是调整自己之后觉得还不错哈哈，如果做对了的话会超级有成就感🥰🥰🥰 题真的是越做越有感觉☝🏻🤓每天累累的话感觉还要安心一点了，我们初三生真的就是这样子的，单休也被补课填满，不过,
初三党,content,在忙碌中找到自己的小确幸也是初三的小美好😊#学习碎片#初三#plog#随时问#AI写作业#作业写疯了,
初三党,comment,谢谢宝宝 我已经找到了哈哈哈哈,
初三党,comment,哇谢谢宝宝 还在努力寻找风格中...,
初三党,comment,随时问很不错，感谢,
初三党,content,那个瞬间，我抢过习题本的手在发抖，不是气她偷学习，是心疼她眼下的乌青都快比睫毛长了,
初三党,content,我知道中考倒计时让你焦虑，但用透支身体换来的分数，就像用漏水的桶装金子啊,
初三党,comment,真不写你又不高兴,
初三党,comment,你这样起号还有点太慢了，我教你，去柳智敏超话说张元英是五女一，崔然竣超话说黄铉辰是五男一，去博君一肖超话说他俩是假的，单人超话说他俩是真的，去边伯贤超话说怎么和金泰妍分手了，去赵露思超话发虞书欣95top，马嘉祺超话说宋亚轩是楼永一， TFBOYS超话说时代少年团是内娱第一男团，去朱志鑫超话发苏新皓登永一，去桂瑞超话发桂恒99，去张桂源超话发杨博文四舞一姐妹，再去叶舒华超话说赵美延唯一门面，去朴彩英超话说金智秀门面主唱，再去马嘉祺超话说宋亚轩楼永一，去tfboys超话说时代少年团内娱第一男团，再去 bts超话说他们长得不如exo帅，最后打开王者去国服榜上加几个少萝头像骂她们,
初三党,comment,你怎么一个帖子一个人设,
初三党,comment,然后让她吃完了就休息吧,
初三党,comment,虽然我确实觉得你一个帖子一个人设,
初三党,comment,好羡慕呀,
初三党,comment,要是我有女儿，我看到她半夜学习第一反应肯定是欣慰,
初三党,comment,我还以为只有我一个人这么觉得,
初三党,comment,一开始不想写到后面越写越兴奋,
初三党,comment,我爱学习，预算6万，求带,
初三党,comment,睡眠不足会影响听课效率可能会让自己累到了还得不偿失 最好还是按自己平时的睡眠习惯来作息 利用好醒来的每一分每一秒就好了,
初三党,comment,大家都考完了吗,
初三党,comment,我考完了 满分60 考了58,
初三党,comment,我感觉可以喝 红牛这种运动饮料可以缓解一下肌肉酸痛 我上次模拟考就喝了不知道是心理作用还是什么 真的轻松了一些,
初三党,comment,今天考完了，满分,
初三党,comment,考完了，满分,
初三党,comment,可以喝，喝了葡萄糖，跑完之后不会太累,
初三党,comment,考完了才刷到，才考了43,
初三党,content,心里有点不舍 有点怀念大家在跑八百的时候 我记时班长带跑 卡着满分又不累 大家都很开心 虽然每次跑前都会抱怨 但是痛并幸福着 我会想你们的 还有两个月 很高兴认识你们 加油,
初三党,comment,考的怎么样呀,
初三党,comment,可能人家天生气血好雌激素多 羡慕,
初三党,comment,哈哈哈哈我也是就感觉像梦一样突然间就考完了,
初三党,comment,我们也是[扶额R]现在上了大学还要继续跑，痛苦,
初三党,comment,希望我体考完那天也是这样,
初三党,comment,感觉p3的两个同学长得好像呀，好可爱,
初三党,comment,害 谢谢,
初三党,comment,我也是前天考完了，50m短跑，实心球，足球800m，满分啦，全班4个我占一个,
初三党,comment,50m怎么跑的呀 你平时50m练习吗,
初三党,title,到底谁还在焦虑的玩,
初三党,content,只是希望能帮到大家 ［有困难或有其他分享的，可以在plq聊聊］ p1上［找到目标的例子］下［我的个人经历］ p2上［关于绝对不要躺平］下［关于焦虑的玩］ 个人学习技巧： 比较通用耳熟能详的我就不再说了,
初三党,content,多去图书馆感受学习氛围，不管是一个人去还是同学一起去都很有效果 4 闲得慌真的可以做以前熟悉的甚至低两个年级的题来打发时间，不想做就画画，拼拼图，下棋之类的，总比玩手机强,
初三党,content,如果你不想身体和学习全都废掉的话...即使初三作业多也真的不要熬太晚 6 不要管不要在意老师和父母对你的打压，每回忆起那些话一遍就是让他们再骂你一遍,
初三党,content,#中考#担忧或者顾虑#学不下去看这里#冲刺#初三#行动是打败焦虑的最好方法,
初三党,comment,宝已经很棒啦，我确实说的过于绝对，实在学不下去听一些音乐是有好处的，我以前也总爱听，不过根据我个人经验的话以后可以尝试渐渐摆脱对音乐的依赖，长期听的话注意力会更难集中，另外我个人认为白噪音也是很好的选择,
初三党,comment,谢谢你你给的建议很棒，我会慢慢适应的,
初三党,comment,要特别了解北京的试卷 结构要有经验 第二：针对性强不强，有没有按照模块提升，查漏补缺，针对提升眉毛胡子一把抓是不行的要有明确的规划几次到什么分数段 第三：落地落实，专人专练，很多小孩缺少的就是落地落实，缺管缺盯缺练，英语该背的单词短语短句，语文文言古诗词，数学物理公式定义定理归纳总结好，专人负责检查，校内作业限时完成并批改，合理安排好，孩子既能休息也能学习，很多孩子是都能接受,
初三党,comment,大家一定不要绝望灰心啊，有千千万万个和你处境相同或相似的同龄人，大家可以一起努力迎接更好的自己，更美的未来的✧(◍˃̶ᗜ˂̶◍)✩,
初三党,content,我知道你现在是一个重高可能努努力能攀上边，嘚瑟一下又离中专不远的处境不过比起再多压力我还是想分析你的问题 往年你的老师总会说你爱研究没用的，有的时候接触到中考不考的题，一直没想懂去问老师，但是老师说中考不考不用研究那些没用的先抓紧要的，于是你尴尬的回去却还是不死心，你总觉得学习知识的目的并不是中考，但就是这样的小问题一步一步吞噬你，如果说后不后悔，我想我还是会说不，不过现在留给你的时间是不多了 每次数学老师讲课的时候，讲到一个知识点，你总喜欢往远了想，试图想这个知识点的由来等等，后来你慢慢改不掉了，于是上课时有跟不上节奏 我知道你见过同为初三的那么多人哭着喊着累想休学等消极情绪，有学霸亦有中等生，不过你相信没有什么事情是咬牙挺不过去的，你不哭也不闹，即使发现自己的卷子做的越来越不顺心，你依然坚持冷静分析，我想你的心态比中考更加可贵 一直有人告诉我们考好高中是值得炫耀的，如果是遇见亲戚邻居大家只看中你的学历来定义他们口中的你，我知道你想争气，不过有时候有在深究为什么只有考好高中才值得炫耀呢（并不是我不想考好的高中只是我不理解为什么一直要提倡考好高中）我知道人总是要向上的，但是走哪条路不是向上的呢，只不过我们每个人追求的不同，而有的人选择了少有人走的那条路 之前的人会说劳动最光荣，可现在同样大家都是劳动者，为什么总有这样的话萦绕在生活中“不努力就和他们一样”呢，人们的话语就是这样的两面，希望未来的你也能坦然面对别人对你的评价 前几天看了一本书《天才在左疯子在右》我忽然觉得自己好像和书里的“疯子”时有相似，其实现在我也不知道我该不该在未来改变喜欢研究奇怪东西的自己，他们都说这样不对，但是这条黑暗未知的道路你要不要踏上呢 我知道你并没有那么懒惰，比起再多激励的话，我更想祝你的未来勇敢，幸福无论考上哪里，都是最好的安排，何处不能提升自己，加油晚安💤,
初三党,comment,其实我也一直在想中考的目的是什么，虽然他划分好了要考什么，但是我们人生要学的东西很多呀，为什么只学中考要考的知识才能通过考试呢，我总是喜欢研究一些看起来确实没有什么用的问题，虽然确实没人懂我但是我好像很久之前就陷入了一个漩涡,
初三党,comment,辛苦了，人生只有一些，活的幸福开心才最重要,
初三党,title,初三 原来一个人也能走很远的路,
初三党,content,最近有点焦虑人际关系……… 我想 我可以自己调节好的 🥹 我会朝着理想高中前进的👊 #初三#小鹿🦌的ploggg#中考#友谊#埋头学学学#我要稳稳的幸福#原来一个人也能走很远,
初三党,comment,谢谢我会的,
初三党,content,今天是2026年2月26日距离中考还有114天 现在才把今天所有的任务完成 啊啊啊啊啊好累好累 希望我能坚持下来! ! !加油加油,
初三党,title,10初三｜放学之后的plog 🥖我不想一模啊🥹,
初三党,content,#准初三#2022中考考生#06 加油啊初三年一青中我来啦（纯励志勿喷谢谢）,
初三党,comment,希望明年可以一起在青中相遇、加油加油,
初三党,comment,我成绩好差,
初三党,comment,2023中考考生我是初一新生希望能考上寿县一中,
初三党,comment,我害怕我进不了尖子班，你这是尖子班的吗,
初三党,comment,嘻嘻，谢谢,
初三党,comment,我好紧张,
高三党,content,哈哈哈玩笑一下 希望高三的同学们能够放松心态 考到自己的理想目标,
高三党,comment,越是觉得无所谓越是能上，因为上了考场没压力,
高三党,comment,初一生为什么有点羡慕了,
高三党,comment,完了这是真上过高三,
高三党,comment,睡不着，不知道是焦虑还是兴奋，好矛盾,
高三党,content,或者更可怕的是——如果磨到最后，发现里面确实有玉，却已经被磨得只剩薄薄一层了呢,
高三党,comment,我之前在山东上学，学校是衡水模式的那种非常地狱的，上得我几度崩溃大哭,
高三党,comment,老大，我现在在大学，我真的很幸福，真的有生长的地方,
高三党,comment,落泪了 祝你幸福 我都不知道我的长处是什么 不过还有七十天就高考啦 没关系的,
高三党,comment,好呀 希望我到大学也能找到自己的价值 好好长大,
高三党,comment,其实吧 生命一天一天的流逝 意味着你要在这些时光中做些让你不会留下遗憾的事情 不上学也好 在家里可以上网学文艺什么的 天天还能锻炼 去做点职业赚钱,
高三党,comment,其实说实话我很理解老师所表达的情绪，充满焦虑又充满希望,
高三党,comment,千万不要过于逼自己，因为真的会崩溃,
高三党,comment,我现在也经常焦虑的睡不着觉，躺在床上感觉好累好迷茫，想着想着就会哭不过我们都应该抱着最大期望去努力，哪怕没有成功，我们也不后悔,
高三党,comment,抱抱老师……虽然无数次崩溃过但是我们还是挺到现在了，希望六月我们都有好结果[完啦R],
高三党,comment,但是无论有没有争取到 还是希望老师能够更着眼于已经努力并且取得成效的那部分,
高三党,comment,喜欢这个……红笔的墨是我的血，每一笔都是我的血,
高三党,comment,啊啊啊感谢解读,
高三党,comment,非常喜欢老大的文字,
高三党,content,现在回想起来没什么，但仔细想自己当时的焦虑很具象,
高三党,content,1.喜欢撕嘴皮，每次都会撕到出血才满意，嘴巴被自己养得很坏,
高三党,content,2.喜欢扣头上的脂肪粒，因此头发掉了很多，也同样会打断学习的专注,
高三党,content,所以我现在大一也一直带着它们，但大一确实玩的太多了压力没那么大，有点忘记它们了,
高三党,content,最近期末周压力挺大，刚准备睡觉看到眼前的唇膏记忆又突然涌来，就想分享出来，ok,
高三党,comment,哈哈哈哈我也是这样 每次考试前就是涂唇膏 这样嘴巴太油了 手就不想去碰了 虽然但是平时我还是会撕嘴皮 又会出血 但是我又忍不住hhh,
高三党,comment,特别是在写熟悉和物理的时候 我就特别喜欢抠嘴皮 而且是那种不撕完这一下 我就想不出来这题的那种哈哈哈哈,
高三党,comment,想问问老师现在还掉头发嘛，我也喜欢一边写作业一边扣头皮，今天洗头头发掉了一堆,
高三党,comment,这样每次都洗梳子好麻烦[完啦R]不过确实一焦虑就爱抠头,
高三党,comment,不洗会很油[完啦R]我接受不了,
高三党,comment,找个小爱好，比如我喜欢做手工最近在钩毯子，由于这玩意十分巨大我每天晚上就钩个半行，钩完正好带学校去盖，我也会一边钩一边听小说（用的是喜马拉雅出的拿个小雅）,
高三党,content,P1-2 高中体育课和朋友拍着玩的(16岁那会脸肉肉的看着就还是小孩子 P3 当时发的时候也没那么喜欢 但后来拍了很多照片都没能再复刻同样的感觉 P4-5 高三晚自习朋友抓拍的 经常能在其他评论区刷到这两张(还被好多pxx商家盗去卖眼镜🥲 P6-8 没想到小品女孩可以获得六十万赞(隔壁 P9 拍毕业照前一天刘海剪毁了… P10 其实是证件照花絮 P11 第一组万赞的工作图(但这张没被选中当封面 P12 旅行随手拍 朋友说“回头 你现在好漂亮” #我的日常#来拍照了#分享照片#笔记灵感,
高三党,comment,我将起诉,
高三党,comment,太太太青春了p3角色,
高三党,content,我会按照不同时期给大家讲讲我的工作重点，希望能让大家在每个时期都有方向、明确自己在干什么，并且知道现在做的事情对高考有什么帮助🥰 还有一点点想说的话： 说了好多学习的东西，但我最希望26、27届的朋友知道的是：你已经做得很好了,
高三党,content,可以再放轻松一点，慢慢来🥰🥰现在还远远不是该焦虑冲刺的地步，一定要吃好睡好 把心情哄好😌 我的这些说法也不是提前规划好才照做的，不过是走一步看一步而后得到的经验,
高三党,content,有直接参考价值最好，但我更希望它是一个引子，能够让大家多勇敢尝试，去找到让自己最开心最安心的方向和方法🥰✨ #艺考生文化课复习#集训#艺考培训#美术生#艺考指南#我与高考的难忘经历#学习经验#绘画#高考逆袭#艺考 #下期先说哪个[PK]#,
高三党,comment,艺术生死磕数学英语就可以了，这俩考个一百二三十分，语文和文综合划划水，多了不敢说，至少已经吊打95%的竞争对手了,
高三党,comment,完了完了，数学和英语最差,
高三党,comment,想问问数学现在40左右怎么提啊英语就背688高频词汇就行是吗,
高三党,comment,我靠完蛋了数学英语都是弱科,
高三党,comment,想问一下我文化课还可以，是重点高中，上个一本应该绰绰有余，但是我非常热爱音乐，也很有天赋，想往这方面发展，就要走艺考，上音乐专业方面的学校，这样好吗,
高三党,comment,很需要一个英语教程🥹🥹🥹❤️虽然英语不好百分之九十都是我自己没背单词的问题,
高三党,comment,所以现在急切寻求能在暑假后不掉队的方法，求有经验的学长学姐建议（不要说什么知道家里没钱当初为什么学美术之类的，事已至此我需要的是解决办法🙏）,
高三党,comment,具体分数说不好呀……但是你的时间很多哇 起码数学考到八九十试试看吧,
高三党,comment,救命，我主科好些，文综很差，初中靠理综的，但是我们高中美术生全是文综,
高三党,comment,所以历史怎么学啊,
高三党,comment,26届的联考生，正在集训中，走之前文化课470+，学校课还没讲完，政治思维一点没学，回画室两个月了专业课跟不上，文化课也着急，平时做题背单词也记不进去，请问这样该怎么办啊,
高三党,comment,我走之前也是思维没学这块很简单 别担心 做到不会的题目再对照着书看，多做几道就会啦,
高三党,content,这到底是啥啊，这孩子也没跟我说，我又不敢主动找他聊，怕影响她学习，真是进退两难...,
高三党,content,肯定有人会问，这么拼，不累吗?会不会垮掉?当然会啊!!我也是人，不是机器,
高三党,content,经常累得要命，有时候真想一甩手把笔扔了，狠狠地伸个懒腰，觉得一切都好无聊，一切都没意思,
高三党,content,但偶尔崩溃也没啥大不了的,
高三党,content,我决定改变学习方式有两个原因:一是实在撑不住了，怕还没到高考我就崩了;二是我发现我之前太苛责自己了，每次崩溃都怪自己不够坚强,
高三党,content,之前积累的压力慢慢释放，成绩不但没退步，反而更享受学习了,
高三党,content,面对自己的情绪，要崩就崩，不再责怪自己不够坚强,
高三党,content,1️⃣语文 注意!高中我不建议通过阅读提高语文素养来提高分数!高中很紧张根本没有时间所以刷题是一个很好的方法!而且提分也很有成效!注意一定要整理语文笔记!像我之前都会整理答题模板然后做到一个文件夹里然后经常看 2️⃣数学 我最喜欢的一科!先重视基础， 建议去看网课，二三十分也可以看懂!(不知道是谁的可以问我)把公式以及推导和推广弄明白!适当刷题!做定时训练!总结题型!数学笔记很重要! 3️⃣英语 英语学习首先是词汇量高考必背3500!第二刷题一定要回顾!一些做题中碰到的生词生词组以及可以用到写作的句子，每天1-2个专题训练，论述题一定先明确提出观点，再运用所学提供论据，最后结合现实升华才能得高分 面对高中的压力和挑战，我们需要寻找一种心理调节的方式学习要灵活一点，要掌握方法，参考我这一套，你去试试,
高三党,content,#高中学习方法#高考逆袭#高三#高二#高三一轮复习#学渣逆袭指南#高考复习#学习经验#高中学习笔记#寒窗苦读只为这一刻,
高三党,title,你们好，我需要高中生缓解压力的方法,
高三党,content,压力好大,
高三党,comment,工作压力越大越想放松,
高三党,comment,工作太累了,
高三党,comment,差不多两天吧,
高三党,comment,怎么玩呀,
高三党,comment,: 我去救命啊我才明白，原来不是小孩子玩的那种乐高什么的玩具...,
高三党,comment,为什么高一我就感觉压力大了但是我知道怎么缓解压力,
高三党,comment,买喜欢的小东西,
高三党,comment,我有时候还喜欢摸鱼,
高三党,content,完全学不进去 特别特别浮躁 心已经飘向远方了 每天只有在学校才能学进去一点 二模小三门稳定发挥 以为稍微有点学成了 结果反而更浮躁了 学校里做题又是一坨 每天都特别煎熬 晚睡以后早起头还特别痛 一整天眼睛都很酸还伴随着偏头痛,
高三党,content,以前几乎不掉头发 现在每天梳头都是一大把 情绪也越来越不稳定 莫名其妙就流眼泪明明没有什么事 大把时间都在被浪费… 目标虽然越来越近但是却越来越看不到希望[抽泣R]#高三#高考#错乱的生物钟#高考应援团#上海高考#高三生#高中生,
高三党,comment,我真的越考越差了,
高三党,comment,一直在焦虑所有事情 我在想或许一年后的我会责怪现在的自己吗 或许一年后的我想到面对一切的解决方法了吗,
高三党,comment,哈哈其实上了也是大专 还累死累活,
高三党,comment,普高也有差的 评论区在说什么,
高三党,comment,还是直接挂个学籍完了搁家请私教,
高三党,content,高三的暑假根本不是用来摆烂的，是用来拉开差距的,
高三党,content,😭 刷到这篇的北京高三党，赶紧码住这份暑期全托集训营攻略，开学直接惊艳所有人,
高三党,comment,我是教数学的，以前是理科生，史地政不太了解，高考数学142英语141，你的英语还有一定进步空间，因为你用的词是“上过”而不是“稳定在”，但具体怎么提得结合你的实际情况来，我建议你找一下上一届英语成绩好的学长学姐，带着你的卷子给他们看一下，让他们给点建议,
高三党,comment,说实话你其他科目成绩真的很好，数学这个成绩太可惜了,
高三党,comment,对，是这个意思，因为你现在是基础知识都有缺漏，直接做题的话，每做一道都很棘手，都要看答案问人，会很痛苦效率也不高,
高三党,comment,希望能帮到你,
高三党,comment,后续学习过程中如果遇到问题，可以去我主页置顶帖子下面留言，写清楚困惑的点我一般都会回,
高三党,comment,好嘟好嘟，非常感谢,
高三党,comment,谢谢宝宝啦,
高三党,comment,好嘟，谢谢宝宝,
高三党,content,#一点都不快乐#乱七八糟#希望你永远不懂#高中生的精神状况#理科生##不会再想回到高中了,
高三党,comment,我高三也是很累，想着毕业以后再也不要回到这个地方了,
高三党,comment,现在大一真的很怀念当年那些很累但很纯粹，大家一起奋斗的时光回想起来真的很充实很美好,
高三党,content,希望大家都可以去掉自己心仪的学校,
高三党,comment,okok 感谢,
高三党,comment,爱德思数学,
高三党,title,高三生穿校服进店怒花5000,
高三党,content,因为快十八岁了 想给爸妈送礼物哈哈哈哈哈哈哈哈 二模刚考完就去了 sa说我运气很好 衣服和包都是最后一个了 #逛商场真的变成只逛了#装逼照#别骂我#逛街随手拍#我不是有钱人#逛街#coach#TOMMYHⅠLFIGE#生日#成人,
高三党,comment,好难得的乖乖，爸爸妈妈他们一定可开心了,
复读生,content,书名：复读生 作者：小霄 主角：简子星，仲辰 一句话简介：所有光明，当属于你 立意：少年意气·理想远大·父子情深 简介： 大佬一起复读一起浪#双向暗恋#热血#互相治愈 -- 英中高三复读班不小心刷出了毁灭级同桌组合 一个是血虐老师的机械大佬学神简子星 另一个则是笑里藏刀的大帅比校霸仲辰 刚开学时校霸好像很穷，总是吃不饱，晚自习时饿的趴在桌子上装死,
复读生,content,在他心怀侥幸期待校霸模考提升二十分时，校霸出现在了年级大榜榜首，与他并列 简子星：“你,
复读生,content,” 仲辰手指轻轻扫过他的耳垂，轻声叹气,
复读生,content,“如果爱情能有高考这么简单就好了,
复读生,content,“ 【人设】：外冷内热暴力小可爱学神受 X 隐藏大佬不骚会死校霸攻 【高亮】：1V1甜文，简子星受，仲辰攻，小剧场两颗蛋 #推文#校园文#完结小说#今日推文,
复读生,content,3招走出“自我怀疑怪圈”，我带的学生靠这招提了120分】 凌晨2点收到复读生小王的消息：“老师，我又做错题了…是不是我真的比别人笨,
复读生,content,” 隔着屏幕都能感受到她的崩溃,
复读生,content,复读这一年，我见过太多孩子陷入“自我怀疑循环”：做对题觉得是运气，做错了就全盘否定自己，越焦虑越学不进去，分数掉得更快,
复读生,content,但去年带的复读生小林，从一模410分到高考530分，恰恰是靠这3招跳出了怪圈—— 1. 把“我不行”换成“我还没做到” 复读生最容易陷入的误区：总拿现在的自己和“如果当初”比,
复读生,content,小林刚来时总说：“要是高三我再努力点就好了…” 我让他每天写“进度条日记”： • 今天攻克了3道圆锥曲线错题（进度+5%） • 背完了20个高频英语作文词（进度+3%） 用“具体进步”替代“抽象否定”，两个月后他说：“原来我不是不行，只是需要一步步来,
复读生,content,教他们一个“5分钟宣泄法”： • 准备个“情绪垃圾桶”本子，考前烦躁时就写：“这道题明明讲过还错，我现在超生气,
复读生,content,3. 每周留1小时“摆烂时间” 复读不是“连轴转”，绷太紧反而会断,
复读生,content,我要求学生每周六晚8-9点必须做和学习无关的事： 小林会去操场跑步，小王喜欢拼乐高，有人甚至会看一集动漫,
复读生,content,适度摆烂是为了蓄力，就像拉弓要先松弦，反而跑得更远,
复读生,content,我带过最逆袭的学生，曾在9月模拟考哭着说“想放弃”，但12月后突然开窍—— 复读的关键不是和别人比速度，而是和昨天的自己比进步,
复读生,content,去年有个复读生半夜找到我，语音里带着哭腔：“姐，我第一年就是被网上乱七八糟的时间线坑惨了——统考完才想起校考报名，直接错过两所院校,
复读生,content,差一步，可能再等一年,
复读生,content,心态调整：最容易被忽略的时间节点 复读生有三个情绪低谷期： ① 9月开学（看同学进大学，自己回画室/琴房） ② 12月统考前（害怕重蹈覆辙） ③ 4月校考出证（拿不到合格证容易崩） 建议在每个节点前一周，主动做三件事：写复盘日记、找考上学长聊一次、定一个短期小奖励（比如考完去吃火锅）,
复读生,title,: 辰辰大帅哥没力气啦TwT,
复读生,comment,辰星nb[抽泣R]这个星星一脸无语hhh,
复读生,comment,辰星牛逼 这个太萌了...,
复读生,comment,谢谢大家的夸奖，我们暂时不打算出道,
复读生,comment,哇塞这个梦幻联动虽然跑调哈哈哈,
复读生,comment,总结的太好了,
复读生,comment,差点没看出来你是谁,
复读生,comment,哇塞哇塞天籁之音,
复读生,comment,不行都是喜欢的老师,
复读生,comment,我的妈呀,
复读生,comment,我自己看完之后感觉最喜欢的还是沙雕学霸系统😭咋能做到每本都好看的,
复读生,comment,是的，最爱沙雕学霸系统,
复读生,comment,超级喜欢叶卡丘和妙蛙老师,
复读生,comment,加一真的爱死叶卡丘和妙蛙老师了,
复读生,comment,对，惶惶简直太好看了,
复读生,comment,超爱复读生,
复读生,comment,每一本都是同一种感觉，但又不同的故事，平平淡淡的小甜文，但看着就会心情好的那种，看了还想看期待第五部呀(*^o^*),
复读生,comment,沙雕学霸系统太好看了我的天,
复读生,content,要不是我是复读生，就差点被你恩佐叔叔骗了#重逢洛克王国,
复读生,comment,这个蛋仔派对我差点给干划走了，知道不,
复读生,comment,嗯可爱捏，就是我们家闪蛋咋不闪捏,
复读生,comment,好爱看小剧场,
复读生,comment,好的好的谢谢,
复读生,comment,我还是最喜欢复读生哈哈哈,
复读生,comment,我top是复读生，但我还是建议按顺序看，就看到他们忽然之间有了联动特别开心，对话也特别搞笑,
复读生,content,临沂中考考不上高中怎么办#临沂中考#中考复读#中考成绩#临沂教育,
复读生,comment,报了个市外的不走平台，但是被市内的录取了不想去上 也不能退档 还能上另外一个吗 档案怎么弄,
复读生,content,2. 非江苏户籍考生（随迁子女） 除满足上述基础条件外，还需额外具备2点： ① 在江苏取得完整高中学籍,
复读生,content,简介：车治宇因为意外休学，在妈妈的希望下回到高中，要把高中念完，独来独往的他引起了班长纪奎真的注意，在某一次体育课时主动邀请治宇一起踢球,
复读生,content,没过多久的清净日子被宋智贤打破，智贤希望治宇能够原谅他一年以前犯的错，但治宇已经无法原谅了，三人在相处过程中，智贤愈发偏执，最终使得治宇再次受伤，治宇希望智贤不要再联系自己,
复读生,content,评价：是相克太太的另一本漫画，很喜欢纪奎真的人设，可以说他是“安全型恋人”吧，小狗虽然总和治宇哥撒娇，但他做的事情不会让治宇感觉到危险信号，小狗特别好哄，被老婆凶了以后老婆拉了拉衣角，小狗就脸红了，在老婆叫了自己名字以后完全把自己哄好了，只要老婆一出现就会摇尾巴🥺自己被打，伤的特别严重跟老婆说“没事，你的手都破皮了”🥺有阳光开朗的一面，也有腹黑的一面，老婆送的感谢零食要自己吃完，即使是自己不爱的甜食,
复读生,content,老婆说可以带朋友们一起到他家玩，小狗想和老婆相处就说他们不想来，其实根本没问过朋友们哈哈啊哈哈哈被拆穿以后就撒娇🥺还好朋友们也都很善解人意，太太的剧情和画风都很好 #韩漫#复读生#复读生韩漫#小狗攻,
复读生,comment,这一本在我这可惜智贤的我会直接lh哈，全篇最心疼治宇了，什么都没做错结果半④不活,
复读生,comment,智贤就是那个黑毛吗,
复读生,comment,卧槽好的(•̤̀ᵕ•̤́๑)ᵒᵏᵎᵎᵎᵎ谢谢宝宝我避雷了我可以接受不洁但是和qj接受不了，看韩漫那么久我都没适应,
复读生,comment,——是发到评论区好复制直接搜索哈哈哈,
复读生,comment,这个是我接触过的最早的一部韩漫好多年了依旧喜欢的不行,
复读生,comment,之前朋友和我说黑皮后面缠着受还伤害他，阴魂不散那种感觉，所以就很怕黑皮对受做不好的事，害得我都一直没敢看,
复读生,comment,这个老师的三观和审美都好符合我胃口，可惜作品太少了,
复读生,title,复读的激动瞬间,
复读生,comment,谢谢大家的点赞👍❤,
复读生,comment,: 谢谢 我们下星期六就要考了 好紧张･᷄･᷅,
复读生,comment,阿杰拍的这个好真实啊，周围就有复读的，真的每天都在鼓励他他也是很珍惜机会,
复读生,comment,谢谢阿杰,
复读生,content,这冰山一角解释不了我的2022 是只身一人的异地复读 是每天不超过5个小时的睡眠 是一年都回不了10次家 是每天除了教室就是宿舍的两点一线 是吃了一个月的药都没好的咳嗽 是晚上会经常一个人躲在被子里哭 是现在想起来依旧会掉眼泪的日子 我见过空无一人的教室 也见过天还没亮的清晨 但庆幸 我熬过去了 无论结果如何 我都不曾后悔我选择的一切#高考复读,
复读生,comment,我感觉也不行，但是我们教材改版了，如果复读，学的可能大不一样,
复读生,comment,平时用哪些资料啊特迷茫不知道怎么办,
复读生,comment,我也是，快背疯了,
复读生,comment,感觉学的差距大嘛,
复读生,comment,妹妹不怕只要考虑好了那就下定决心去做吧，客观条件再改变也真没有那么难,
复读生,comment,我复读那年省自主命题变成了全国二卷，英语还加了听力，数学很多思路都有了变化，但我还是坚定想法，干就完了，最后搏一搏二本变211，真的是另一种人生了,
复读生,comment,谢谢你 但是今年卷好难没有信心了快,
复读生,comment,同复读希望今年一定可以,
复读生,comment,这冰山一角解释不了我的2022 是只身一人的异地复读 是每天不超过5个小时的睡眠 是一年都回不了10次家 是每天除了班级就是宿舍的两点一线 是吃了一个月的药都没好的咳嗽 是晚上会经常一个人躲在被子里哭 是现在想起来依旧会掉眼泪的日子 我见过空无一人的班级 也见过天还没亮的清晨 但庆幸 我熬过去了 无论结果如何 我都不曾后悔我选择的一切,
复读生,comment,我看到这 我真的哭了 我是去年复读生 一年的时间 太快了 哈哈哈哈 真的哭了,
住校生,title,很想知道住宿生是怎么熬过来的[哭惹R],
住校生,content,高中第一次住宿，才三天我就已经熬不下去了，星期三那天晚上因为台风说停课能回家的时候我真的激动的哭了，但又要去学校了就想哭😢,
住校生,comment,呃啊啊才住了一周已经受不了了下课到熄灯只有半小时一个寝六个人宿舍也没有翻新上铺爬上去下不来 下去了上不来熄灯都没有铃很多人澡洗一半突然就黑了环境比军训的宿舍还差虽然宿舍没有什么矛盾都玩得来但真的好难受打算去买mp4偷偷带去听歌好歹有点精神慰藉,
住校生,comment,四小时太久了，接送的人会很累,
住校生,comment,那也太久了吧可以试试住托管，不过到底没有家里舒服,
住校生,comment,谢谢如果后面适应了学校也会考虑住校的我爸妈给我留了一个床位,
住校生,comment,一安静下来就想家，从小到大一直没有离开过家，天天哭,
住校生,comment,我们寝室八人寝，晚自习下课离熄灯只有25分钟，从教室到寝室就要走八分钟左右，熄灯也是突然就黑了，我们都是在吃晚饭的时间跑回宿舍去洗澡，有时候来不急就不吃晚饭拿瓶牛奶就跑回教室，寝室里几乎每个人都有一箱牛奶，然后衣服都是等晚自习回来再洗,
住校生,comment,我们满打满算只有15分钟七人寝，去水房都靠抢的根本洗不上澡，一周多没洗澡，并且我还住6楼每天爬上爬下累的要死,
住校生,comment,真的好累,
住校生,comment,我也是，我在绍兴，我人在宁波我真的想回家,
住校生,comment,只能死熬，刚上一周天天想家想哭，环境又烂，没地方倾诉，舍友也不好处，学习上又不适应懂不了一点，早6晚9，住校一点也不好，真的很不喜欢住校,
住校生,comment,我是那种不是特别喜欢社交的人，只要有一个人同行这样就够了的，每天在教室上课也就够累了，回去到宿舍还要去维系跟舍友的关系，真的好累，每天晚上关灯以后自己在那哭,
住校生,comment,我也性格比较内向，而且我是外地住宿，简直了想回家都不行，最近不是快开学了嘛，每次晚上我心都好慌，而且我和舍友关系还不好一想到还要待两年半就晕,
住校生,comment,"真的很难很难熬，都是每天哭住宿时每天激励自己，说一些激励自己的话吧,然后就是自言自语幻想着有一位朋友陪着自己,有时候无聊就拿着自推跟自推自言自语的特尴尬的就是,宿舍里的人全部都在一起玩，就我一个在床上无所事事",
住校生,comment,对，主要班上还和其他人不熟，最怕的就是体育课双人组队,
住校生,comment,没住过宿，感觉啥都担心,
住校生,comment,刚报的时候还挺期待的，现在一点都不期待了,
住校生,comment,就是硬熬，我心理问题很多，每次在家和父母聊聊就可以变得阳光很多，但是好不容易周末调整过来了，又到学校，上过一周学校的我总是内心遍体鳞伤，我真的受不了了,
住校生,comment,本来都快适应了，可是下个星期又要重新分班分科分宿舍，就我又回到上个学期那样不想去学校了😮‍💨,
住校生,comment,我现在真的好害怕开学 因为我不想住宿 走读该多好啊 我真的想走读啊 租房子父母不放心我一个人,
住校生,comment,受不了，在学校失眠了，今天和老师说退宿了,
住校生,content,宿舍里总有人熬夜、打游戏、翻来覆去 明明很累有时候却睁着眼到凌晨，第二天上课困到崩溃 分享几个我在宿舍亲测有效的入睡小tips， 帮你在嘈杂环境里也能快速睡着,
住校生,content,可以试试：泡个脚→涂身体乳→看几页纸质书→关灯躺平,
住校生,content,（看书对我来很有用） 4️⃣别在床上“熬”，越熬越清醒 如果躺了20分钟还没睡着，别翻来覆去焦虑,
住校生,content,5️⃣和室友约好“静音时间” 找个大家都心平气和的时刻，好好聊一聊：“咱们晚上11点半后尽量别打字、打电话啦，我第二天早八真的扛不住🥺”,
住校生,content,（我的沟通无效，希望你们有效） 6️⃣调整心态，接受“不完美睡眠” 偶尔一晚睡不好真的没关系，别因为“今天又失眠了”而焦虑,
住校生,content,告诉自己：“哪怕只睡4小时，我也能撑过明天”，放下执念，反而更容易睡着,
住校生,comment,加一，太痛苦了,
住校生,comment,哎感觉在家喝在外面租公寓就能睡着 一回学校上课在宿舍睡就有困意但是睡不着 而且宿舍隔音也很差,
住校生,comment,还没办法走读真的快生病了,
住校生,comment,带耳塞也没用，舍敌摔手机在桌子上，根本睡不着觉，躺了一个小时了，一直摔，本身又精神衰弱，昨天凌晨四点睡着的,
住校生,comment,同感，快疯了，只求苍天有眼制裁下,
住校生,comment,小姐姐你现在怎么样呀,
住校生,comment,和这人闹了矛盾，和他说了他的问题他还是不改，没办法了只能自己适应了，遇见这种人就当增长社会阅历了,
住校生,comment,习惯看手机了咋办,
住校生,comment,起初我也是一样，睡前不看手机急的慌后面强迫自己看，第一天看不到5分钟就忍不住看抖音，反正就是这样慢慢强迫自己，现在好多了,
住校生,comment,刚开始在微信阅读上找自己喜欢看的，现在迷上了理财之类的书,
住校生,comment,泪目了 我的沟通无效，希望你们有效 实则我也无效,
住校生,comment,和舍敌不是一个课表 她们早8的时候根本不顾别人死活 吵得要死 我最近生病不得不早睡 晚上睡着又会被舍敌吵醒 恨死了,
住校生,comment,都不敢睁眼睛,
住校生,comment,想想都心酸,
住校生,comment,太可怕了,
住校生,comment,高中时刻感觉煎熬，但是大家都只有同一个目标同时跟好朋友一起玩的时候也很快乐，现在大学虽然自由了很多时候感觉没有高中快乐也没有目标,
住校生,comment,别说了，我有一个朋友已经破防了,
住校生,comment,所以我一点都不想回到高中,
住校生,comment,五点二十我天我以为我们五点五十算早的了太魔鬼了吧,
住校生,comment,高考大省很正常啦 教育资源紧张 一般都是题海战术ip山东之前5:50到班晨读 比较卷的同学五点半就到了,
住校生,content,集体宿舍长期缺乏边界、噪音和睡眠不足，影响神经系统，形成对共享空间的敏感和恐惧,
住校生,comment,这可能是千禧一代的创伤，每当我看见类似的帖子，我总觉得现在的年轻人好苦，时代变了，这是社会形态造就系统性压力，物质的丰富并不能代表精神的快乐,
住校生,comment,那时的宿舍就像家，舍友就像家人，互相扶持共同成长亲密无间，那时经济上行，每个人都觉得人生充满希望，世界尽在脚下,
住校生,comment,是的...我爸爸聊起大学是那么美好青春洋溢，我读大学时只感觉到死气沉沉和无穷无尽的压力[完啦R]他和以前的同学还会聚餐，但我读完四年同班同学都不熟,
住校生,comment,真的是年代的问题，那时候因为没有互联网各种娱乐的方式找到意义抓手，人与人之间的关系就变得绝对重要，和同学之间无论友好厌恶或八卦，都是意义的建构，现在想起来很多行为确实幼稚可笑荒唐，但却热火朝天欣欣向荣，现在呢，大家冷静理性有边界感有逻辑，却只是更加虚无…,
住校生,comment,第二天一早去上课，一起看NBA，打篮球，逛街，聊人生，爱情，八卦，那样的集体生活是一生中最难忘的记忆之一,
住校生,comment,那时候互联网早就普及很多年了，那时候的大学生也天天上网,
住校生,comment,很羡慕，现在也有宿舍关系处的很好的，但我觉得不会像你们那么好，我们宿舍完全不是这样,
住校生,comment,当年精神的快乐也弥补不了物质的匮乏，昨天带我三岁的儿子吃麦当劳，我想起我中学的时候特别羡慕能吃得起肯德基的，一个班里也没有两三个同学吃过，我第一次吃肯德基是大学,
住校生,comment,没有边界感的人应该很喜欢住宿舍吧,
住校生,comment,老人问在国外读大学有什么好的，在国外读大学我可以一个人住一间房子，在国内我只能住上下八人间，也不是租不起房子，而是从来没想过人还可以不住宿舍,
住校生,comment,在宿舍連睡覺都不是真正的放鬆明明有睡夠時長，但醒來還是覺得很累，然後每次回家都得報復性補覺,
住校生,comment,我四人间，舍友来自同一个地方，生活背景差不多，平时没有矛盾，即使这样在宿舍我也感觉到不舒服,
住校生,comment,在宿舍里甚至不能哭泣，我哭舍友会来关心，尽管我只是想静一静,
住校生,comment,舍友哭也要被迫的去关心，即使我有的时候不想关心，但是又不能坐视不理，成年人应该有自己的生活，而不是不断的被人打扰,
住校生,comment,我是香港人，不太了解內地大學，請問大學住多人宿舍是強制的嗎,
住校生,comment,"我是2000年上大学，宿舍有小摩擦很正常大家感情还是很不错的, 会一起去逛街，在宿舍开party，毕业后也会联系，那时候的学生包容度高集体意识强且性格开朗的人多，现在确实时代不一样了，自我意识非常强注重边界感性格敏感的很多，以前的时代没有网络，人会参与集体活动，容易适应集体生活，现在网络信息太发达，不再需要集体活动和社交，一个人只要能上网就能获取信息和网络社交，线下社交没有也不影响正常生活",
住校生,comment,俺哭了，不是全面小康了吗，，还有贫困生是可以在外面兼职打工的不是只有助学金一条路，，然后这个9.9每天，，我不懂，我们学校食堂一顿要将近二十……求食堂降价,
住校生,comment,理解存在很多极端贫困的学生，但是呃贫困生不是只有一个名额，希望理解普通贫困的人，以及地区差异,
住校生,comment,也希望普通贫困的人理解一下，还有很多嫉妒贫困的人，我们更希望钱给到他们，而不是被一般贫困喝咖啡,
住校生,comment,我感觉我不贫困，我也不敢点一个月生活费1500，纯咖啡支持300，感觉占比太大了,
住校生,comment,反正我家庭一般我不敢这么喝，我们学校的饮料店5块钱一升的蜂蜜红茶和七八块钱的奶茶我一周最多三四次，再多了钱包顶不住,
住校生,comment,不是的宝宝我就是普通家庭，但是我爱买化妆品但是又爱喝奶茶所以会攒下来点钱去支持自己的业余爱好,
住校生,comment,我有钩织🧶做手账化妆和自学美甲的兴趣爱好所以会精打细算省下来一些钱,
住校生,comment,而且我说真的，这种小钱而且还是吃的东西真没什么必要去举报，又不是买了一堆中看不中用的东西，又不是买了电子产品，如果只是吃东西一类的孩子爱咋吃咋吃吧，就算是人家省钱吃甲鱼或者无骨鸡爪也和你没有关系,
住校生,comment,现在很少有那种每天馒头咸菜的贫困生了，能上的了学的，一般来说家境不会差到那种程度,
住校生,comment,只是说比班上其他人要差点，如果你确实觉得他有问题可以像辅导员反映，不过希望米自己也是公正的，没有夹杂其他矛盾情绪,
住校生,content,最近穿过的内裤老是不见，然后在室友的杯子里发现了🤮他拿来泡水喝🤮怎么办家人们#当代寝室长#奇怪的生理现象#当代大学生的新型社交方式#寝室生活,
住校生,comment,我也，这种猎奇的看着太假了，求贴近现实又炸裂的标题，宝妈那种都没这么假哈哈哈哈哈哈,
住校生,comment,我有脚气，但是室友喜欢吃我脚踩的酸菜，而且他要求我必须赤脚踩，我该怎么办,
住校生,comment,这个酸菜真的发了哈哈哈哈哈哈哈,
住校生,comment,救命啊🆘,
住校生,comment,老网感真的太强了，连续两天被骗,
住校生,comment,我不行了小龙,
住校生,content,从我跟另一个人有矛盾开始就不断的找茬，她还是寝室长，其实我最近都没睡好，一翻身就醒，不存在这种情况,
住校生,content,二编：我要换寝室啦各位，各方面都不合没必要互相折磨，大家有不能磨合的情况也一定要积极调解换寝啊，不要委屈自己，祝生活愉快 #宿舍#宿舍生活#别惹大学生#舍友#易碎大学生#宿舍关系#脆弱大学生#寝室生活#很担心大学生的精神状态#让人窒息的瞬间,
住校生,comment,那也是关心就是想刺他一下,
住校生,comment,（好运相随）再私下不敢单方面我他妈就这样发 谁没包容心,
住校生,comment,我就是这么说的，但是她反而一脸奇怪，说那每个人都不一样啊……差点想骂她有病了,
住校生,comment,我真要被气死了，听了个十几秒的语音留言，说我真厉害，说我把她吵醒了，我解释了也说不好意思了，她到现在一直不理我，我找机会缓和他也不给我机会一直冷脸,
住校生,comment,没事宝宝，我觉得有些人就是好脸给太多了,
住校生,comment,下午三点，她前一天晚上去网吧包宿了，我给忘了，但我觉得她有点太小题大做了,
住校生,comment,是的 有人怕热 我怕冷 我没有说什么情况下 我选择盖了一层又一层的被子 居然背刺我说的她从来没有见过人盖了一层又一层,
住校生,comment,然后我现室友也差不多了，就是那种有吃的大家分享，但是遇到问题对你不满不跟你正面说，就是内涵,
住校生,comment,我很爱翻身 我以前经常和我下铺舍友说会不会打扰她 她总说她睡的沉不影响 但是我觉得应该是有的 因为她们翻身我也有感觉 但是她们没有我翻的频繁 她现在也和男朋友在外面住了但是我隔壁床舍友现在在床上做运动我也被摇的心烦但是我平时爱翻身我就忍忍了,
住校生,comment,想拉个大学生v群，十个人以内一起聊天，分享每天的事，宿舍人际关系等等各方面，主要朋友们都没空聊天，自己尴尬时候又总看v（其实没人发消息给自己）感觉玩手机无聊，反正大家都不认识，互相吐槽吧，不想内耗，尽量给些情绪价值有回应￼,
住校生,content,单纯想这么干就这么干了，到也不是因为学习刻苦(对手指) 不是很硌，就是半夜醒的次数比较多，因为需要转人工翻身#脆皮高中生的精神状态 (学校是大多数走读，我是住宿生，每周三上回家，当天家里有事回不去(其实能回宿舍) 二编:谢谢大家关心❤门窗我都锁上了，但确实有个人安全隐患(可能是医院警局消防站(隔壁)离得近所以我比较放松警惕了) 大家也要保证自身安全#日常#被窝是青春的坟墓,
住校生,comment,尽量不要在白天人多而晚上没人的地方逗留，比如商场、教室等，没开玩笑，主要是害怕信则有，不信则什么都没有,
住校生,comment,啊我本来不相信这些但是刷到过，然后莫名其妙自己就也害怕了,
住校生,comment,找明白人看了看，是因为我们学校对面就是万达，而且学校面积小人多，双重buff叠加了，到了晚上阴气更重…你这么一说我突然想起来了,
住校生,comment,因为白天人多阳气旺，到了晚上一下子人少了阴气重,
住校生,comment,白天阳气太重的地方，晚上没人了阴气就会很重,
住校生,comment,我虽然害怕但是我上学时候也经常在晚自习时候偷偷溜到对面已经放学的教学楼呆着给我妈打电话，因为比起👻我更害怕教导主任,
住校生,comment,对 记得小学的时候我姐跟我说 她们班新来的大学生班主任跟另一个老师晚上在学校宿舍 村里的小学 平房的那种 正要睡觉听见外面有人敲门 吓得不敢说话 好像是给别的男老师还是给校长打了电话 完了到那一看 没有人,
住校生,comment,想到天热的时候我们还一块去大wc洗脸要是一个人根本不敢去,
住校生,comment,坐在草坪上眺望万达，太难忘了,
住校生,comment,还调查了三个月，最后终于给逮着，其中有个身份证还成年了，他妈妈还哭着求老师放过他儿子，老师说这他们也没办法帮助,
住校生,comment,周日上完晚修后，学生都走完了，我们高三楼的教室门是不锁的,
住校生,comment,偷玩高三楼他们还想偷高一高二的 但是那边的楼是上锁的，没办法进去，所以没偷到,
住校生,comment,虽然我们不算熟悉，但她确实状态很差所以我就同意了，以为宿舍阿姨会陪我们，没想到她给了我俩一个手电筒让我俩赶紧去,
住校生,comment,夜晚的校园和平时太不一样了，又大又空旷，我越走越害怕，上楼的时候她在前我在后，她突然转过来说，你听过那个故事吗,
住校生,comment,她因为呼吸不畅嘴唇发紫，应急灯的光是绿油油的，监控摄像头是一个悬在楼道里的红点，我想当时我的表情一定很精彩，因为我的半边脸都有点麻，不知是吓得还是着凉了，后面发了一星期高烧,
住校生,comment,谢谢关心，学校安保做的特别好，门卫全天值班(同时数个)，门口有刷脸系统，学校很多监控(教室也有)，教学楼放了学也会反复巡楼后锁楼,
住校生,comment,你是很爱学校吗我读书的时候恨不得越少在教室越好,
住校生,comment,双减太到位了，还是很喜欢的(谁能想到我可以一天睡八个小时),
住校生,comment,还是不要这样吧感觉学校教室都是很邪乎的地方，之前高二下学期的时候 晚上下课特别喜欢和朋友去高三那栋楼里闲逛 因为那时候高三生已经高考完毕业了 所以晚上那栋楼都是漆黑一片 当时就是想找个刺激 在漆黑的楼道里走 甚至打开关着的教室门 超级恐怖 我记得从那天之后我晚上熄灯后总是心慌 睡不着觉 后来想一想可能是那次撞见不干净的东西了 反正夜晚的教学楼还是挺可怕的,
住校生,comment,夜晚的高三生也很可怕(阴暗的爬行),
住校生,comment,真要这样的话，买个充气床吧，睡觉睡不好难受死了,
住校生,content,幸福来源于生活#大学宿舍#寝室#我的日常,
住校生,comment,哈哈哈哈，都啥人啊，太可爱了,
住校生,comment,受不了了,
住校生,comment,笨蛋 哈哈哈哈哈哈哈,
住校生,comment,這個太有生活了,
住校生,comment,笑死,
住校生,comment,没有烦恼 哈哈哈哈哈哈哈哈哈,
住校生,comment,满课 大雨 差点迟到 手机没电 想拉屎 吵闹 狼狈,
住校生,comment,朋友你的幸福吵到我了,
住校生,comment,现在回想，大学生活是最开心的一段时光，无忧无虑，每天和室友同学们出去玩，唯一遗憾的就是没好好学习,
住校生,comment,我也是，大学时光真是无忧无虑，和舍友们玩的也开心，但是我唯一的遗憾是这辈子唯一一次遇见的渣男也是那段时间,
住校生,comment,最后一个是关键[泪崩R],
住校生,comment,爽,
住校生,comment,这个小白框是怎么安上去的呀,
住校生,comment,希望大家能给我分享一些降低音量的小技巧因为室友人都很好很有边界感，我想自我提高一下,
住校生,comment,但是我做不到像我室友一样刷牙洗脸都没有声音，，明明是同时醒的，她们什么时候下床我都感觉不到,
住校生,comment,我隔壁床的室友真是竖起耳朵听都听不出来她动静，我不行，我下床超绝慢动作踩到板子上都有声音，更别提有时候大白天的都能摔倒叮铃咣当砸到对面床的楼梯上,
住校生,comment,而且我跟你说，我为了减少声音，尽量放慢速度了，但是又有一个烦恼，会经常赶不上时间而迟到,
住校生,comment,很好奇那种人到底是怎么又快又无声的啊,
住校生,comment,我也是，好焦虑,
住校生,comment,（我主要不知道我睡觉翻身的声音是不是很大，因为我感觉她们似乎从不翻身，反正我没听见过她们任何一个人翻身的声音她们人很好相处也很愉快，而每次我那个被子一动就沙沙响,
住校生,comment,那我这种情况没办法，首先我离家近，每周六都要回家一趟，得早起，除了穿衣服，我回家洗漱去，就这还说我声音大，我也很奇怪,
住校生,comment,你真好 但是我舍友就是想不到可以这样 硬是要发出一些声音影响到别人 我好难受,
住校生,comment,我也好奇，因为感觉自己是听不见翻身声音的，所以怎么判断翻身声音大不大呢(我室友都很包容，没人提过，但我就是好奇),
住校生,content,没有电视剧里的高马尾，只有规定的齐耳短发，整个学校里找不到一面镜子，厕所没有门，一周只能洗一次澡...就这么凑凑活活读到了高三，也交到不少真真假假的朋友，你每天早上五点五十跑操，打扫内务的时候眼睛都还没睁开，结果因为没看见床缝里的垃圾被宿管扣了一分，罚三天值日，搞完罚的值日又该自己组搞值日了,
住校生,content,累了一天晚上回宿舍，你手忙脚乱在20分钟内洗完漱，十点半熄灯睡觉，但是高三了大家都在学，所以你最近一直都开着小台灯学到11点半,
住校生,content,一开门宿管阿姨就站在门口，黑着脸看着你，你腿一软差点没跪下去,
住校生,content,好不容易熬到周日，中午11:30放学，回到家吃了午饭，洗了个澡，终于打开手机，翻看朋友圈，第一条就是初中同学发的留学美照，她已经不是那个超短发的小女孩了，现在在你面前的是个精致的美女，染着巴黎画染，tb开衫下面配着lululemon的裤子，她学着tiktok里的热门舞蹈，美甲上的的施华洛世奇钻闪了一下你的眼睛，你意识到你们已经不是一个世界上的人了,
住校生,comment,精英学生再次破防,
住校生,comment,精英高三生破防，，，怎么都觉得是我们大精英啊,
住校生,comment,精英新高一在学校待了一个月已哭……,
住校生,comment,好啦至少这次牢精给大家放了6天,
住校生,comment,人在家中坐 假从天上来 牢精你记住这是我唯一感谢你的一次,
住校生,comment,精英杀了我吧,
住校生,comment,我说怎么这么熟悉呢,
住校生,comment,为啥不在43上高中啊，美美保送，我老后悔了，轻松点不香嘛,
住校生,comment,非常像安国一中 对 就是那个因为发型太丑上了热搜的那个 不对 我们安一没有烤肉拌饭,
住校生,comment,[完啦R]我得了一种听到室友DIY开始烦躁的病,
住校生,comment,室友要被恶心死了,
住校生,comment,你这怎么就是我呀,
住校生,comment,太强了感觉大家都好幸福🥰,
住校生,comment,而且感觉一号姐真的是特别特别可爱啊,
住校生,comment,也有蛮多人爱买些乱七八糟的东西，其实价格跟一个精简的大牌差不多了,
住校生,comment,超喜欢这样,
住校生,comment,你的床帘怎么那么遮光啊,
住校生,comment,我喜欢她这种断舍离 就是用东西不会心疼 会最大利用 不像我小心翼翼又舍不得用 最后只能过期,
住校生,comment,希望我极简了桌子能显得有这么大,
住校生,comment,喜欢，想要这种风格，可能还是我比较喜欢囤有安全感,
住校生,comment,好喜欢你的风格，每次看都感觉到淡淡的幸福,
住校生,comment,嘿嘿，谢谢喜欢呀,
住校生,comment,我爱极简但是宝宝你就一套衣服吗怎么换洗,
住校生,comment,想看东西收纳 你这东西太少了吧 怎么取舍的 我们上床下桌 整个宿舍都乱糟糟东西根本放不下哈哈哈,
住校生,comment,水课上完了，水课的书出掉了,
住校生,comment,超级喜欢主播的退学风,
住校生,content,宿舍隔音太差了 楼上总是拖凳子 有啥好办法可以解决一下女生宿舍 怕当面去说别人觉得斤斤计较总是被吵醒#舍友#噪音困扰#宿舍生活#寝室,
住校生,comment,到底怎么解决啊我天，跟导员说了，效果也是一般,
住校生,comment,试试和宿管说一下 如果还是这样真的没办法了,
住校生,comment,好的谢谢宝宝这个问题已经解决了,
住校生,comment,宝宝你们怎么解决的呀，我们楼上每天一到晚上十一二点就开始挪椅子，但是又不确定是不是正上的宿舍,
住校生,comment,可以让他们买个椅套，我们学校隔音也很差，然后在表白墙上面说了，基本每个宿舍都配椅套，然后平时移动椅子就是抬起来移动,
住校生,comment,和宿管沟通一下如果没用的话就没招了,
住校生,comment,没事的宝宝你可以先去问问，语气礼貌的话大家都挺好说话的,
住校生,content,室友有个xm5每天在寝室里面的时候都带着，主包每次叫他都一点反应也没有，感觉这耳机隔音效果也太好了 直到我自己也买了这款之后才发现原来室友只是不想鸟我#sony耳机#降噪耳机,
住校生,comment,怎么选啊,
住校生,comment,我怕音乐太大声，对耳朵不好,
住校生,comment,真的吗我感觉我像尔多隆幸好没买4要不然更像没头脑不高兴了,
住校生,comment,我线下体验了5和6，先体验的6后体验的5，真的是有差距的,
住校生,comment,我戴上xm5跟聋子一样与世隔绝了（）隔音好到我怕自己放个惊天大p自己都听不到,
住校生,comment,当你看见地铁上一个人突然摘下一边头戴式耳机时，你就能猜到他想干啥了,
住校生,comment,谢谢 我已经收到啦,
住校生,comment,演的，实际上只有呆呆宝一个人听不到,
住校生,title,高中住校生活，学习很疲惫，但宿舍挺有趣的,
住校生,comment,这宿舍跟我们学校的风格也太像了,
住校生,comment,谢谢宝宝提醒，我昨晚一直在问,
住校生,comment,洗澡洗完头第一件事拿吹风机把我的耳洞吹干，我怕它发炎，千万不要侧睡，因为真的会发炎，而且耳洞也会养歪,
住校生,comment,其实会发现得了的，但你打都打了，你家长也没办法把你怎么样，因为我就是打完以后才跟我爸妈讲的,
住校生,comment,如果怕被发现可以买肤色钉,
住宿生,content,不仅是日常作息不方便得要死，精神上也很紧绷压抑，不仅要面对学业的压力，还要处理宿舍的社交，有开心但是更多的是压力，有种人在屋檐下看着别人眼色生活的卑微和无力,
住宿生,content,曾经想过毕业的时候要对讨厌的室友狠狠吐槽出来，但毕业的离愁别绪冲淡了一切，和曾经的室友早就变成了朋友圈的点赞之交甚至只是列表里躺尸，说不上恨，但是造成的创伤和阴影一直都在,
住宿生,content,工作以后非常享受一个人的独处生活，有很大原因是集体宿舍生活的厌倦、安全感长期缺失导致的报复性反弹,
住宿生,content,感觉一个人生活真的好爽好自由,
住宿生,content,#一些有感而发#想说的如图所示#集体宿舍造成的精神创伤#什么是真正的emo,
住宿生,comment,中国大部分宿舍甚至不符合日内瓦公约里对战俘的要求，想想就可怕，精神压力太大了,
住宿生,comment,我不行了……,
住宿生,comment,我弟他们八人寝 不敢想象夏天多臭,
住宿生,comment,!想走读都不行!知不知道强制的含金量，looking my eyes 回答我!,
住宿生,comment,为什么有这么多提出宿舍问题的帖子，却没有人出来解决问题真的很让人难过,
住宿生,comment,再加上一个——家里也没有自己的空间，绝杀，压抑的前半生,
住宿生,comment,对……就算有幸舍友都不是很坏，但是看见她们就烦，我也知道不是她们的问题，只是我自己心烦,
住宿生,content,嘿嘿😁总之待我考完再折腾宿舍吧（希望不要太忙）#宿舍生活#寝室生活#上床下桌#大学宿舍#宿舍#寝室#宿舍收纳好物#把宿舍装饰成我的小窝#上下铺改造#空间利用,
住宿生,comment,③空调在我正后方两米，24小时26度开着，吹得我不舒服才买的床帘，现在实际上刚好能挡点风又能漏点风进来，能挡点光又不会太暗，觉得后面蚊帐滑轨床帘加上了之后，反而不会这么舒服了，很可惜就拍个照片记录一下，个人蛮纠结的，到底要不要继续改造，还是现在这样就可以呢,
住宿生,comment,这样应该很热，空调冷气啥的都进不去,
住宿生,comment,我也很担心这个前些天有个巨大的螽斯飞过来，立刻下单了两个蚊帐，上面装一个，下面装一个,
住宿生,comment,需要的谢谢宝宝,
住宿生,comment,没必要讲这些 宿舍什么入住率 也不需要有人打扫 我并不是说价钱的问题 我只是觉得学校从不考虑学生住的环境问题 学校又不是没钱搞这些,
住宿生,comment,我的天这样一看真的,
住宿生,comment,北京海淀四环内的宿舍一年900，我不敢再多要求任何事…………,
住宿生,comment,一天几块钱得住多少届人😂而且一个小房间住那么多人,
住宿生,comment,中国大学宿舍最大的问题就是太便宜了，价格上去才是改善的动力,
住宿生,comment,可是郭嘉是给补贴了呀，包括学校的食堂都是有补贴的,
住宿生,comment,破防了，6人间上下床，一年1000,
住宿生,comment,有补贴的啊，叫行政楼吐出来,
住宿生,comment,青旅会把水电、网费、人工清洁等成本费用算上啊住宿的费用加上在校淘的水电钱网费啥的也差不多了吧,
住宿生,comment,我们学校位于北京二环边上，住宿费900块一年，校门口50平的单间房租7000块一个月，8.4w一年，光是这个我就不会抱怨我们学校宿舍一句话，而且你要明白学生宿舍属于公共设施性质，酒店属于商业设施，你这个和抱怨绿皮火车住宿条件差是一个意思，而且装修要花的钱远超过你想象，算上走廊大厅这些公共区域，人均可能要一万元左右的预算，我们学校小四万人，一口气四个亿，这个钱几乎不可能审批下来的,
住宿生,comment,国家有补贴的贴完了不一定哪个更便宜,
住宿生,comment,我不知道别的学校怎么样，我们学校翻新宿舍楼的资金是13亿但是我们宿舍到现在还没翻新,
住宿生,comment,学校领补贴多少钱,
住宿生,comment,国家给钱的,
住宿生,comment,只有我更喜欢铁架床嘛，牢固而且没味道，这种一股劣质木头味，而且不通气,
住宿生,comment,第一，学校宿舍住宿费1年才几百块，比青旅便宜太多了，想住好的自己出去租房,
住宿生,comment,喜欢毛坯房加水泥地吗 浙商院和立业园你们赢了,
住宿生,comment,非盈利这话说的...好像我们没有交住宿费一样[呃R]我合计也不是白住的呀 而且看住宿也能看出一个学校有没有人文关怀吧 你说的学校提供的教育感觉也有点儿太片面了教育就只指读书吗,
住宿生,comment,特别喜欢青旅的床，完全不会像宿舍里的铁架床一样瞎晃,
住宿生,comment,连在一起的铁架床更是绝杀，舍友一动自己也感受得到，自己翻个身也不敢大动静,
住宿生,title,住宿生的压抑感,
住宿生,comment,我觉得最令人绝望的是你在学校里面看着外面小区亮的灯，想家达到极致,
住宿生,comment,对对对，晚上躺在床上可以看到外面的楼，外面的路灯，真的好悲伤,
住宿生,comment,上了大学也一样，节假日去做志愿者看到地铁口都是回家的中学生，自己却因为家太远没法回真的崩溃,
住宿生,comment,每次看到外面楼灯火通明 就会掉眼泪,
住宿生,comment,之前住校每天晚上看着天慢慢变黑真的好难过，而且唯一交到的朋友还是走读生,
住宿生,comment,别说了，还没上学就想回家了,
住宿生,comment,别说了好难受 对面是小区 加上我们学校偏郊区 晚上对面小区亮灯 再到慢慢黑灯 特别是看着外面大马路的路灯更说不出的难受,
住宿生,comment,救命就是我,
住宿生,comment,对啊，宿舍楼看外面的车水马龙，我真的有在异乡看同月的那种孤独感,
住宿生,comment,哦不要啊，还是有喜欢住宿的人的,
住宿生,comment,我真是太痛恨住宿了,
住宿生,comment,这种封闭的环境根本忍受不了，明明我回家路程所用时间比回宿舍路程所用时间还要短，却被学校强制性住宿，住宿有什么用啊,
住宿生,comment,我也是 好痛苦 我说不想住宿 但我爸听信我老师的话,
住宿生,comment,按小时放假是真的很压抑,
住宿生,comment,妈呀宝宝我们小星期就三小时，，真的会崩溃死，急急忙忙洗刷完又要回去上课考试,
住宿生,comment,我真的很讨厌住宿，这种心情在高中时达到了顶峰，因为家离的远又不是特别富裕的家庭住宿是个很好的选择但是压抑的校园生活冷漠的老师和同学，每次要去抢的洗脸位置，破掉的厕所门和灯，处理不好的人际关系让我崩溃尤其是那时还疫情我真的很想回家基本上晚上不吃饭打电话哭哭到上晚自习前回来导致我精神都要崩溃了对我来说这不是单纯快乐的校园是困住我的牢笼,
住宿生,comment,还有一次我们老师特意开一次视频会议让所有同学和家长听个学校领导的讲话顺便看看在校的孩子，我那个时候不是感谢不是欣喜是崩溃，本来不能回家被困在这里就很难受了这个时候看到家长我的反应是想哭的更加想回家了一点安慰都没有而且看着走读的在那和家长们说话自己却只能在屏幕里看到真的很羡慕无论什么时候我都是想回家的,
住宿生,comment,真的，我快恨死住宿了，早上还要五点四十就起床，跑那个破操，还要上两节晚自习，每天跟个行尸走肉一样，我今天晚上回来还是因为生病请假了,
住宿生,comment,说的太好了,
住宿生,comment,这些交通工具的活动密度不比宿舍大吗,
住宿生,comment,666遇到半夜跟对象打电话的舍友 半夜外放打游戏的舍友 暗地里跟你较劲的舍友那你有福了 希望遇到这种你也可以保持当正常人,
住宿生,comment,那又怎样，就是会有我们这样接受不了和别人一起住的人呀，你喜欢适应不代表所有人，接受和你不一样的人存在很难吗,
住宿生,comment,你说这话还是吃的太饱了,
住宿生,comment,确实啊，哪像你从小到大没吃饱,
住宿生,comment,有人觉得晚上11点睡早上7点多起就是正常，有人觉得才凌晨1点睡什么睡，有人只要能呼吸就一定要打游戏哪怕逃课，有人睡觉敏感但舍友打呼噜睡不着,
住宿生,comment,难道是我对宿舍生活这件事钝感力太强了,
住宿生,comment,我真的觉得在宿舍住挺好的，甚至挺喜欢的，一个人的空间我觉得最开心的事，是可以干一些平时不好意思干的事，但是真的一直让我一个人待着，感觉我会发霉,
住宿生,comment,你说的那些都不太能触发我的在意和不开心，哪怕每天早八我都是我们宿舍醒最晚的，其他舍友的闹铃也不会让我有任何情绪上的触动呀,
住宿生,comment,作息按自己的来就好，没必要迁就呀，都大学生了还是那个一件事没办法和搭子一起干就闹别扭的幼稚孩子嘛,
住宿生,comment,人生最美好的时光就是大学的宿舍，每天都很开心快乐,
住宿生,comment,我也是 感觉宿舍生活都玩疯了,
住宿生,comment,没有吧，就算我不喜欢我的室友，我也很喜欢住宿舍,
住宿生,comment,有空调，有暖气，有电梯，不限电,
住宿生,title,一个爱睡下铺的小女孩心碎了,
住宿生,comment,找程序员不行，得找产（床）品经理,
住宿生,comment,好幸福呀(*˘︶˘*).｡.:*♡，有这样的妈妈和妻子真的特别骄傲,
住宿生,comment,我上次坐卧铺正好姨妈最多那天，我怕床铺弄脏，坐了一夜没有睡,
住宿生,title,终于理解为什么受害者不敢告校园BLIN者了,
住宿生,content,我女儿上了初一的第三天就开始崩溃了，哭着喊着不要住校了，仔细询问后 得知她在学校过的很苦闷： 1.一天晚上我女儿在阳台驻留了一会儿，石头说“你怎么不睡觉啊,
住宿生,content,我们看看呗”自尊心很强的女儿很受伤 3.一天课间休息，石头和另外几个好友先擦了黑板，然后瞄准我女儿的位置扔黑板擦，黑板擦落到讲台又反弹砸到了我女儿身上，我女儿莫名其妙环顾四周不知怎么回事，他们看到了哈哈大笑，我女儿心里非常难受，想哭却哭不出来，到现在心里堵着慌，很憋闷 4.从开学到现在，据我所知 石头给我女儿取了四五个绰号，平时除了阴阳怪气地谈论我女儿，还喜欢给人取外号or 8卦其他同学，还有许许多多不齿我女儿一辈子也学不来的ma人的z话…… 石头还吐槽自己小学班主任总是针对她 ⭐️我女儿之前有跟校方反映，校方也找石头谈过话，但没什么效果，这次据我女儿提供的线索，我们找到了教室里的监控： ⭐️石头她们三人窃窃私语，然后换了几个角度，继而瞄准我女儿的座位方向，把她们刚擦了黑板沾满灰的黑板擦扔到我女儿的方向…他们三个人看到了砸中我女儿了，便哄然大笑,
住宿生,comment,我继续说：敢砸不敢认啊,
住宿生,comment,他比我高，我矮胖但力气不小，打得不相上下，甚至我不怕疼一样，只顾揍他，一声不吭,
住宿生,comment,而且我妈知道后夸我干得好，说我们不惹事，但也不要怕事,
住宿生,comment,自己不惹事也绝对不能怕事,
住宿生,comment,我也干过类似，只不过那时候不懂就是了，我是直接抡板凳砸，砸完后再也没人搞事了,
住宿生,comment,我也是，我忍不住脾气有点爆,
住宿生,comment,记得小学时候有人把我同桌摁在桌子上然后把我的水壶往他嘴里塞，我听说了后直接把那俩个男生掀开然后打了他们几下，然后命令他们把我水壶洗干净还遇到好几次被男的故意捉弄的情况，我都是一点就着，后面也没人捉弄过我了,
住宿生,comment,给你点赞，现在有些孩子不敢反抗，也是有点怕laos惩罚，我都告诉孩子怕啥，大不了一起被打手之类的，但是不要被同学欺负,
住宿生,comment,我也是，高中在另外的城市读书，方言听不懂，班里有个男生就取笑我，还带其他班的同学过来，我直接拿剪刀冲他们过去，然后把那个男生的桌子也掀了，之后就没人敢这样了,
住宿生,comment,我也，刚开始我觉得可能是同学那种玩闹意味的恶作剧吧，就没放在心上也没做反击，怕被认为是小气连玩笑都开不起，后来有点过分了他妈的往我水杯里加粉笔灰（被我逮了个正着）我直接就大声怒斥他们把水泼他们身上了，顺带给领头的狠踹了两脚，之后就没人敢惹我了，真的是要凶起来动真格他们才会怕,
住宿生,comment,我也是我这暴脾气忍不了,
住宿生,comment,与人和善没有错啊，但是一而再再而三欺负我我就不再忍了，主要现在很多家长比较极端，要么让孩子一味的忍让，要么就是一触即发，不管啥原因碰到他一下就得回击，导致孩子很暴躁很爱惹事,
住宿生,comment,我就记得小时候我爸跟我说，“在学校咱可不能挨欺负，有人欺负你你就往死里打，人多的话你就逮住一个人打，打出事爸给你担着”不知道这种教育方式对不对，但确实给了我莫大的勇气，谁骂我我骂他，谁打我我打他然后再加上小时候学习还不错，老师也喜欢，感觉那些爱欺负人的从来不欺负我，我们井水不犯河水,
住宿生,comment,我初中那会，有个男生逗我玩扯我头发，我警告了几次，他还是扯，我这辈子最讨厌别人扯我头发了，直接冲上去追着他踹，我有学过跆拳道所以心里面一点都不怕那些男生，反而他被我的举动吓到了，然后跟我道歉,
住宿生,comment,我儿子小学也被欺负，后来我说你直接揍，揍完了老师骂你你让老师来找我，后面那打人的娃被我儿子揍的服服帖帖，她妈来找我了，我说来，你每天都站那里别动，让我每天都揍你几圈，踢你几脚，你别还手别还嘴，她说我凭什么让你打，我说那我儿子凭什么让你女儿打，打了他，你女儿就得被揍,
住宿生,comment,你女儿不行，你上，逮住她直接打就是，打伤了该治治，该赔赔，要的是让你女儿看到你的决心，让对方知道你的态度,
住宿生,comment,但是我性格很刚，我也从来不怕她们背后有什么人,
住宿生,comment,对老师我很尊重，但是搞针对的没道理的我连老师都照样敢反抗我从小学我就敢和男生干架读书从来没人敢惹我,
住宿生,comment,我妈都是教我别人打你，干回去就完了,
住宿生,comment,孩子怕的不是对方，而是怕自己一直没有勇气反抗,
住宿生,comment,其实我觉得父母还有兄弟姐妹不停告诉你，别害怕，有事告诉我，打的过就打，打不过就跑，回来告诉家里人去帮你,
住宿生,comment,就不要让人觉得你什么都行，任何的不舒服，哪怕小事，都表达出来自己的情绪,
住宿生,comment,让别人知道有脾气才是重要的,
住宿生,comment,摇人，去学校门口拉横幅，在上面写xxx班的xxx同学欺负同班同学，把她的照片印上去，就闹就完了,
住宿生,comment,孩子的安全感来源于家长，家长都闹不起来，孩子更不敢反抗了,
住宿生,comment,我小时候谁都不敢霸凌我，原因是五年级时有一个男生故意来扯我内衣扣子，我转头就追到他然后把他按在墙上用碳素笔笔芯猛戳他的背，笔芯都被我戳弯了，然后我还指着他说，下次再拉我内衣我打爆你的狗头,
住宿生,comment,再也没人敢欺负我,
住宿生,comment,果然有实力的人走到哪都不用怕,
住宿生,comment,我女儿是直接休学了，我跟她说打回去，出事我负责，她不敢，从小真的不要教太乖，要有锋芒,
住宿生,comment,第一句：你怎么不睡觉啊,
住宿生,comment,引导撕开伤疤，哪怕本来很开心，这样的提问，也会让人联想到不开心的事情，好撕开了伤疤，让人回忆痛苦，正式掉入她的圈套，确保可以达到她可以继续攻击的目的,
住宿生,comment,不要太善良了，自私一点吧，对那些纯坏种来说，恶意只会转移，不会消失,
住宿生,comment,那些伤害不是逃避或者其他人能帮我走出来的，只有我自己去击败，很可惜我当年没有意识到这一点,
住宿生,comment,评论区说的让妹妹直接奋起反抗一次，她们骂一次就打一架的行为我甚至觉得是可取的,
住宿生,comment,如果我当年也这样，从我打赢了，从我看到他们也会害怕的那一刻起，我一定不会觉得那些人是不可战胜的，是如影随形的，我只会觉得，他们都是小丑,
住宿生,comment,因为看着爱我的他们那么崩溃，一下子老了几岁，所以我选择了忍让和坚强,
住宿生,content,在一小块床上苏醒 不大的空间里挤着几个人 在这里吃饭睡觉生活 蹑手蹑脚下床 出门去到有更多人存在的教室上课 下课 运动 做作业 玩手机 身边总是有这样那样的人 有时候想接个电话 空旷无人的场地找不到 私密狭小的空间也难寻觅 有时候想好好抒发一下自己的情绪 大喊大叫一下或者放肆大哭 最后几乎都会因为找不到私人空间而被迫压抑自己 或者是躺在床上默默望着床顶流泪 需要花钱的地方或许有 比如去住酒店 去单人的自习室 但是这也算是一笔开销了 也不能够随时随地兜住我的情绪 大学什么时候才能做到单人单户呢 #破碎的大学生#寝室生活#大学生精神#现代大学生#宿舍生活#不卑不亢做最好的自己,
住宿生,comment,现在实习，和同学一块住十二人寝，每次待在寝室感觉整个人都变了，被吵的心力交瘁，在床帘里咒骂所有人,
住宿生,comment,我的天呢,
住宿生,comment,太惨了宝宝 有能力就搬出去,
住宿生,comment,天啊12个我六个都受不了了，下学期去租房,
住宿生,comment,救命啊 我们八人寝还不通风 我现在在楼梯间,
住宿生,comment,真的受不了了，我再忍4个星期,
住宿生,comment,我靠我也差不多，我七月就暂时解脱了[棒R],
住宿生,comment,真的好难过,
住宿生,comment,完全是这样的😭😭😭,
住宿生,comment,感觉河北蚊子很少啊我宿舍没有蚊子,
住宿生,comment,和舍友意见不和私人时间三分之一都在憋屈着凑合别人下了课还不能舒舒服服歇着，不是说不应该为了集体和谐妥协一部分，而是我本身就事多 所以我想独居想疯了,
住宿生,comment,懂 每天都好像骂人 我什么时候才能独居,
住宿生,comment,所以在本市上大学的幸福感极强,
住宿生,title,怎么办啊 晚上一直抖床,
住宿生,content,我和我的室友已经住了一年多了 平时一起上下学 班级也一直跟我坐 但是我发现最近他很反常 一摸我的手 跟我说话的时候眼神比较躲闪 最近他一直在床上一直抖 说很冷 发出很奇怪的声音问我能不能跟他睡一晚怎么办啊 -- 二编：我是男生啊 现在目前状况他抖床的频率就是很规律 而且都是后半夜的那种 都是晚上熟睡的时候 #想好好睡觉#不敢一个人睡觉#大学生求助帖#怎么办,
住宿生,comment,你是男生还是女生啊 问你能不能跟他睡一晚也太诡异了吧 他冷为什么不多买床被子,
住宿生,content,高中住宿生苦还是爱豆练习生苦😊#当代高中生现状#高中生心理状态#爱豆,
住宿生,comment,我不行了,
住宿生,comment,复读生住宿生还追练习生更苦[泪崩R],
住宿生,comment,泪目了,
住宿生,comment,这话说的当练习生是自愿的啊，觉得苦了大不了跑路或者摆烂等着被清退，高中住宿觉得苦了又不能退学,
住宿生,comment,痛苦是无法比较的,
住宿生,comment,我希望有练习生的身材和脸,
住宿生,comment,至少爱豆手机没管理可以出去买东西,
住宿生,comment,好歹练习生长得好看，我要是有那张脸上多少遍高中都不会觉得累，一照镜子就是幸福啊,
住宿生,comment,真的照镜子的时候会被自己可爱到,
住宿生,comment,练习生就算出道不了但是如果还算有颜值有实力还可以去当主播或舞蹈老师什么的 高中生嘛额受不了就突然没了,
住宿生,comment,一样吧都差不多 为什么都在说高中住宿生难呀 练习生爱豆还看你火不火呢 不火还得倒赔钱 而且期间整容的钱要自己付不整还不行,
住宿生,content,我好烫，可是在宿舍怎么办#脆弱大学生#寝室生活#当代大学生心态#当代寝室长#破碎的大学生#宿舍生活#大学生心理状态,
住宿生,comment,主播，这里不知道咋回事，可能之前发消息的现在才突然跳出来，不能一一回复你们了[抽泣R]，真的非常谢谢你们关心主播的身体，主播已经看医生了，也已经好多了，感谢你们关心,
住宿生,comment,我一直吃的一个药叫“散利痛”，我会在床上放几颗，要是头疼就吃一颗，发热就吃两颗，当年我阳了但是自己不知道，这个药硬生生给我压住了，本来烧到38了结果给我压回36度8，直到我请假也请了，一堆事做好了，我到医院我的体温才渐渐高起来而且难受有空可以备一点，很便宜的不贵，应急真的很有用，至少到第二天早上完全没问题，现在的话你吃了药，药没用的话尽量睡着，睡着前给导员舍友们发消息叫她们看到了立马想办法救你，睡着之后不会太难受,
住宿生,comment,有小风扇吗在床上躺着空气不流通，加上被子什么的体感只会越来越热，可以拿小风扇不对着自己吹，对着被子什么的吹吹会好点我身体不太好平时准备的药很多，没有什么药之外的办法,
住宿生,comment,主要还是你已经睡都睡不着了也没人照顾你，药吃了好几天没用就是不对症，如果有其他特效药倒是可以试试，你一直都是按照药盒上面的剂量吃的话，换药吃现在吃是没什么太大问题的，死马当活马医，但是如果没有那种药效很快的药就不用考虑吃药了,
住宿生,comment,（我上面说的那个药20-30分钟你就不会头疼而且退热的，我自己吃的时候一般十几分钟就有效果了）好在现在天快亮了，到了宿舍门开的时间就下去找宿管，宿管醒的很早的，我们学校宿管四点半就起来开门了，你可以求助一下，宿管会教你接下来怎么做,
住宿生,comment,一般吃药一天半没效果就可以去找医生了（不是中医药的话）现在的药效都很强，因为病毒一直更新药也越来越猛，一整天按照药盒上的剂量吃没有缓解就已经可以去医院了，有效果才继续吃药，我说的药是应急用的，不过一般我吃一颗，第二天醒来就满血复活了所以我觉得真的很厉害,
住宿生,comment,是的特别是头疼发热，十几分钟就不疼了,
住宿生,comment,这个有没有副作用阿 对偏头痛管用嘛,
住宿生,comment,这个药真的很绝 我每次中暑头疼吃这个 过一会就好了,
住宿生,comment,目前我没有，我也有点偏头痛，每次头疼都吃，成人是1-2颗，我一般一颗就起效果了，而且很快，二十分钟就不疼了,
住宿生,comment,好滴谢谢,
住宿生,comment,好吓人啊😦主播已经不相信这里的医疗技术了啊，记得当初急性肠胃炎，去医院打针把我打过敏了啊，给我转了好的医院，结果医生上来就说，不再派个ct就不给看啊,
住宿生,comment,姐妹如果你的学校不是那种大学校就不要去医务室啦，直接去医院最好，问清楚什么原因，医生一般都会说，而且在医院你是患者，不用怕人家我生病都没去过我们学校的医务室，不是很靠谱,
住宿生,comment,主播现在特别感动，世上还是好人多啊,
住宿生,comment,不要担心，主播已经就医了,
住宿生,comment,我的天看到你这个真的不知道说什么，大学里的人好神奇，好冷漠,
住宿生,comment,没用，首先这个隔音棉尖尖要对着噪音源，其次隔音棉效果一般，甲醛重味道重,
住宿生,comment,室敌每晚不开麦但大吼大叫摔东西打游戏，边打游戏边外放若智小网剧，我也想拿垃圾桶套她头上[完啦R],
住宿生,comment,不入耳的没用，硅胶的隔音太一般了我这边不够用,
住宿生,comment,而且氧气不足,
住宿生,comment,我都已经出去租房住了，我真不行了,
住宿生,content,半夜腹痛，常年肠胃炎患者一坐起来细细感受——只怕是腹泻…还好不是 只是单纯的睡前水喝多了 人睡早了 报应来了 膀胱要炸了… 仔细感受五分钟 确认尿意是真实存在且无法忍耐的……思想斗争过后…好吧 再不去我就要死了,
住宿生,content,我停住侧耳聆听舍友的动静，黑暗之中有谁翻了个身…等暗中的动静平息 才继续行动 接下来是蚊帐……我将手机桌面朝上打开 借着壁纸的微弱灯光 左手抻直拉链 以减少摩擦声 右手移动拉链头 试探性地缓慢下拉 太刺耳了……我明明只是拉个拉链而已 你为什么要发出铁锯锯木头的动静T T长痛不如短痛 我摸下去，确认滑轨上并无线头阻碍，一咬牙，右手迅速一拉到底,
住宿生,content,我动也不敢动，在一切回归平静之后，我微微张嘴，才发现后槽牙咬得一阵酸软,
住宿生,content,脚踏上冰冷的楼梯…一步 两步 三步…地面 把脚穿进拖鞋里 小心PVC和水的摩擦 小心舍友的鞋子 小心不要踢到垃圾桶 小心推开滑轨门 小心关上滑轨门 小心打开阳台灯……小时候的无聊练习让开关保持平衡的触感训练帮了我大忙，我可以几乎无声地打开开关,
住宿生,content,不要欣喜若狂 不要快速转身然后把手肘撞上大门……眼泪疼出来了也不能叫一声…尽管那一声撞击像古人在衙门击鼓鸣冤那样响亮,
住宿生,content,（这是我初中时哭出来的眼泪，淤青早已消散 终于蹲下 可以放松一会儿了,
住宿生,content,这个时候我会焦虑想象，万一碰出点动静来 第二天舍友看妳的眼神完全不一样……她们不同妳争执,
住宿生,content,只是妳就是感觉到压力，来自女性的校园欺凌是一种微妙的暴力,
住宿生,content,审判者问：她们对妳做了什么 妳说：…我感觉她们不喜欢我,
住宿生,content,说出来妳自己都不敢肯定,
住宿生,comment,室内卫生间起夜是最痛苦的,
住宿生,comment,以前没办法的时候都是用牙刷杯装水反复倒水冲下去(/ _ ; ),
住宿生,comment,我们也是…………真得很崩溃,
住宿生,comment,啊啊啊怀疑校友💔,
住宿生,comment,我靠我懂还有那老旧的厕所门开关的声音,
住宿生,comment,我现在好痛苦,
住宿生,comment,这也太 那没办法了 如果别人嫌吵只是说那个盆接水了,
住宿生,comment,我感觉起夜的时候慌得要死尤其我们那个宿舍长人你知道的...,
住宿生,comment,谢谢宝宝…我就是性格有点内耗，，总是容易想太多……害怕发出声音引起矛盾也是小时候一场霸凌的导火索…所以我有些创伤后遗症啦…我会努力学习多多关注自己 而不在意别人对我的看法的,
住宿生,comment,谢谢妳喔,
住宿生,comment,是不是舍友们本来就不喜欢你 按理说起床上厕所不是人之常情吗 正常和你相处的朋友不会不理解这个的 只有不喜欢你的人才会对你的行为吹毛求疵 要你活得像没有存在感的假人娃娃,
住宿生,comment,不不宝宝…没有啦 我现在这个宿舍的舍友人很好啦 没有出现矛盾什么的 是我以前在集体生活里闹出过一点不愉快 …所以我之后和人相处都有点小心翼翼的样子 只是通过起夜这件事儿联想起来了而已 谢谢宝宝的关心喔,
住宿生,comment,我在宿舍起夜上厕所就是这样，小心翼翼的担心发出声音但是还是不可避免的发出声音比如说打开门按下门把手门就会发出吱嘎声，我也不想但是没办法就是会发出，然后把灯打开，灯的开关在外面，把灯的开关打开在开门光会露出来就会照到宿舍就会被室友知道就会影响到室友然后就是冲水声按下去就会有声音，但是也不能不冲水,
住宿生,comment,这能怎么办,
住宿生,comment,这写得太真实了,
住宿生,comment,而且当我不小心发出噪声后听见其中一个室友的手机振动两声时我就会清楚是另一个室友被吵醒后愤怒的吐槽,
住宿生,comment,抱抱宝宝🥺支持取消集体生活…集体生活真的是完全反人类的安排 真的不想惹出任何争端T T只想平安渡过怎么那么难…,
住宿生,comment,哦买嘎太痛苦了，我不上厕所睡不着，还容易失眠然后老悄咪咪下床，小心翼翼真的要窒息了,
住宿生,comment,宝宝 太懂你了早起人是这样的,
住宿生,comment,我目前就在蹲厕所看到这个帖子，我在想我等会怎么冲厕所啊,
住宿生,comment,哈哈哈哈哈可怕的大数据,
住宿生,content,我本来不想要小桌子了的，因为买来一年也没用过几次，最近在买收纳，因为上铺床板固定动不了，一般挂的置物架用不了，所以一直没看好，又担心不牢固质量不过关，半夜掉下来砸到我了，直到我看见我这边绳子多的是，这种扎绳也多的是，简直完美，#我的收纳分享#大一新生好物#收纳妙招,
住宿生,comment,抱箍，农村往电线杆上绑监控就用这个,
住宿生,comment,矮个子不会，我只有155，室友说我的床像个仓库居然能睡下一个人,
住宿生,content,舍友早起声音太大怎么办,
住宿生,content,还说找辅导员，气得我心脏疼，那口气完全咽不下 我没办法了，我本身很窝囊又不会骂人,
住宿生,content,已经和辅导员沟通过，显然没什么用，只是说会找那两个同学调解一下 对于评论说换宿舍，我有想，但是我这边床位可能没有，也不知道有没有 #让人窒息的瞬间#大学宿舍关系#室友#矛盾#舍友#大学生#无理取闹的人#早起#当代大学生心态#宿舍生活,
住宿生,comment,就是不喜欢你找茬呢这种语气也不是好好商量的语气赶紧换宿舍吧,
住宿生,comment,这个问题实在是无解[呃R]我有一个舍友特别厉害，早起一点声音都没有，特别静悄悄的，我早起的时候也小心翼翼的，也做不到像她那样静音,
住宿生,comment,还好我们寝室早八起得都差不多,
住宿生,comment,太羡慕她们了，我也是一有声音就睡不着，每天戴耳机听助眠，疯狂PUA自己，是自己太敏感了，对舍友保持感恩的心,
住宿生,comment,这样她们发出声音我就不是特别讨厌了[完啦R],
住宿生,comment,之前我都好好跟这个室友说，但是她一直这样不改昨天我就直接这样发了，虽然她没看见哈我后面也睡着了，不要PUA自己让自己受气不开心呀,
住宿生,comment,呜呜呜我妈之前这样和我说，我可生气了，现在长大了逐渐理解她了，其实是没招了,
住宿生,comment,确实我宿舍有一个人就可以跟鬼一样一点声音都没用出门 而我 真的做不到 我还怀疑是体重的问题 我还专门减肥 但是还是不行 这真的没办法和人家一样静悄悄出门,
住宿生,comment,呜呜宝宝我本来就听力不太好，我不能老是带耳塞对听力更不好了,
住宿生,comment,对，戴久了头还很胀,
住宿生,comment,这种公共宿舍，我觉得没办法避免，大家作息都不一样，只能说，只要不是故意大声或者只要是正常时间洗漱那就算被吵到了我也只能自己忍耐一下了,
住宿生,comment,我没早八，今早他们弄那个袋子，袋子响持续了20多分钟，我又没勇气说,
住宿生,comment,既然怎么样都会被骂，那就意味着什么都可以干,
住宿生,comment,这样的话可能会被大家讨厌，现在是两个，后面就会是另外三个了,
住宿生,comment,我大学都算很小的学校了，系楼跟我宿舍就隔了两三栋楼而已，要吃早饭打水，下楼丢垃圾，走过去挺合理的这个时间,
住宿生,comment,他们喜欢挤一块,
住宿生,comment,正好我也想问一下，7.20集合，我平常6:20左右起，他们6:40，之前他们说我闹钟响好，我关掉了，然后昨天又说我的窗帘拉链小点声，我知道我起的早，我该怎么办,
住宿生,comment,因为正常只是会提出，不会到骂吧,
住宿生,comment,你六点四十起可能导员会说你两句，七点四点起导员看到肯定骂她们的,
住宿生,comment,就是不喜欢你,
住宿生,comment,如果让别人发出声响是第一次说的话，就不应该是这种语气了,
住宿生,content,好奇嘟嘟初中和高中也是住宿吗?我觉得住宿好痛苦，好痛苦，好好奇如果嘟嘟住宿的日常生活是什么样子#陈都灵#住宿#雾妄言#楚朝#白幼薇,
住宿生,comment,哈哈哈哈好可爱啊,
住宿生,comment,好没隐私，当红人真累,
住宿生,comment,我比较好奇嘟嘟也会因为小游戏崩溃吗比如说那个傻叉自行车和踢球,
住宿生,comment,奇迹暖暖有电脑页面版的，怎么不能玩啊,
住宿生,comment,我去羡慕了,
住宿生,comment,羡慕了啊啊啊啊啊啊,
住宿生,content,使用体验：最早用2号但涨耳，改用6号，但耳朵孔会逐渐被耳塞撑大，再买了4号也差点意思，最后又换回2号,
住宿生,comment,我也想问，真是崩溃了,
住宿生,comment,特别吵的呼噜声，这个办法也能隔绝十之七八，剩下那点声音，心平气和地躺一会也可以睡着,
住宿生,comment,呼噜声耳塞就够了，不是那种震动或者刺耳的,
住宿生,comment,耳塞对呼噜没用,
住宿生,comment,谢谢博主,
住宿生,comment,没用过哦,
住宿生,comment,124都同款了，最痛苦时期我甚至是安耳悠+索尼,
住宿生,comment,有做飞机戴过吗 我是受不了飞机的声音每次坐耳朵疼,
住宿生,title,宿舍降噪实测（放弃用耳健康版）,
住宿生,comment,但是我现在高一就这么胖了，我怕高三就变得特别特别胖了,
住宿生,comment,吃饭吃7分饱，零食少吃，因为胖的原因不一定是吃东西，也有可能是压力胖，我读完高中自动瘦了十斤，我连节食运动都没有,
住宿生,comment,好的，那我现在尽量把零食奶茶什么的都戒掉，放假就运动，尽量不让自己变胖，三餐正常吃应，谢谢建议,
住宿生,comment,压力肥 我像你那个时候也这样 高中3年胖了40斤,
住宿生,comment,好的，谢谢啦,
住宿生,comment,好的，我现在每天早上都有吃鸡蛋，然后午饭是正常吃的米饭减半，到时候买点鸡胸肉应该够，谢谢,
住宿生,comment,好的，谢谢提醒啦,
住宿生,comment,主要是我一直会身材焦虑，觉得自己太胖了，我觉得我一直这样也是没办法专心的,
住宿生,comment,身材焦虑一直都会有的 问题是焦虑本身 你要学会的是接受你自己 而不是在高中这么重要的时期去减肥 要养成良好的减肥习惯也该是在初升高的暑假 你总得找个空闲的时间去干这么难的事吧 哪怕是放寒暑假 周末休息的时候 休息的时候养成了习惯 上学的时候只要轻松的保持就可以了,
住宿生,comment,好的，谢谢啦，我会慢慢尝试的,
走读生,content,走读生相较于寄宿生而言，拥有更多的家庭关爱和自由时间，但同时也需要家长和学校共同配合，确保学生的安全和学业发展,
走读生,comment,不止很多[福气加马],
走读生,comment,有时候真的很羡慕这种 上学无忧无虑 根本不用担心作业和学业,
走读生,comment,特别开心,
走读生,comment,同问啊我用电话圈扎每次都散然后崩溃,
走读生,comment,一放学就看到vlog的救赎感[泪崩R],
走读生,comment,我作业没写完[泪崩R],
走读生,comment,我没写完[泪崩R],
走读生,comment,救命我们学校校服就是短裤🆘,
走读生,comment,生日快乐,
走读生,comment,瑞士卷很难不爱[完啦R][完啦R],
走读生,title,㋃｜𝟎𝟕走读🏫女高中生的幸福感书桌📓🎒,
走读生,comment,好的谢谢宝宝,
走读生,comment,哇塞可以,
走读生,comment,我们班的男生总喜欢课间打闹，我要是敢这样子放高低，给我摔个破碎,
走读生,comment,我喜欢靠窗的位置,
走读生,comment,我也超喜欢可以睡个觉发个呆,
走读生,comment,分地方吧 一般来讲是重高管的松些 越差的高中管的越严,
走读生,comment,三人桌怎么收纳啊 我坐中间,
走读生,comment,老天我服了，我们初三了换楼了，结果是个蓝色桌椅我真的太丑了，还不如之前的灰色桌椅，而且还特别难坐，脚都放不下,
走读生,comment,我们老师媚男，我不敢放,
走读生,comment,羡慕你们中国我们马来西亚桌子都不能放东西的,
走读生,comment,主要是因为书太多了抽屉放不下,
走读生,comment,都绝望了,
走读生,comment,但毕竟太晚了,
走读生,comment,带饭的都是义父，小美不和你谈恋爱，让全校去做思想工作,
走读生,comment,哈哈哈哈哈哈哈哈哈哈哈张老斯太好耍了嘛,
走读生,comment,太油麦了嘛,
走读生,content,本人也很宅不爱出门 平时也都是跟妈妈出去玩，看电影吃饭也都是妈妈请客 真的太爽了,
走读生,comment,问问老大，这样对小组作业什么的有影响吗[抽泣R]我现在高三生，以后大学不想住宿想在外面租房一个人住,
走读生,comment,小组作业我们是一人负责一科作业，只要不要拖到要交才做就行，我个人都是喜欢提前做完,
走读生,comment,没啥影响 自己也能做 或者找其他一个人的一起,
走读生,comment,其实完全不会，只要组过一次队，别什么都不管，负责一点，会有很多人下次组队邀请你的，大家都很怕不干活的人,
走读生,comment,搭子们都走读，这也太太幸福了,
走读生,comment,很爽了 我本科也是本地的 但是我是另一个区 我一般周末回家（宿舍离学校大门太远了 单边20min）属实懒得走,
走读生,comment,我是宿舍楼太高了，懒得爬 上学期和这学期一共就住过3次,
走读生,comment,哇塞好幸福,
走读生,comment,简直太幸福了,
走读生,comment,只有上了大学才懂这个含金量当时报志愿硬是把自己报到一千七百公里外了，现在老实了，不过还好熬到大三下了（但是可恶的是我五年还有两年），考研我要考回家那面去,
走读生,comment,羡慕[抽泣R],
走读生,comment,但是回家睡觉很快乐,
走读生,comment,找不到教室……小组作业没人……除此没有缺点了,
走读生,comment,可是我不竞选不评，就只想安静顺利的过完，这个对我来说不是烦恼了,
走读生,comment,没事的完全可以一个人做的,
走读生,comment,嗯嗯，我会试着跟老师说自己一个人弄的,
走读生,comment,大一开始走读，正在焦虑人际关系怎么办 别人一个宿舍可以聊天社交 我每天在出租屋里发霉,
走读生,comment,住宿人际关系只会更差,
走读生,comment,最关键的人际关系，其实只要有一个特别玩的好的朋友，然后再根据她们去结识她们宿舍的也可以（但最好不要越过好朋友去跟舍友交流吧，因为我现在就是她们带着我组小组真的非常感谢她们,
走读生,comment,其次如果上下午都有课，中午来回比较麻烦，我都是找一个饭店然后待到上课,
走读生,comment,晚上有课怎么办，回家不安全[泪崩R][泪崩R][泪崩R],
走读生,comment,1.没人叫早起容易旷课,
走读生,comment,我是大一新生在宿舍根本睡不好但是室友人都不错 最担心的就是融入集体生活的问题,
走读生,comment,坏处是实在太幸福了不想去学校了,
走读生,comment,我大一就开始走读，尤其别人要回那个小破宿舍，而我要回家的时候，别提我有多幸福了，简直爽的要命,
走读生,content,我是一名高中走读生 家里管手机管的严每周日晚上都要把手机给爸妈 最近买了模型机打算把模型机交给父母 真机自己保留 没想到被父母发现了 周五下午回家的时候照常来说我应该是直接从柜子里拿手机的 因为他们平常都放这里 但现在真机在我手上我就不需要问他门手机放哪里了 结果父母把我模型机藏起来了没有把模型机放柜子里 我还不知情 等他回家后看到我拿到手机问我哪来的 我说你不是平常放柜子里吗我从那里拿的 他就说是吗我放柜子里了吗 我就说是 后面我去柜子里找了半天都没找到我要怎么办啊啊啊啊啊急急急,
走读生,comment,okok谢谢宝宝,
走读生,title,住校崩溃,
走读生,content,Q：高中住宿家长觉得走读代价太大，但是住校每晚都哭，如何调理#高中#上学#返校#高中生心理状态,
走读生,comment,谢谢宝宝们的建议，现在已经在办理走读的手续啦周一正式开始我的走读生活喽,
走读生,comment,妈妈真的很爱你,
走读生,comment,兄弟们我才住了五天我就已经不行了，能走读就走读，住宿真不是一个正常人呢能承受的,
走读生,comment,因为不爱说话，所以基本上没有人跟我玩，也不算是不爱说话吧，他们坐得近，已经组成小团体了，我在宿舍我也努力的跟他们搭话，也是爱搭不理的,
走读生,comment,我天啊我也是这样的感觉住两年我会抑郁,
走读生,comment,嗯嗯真的是感觉住两年会崩溃,
走读生,comment,太扎心了,
走读生,comment,我住一个星期都感觉自己要抑郁了而且感觉没有时间上厕所，我是体质很好的人，现在都得肠胃炎了，而且有点大小便失禁,
走读生,comment,我真不行了每天情绪一个人消化,
走读生,comment,我真的哭了 我不想住宿,
走读生,comment,那真的很好啊，但是是我感觉世上真的没有太多开明的父母，就算有也不会落在我身上，我父母就算到死也不会接我回家ヽ(￣д￣;)ノ之前我说我压力大，想请假回家，我爸也只是说压力大好啊，压力大学习才会进步，我都上职高了，我还进步个啥呀，现在每天都很焦虑，特别是在开学上学的时候,
走读生,comment,我爸爸也不开明，但是他俩离婚了，所以我现在就很开心因为我妈咪还是挺开明滴,
走读生,comment,遇到这样的父母，真的很好啊，真的很幸运，我真的羡慕啦，我的父母两个人都不开明，只能说是小部分时间开明，大部分时间都是那种封建的，我想找时间再和他们聊聊，但是他们就是坚决不同意，就是把话说死了，就说走读是不可能的，但是他们上一秒还在说班主任已经换我走不走读，还得看老师的，但是下一秒他们就说，走读是坚决不可能的，我真的要哭死了,
走读生,comment,上完一天课累的要死，走读想的是马上就可以回家了，奖励自己吃点好的，内宿熄灯你就要在床上了，根本没时间吃什么，搞的跟特种兵一样，内务也是奇葩，这不能放那不能摆，床上只能放被子枕头，晾衣服的，这根要晾大的，那跟小的,
走读生,comment,呜呜宝宝我也是，通勤来回一个小时，租房子的话离父母上班的地方远我这个学期已经报了住宿，我们11月还可以再修改，先住两个月看看吧,
走读生,comment,我俩情况太像了只能先住看看喽,
走读生,comment,已经哭一周了早上还在吵,
走读生,comment,我也想藏但是不敢,
走读生,comment,就是因为学校和自己家如果开车去要半个小时，家长来回就是一个小时会很累并且在路上也可能会遇到危险也费油，然后如果租房子家长还是要跑来回（因为要上班）还要再加上租房子的钱,
走读生,comment,我儿子不肯住宿闹着要走读，你们说该怎么办，帮我出出主意,
走读生,comment,说真的问问孩子原因，住宿真的痛苦,
走读生,comment,租房还家长要陪，女生的话家长真的不放心，都是很大一笔花销和精力，完全理解他们真的很累还要忙工作，就是只能供到你这种程度，剩下自己努力，能考上什么看自己的造化，我觉得后面想开了就好了，准备一些助眠的东西，学会睡觉真的很重要，宿舍问题及时和舍友沟通,
走读生,comment,ok本来我觉得我已经调理好了结果返校路上又崩溃哭了但还是得上,
走读生,comment,高三了我都不适应，开学一个星期一直哭，真的想回家，爸妈也是不同意,
走读生,comment,会很爽很幸福,
走读生,comment,真的很幸福,
走读生,comment,七月开始租房的 感觉幸福感直接翻了不止一倍,
走读生,comment,好羡慕 问问房租多少呀,
走读生,comment,我们最近的房子离我学校的打车钱 和我学校顺风车到我家（隔壁城市）的钱一样 所以我干脆不租房了直接回家,
走读生,comment,580，不算电费，算了平均一个月八百多吧，我们比较爱开空调,
走读生,comment,天呢好划算 俺在江苏这边 不算老也不算好的房子都得1000+,
走读生,comment,那也感觉好好我是经济条件不允许就没法租房羡慕了,
走读生,comment,我是学校比较偏 旁边刚好有城中村环境只能说不好也不差吧 然后我们自己布置了一下就好多啦,
走读生,comment,羡慕，查寝和晚自习（空课）我在的学校全有,
走读生,comment,市属院校吗羡慕,
走读生,comment,我们学校天天查寝 我也很担心这个,
走读生,comment,放心根本没人管我大一开学就住了几天就走读了（没跟学校说那种），后来开学一个月后我把我床位给了班里另一个哥们，他从其他楼的宿舍搬我床位来了，就这么住了一年两边宿舍都一直没人管 最后大一结束的时候，我俩找宿管和辅导员办了个手续，我办退宿，他办换宿舍，从此我名正言顺的走读，他也名正言顺的搬到我原来床位了,
走读生,comment,后果就是多花了交通费但幸福指数upup,
走读生,comment,我就是回家喜欢自己待着，和她们关系就很一般,
走读生,comment,有买了差不多的同款海带，可惜只看到了这个黑色的，没找到红色的,
走读生,comment,牙牙，你到底是有多有钱[抽泣R]学生党羡慕了[抽泣R],
走读生,comment,想到张勇一个人在屋头拍这些就想笑,
走读生,comment,他屋头的人，天天看他在屋里板这些，看久了怕是脑壳青痛哦,
走读生,comment,他太抽象了说不准,
走读生,comment,酱紫，懂啦，谢谢啊,
走读生,comment,哈哈哈哈哈，你拍这些自己剪辑的时候会不会也笑得不行,
走读生,comment,应该不会，他还会担心不够好笑😄,
走读生,comment,哈哈哈,
走读生,comment,你真的够了，够疯，很喜欢,
走读生,comment,我们学校啥都不行好羡慕,
走读生,comment,那条限流了宝贝 我再发一遍看一下 谢谢宝贝支持呀,
走读生,comment,懂啊，从小到大那么多川渝明星，我们早就喜欢上川渝了，口音特别有意思,
走读生,comment,可以的呀 太喜欢这个口音了哈哈哈哈哈,
走读生,comment,很爱看，口音也很好笑虽然有些方言用词不懂但是不影响,
走读生,comment,能看懂，好好笑的个别方言听不懂的地方能猜出大致意思～喜欢～,
走读生,comment,周老师太好笑了,
走读生,comment,坐起打哇哇，真的好久没听到过这句话了,
走读生,comment,我也我也 看到龇牙老师很幸福,
走读生,comment,广东那里应该蛮热的吧这几天我们这边最高气温都快三十度了,
走读生,comment,我也喜欢去名创优品买东西,
走读生,comment,老师我好喜欢你 你是我唯一一个挂过朋友圈的老师,
走读生,comment,感谢喜欢,
走读生,comment,我平常也特别喜欢看她的视频,
走读生,comment,收到，谢谢,
走读生,comment,需要勇气哇，放过彼此不好吗,
走读生,comment,我希望他坚持住，解放父母,
走读生,comment,一言难尽都是泪,
走读生,comment,初中那会坚持3年太不容易了，每天睡眠不足，高中毫不犹豫租房,
走读生,comment,希望就在眼前，梦想插上翅膀,
文科生,comment,你肯定不是法学生现在做线上咨询的很少，并且你说的那种很简单的法律问题AI自然能解决，也轮不到律师出马，怕的就是纠纷,
文科生,comment,为什么总是说文科生是学不会理科的人才去学文科 难道必须是那种理科文科都特别好的去学文科才不被鄙视吗,
文科生,comment,文科生付出的努力一点也不比理科生差,
文科生,comment,妈呀这高傲的评论区,
文科生,comment,看到一个专科电气大于文科9的给我看傻了，文科还不至于贬值到这个地步吧…,
文科生,comment,文科越来越差导致伪人越来越多,
文科生,comment,怎么会有人说文科生都是理科学不好才学的文科啊，我认识的好多人都是因为更喜欢文科以及文科分数赋的更高才学的文啊,
文科生,comment,轻文重理又不是弃文唯理，问题不大，金字塔上的文科生照样能给社会做贡献，有他们足够了,
文科生,comment,（文科生哭泣）上一个春天还在北宋,
文科生,comment,哇，一万耶，我们这也有，三千,
文科生,comment,数据生产或者验收经理差不多，对于小语种，还是需要语言学专家,
文科生,comment,这个跟文理也没啥关系吧，理科也不至于说不认识事物了[笑哭了R],
文科生,comment,我就很诧异，大家现在对理科生的理解就是他们文科很差吗,
文科生,comment,说实话，现在浙江高考模式分科我搞不懂，但就我们读书那年代，不是我文科不行去读理科，而是理科你不行，只能试试看拼文科，竞争没那么激烈参加高考的理科学霸们就没有偏科的,
文科生,content,现在网上骂文科无用的越来越多了，今年还出现新概念“文科牢九门”归类出最差的九门文科,
文科生,content,但是会发现连这种骂声都是只关注文科就业难、工资低，一些文科生常常出现的精神状态问题都被忽略，甚至没有人关心了,
文科生,comment,法学主要是接触社会黑暗面东西太多了,
文科生,comment,分得更细的话法学属于社科吧🤔（我知道现在社科还是被归入文科，别骂我别骂我，作者说的纯“文科”应该更倾向于文史哲这种吧,
文科生,comment,太对了,
文科生,comment,你这说的太片面了,
文科生,comment,一个人生活在社会中，不可能完全空中楼阁,
文科生,comment,怎么说呢，我心理学并不比社会学的朋友好就业……除了心理健康咨询类，其他我能去的她都能去，她能去的体制泛体制我都去不了一点……精神问题更严重的地狱笑话,
文科生,comment,啊这样 还以为心理学这种偏应用的会比我们这种纯文科好找工作,
文科生,comment,我不知道...一边清楚地看见痛苦一边让自己融入这种痛苦,
文科生,comment,不需要别人关心呀，你都人文社科了，只能自己把自己武装起来，阳光也好痛苦也好积极也好消极也罢，只要你能自洽，就不用在意外界的看法,
文科生,comment,这不仅是一条长路，更是一条只能你一个人走的长路，寄希望于外界的理解，奢求在这个时代金子般不求回报的善意，只会让你更痛苦,
文科生,content,）积累经验 4️⃣ 用户体验研究（UXR） - 心理学/人类学背景吃香,
文科生,content,"京东UXR岗明确要求""社科背景优先"" - 速成技能：Figma+用户访谈技巧 5️⃣ 智库/政策分析师 - 布鲁金斯学会等机构偏爱政治学/经济学背景 - 捷径：关注「中国发展研究基金会」实习 💻 文科生逆袭必备技能 ▫️ Python基础（学数据分析就够了",
文科生,content,比希望的分低了20分，数学历史各低10分 这两科其实是考前花了大力气的…… 历史是平常最稳的、最高的，很久没有见过如此低分，没曾想再见是在高考,
文科生,comment,政治如何能做100，太厉害了,
文科生,comment,过几天争取写一写心得🥹,
文科生,comment,专业类院校人文关怀差一些，很多资源都要卷，还不如去综合类985,
文科生,comment,唉但我这个分太尴尬了,
文科生,comment,复旦今年北京没有小语种,
文科生,comment,怎么ip甘肃了,
文科生,comment,收到🫡谢谢,
文科生,comment,可以试试南大不限组，还是有希望的,
文科生,comment,很心动南大🥹🥹🥹唯一的担心是地域限制就业（回京就业会不会认可度没有一些在京985高呀……）,
文科生,comment,看看能不能上南开或者法大的优势专业，优选经管法，避开纯文科，最好能本硕连读，省去以后保研/考研的麻烦,
文科生,comment,就是怕法大太卷，本身我对法律没有太大兴趣,
文科生,comment,数学确实是短板，但平常没有这么差南开武大都可以随便挑，北师大除了人文实验班不稳别的任选,
文科生,comment,感觉京外一些大学还挺吸引人但是我想学人文类专业怕本科不在北京更难就业实习什么的了,
文科生,comment,平常模考大概在94-100中咣当，正常发挥差不多97吧,
文科生,comment,空间妹子们都在笑而小红薯热评都在吵，我不行了，，煮啵你这里马上成战场了,
文科生,comment,我不行了🌫,
文科生,comment,投胎，很靠运气的，一生只有一次,
文科生,comment,舞蹈生还挺好的，起码不累（我是文科生仅看图的刻板印象，别喷我）,
文科生,comment,文科是什么成分大家懂的都懂，我就是文科，每天东躲西藏的，出门买菜要蒙面，坐车不敢买票只敢坐黑车，上次遇到查身份证的我直接跳车逃走了，真的，文科真的很累,
文科生,comment,这条可能是帖主被某些搞对立的人整的有点崩溃发的自嘲吧,
文科生,title,来自一个喜欢用ai玩文字游戏的文科女的填表,
文科生,comment,不过最近灰度测试越来越像gpt了，我稳稳地接住你，这就够了,
文科生,comment,这就够了,
文科生,comment,这个“这就够了太经典了不管是吐槽还是玩角色扮演永远都会莫名其妙来这么一句,
文科生,comment,这就够了，值了,
文科生,comment,还真是 我真觉得现版本和gpt一样 接住你了，这就够了,
文科生,comment,笑死我了😂看它每次生成“这就够了”“挺好的”“好像，也不错”我都想够了,
文科生,comment,"你对Gemini""银商极高但爱写八股""这个评价很精准，它确实倾向于输出结构化的、四平八稳的内容",
文科生,comment,应该不是文科生的视角，而是有这么个圈子大家在用它聊天和写剧情，所以倾向于关注这方面并不是文理科差别的原因,
文科生,comment,我gemini到现在还没搞到手 我无助的像个孩子,
文科生,comment,[尬住R]我的一天就要拉我上车🥲🥲🥲我就说开玩笑说Grok太开放了，他就暗示他也可以………,
文科生,content,现在很多孩子讨厌文科、理科生贬低文科，本质不是文科真的不行，而是： 1. 孩子被手机和碎片化信息占满时间，缺少阅读积累，养不出文科需要的理解力和语感，学不懂就排斥,
文科生,content,​ 2. 踩文科的理科生，大多不是真热爱理科，只是理科相对好刷题、好得分，待在舒适区更有安全感,
文科生,content,All in all. 不是文科无用，是环境让人学不了文科，认知差让人看不起文科,
文科生,comment,但凡脑子够用数理化有两个强项，就觉对不会选文科，我们当年反正是这个风气,
文科生,comment,我学理科不代表我文科差，以前分文理班前，我地史政都是最好的，但是文科未来就业面太小，而且人文素养完全可以通过自己阅读实践获得，我毕业后自己读了大量的社科书籍，因为喜欢历史，心理学，我自己也看了很多这方面的书，如果你选择了文科，你肯定不会翻任何一本与之相关的书籍,
文科生,comment,那我学文科也不代表我理科差啊,
文科生,comment,有一说一不是现在，我近三十年前高考就是这说法了，再早一点，我爸那一代，说的是学好数理化，走遍天下都不怕，可是丁点都没提到文科,
文科生,comment,其实很多人都没搞清楚，大家觉得大学没必要学文科≠大家觉得文科没用,
文科生,comment,别的不说，就说一个现象，理科院校老师都会支持主动和学生说，没事多用豆包、deepseek，不会就问，不会就搜，不会写就抄但是要理解，我觉得是顺应时代发展路线的，反关文科院校，老师上课明令禁止不允许用ai做作业，但是最后打分自己也看不出来是不是ai，反而有些学生ai的作业分数更好，不用ai好好学习的学生肯定心理不服气，然后大家就都用ai了,
文科生,comment,我在台湾读的中文系，纯精神享受，毕业了一点用都没有但是人生中有过这四年最浪漫的时光也让我很欣慰了,
文科生,comment,看到了，我喜欢的感觉,
文科生,comment,友友是怎么去台湾读中文的啊太羡慕了,
文科生,comment,好好啊，好恨自己當初為什麼要去北京讀[完啦R],
文科生,comment,我也会后悔没在大陆读在台湾过度自由了导致我除了创意能力好其他什么都不行，在上海读研读死过去了快....,
文科生,comment,要不然来大陆发展吧大陆学历回台湾太不吃香了...,
文科生,comment,天哪好好，在国内普通大学读的汉语言，感觉课大部分都是水课，有时候还要我们学生上台讲，讲差不多一学期，实际上就是老师偷懒，很枯燥乏味,
文科生,comment,学校比较鼓励写作，也搞了专门的团队，有同学毕业前就赚到了几万稿费，只是上大学后我就了丧失创作热情，没怎么关注过,
文科生,comment,我认为中文系是很好的，我最受益的是我能接受到一些很新的观点，多了很多看问题的视角，好的老师讲一节课可以胜过读很多书，因为哪怕读了很多书你也不一定能察觉到那么多隐含的要素,
文科生,comment,而且我觉得中学时代过得过于压抑和辛苦选文科也有好处，那就是多了很多自由的时间，这些自由的时间要用来自我探索，不要放弃思考，歇了一口气后反而会自己主动做一些以前不会做的事,
文科生,comment,对不起嘛我跟评论区的文学家们是两种人我真的没那么喜欢,
文科生,comment,西方文论课是我当奶奶的开始没有文静儒雅，只有被期末周折磨的绝望（一周复习8门，耶稣来了也要去地狱当撒旦的继承人）,
文科生,comment,笑死我了宝宝当奶奶 好可爱呀,
文科生,comment,我爱死中文系了，诗词赋散文小说甲骨小篆语言文献,
文科生,comment,小学喜欢读书，初中开始喜欢语文，但我应试能力不行，考试都平平无奇，纯热爱,
文科生,comment,首先我没说不好，学的时候还是快乐的，但是硕士论文开始以后，我每天以泪洗面,
文科生,content,然后绝望的社会还要掏一把文科的骨灰，说你醒来救救这个世界呀,
文科生,content,」 - 二编： 因为有太多好吃的好玩的想追的剧以及正事要干， 所以不一定所有评论都能看到， 随机刷到哪条骂人的就开启魔法对轰,
文科生,content,划重点：会骂人,
文科生,content,你骂我我就骂你,
文科生,content,你这么关注我，花时间花精力花电量跟我互动，爱我是不是比你自己更多,
文科生,content,……那我也不会感动,
文科生,content,文不文的另说， 好好说话都做不到，你连人不人的都困难,
文科生,content,友好讨论，随意哭笑,
文科生,comment,骂起人来真是文思泉涌，完整的放这里 天气很好，顺便给你们分享灿烂的油菜花（应该是吧 祝大家春来乐赏油菜花，人生处处有才华,
文科生,comment,太会写了天,
文科生,comment,我有时候觉得文科生容易有一种类似解离的感觉，看出来这个社会生病了，但是又无能为力，因为所有人都不信你说的生病了，他们觉得“我很好啊这样多好”可只有你意识到那是病得很深了[完啦R],
文科生,comment,他们反而觉得你病了，整天看这些“没用”的东西，又“赚不到钱”,
文科生,comment,让文科救社会，但没人指望是文科生救这个社会,
文科生,comment,我的老天爷 我文学申博申到现在哭都哭不出来 我真羡慕你们能为这么宏观的事情伤心 研究ai有啥意义 连从文章到文章都难,
文科生,comment,我也……今年刚交了材料……但大概率是没希望，联系导师回的连欢迎报考都没有，就是竞争激烈（我头铁去交了材料，很垃圾的背景和很垃圾的普刊一篇不知道自己在努力什么）,
文科生,content,我单纯不喜欢理科更喜欢文科呗（我确实真的喜欢文科，但我也不确定是不是社会塑造的原因），为什么就非得归因在我的性别上,
文科生,content,反正她一说我心里就应激了，忽然很有斗志就想玩玩这个装置，但后来还是放弃了,
文科生,content,我其实并不太想为了对抗“女生理科不好正常”“女生看不懂科技”等性别刻板印象而努力去做我并不喜欢的事试图证明什么,
文科生,content,总之我讨厌这种让我不开心的麻烦,
文科生,comment,暖妈还是太厉害了,
文科生,comment,暖妈还是太权威了,
文科生,comment,想起来小学托管班老师也是数学150，所以我从小就不信这种刻板印象，之前一个妹妹分科强烈建议只要不是理科完全学不了都去学理，可惜最后没听我的,
文科生,comment,哇太强了高联省一,
文科生,comment,我也因为我学习不错，而且我们补课班的男生学习都一般，那个老师就说“我要是你们我肯定不甘心输给一个女孩”（大致意思嗯,
文科生,comment,天抱抱你……好像比女生差就觉得很不甘心一样,
文科生,comment,那就让他们不甘心去吧,
文科生,comment,我成绩还不错 但从小家长比较注重文学方面的培养所以我文科可能稳定一些 之前学校培优生会议上也是找我分享的语文学习方法， 每次数学物理要是没考好我都会感觉自己给女生丢脸了…物理老师说中考基础化的趋势对我有利 我就很不甘心呐 理科上课我总有一种想证明自己的压力 反而紧张得没法思考了,
文科生,comment,我对学科到没有什么兴趣偏好，希望我们都能找到自己的热爱 不被定义 不必证明 活出自己,
文科生,comment,要开始竞争了，所以要打压你的自信了,
文科生,comment,我就觉得不行就是不行，哪来的后劲，借口那么多,
文科生,comment,其实我也有点为了对抗刻板印象一直在读理工科的意思，但是很多人读理工科也不一定是喜欢，可能就是为了就业前景吗,
文科生,comment,但是身边有越来越多优秀的女性榜样又让我在这条男生很多的道路上安心了很多…希望刻板印象可以在我们这代人的努力下被打破,
文科生,comment,高中化学最差考过30多分但最后学了个化学相关专业，然后专业排名前几其实还是我们几个女生,
文科生,comment,我高中分文理科的时候就受到这种话的影响，我心里就很不服女生理科差这种说法，选了理科，但是我是真不适合学理科，高考完我表哥看我的成绩，说我咋不学文哈哈哈哈，因为语文英语分数很高，其他都很垃，刚上大学经常会想我要是学了文会怎么样,
文科生,content,3.大学报考：听说今年高校文科缩招，无语了 有利方面（偏主观） 1.对于优生来说，更容易冲击高分与名校 这里的指整体分数靠前，但数学，物理等不是特别拔尖，思维相对没有那么天才的,
文科生,content,但在理科受数学的限制，很可能属于垫底的存在,
文科生,content,2.就读体验上，我认为在文科实验班会比在理科实验班好 依旧以我自己为例，文科实验班在学习与生活之间平衡的更好（很难描述到底好在什么地方），学习压力更小一些,
文科生,content,假也比理科实验班放的多了一倍（感谢班主任老师顶住压力给我们放假）,
文科生,content,（文转理不现实，理转文倒是有学姐考上清华的） 我高一时也是被当时历史老师说心动了，想要冲击名校，选文之后也一直没有后悔（虽然历史老师当时挺像个骗子的）,
文科生,content,希望各位都能选择自己合适的道路，预祝各位金榜题名,
文科生,comment,好的，感谢学长解答，那等我先上一学期再定夺选科吧,
文科生,comment,太真实了，赞一个,
文科生,comment,就特别担心学校会采取手段逼迫我选历政地，或者哪怕选到了历政生，会被“走班”给拖累（课程交叉的情况），所以很想知道成绩足够好学校会不会给我提供一些便利（比如把理科班和文科班的地理、生物课放在一个时间线上防止我走班错过历政课or为我单开一个班虽然听起来不太现实）,
文科生,comment,好的，谢谢,
文科生,comment,姐姐我是准高一，然后家里一直在劝我说学理有出路好就业，但是我理科思维不算太好但是我历史没有比物理高一个档次，本来想趁着暑假看看就业趋势的但是又想了想等我大学毕业已经过去七年了，到时候风向还会变，现在就非常纠结和一点点焦虑，还有对高中的恐惧,
文科生,comment,不着急选科，可以看看我主页还有些讲选科的,
文科生,comment,我家姐姐现在就是面临选科问题，好难啊,
文科生,comment,英语单词在初中时就跟着单词书背了，现在已经背完5600词了，假期有在练听力和阅读，开学后除了读后续写作文和语法还用再花费太多的精力了吗,
文科生,comment,鲁迅太多神级作品了，有一篇比较小众的铸剑我也很喜欢,
文科生,comment,这篇真的很惊艳我，太玩味了,
文科生,comment,我最喜欢他的却是社戏，每次看都感觉很宁静,
文科生,comment,因为故事新编也是鲁迅的代表作，而且20年高考一卷考了里面的理水，从那以后许多地方卷就喜欢出故事新编里的文章,
文科生,comment,疫情期间读到故事新编里那篇《理水》的时候也很震撼，太讽刺了,
文科生,comment,边城放护法太高了，只能说算是某个类型的顶配，但达不到这么高的位置,
文科生,comment,张爱玲为啥要选金锁记,
文科生,comment,我也觉得，有没有懂得分析一下，在我看来边城就是个葆有童心的桃花源记，是不是有点过誉了，沈从文我更喜欢他的散文,
文科生,comment,这个我也是纠结了很久，本人也是萧红的忠实读者，不过天妒英才，她离开太早了，而沈先生艺术更圆融成熟，审美更高雅，叙事更含蓄，悲剧有余味，非常符合传统美学 而且他是诗化小说巅峰大师，文学史地位很高的不过萧红文学洛神的实力和天才不可否认呐,
文科生,comment,张的其他小说文字都很有灵气但难免觉得有一股小资情调，但这一部真的是对封建礼教血淋淋控诉，把封建家庭伦理怎么吃掉一个女人，吃掉一整个家庭的过程一五一十的写给你看,
文科生,content,翻出去年的截图……经典刻板印象款偏科纯文选手的高考成绩就是这样的✋现在也学着不用学高数的专业，不出意外的话这辈子都不用和日常计算以外的数学问题打交道了，很幸福,
文科生,content,虽然期末周也背得痛苦但并不后悔,
文科生,content,（认出来的话不要盒谢谢谢谢,
文科生,content,#高考#高考加油#我讨厌数学#不是数学的错是我太菜了#高考应援团,
文科生,comment,睡醒午觉了，整理一下评论区的问题/观点~ ①谢谢大家,
文科生,comment,😚 ②数学118算不算偏科:我觉得每个人的定位和心态都不一样，我和身边同学还有自己其他科目对比觉得还是算偏科的🫠 ③看到评论区大家各不相同的偏科方式觉得好亲切，做到尽善尽美太难啦，我们都已经很棒… ④高考录取本质是限定年份限定地域内的排名竞争，所以大家的差异很难比较，不要吵架🥹 ⑤认为语文没用、搞学科拉踩的:我不爱骂人，您自重吧,
文科生,comment,主包出了麻烦踢踢我，谢谢,
文科生,comment,语文太牛了,
文科生,comment,数字差也没关系，118分足够上北大了，不经典刻板印象款偏科全理选手的高考成绩就是这样的✋,
文科生,comment,很厉害哇宝宝,
文科生,comment,历史不行,
文科生,comment,不行 英语绝对不能退 我每天最期待的就是英语课,
文科生,comment,要退我每天最烦的就是英语课,
文科生,comment,不能退 英语是我的精神支柱 我爱英语,
文科生,comment,那你一个人学可以不[呃R],
文科生,comment,可以那你一个人学,
文科生,comment,可以你一个人学,
文科生,comment,那你一个人学可以嘛我文科就英语学的最差,
文科生,comment,生日快乐啊,
文科生,comment,为啥 我们班香香的 是不是男的太多了我们班男女比51：7,
文科生,comment,我们希望教育会起到他该起到的作用，即使社会是不可教化的,
文科生,comment,从应试教育的死背，到高等教育的照搬西方解构主义，就没什么真正贴合国情的东西，中国哲学完全没人在乎，历史很多时候也教的不够深，这和学生一点关系没有,
文科生,comment,怕啥还有老黑老印呢,
文科生,comment,叠甲，我尊重文科，而且我很喜欢历史，但你说的逻辑学其实是理科，只是国内不太重视这部分罢了,
文科生,comment,我妈也说，国内没有专门教学生逻辑思考，而且我觉得我身边很多人还会自认为我用一套歪理辩论过你，是他厉害死了 真是无语,
文科生,comment,文学（我）和小王里打辅助是一样的，赢了（好事）不会有人说你好，输了（坏事）一定挨骂,
文科生,comment,可怜我又学文又打辅助，但是我一个不会改，因为我喜欢,
文科生,comment,之前和学理科的学妹聊过相关问题，发现其实真正读过书的文科生理科生都在互相羡慕，实际上自己的苦只有自己懂，只说文科生轻松学得好学的水，没看过文科生为了就业一个个卷成什么样，只说理科生好就业，没看过理科生学的多苦多累,
文科生,comment,分析的真好，我不理解为什么一定要贴标签，文科理科都执着于自己的标签，每个人都不是单一的，我喜欢文但是又不想放弃理科，所以高中学的理，对于文科学习是我的兴趣爱好,
文科生,comment,我的很多朋友都是文科生我们可以聊很好，我也可以和我同学聊很好，每一种专业和职业只要存在都是必要的，说白了最可恶的是最早给文科生理科生贴标签的人,
文科生,comment,中国文化的传播比日本差多了,
文科生,comment,天后面你的案例分析太精彩了，对原句的一一剖析和辩驳，同文科生，我无法做到像你这样清晰流畅地表述出来，这写出来就是一段很精彩的论述,
文科生,comment,谢谢你让我对文科的信心更进一分，原来是我自己的学艺不精，还需要更多的写作和讨论,
文科生,content,田野调查很fun啊 #并且有自己的见解#一个人上网挺无助的#文科生#田野调查,
文科生,comment,我的天好搞笑哈哈哈哈哈,
文科生,comment,天哪真可以吗[呃R]谢谢你,
文科生,comment,点进来就被骂了,
文科生,comment,谢谢姐姐分享的方法呀嘿嘿,
文科生,comment,我只是爱看类似的书，但理论和现实要连接,
文科生,comment,您目前在积累理论，可以看看一些案列，然后在事件上用案例来理解具象一下,
文科生,comment,的确迈出去感受，然后生产符合自己经验和体验的理论模式（eg.对于教育的看法，个人经验得出的），再和大牛的观点对比发现的差别，然后理解差别可能就不怎么混乱了也许 俺只是爱好，祝您在人文社科玩好,
文科生,comment,我是学文学的啦hhh有时候会涉及到一些纯理论非常让人头疼（站在前人肩膀也是一件费劲的事hhh不过很痛苦的同时也很有趣）落实到有效的现实意义也是一个困境，不过我猜想可能都会在行动中慢慢得到答案,
文科生,comment,不要伤春悲秋这点太重要了,
文科生,comment,想做人文的人，一定是非常有主见的人，且坚强有毅力，逻辑缜密，这背后对应的是很多人文学者的生产力：提出观点，纵观古今，举例论证，自圆其说,
文科生,comment,点了，共情有敏感有但缺乏洞察本质的能力和逻辑分析能力，可以感知但无法阐释，这样很难产出学术成果，现在非常痛苦，一边被文学吸引一边被文学痛打,
文科生,comment,人文和社科还不一样 人文需要很强的共情能力内心要有一丝纯真 社科的话我觉得就是爱给自己找思考的苦吃 对世界充满着好奇心 爱钻牛角尖,
文科生,comment,坐得住，换句话说是耐得住寂寞，人物社科有很多研究就是自己和自己较劲，且需要量变到质变的过程，没什么捷径可走,
文科生,comment,像在顺流而下的河流中忍受可能淹死的不安，但不满足任何一个游泳圈一样地，尽量理解和诠释世界的每一种可能性,
文科生,comment,然后不把任何理论当成手术刀一样切割世界，而是首先看到人本身，对人有一种包容和爱,
文科生,comment,因为人文社科难免带着某种框架在看待世界，积累知识和理论的过程是不可或缺的，但是最终是为了看到世界，而不是看见理论,
文科生,comment,第三点真的很难，有时候我们做课题做研究，会不自觉沉浸到具体小现象和理论的视角去，然后丢失整个研究全局和失去对原本要做的对象的视野，感觉这种平衡要学一辈子,
文科生,title,【高中必看】选科规划与职业对应，未来不迷茫,
文科生,content,今天，就让我们一起探索选科规划与职业的对应关系，让你的未来之路不再迷茫,
文科生,content,#选科规划#职业对应#职业发展#教育规划#未来不迷茫#职业选择,
理科生,comment,工科没人文关怀，应该多搞点人文讲堂，讲讲历史经济人文，思想文化,
理科生,comment,别ex我们工科了行不行，学专业课本来就累还要学这些跟为了就业本身专业毫不相干的东西，工科有些哪怕已经落伍倒是好歹能见微知著，就像计算机学PHP好歹会让你顺便学学js，h5，我们学人文干嘛，ex自己吗，还要期末考，给期末周加负担吗,
理科生,comment,地理还是有用的吧气象也很有用啊,
理科生,content,虽然我要是学文科会更完了个皮蛋#梗图#上学精神状态#脑容量有限#理科生日常#创人#我的学习状态#人间真实#学生#中学生精神状态#此图有梗,
理科生,comment,生物遗传学那里好难,
理科生,comment,Okok，谢谢学姐,
理科生,comment,高考后期生物拉不开分，除了个别高得离谱的都差不多水平 ，很多东西你现在觉得难，题写多了都是老一套来来回回考，大部分都是必得分类型（我之前甚至都觉得辅导班生物老师吃不上饭）当然，我的意思是，如果选生物对你未来更好的话，就不要因为现在觉得生物难自己学不会而放弃,
理科生,comment,相应的，你觉得自己喜欢更适合地理的话，也是很好的,
理科生,comment,谢谢学姐😭我担心好久呢，这样的话就没事了,
理科生,comment,谢谢你不过我对地理更感兴趣，并且这次生物在班级排35名去了,
理科生,comment,喔~原来如此,
理科生,comment,我真不行了,
理科生,comment,但是我不选物化生的话更是废物,
理科生,content,怎么没人给我们工科女高考加油,
理科生,content,原作者是#就像是失去神经#这辈子就这样了#工科#工科女,
理科生,comment,怎么说呢还是没连上,
理科生,comment,啊啊啊谢谢宝,
理科生,content,🌚 下周回来画后续，这几天真的太特么忙了，再过几个小时我就要去搞学校的艺术节，等会还要准备过两天学校实践活动的东西，烦💢#oc#自设#画画#理科生#文科生#高中生心理状态#心选哥#高中#选科#你我的选择,
理科生,comment,期待心选哥证明成功,
理科生,comment,搞史同（以前搞过国拟）选了物化生，现在正在持续痛苦中……,
理科生,comment,现在初三开始考虑选科，也是搞省城拟的，但是好像都不太推荐选纯文关键是一上物理化学课就犯困我现在都不知道到底该怎么办了,
理科生,comment,其实初三还不用太着急选科，等到了高一上把每一科都接触了再来考虑也不迟，毕竟高中的科目和初中是有很大区别的[棒R],
理科生,comment,首先我真的真的真的很喜欢历史，其次我有点史同属性，最后我理科真的很差,
理科生,comment,太真实了,
理科生,comment,救命，难道男学霸真有模板…我真的爆笑了老哥,
理科生,comment,羡慕你的才华,
理科生,comment,问问，喜欢这种男生会有结果吗,
理科生,comment,太有了姐妹，早点下手，一抓一个准,
理科生,comment,完蛋我紫老头理科差的要死,
理科生,comment,一样一样 能不能管管文科紫薯的活路🥹,
理科生,comment,怎么面相都骨里骨气的（骨折眉）,
理科生,comment,快乐小狗女想当法医有希望吗,
理科生,comment,可是我们班的女生理科战神，她有刘海，不凸嘴，喜欢穿黑色或深色的衣服，身材也不干瘦，就是普通身材微胖爱吃小零食，下课的时候经常会见到她拿出一袋小零食来吃她，这也不影响她数学考110以上，理综考100以上只能说我羡慕不来,
理科生,comment,是，初中难度这样是正常，但是大部分人做不到，不然你以为为什么叫理科战神,
理科生,comment,宝贝，我现在就去发一个母亲经典皮肤，母亲一般是长头发，和蔼严厉又温柔的，然后有一个人跳出来说我妈是短头发，然后引用你的经典评论，所以你妈是假的呗任何人和事物的形象都不是单一的，而是多样的,
理科生,comment,如果你连这点认知都不清晰的话，建议你回去读一下小学六年级，谢谢😊,
理科生,comment,我想表达的是 这个分数一般般不算好 你们对好的定义太差了些 不知道你们年级第一什么水平 也可能是你这个学校一般般,
理科生,comment,真是没时间跟你们闹了，你们带着恶意上网发表言论，有时候真的不会被自己蠢到吗,
理科生,comment,说话敢这么趾高气扬,
理科生,comment,班里初中数学120/120的女战神，理综扣5分内，上了高中依旧崩溃,
理科生,comment,我作为一个理科生双眼皮，特八卦，有刘海，不凸嘴上课也不是很听讲，而且最重要的是我特别爱在课上吃零食，谁敢说我不爱吃零食,
理科生,comment,刻板印象了，一年前我还是高中理科生，不凸嘴，高马尾，韩式八字，圆框眼镜，穿彩色短袖，外向，爱吃零食，没有crush,
理科生,comment,可是我们数学年级第一的女生，乐观开朗活泼，人缘超好有刘海，爱吃零食，还看小说，上课积极，数学110以上（满分120）,
理科生,comment,对男生不感兴趣是真的，我读高中的时候我前桌喜欢我老找我玩我完全不知道，毕业后才知道,
理科生,title,笑死我了，霸道数学强制爱🤣,
理科生,comment,没事，我挺喜欢数学的，话说音乐有人学得下去吗,
理科生,comment,呃呃，只要不谈口风琴和那些难懂的字母，我都学的下去，数学我真不行,
理科生,comment,那太棒了，我数学第一喵话说把音乐打死吧，谢谢(*^o^*),
理科生,comment,我就是高中纯理科能去985最后选了一个五院双非 我真的想死了,
理科生,comment,哈哈哈哈哈同为理科生学法学，我大二就准备跨考理工科了厌恶这个行业了，从一开始满怀热情到现在课都不想听，高投入低回报的专业,
理科生,comment,太好了你没去实习，去南昌实习倒贴钱上班然后他们给你做一堆初中生都可以干的活零薪资才绝望,
理科生,comment,没事的我当时还有高中学妹问我法学咋样，我说别学法学，她还不信，她高考完就把我删了，大概率双非，也有可能二本吧，不知道她有没有后悔，你在劝的时候人家就觉得你怕她跟你抢饭碗，实际上我们连饭都没得吃，根本不存在抢饭碗一说,
理科生,comment,其实能学到东西都算好的，可是做一堆初中生就能做的垃圾活还要贴钱,
理科生,comment,非常垃圾的专业，赶快跨考工科吧，看到小红书一个清华博主说清北法硕年薪二十万就是好工作，可是我高中同学（理科班）一个普通211工科本校招就开了30万,
理科生,comment,对 我在跨考前一个复旦法硕，本科也是法学，她跟我说找工作很难，在考虑要不要转码，我的天呐复旦都这样了然后我思考了很久最终决定跨考了,
理科生,comment,非常垃圾，top院校的文科也是文科，我们学校软工本科校招就月入过万，年包二三十万，法学生要本硕➕n段实习➕论文竞赛拉满才能达到➕985,
理科生,comment,毕业即考公，考不上公就失业，谁也不想去律所,
理科生,comment,对啊，我感觉这个发展太不平衡了，我老家是安徽的，目前合肥都在发展高新技术，为什么南昌连高新企业都很少，而且教育资源也不咋地，高考难度大，高校资源也不太好，一个省就只有一个中游 211，江财跟广东那块对口，但是连双一流都没有，真应该政策照顾一下了,
理科生,comment,就是啊，法务还要求垂直经验，法务工资低其实是有原因的，他不能给公司带来实际产出，不像技术人员可以直接给公司创造价值，而且法务门槛还高，累死累活一个法考证什么都得不到,
理科生,comment,这个问题确实是难住我了，现在计算机争议也挺大的，但如果要跨考的话这两个专业我还是更推荐法学一点（哪怕我是反理科生学法最锋利的剑）,
理科生,comment,人大不差吧，至少去律所应该起薪有一万吧，还想考研去人大读法学呢,
理科生,comment,哇，不可能哇，你这可是人大啊,
理科生,comment,你厌恶的或许是别人梦寐以求的河南理科生（我们那年还分文理，当初学理也只是因为比学文志愿好填一点），从小都想法学可惜阴差阳错没有学成，大二了也没释怀，意难平，可能已经成为我得不到的执念了吧，心中的苦,
理科生,comment,我也是老高考的学生，也很热爱法律甚至复读了一年只为了学法，但怎么说呢自己当时的眼界观念根本达不到现在这个水平，信息闭塞压根不知道现在的大环境情况，可能是因为我要步入社会了所以考虑问题的角度会比以前要更现实一些,
理科生,comment,我总和同学说我热爱的是法律而不是法学,
理科生,comment,我当年要是去个211随便读电气机械计算机，去本省医科大读口腔,
理科生,comment,不是所有人都适合体制内想考公比如本人，理科生拿六百多分读了这个破法律只是当时被忽悠说律师赚钱多法检工作很体面有社会地位工科不考公也能活的不错，法学现在不考真的完蛋了，我现在每天都感觉自己犯罪了似的，前途乌黑,
理科生,comment,我甚至是被迫学的法，小镇做题家没有任何资源外语奇差无比，表达能力和记忆能力齐寄哐当一下被丢来就学法了,
理科生,comment,相反，理科生学的冷门工科后悔当时没学法，非常讨厌工科,
理科生,comment,同是理科生 从人大法学院毕业工作5年 越来越讨厌法律工作,
理科生,content,一些日常拍的🎞️ 📸：奥林巴斯u3 #生活中的小碎片#分享片刻#好好生活皆如所愿#生活需要分享欲#我的日常#每一帧都是热爱,
理科生,comment,不行看到你这个是真的笑了,
理科生,comment,对于世界观最大的冲击莫过于，当你意识到那些基本粒子电子什么的，并不是一个实际的球体或者物体，它们是某种波或者概念，没办法被光学真正看见，而你的身体却是由这种看不见的东西构成的,
理科生,comment,哇，那你很厉害(不过厉害的前提是其他科目全部及格),
理科生,comment,没事，加加油，阅读理解题可以上网搜一搜模板，咱这个年龄段应该不会考太难的，一种类型就那么几条固定搭配，而且还不一定是全有，都是从原文里来找，然后就是那个原文，你寻找能力太弱的话，可以上网多搜搜咱这个年龄段要做的题，或者前几年的考试题,
理科生,comment,我们班的理科战神是运动战神,
理科生,comment,我不行了zi′yi吗,
理科生,comment,博主，战神的鞋黑鞋白底居多吧[笑哭了R]哈哈哈,
理科生,comment,还有一个，遇到喜欢的人特别宠特别溺爱,
理科生,content,你开始大量阅读各种书籍，黑塞、伍尔夫、三岛纪由夫、简媜，你也喜欢余华、史铁生,
理科生,content,你在数学课上问同桌读没读过张爱玲，然后给他讲白流苏和范柳原的爱情博弈,
理科生,content,在这里，文学是无人问津的草芥，讨厌文科甚至成为了一种时尚潮流，课间同学们纷纷把头扎进数理化练习册的海洋里,
理科生,content,看着转去文科班的朋友脸上明媚的笑容，你迟疑了，生出一丝后悔，像在心底化开了一颗青梅子糖，又酸又涩,
理科生,content,尘封在心底中的对文学的热爱像锁在柜子里的水，日日从罅隙中洇出一汪水渍,
理科生,content,亲爱的，你以为故事到这里就结束了吗,
理科生,content,何况你怎舍得真的抛下你热爱的文学,
理科生,content,你重新拾起牛皮本，不再遮掩自己对文学的热爱，谁说理科生都要是表达障碍的冷漠理工机器人,
理科生,content,况且，有在班里同样苦苦热爱着文学的朋友，你从不是孤身一人,
理科生,content,亲爱的，文艺也是一种天赋，请不要放弃你对文学的热爱,
理科生,content,#文艺女#文艺b#文学#写作#我与我周旋久#非典型性理科生#文理科#文理分科#热爱#随笔#创作,
理科生,comment,看到大家的评论想了很久还是想说这些话，感谢每一位与我共情并在世界的另一个角落爱着文学的人对于一些不太赞成或理解的朋友们：其实我写这篇文字的初衷只是想抒发一下这段时间从内耗纠结到与自己和解达到自洽的过程的感受，发出来的时候也真真没有想到会被这么多人看到，故而我的这些表达只是针对我平时的感受和思悟，并不是对群体的对立甚至围剿…我无意去挑起文理对立，也并非孤影自怜着去追求文艺，在结尾我也写到了文理并无巨大隔阂的想法,
理科生,comment,我所处的班级环境的确对文科不太友好，所以才会有这些想法和感受，但我也当然依旧相信这个世界上还有很多热爱人文的理科生和喜欢科学的文科生,
理科生,comment,说的太好了……,
理科生,comment,太会说了,
理科生,comment,是啊，科学性，哲学性，艺术性的美，本身就紧密相连，很多文艺建筑等作品的美都包含着数学的简洁精妙以及自然科学领域的发现和美感，热爱知识的人都能从这些事物中得以窥见人类智慧结晶的神圣殿堂,
理科生,comment,然而劣币驱逐良币 占更多的文理水平都有限的“理科生”偏偏喜欢把理（工医农）和文（商社）对立起来,
理科生,comment,以及文科差理科好被好多人当成一个值得炫耀的点,
理科生,comment,可能是喜欢的专业只招理科生[呃R],
理科生,comment,我们这边也是文理分数线差很大我服了,
理科生,comment,意向表应该是没什么影响，唉我就是选了物化生现在有点后悔,
理科生,comment,我对以后学理工科毫无兴趣，现在来看也不愿意把半生交付给不喜欢的职业……但是那个时候的我怎么知道呢,
理科生,comment,强大到我看到这篇文章的第一句话眼泪就蓄在眼眶里随时准备着流出来,
理科生,comment,同桌唾弃并摔书的语文和政史是我最热爱的东西,
理科生,comment,刻板印象里文艺女总是没有幸福的家庭，时好时坏的家庭孕育出这样敏感又糟糕的我,
理科生,comment,每一天带着自己的小本子上学，再空空地拿回来，很想哭,
理科生,comment,我害怕的不是我学得很烂，我害怕的是我的天赋流走，再也写不出我引以为傲的东西了,
理科生,comment,你的天赋和灵气，是从你生命里长出来的，它们不会轻易消失,
理科生,comment,你写下的每个字，哪怕再零星，都在那一刻接住了你的情绪，安放了你的敏感,
理科生,comment,我天啊真的太有同感了，但我觉得学点理科学点自然科学真的很有意义啊，还是很值得的，而且我们现在文科班讲的政治（哲学部分）内容就都是应试相关了，感觉学了半天都是假的,
理科生,comment,作为也是选理科但是很喜欢语文的女生，感觉完全没有能共鸣的点,
理科生,comment,看了很多条评论，都纠结在选科不能平衡热爱上面,
理科生,comment,其实很有感悟的人都是因为选文没出路所以才选理，但是理又学不明白，只能把自己对于文的爱寄托在语文上面,
理科生,comment,我认为爱文学的人即使没有人能跟他交流，在看到不同的先哲的思想与观点时也是会心满意足的，尤其是在发现他们的相似之处，产生共鸣时,
理科生,comment,我特别喜欢朱光潜写的《谈美》，反反复复看了好几遍，在图书馆发现有一本被别人做过笔记的《谈美》时特别高兴，专门借回来想看看别人是怎么看这本书的,
理科生,comment,于我而言，即使没人跟我聊文学也很高兴,
理科生,comment,考出去就很自由了🥹🥹我之前也是格格不入的理科生来着 现在天天泡图书馆看书看展览 上课用电脑码随笔码小说好幸福 很快就会好辣,
理科生,comment,谢谢姐姐这也是我向往的自由生活🥹,
理科生,comment,我很喜欢音乐，也喜欢文学，喜欢看个人生平，喜欢听历史小故事，但我选了理……嗯,
理科生,comment,数学物理我很苦恼，这尖子班我一直都是垫底的那个，合唱比赛我是音乐课代表，音乐课同学都在写作业气走老师，我有组织的责任但没有发言的权力，渺小到班主任都不知道有我这么一个人的存在,
理科生,comment,有时候总在想，走了算了一了百了，可这个班虽然冷漠，还是有那么几个亲切的同学……我喜欢语文老师，喜欢历史老师，喜欢地理老师，喜欢化学，生物老师(虽然不想去问问题，但她们讲课听着很舒服，没过关去找她们背她们也很温柔细心)不转，过的很憋屈很不合群,
理科生,comment,老师们也说我心态好，但其实我真的很不开心,
理科生,comment,我是理科生，最喜欢的就是化学和数学，最难受的就是语文课上语文老师讲了一些我认为是大家都应该知道的一些故事和俗语什么的，但是大家都不知道,
理科生,comment,我也喜欢看书写作，但每天都没有时间,
理科生,content,#数学#我爱学习学习爱我#数学的魅力#高考数学#学不下去一点#高中数学#大脑一片空白#尖叫扭曲阴暗地爬行#数学学习#大学数学,
理科生,comment,也是轮到主播用这个图了哈（主播不是不会这道题，只是感觉这个图长得很像小王子里面这个情节而已别骂了别骂了（也劳烦看到这个帖的人去看一眼主播的主页吧虽然主播画的话就是一坨））,
理科生,comment,自信点，问号去掉,
理科生,comment,主播主播，那我看到了ST段弓背型抬高你不就炸了吗,
理科生,comment,急性心肌梗死，心肌炎,
理科生,comment,看到了free energy reaction diagram，大抵是没救了,
理科生,content,面对北大文史哲，即使是三本的生化环材，一想到自己是骄傲的理科生，也会不由自主地挺起胸膛,
理科生,comment,是不喜欢吗,
理科生,comment,北大和武大什么时候差了一个档次了，太逆天了，北大和复旦才是差一个档次吧，如果你让我选北大考古还是复旦微电子，那我毫不犹豫选复旦微电子啊,
理科生,comment,复旦微电子和北大考古分数线差距不大,
理科生,comment,你非要说只差一个档次，那只能说复旦微电子和北大法学比了，你选哪个,
理科生,comment,微电子和法学的上限都很高，但是显然微电子的保底能力更强，北大法学就是你挤进去了红圈所又怎么样呢，你得有人脉啊，说好听点要积累，说难听点你得会来事呀，这东西真不是你读书好就能做到的，而且法学就是经典的很多有人脉会来事的普通一本生都可以混的比很多985好，当然你要说法学还可以考公选调，用考公选调做退路的，我不好评价,
理科生,comment,北邮计算机分数线从没低于过中九，一般都是跟中上985差不多，到你这成末九了,
理科生,comment,文科就业就是不行，你怎么不看看清华招生的文理科比列呢,
理科生,comment,就是不喜欢啊，专业都选不好,
理科生,comment,额 高中从来没考赢过我的同学放弃高考走语言类报送 保pku语言专业了（坐标广东某一线城市外语学校,
理科生,comment,文科生不是说瞧不起 但是确实水平差点意思 当时保送考试文理一起排名语数英三科 年级前100 70个理科生 前10有8个理科 还是经典的文强理弱学校,
理科生,comment,没想到还挺多人回复的，我懒得一个一个去解释了，说下我的观点吧：那些中下游理科生来读文科也还是中下游，并不会如自己幻想的那样，换到文科就大杀四方，爷不去只是因为文科专业少就业差,
理科生,comment,对啊人家就是不喜欢学文科有什么问题，因为不好就业所以不喜欢有什么问题,
理科生,comment,是呀是呀理科生只看专业，三本热门专业大于一本冷门专业，只有理科读不下去被迫学文的可怜的文科生才看重学校的名气（即使如此毕业了也还是找不到好工作）,
理科生,comment,虽然我才大一没找过工作，但原理我是懂的，企业招人看学历本质是因为毕业生没有经验，只能看学历来初步判段一个人的能力，本来985文科就算换专业也能去稍次的985，和差学校理科生差距就在哪里，而要搞科研的话确实看专业，但需要博士生，所以我觉得你说的有一定道理,
理科生,comment,怎么说呢……现在社会的确更偏向理科生一些，我们作为个人没有力量改变，那就更可能去学理，这没有办法,
理科生,comment,文科生上下限差距大,
理科生,comment,文科上下限差距还不是最大的，最大的是艺术生,
理科生,comment,事实是，学科有差异，但智商和学习能力是通用的,
理科生,comment,我有个比较熟的中学同学当年选了文科 但她理科也不错 班上应该能排到20来名 这个水平是能去复交浙的 但还是学文科 最后去了北大光华 一方面是她就喜欢文科 一方面确实学文可以去更好的学校 但后来聚会聊起来 她也说高中文科学的那些东西屁用没有 就是浪费生命,
理科生,comment,努力的人怎么会被鄙视呢,
理科生,comment,听别人说高中生物难学学不懂，又告诉我生物竞赛都是背没有含金量但真的喜欢生物,
理科生,comment,高中生物难是因为喜欢拿最前沿的生物科学考你基础知识，本年的诺贝尔生理学与医学奖一般是试卷热点话题，但是普通考生看都看不懂怎么做,
理科生,comment,好好好，我是真的喜欢生物,
理科生,comment,太厉害了 我都不知道从何背起 试卷的题也是 创新能给我创飞,
理科生,comment,23分什么概念就是基础知识点都不会，然后一个星期突然就都会了，不知道知识点会了还能应用到各种题目当中太厉害了,
理科生,comment,怎么你做不到的事就一杆子全打死了捏,
理科生,comment,因为这也是学科 也是一门不可缺少的技术 凭什么不能有竞赛,
理科生,comment,如果不是太喜欢了谁会去考,
理科生,title,想回去读工科,
理科生,content,想回去读工科……工科回报感比文科高多了而且完全没有价值内耗 ----------- 二编：以前在土木，三大力学确实难学而且不好找工作，宿舍6个人转行5个,
理科生,content,最近报课题文科一大堆方向都不能做（我想做现象学的数学哲学），寒假快两个月完全没出门一直窝在家里高强度卷 每天干将近12小时，过年连老家都没回，也没有生产出像样的成果（进步不线性） ---------- 三编：不是真的想回土木，只是最近压力太大太大了发发牢骚而已啦 ---------- 四编：其实不是很关注经济回报，只是觉得有一个明确的可以化约成我能把握的简单价值的东西我会安心一点（可递归）,
理科生,content,我是喜欢为了工作而工作的那种人,
理科生,comment,学工科就像形婚 别人都在羡慕你找了个有钱老公 而只有你自己知道他喜欢男的,
理科生,comment,不谈爱不爱的话，起码工科能多少给点，学文科就像你找了一个一贫如洗到人尽皆知的老公，你以为爱能抵抗柴米油盐，但婚后发现没有物质的婚姻就是一盘散沙……,
理科生,comment,实习没有工资还要下工地，试用期过后工资两千,
理科生,comment,你再骂...,
理科生,comment,想回去读文科……文科认同感比工科高多了而且完全没有情绪内耗,
理科生,comment,人总是喜欢美化自己没走过的路，高考我和考研的时候都幻想过如果我当初选的是文科，会不会也顺顺利利考上985，毕业之后直接考公也是一条很不错的路,
理科生,comment,但大部分时间我并不后悔读了工科，本人本科读的化工，就我身边人了解的，很多人只是不满意这个专业，但也没那么觉得文科比工科好，所以硕士读研的时候都会有意识地去转方向，找好方向,
理科生,comment,可以来学医既可以感受工科的疲倦辛劳还可以感受文科的价值内耗甚至可以体验到学历贬值的超绝速度,
理科生,comment,女生能接受吗，除了计算机行业或者研发，工科工作不在城市，在郊区，离家远，大概率不能经常回家，然后工作内容危险，经常短期内高强度加班，倒班或者外派出差，四者至少有一,
理科生,comment,没办法哦，虽然办公室条件很好但是要处理现场问题哦，再坐在办公室要被投诉的哦，投诉扣绩效罚钱的哦,
理科生,comment,好想学文科，我喜欢，少点钱也没事的饿不死就行,
理科生,comment,高中擅长理科不代表学工科就不累啊，学的不上不下的,
理科生,comment,别说是我没进好单位，只能说在这个行业里干的人懂得都懂，真心不希望任何一个人再来踩这个日薄西山的坑了,
理科生,comment,有时候恨不得一觉醒来全世界的基建水平回到石器时代，但是想了想我们院的情况，已经为了引进更高效的ai软件降本增效开始裁人了，就觉得要完蛋的其实是这个行业和时代背景没什么关系,
理科生,content,终于可以松一口气了～ 理科全 A+ 英文也成功拿到了C1,
理科生,content,真的很开心 ​很多学弟学妹问我怎么拿高分,
理科生,comment,moral真的很难拿a+吗,
理科生,comment,啊这么高,
理科生,comment,太厉害了,
理科生,comment,我的老师之前要求把课本里面的每一个diagram都画出来一开始很烦但是画多了真的会记在脑海里,
理科生,comment,嗯确实 bio课本就是很让人感到无聊 but我bio老师很喜欢强调 spm是拿bio课本作为唯一考量的 很多时候那些chapter最后的kbat题都会出现在trial/spm 可是很多时候会被我们忽略 所以之前我们老师会要求我们抄一些答案啦 不过到后来的话真的抄不来那就用读的 bio我其实觉得如果觉得很难读就找习题 遇到不会的就对症下药专门去读那个部分 这样一来也好记,
理科生,comment,好的好的 谢谢祝升学顺利,
理科生,comment,我的天你也好强,
理科生,comment,这次运气真的爆棚了 我老师说应该是因为我作文写得好嘻嘻,
理科生,content,计算物理.....何意未呢......是不是本科都是科大的幸存者偏差,
理科生,comment,珍惜这个时候的物理现在在学电学，烦死了,
理科生,comment,包爱物理的好吧,
理科生,comment,求方法啊啊啊谢谢谢谢,
理科生,comment,但是对于我个人来说，先是因为喜欢物理老师，后面才喜欢物理的，也就是因为这样，然后对物理的有这种去学习动力,
理科生,comment,所以热爱也很重要吧,
理科生,comment,嗯嗯好的，谢谢你,
理科生,comment,很佩服你们这种人，我感觉我真的学不会数学了,
理科生,comment,仅仅是运动学的话还是太简单了,
理科生,comment,物理我的天敌,
美术生,content,九档立方体，从95+大神到“弃笔从文”的绝望， 这不就是美术艺考生画素描时的真实写照吗😭#美术高考集训#美术中考#美术联考#美术培训#美术生集训#联考#素描教程#素描#美术生审美#素描静物,
美术生,comment,求指点 不知道下一步该怎么改了 明年就艺考了好焦虑,
美术生,comment,在你那一块差不多了江西还行的,
美术生,comment,集训的时候其实很多问题在数量的堆积下就慢慢解决了，放平心态慢慢来，造型能力还可以就是细节有点太放了可以适当处理一下，衬布转折可以弱化一点不要那么硬,
美术生,comment,回复 fdescallion^ ^ : 衬布的转折虚化一下是不是会好一点呢 细节太放了是什么意思呀 是要在深入塑造一下吗,
美术生,comment,谢谢宝子,
美术生,comment,回复 Sepalcro del amor : 空间感具体要怎么表达出来呀 我老师有说过这个问题但是一直不明白是要把后面的玻璃瓶子虚化一点吗 ，排线的问题,
美术生,comment,我跟你差不多啦 因为我要走专业课所以专门学的 你可以更好的,
美术生,comment,衬布转折可以多排些线来处理，记住它是一块布，是柔和的（）细节塑造我就拿你画的这个这个带把的这个壶来举例，它出水口不会就是一块暗部卡中间，哪怕你看到的是这样的，你也可以主观地给它加上一个面，小刀的投影也落了，就显得画面完成度不高这样子的,
美术生,comment,全是问题该留白的地方你画那么粗的线条，明暗交界线没有过渡自然，物体边缘线太含糊不清了，物体投影全部死黑，纸巾也没擦好，线条都是粗糙的，没有空间，整个画面平的，背景太乱等等......,
美术生,comment,色彩挺舒服的，色感很好呀，临本的画风可能联考不太喜欢，如果想走专业的话要换，素描逊色很多，我建议是好好打基础这样的，不要着急画石膏头和头像，缺少体感,
美术生,comment,我真的不擅长画球体和曲面😭,
美术生,comment,它们颜色很深，我正在努力控制亮度😭,
美术生,comment,第一次画这种稍复杂一点点的时候石膏 老师没修改过 目前学了三个月有希望上一档吗[完啦R],
美术生,comment,真的没人懂，已经完全画不动的时候坐在那里冥思苦，这旁边的人都在刷刷刷的画，但自己画不动的无力感吗,
美术生,comment,太懂了，每次都特别好奇他们怎么有那么多能画的,
美术生,comment,这个无所谓，还能开心一下老师指出来了不然一直错下去[棒R],
美术生,comment,那很绝望了,
美术生,comment,太正常了要哭了,
美术生,comment,我去…如果我喊老师让他帮我改我应该会被骂,
美术生,comment,最喜欢听的一句话：起来,
美术生,comment,当了老师后突然就明白了 看到学生有进步能开心的下三碗饭，看到学生渐渐放弃画画也会难过,
美术生,comment,同学先别哭，眼泪要顺着结构流,
美术生,comment,突然想起来之前集训隔壁的一个男生一直在问我怎么画的，然后我就教了，后面画着画着他就低头爆哭了……我也不知道咋办就休息途中请他吃了个雪糕，然后他说他牙疼但还是吃了……,
美术生,comment,作为没有经历过画室集训的美院生太好奇机构集训生活了（虽然是因为没钱）一般怎么吃住啊，老师和学生关系怎么样，会像朋友一样吗[棒R],
美术生,comment,咋办，开学就是艺术生了,
美术生,comment,刚开始很迷茫觉得自己画不好 因为没有基础 虽然现在还是画的一般般 但是大家都在努力画吧 一定可以的,
美术生,comment,老师帮我改画到底是因为觉得我有救还是画面丑的他看不下去了啊每次都好担心老师对我无语了,
美术生,comment,无语就不会帮你改了当然是想你画好,
美术生,content,高二成绩全校垫底 和家里人大吵一架执意要学美术 花费15w独自一人去外地集训5个月 期间遇上疫情，被全校孤立，成绩一落千丈 朋友的背叛、老师的责骂 就连最亲近的父母都不相信我 我只能一个人默默承受这一切 那段时间以泪洗面是常态 好在困难之后，是小小的成功 统考276，全省排名190/30000 宝宝你觉得你是全世界最倒霉的人 造谣的人转校来了你的班级 这意味着5个月前所有的遭遇 你又要重新经历一遍 她们把你所有努力后的成绩归功于运气 留给你的时间不多了3个月，你能不能一雪前耻 从那以后你真的开始往死里学 一整年每天的平均睡眠不到6小时 一天2杯黑咖打底，喝到心悸☕️ 无数个深夜面对错误百出的试卷偷偷哭了好多次😫 从前爱发朋友圈的我，高三没发过一条 我开始习惯一个人独来独往 因为备考压力大，暴饮暴食胖了10斤 失眠、脱发、免疫力下降…… 3个月极限学习文化课，提分180+ 从垫底逆袭全校第一 考上211🏆 宝宝你以为以后的路会一帆风顺 但考上大学后发现对专业根本不感兴趣 每天光完成作业都很痛苦 上专业课对你来说更是一种煎熬 于是你开始寻找自己未来的出路 你尝试过很多方向 终于确定想要靠自媒体发展副业 靠自己摸索涨到1000粉丝👍🏻 但在1000粉卡了快一年 每天认真输出干货，却没人观看 只有我自己给自己点赞 于是你毅然决然选择知识付费 提升认知 3个月涨粉1w+ 帮助了无数高中生 也让我从伸手向父母拿生活费的我 变成一个月入4位数的大人 宝宝你现在是一个独当一面的大人了 你可以一个人去陌生的城市学习 成了亲戚朋友口中“高学历、能赚钱”的小孩 我想你应该没有让妈妈失望吧 宝宝，你要继续努力成为更好的人，人生的路很远，累了记得要休息一下～ #大学生#自媒体#大学生副业#美术生#艺术生#逆袭#月入过万,
美术生,comment,还是比较差的那种（比划）原本定的目标是211现在感觉什么都考不上了（碎,
美术生,comment,先把专业课弄好，一样样来，不急，每个阶段主线任务不一样,
美术生,comment,谢谢姐姐,
美术生,comment,不敢全放文化课,
美术生,comment,做不到啊 （望,
美术生,comment,现在专业最重要 专心搞专业 不要焦虑 下学期努力成绩,
美术生,comment,啊啊啊谢谢,
美术生,comment,太猛了，绝对支持，除非家里面经济很困难276复读，画室都是免费的吧,
美术生,comment,看在哪里集训吧，如果是北京（好班）什么的学费够了，如果是在本地的话那肯定是多的都有了,
美术生,comment,好喜欢评论区差点以为是超级避雷贴我学服装设计特别累但是有时候想到我还在画画觉得很幸福,
美术生,comment,把服设作为爱好，去看看设计网站，看看服设比赛，多试试AI软件，投一些社会比赛都是可以的,
美术生,comment,不急嘛集训一般是高二开始你可以花一年好好思考一下收集一下资料,
美术生,comment,啊，谢谢，还在思考要不要画画中,
美术生,comment,很开心，学了舞台美术设计，画画，去当群演玩，做各种模型还自学了点标本，有的时候被学校拉去看京剧什么的，想一直做下去,
美术生,comment,本来以为没大学上了，现在也是上上双非一本蜡开心，就是不知道还有哪个大学开设这个学科想考研,
美术生,comment,学长学姐们好，我从小喜欢画画，但是家里条件不允许没让学，后来到了高二在我的坚持下爸妈终于都同意让学美术，对画画的一腔热血终于可以释放，高三集训对于没基础的我很累，但是很开心,
美术生,comment,今年考上了贵州大学（超级开心,
美术生,comment,）录取到了绘画专业，其实最近没开学一直在担忧绘画专业毕业后不好就业怎么办，有点像转视觉传达，但是听说转专业要大一读完后再重读一年，又很犹豫，跟爸爸妈妈也没商量好，而且家里就是普通家庭，不支持烧钱铺路，现在对未来的生活和就业方向有点迷茫，学长学姐们可以给我一点建议吗,
美术生,comment,什么专业都不好就业，选一个喜欢的算了,
美术生,comment,我集训时候是2021年，疫情比较严重嘛，封校，大家也出不去学校，情绪比较暴躁，还有比较炫压抑的,
美术生,comment,后来22年上了大学，才知道当时艺校为什么这么安排，是因为晚自习的时候，校长在卫生间里面抓到一对男女同学正在做恨,
美术生,comment,后来我学琵琶的那个朋友，跟我说，“可能这就是一种反差吧,
美术生,comment,太恐怖了,
美术生,comment,真的消费很高她们本来学校的一些表演项目的兼职一个月能赚个八九千块钱，但是因为太高消费了，就一直在谈恋爱,
美术生,comment,然后她们容貌焦虑特别严重,
美术生,comment,我感觉我身边的人基本上都蛮抽象的，相对单纯，反正我上大学那会儿大家天天焦虑作业，用着配置不高的电脑真要被搞死了，还要花钱做作业，纯纯牛马预备役[完啦R][完啦R][完啦R],
美术生,comment,我之前听一个表演的，五年谈16个，然后我音乐生朋友想谈恋爱找灵感，我还阻止她[扶额R][扶额R],
美术生,comment,就比如我吧....经常脚踏三条船，每天早上三个轮流留我我差点就放弃上课继续缠绵了，都怪枕头被子床垫,
美术生,comment,美术生爱和被子枕头柔软的床垫腻歪,
美术生,comment,不爱腻歪就是还不够舒服,
美术生,comment,老师和助教还好吧，年龄差不大，别和学生就好[呃R],
美术生,comment,感觉天天都一起窝在封闭的高压环境里，都很炫压抑,
美术生,content,#清纯女高#我爱画画#美术生日常 素设计课,
美术生,comment,这条到底什么魅力啊这么多赞...,
美术生,comment,哇塞哇塞,
美术生,content,马赛克是我自己打的，要是不妥我立马删…因为第一次看到这种有趣所以分享下，纯娱乐向🥹#米画师公审#米画师,
美术生,comment,我的天哪你分析的好认真,
美术生,comment,啊啊啊我不行了,
美术生,comment,感觉特别老师气，不太像学生作品，如果能画出这个色彩应该不会差别的作品吧,
美术生,comment,即使这样也不行的 mhs要求不能临摹也不能写生 除非老师当时示范是纯原创出来的,
美术生,comment,我擦，这画好像我前年集训的时候我们老师画的画（太联考画风了）,
美术生,comment,这种不可能过的...临摹作品不是原创作品，抄网图照片都不行，真要画也得自己组一个静物，而且有人会在米约这种照片转画吗...,
美术生,comment,其实写生也不行（）,
美术生,comment,得90多吧，我比这差很多都有85,
美术生,content,美术生是孤独的，他们沉浸在自己的画画世界里，没有时间去社交，只能在画板前用笔和纸去描绘那自己不确定的未来,
美术生,content,他们既是内心最丰富的人，也是校园里最孤独的存在,
美术生,content,美术生也是最容易抑郁的一批人，面对文化课和专业课的双重压力，周围人的偏见与歧视，家庭经济的压力，你的精神就像是不稳定的炸药桶，只需一点火花就会让你爆炸化,
美术生,content,需要大量的练习，这个过程当中你很容易产生我不行，我就是画不好，我就是笨，我没有天赋等等心理,
美术生,content,当这些负面情绪累积到一个点的时候，就会变成那一点火花,
美术生,content,所以很多人画着画着就崩溃了，突然不想画了，眼睛里再也没有了光芒，因为根本就无法去提升自己,
美术生,content,学画画，成为美术生，根本不是在走一条捷径，而是用血与泪去编织自己的未来，用排线去构建自己的梦想,
美术生,content,希望看到这里的你不要再去歧视美术生了，也希望每个美术生都能考上自己目标的院校,
美术生,comment,你还真别说，我一同学天天早上边笑边哭是真的边笑边哭那种，一个染了一头绿，翠绿翠绿，一个天天学蜥蜴叫，能把死人叫活的那种，一个恋爱脑的令人发指，一个大暴雨四肢岔开躺在外面地上淋雨，一个喜欢蟑螂，还给我发蟑螂的po文，连我自己也是个颠的，我也就看着还比较正常,
美术生,comment,我画画一边哭一边画,
美术生,comment,我之前也是😭,
美术生,comment,你说的这些几乎是我的结合体会怪叫会下雨跳水坑喜欢抓蟑螂蜘蛛等昆虫类善于模仿突然情绪崩溃又把自己哄好（简称又哭又笑）,
美术生,comment,抱一丝歪个楼我是理科生，真的很想和美术生交个朋友老大们可以扩列吗，不说话也可以的 就是单纯喜欢看你们在空间里发的动态，我真的很享受在你们的文字表达的疯癫感和你们眼中的美!,
美术生,comment,设计才最疯，上班后各种改需求，直接能改崩溃的,
美术生,comment,发癫的时候我家猫都不敢动,
美术生,content,为什么谈不到美术生[泪崩R][泪崩R]#美术生#大一新生#单纯大学生,
美术生,comment,帖子留给你们讨论吧[扶额R]他是同，连双都不是，彻底没希望了,
美术生,comment,[扶额R]最近太忙了，我也不想耍了[扶额R]身心俱疲了,
美术生,comment,IP太正确了,
美术生,comment,另外，学艺术的，同性恋太正常了,
美术生,comment,最近太忙了都没上这个号看，完全不想耍了天天都是作业和单子，我也不是很喜欢他了，行吧就是一时上头练古筝去了[坏笑R]断情绝爱的秘籍就是给自己找事,
美术生,comment,一般艺术系男生不太爱谈同专业的而艺术系女生不太爱谈不同性别的,
美术生,comment,兄弟，高的不帅，帅的不高，又高又帅，不是男模就是南通，看缘分别着急，多学点有用技能,
美术生,comment,不行了,
美术生,comment,我不要帅的，就要个和我差不多的普通人，我有喜欢的人，只是哎呀，，所以来发帖子发发牢骚，管他同不同了，，先上吧不愿意我就继续单着吧，我只和喜欢的人耍耍朋友挑的就是这个，这几年也没啥，突然有喜欢的人了,
美术生,comment,笑死了救命,
美术生,comment,男生也不太爱同性别,
美术生,comment,女生其实不喜欢同专业异性,
美术生,comment,好吧，大学美术生，是我没说清楚，不是说高中美术生，大学谈不到同爱好的人，我们是艺术院校美术生多，但是也没得，好多同性恋，大家时间也多，没事干就是画画做手工，但是不至于没有时间谈恋爱结果还是找不到美术生对象,
美术生,comment,很理解主播的想法，我不是美术生，兴趣爱好是画画看电影看动漫这一类，但我是药学生，身边真的很难有可以交流这些的人 会有一种精神世界上的孤单，跟朋友也只是偶尔塞给她们一点点我做的同人饭，对方也不是很能get到你,
美术生,comment,精神世界无人能懂真的比肉体概念上孤单难受的多，我现在无聊的经常把摸鱼图设置到微信那个状态栏里，自己欣赏一天后自动消掉,
美术生,comment,够了够了真的够了作业太多了，个人的单子也赶不完，我是身累心累，但是恋爱脑不累,
美术生,comment,没有，我不能接受比我差的159的已经谈过了，在谈这么矮的我真得遭绝了以前看脸不看身高，现在至少说，不能比我丑比我矮吧,
美术生,title,综合类大学的美术生，你后悔吗,
美术生,content,到了大2分专业之后，感觉他们的灵气就弱了几分，到了大三，大四就彻底泯然众人了,
美术生,content,我们专业课老师大多是美院硕士出身，专业能力也是很强的，学校又顶着省重点的头衔，对艺术学院的投入也不算差，可怎么就鲜有成绩呢,
美术生,content,少了很多来自专业的压力和束缚，再加上就业前景的困顿和迷茫，再包括脱离应试模式后的松弛感，亦或是早早有了考研的安排，愿意把时间和精力投入在画画中的学生少之又少，而且随着时间的推移只会更少,
美术生,content,个体如此，那么集体的情况大概只会更差,
美术生,content,加上不敢向导师询问，那么在画中偶尔出现的一些脱离常规路径的偏激尝试就容易野蛮生长，最终产生一些不可逆的影响，说白了就是路走歪了，画坏了,
美术生,comment,因为切身体会才能感受到其中的痛点和难点，但同时也希望其他综合类大学的学子能保有初心,
美术生,comment,教育理念是注重把学生培养成为了满足甲方和老板要求的设计师，绝非传达自己理念的艺术家,
美术生,comment,核心是去掉“绘我所想”，使学生减少自己的想法，尽可能贴合于甲方，而被牢牢束缚在满足“满足他人”的思想囚笼里,
美术生,comment,我曾经没考上美院只考上211，那时候痛哭流涕觉得学艺术没去美院就是遗憾,
美术生,comment,那时候觉得同学水平也不行，老师也不行，都得靠自学,
美术生,comment,我现在毕业9年之后，什么美院什么综合类大学，我赚的也不比美院的少，综合实力不差,
美术生,comment,谢谢啦姐姐～,
美术生,comment,这是真的😭😭😭,
美术生,comment,灵气弱化也或许正是从单一技法转向多元能力的过渡期，现在社会非常多的领域都需要这种跨界融合的思维,
美术生,comment,谢谢，这是你非常好的期盼,
美术生,comment,我也很希望学校能够培养出一批综合性人才,
美术生,comment,虽然不知道其他的综合类院校的成果如何，但就我所在的院校而言，确实是样样通，但样样松感谢您的留言，您的视角也很有意义,
美术生,comment,为什么后悔，我有985211上[呃R],
美术生,comment,我不后悔,
美术生,comment,但我上了一个美术高中我也没有放弃美术专心学文化课的勇气 我最后被一个离得很远的211录取了 选了一个课很少的专业 除了水土不服比较难受外 课少 绩点好刷 时间多 反而让我真的开始画上了我喜欢的东西 未来我目前打算跨专业考研 去学点别的专业反哺我继续画画 我也很庆幸家里不算穷 未来即使继续做现在的自由职业也能活得还行 上综合类是我走上换轨的第一步 我很感谢为我惋惜的老师们 但是确实上综合类是我当时最折中最舒服的选择了 不过确实也可以算是反面教材了hhhhhh不要轻易走美术啊,
美术生,comment,我直到高三才彻底意识到 我不想做艺术家 我只是想用自己的笔写明白画明白自己想要的东西 我不需要过多精进自己的技术了 时间被我更多的用于读书和生活后我画的才真的开始接近我的理想了 所以现在这个上四休三的综合类而且想混还能混日子的学校我真的蛮开心,
美术生,comment,期待人大相见,
美术生,comment,通过增长自己审美阅历和提升审美水平，以形成一整套相对完整的审美观，这样你才能对自己的作品有一套自有逻辑的评价体系，当这种体系形成之后，它就会让你相对稳定的独立于他人的评价体系，比方说如果你坚定认为你画的好，别人说你画的差（当然每一个人对于你自我评价体系影响的占比也不同），你也会不为所动，你大概还是会根据自己的审美观进行提升和完善,
美术生,comment,不会的 这个论点举例就很容易击破 美院有一些人一直画 被评价匠气 我也认识综合类985 甚至是语言专业的 画的比科班出身的人更有灵气 不要这样否定自己呀 灵气是人的特质 不是美院的特质,
美术生,comment,感谢你的鼓励,
美术生,comment,211爽死了一点都不后悔,
美术生,comment,985爽死了一点也不后悔,
美术生,content,学美术之后特别的恨天赋怪,
美术生,content,凭什么我学了这么久他们一个学期就快赶上我了,
美术生,comment,这俩不一样，画画的天赋就是努力，而理科是智商的差距,
美术生,comment,其实没办法了[抽泣R]我在其他方面更没天赋吧,
美术生,comment,年逾40学艺术音乐的告诉你，能靠着努力磨平的甚至都不能叫作差距，也压根不能称之为天赋,
美术生,comment,你们就这样轻易否定我付出的努力我真的好无奈[抽泣R]我本身就是一个低精力的人画三个小时我真的快力竭了但尽管这样我还是坐了一个又一个三个小时，凭什么他们就能这么轻松的做的很好而我却要付出成倍的努力呢,
美术生,comment,我看到只学了一个学期的人就比我低一分我真的好绝望呀到底凭什么呢为什么有天赋的那个人不是我[抽泣R],
美术生,comment,小朋友，你现在经历的只是普通人的日常中国有14亿人，哪怕是万里挑一天赋的人都有14万个，等你出社会了发现有的是不如你努力的天赋怪学历上碾压你、工作效率上碾压你、人际关系上碾压你、赚钱能力上碾压你甚至都不用出社会，上大学被聪明b同学拷打几年就老实了,
美术生,comment,我教了这么多年，所谓天赋怪真的非常少，大多数学画画只是动手没有思考，大部分都是差在这,
美术生,comment,初中开始学画，以前在班上也能排到前几名，说实话我也不属于有天赋，纯粹是我喜欢画画愿意思考磋磨，现在很多学生其实不喜欢画画就不愿意花心思，一个行业真正有所谓的天赋都是万里挑一，没那么多天赋怪,
美术生,comment,emm，我觉得这就说明你有天赋，我也以我自己举例哈，我其实不爱读书，智商还可以，一般努力就进了985还保送硕士，相比之下，我虽然更爱画画，也花了很多时间一直钻研也没那些有画画天赋的人进步的快…所以我觉得这个所谓“对画画的思考”就是一种艺术天赋,
美术生,comment,我从初中就拿到数位板开始画画，花的心思也不比学习少，或者说我觉得相对“学习考试”，“画画”这件事对我来说更困难明明花了同样的心思钻研，读书就非常顺利，画画却不行这就是我没有艺术天赋但有读书天赋的体现,
美术生,comment,我一直觉得兴趣也是天赋的一种，而且是很强的一种，并不是每个人都能一直保持高强度练习，能从中收获，也不觉得枯燥的，大部分只是嘴上说要努力，其实画起来很痛苦然后坚持不下去,
美术生,comment,不仅有天赋怪还有童子功、经济怪好绝望啊，明明才六年级就已经会画人头了，打的形甚至比我准,
美术生,comment,天赋怪太恐怖了[抽泣R][抽泣R][抽泣R],
美术生,comment,确实，还加什么“学了美术”的前缀，其实学别的也会恨“天赋怪”的,
美术生,comment,以前也有点忮忌，但现在我更忮忌别人的身体素质，真的，那些自律高精力我以前也有过，但身体不好气血不足吃什么也不长肉变成竹竿后，整个人都低精力，走两步就感觉累，听课就困，因为脑袋供血不足，血压低，听课吸收差，画画倒是还好，但不可能画一天了,
美术生,comment,因为没钱吃不了药也吃不了好的，体质就这样差下去，以至于更加焦虑影响身体,
美术生,comment,同低精力的人点了真的每天什么都没干就觉得很累，没有多余的力气做更多的事情，和别人多说两句话都累以前我被人说得也以为是自己懒，后来试过高精力生活两天第三天直接病倒，而且之后一周都精神恍惚太羡慕身体好精力足的人了,
美术生,comment,其实学啥都恨天赋怪,
美术生,content,很少有看到国内艺术作品火到如此地步的，真的有被震撼到 川美毕业生安琪的《祷》 以超写实技法，将古典祈祷意象与现代消费符号（气泡膜、耳机等）拼贴，借廉价材料解构“精致生活”虚假性，讽刺消费主义对人的裹挟，引发公众对“被物质包裹、迷失自我”的反思,
美术生,comment,专业的也急的一直发视频说这画很一般真是笑死人了,
美术生,comment,要知道现在的网络环境，任何事情都有让找出可以批评的点,
美术生,comment,承认别人优秀果然对很多人来说太难了,
美术生,comment,为什么艺术圈的攻击就这么普遍，所以可以看得出来有些艺术生的普遍性格，拉小圈子自我欣赏、善嫉妒、吹毛求疵、一有机会就高声大喊,
美术生,comment,真的匿名出了一堆键盘侠来喧嚣自己在现实生活中受的气我说你要是真觉得比作者厉害评判的时候附加一张自己的作品呗，要是你的作品真的比作者好那么你才有资格评判有些都不是搞艺术的还来混水摸鱼典型的看不得别人好求这种人不要让我在现实中遇到,
美术生,comment,作为学生来说可以了，估计平时看油画圈的东西比较多，因为前几年画气泡膜的国外写实油画很出圈，拿了很多国际上比较立得住的素材拼合的很好，希望以后能有更好的创作，毕竟创作对于画家一生来说是很漫长的,
美术生,comment,对对对，以前气泡膜画作出圈的时候真的很震撼，这个也厉害,
美术生,title,别歧视美术生了我求你们了😭,
美术生,content,别玩歧视我求求你们了我们美术生也是人😭#美术生#美术生的日常#画画#艺术创作,
美术生,comment,我就没有你的勇气,
美术生,comment,好羡慕你宝宝,
美术生,comment,好呀宝宝谢谢你,
美术生,comment,自己的痛苦自己懂，外人是不懂的，而且很多人都是带着有色眼镜看待艺术生，还有的人是嫉妒，认为美术生文化课低也能够上大学，人性的弱点就是喜欢找平衡感，站在制高点上无端评价别人，这样的人别理，自己选择的走好就好，加油,
美术生,comment,我是美术生我就讨厌画画 我到现在都不知道自己为啥学了画画,
美术生,comment,但是家里人偏见真的难受,
美术生,comment,虽然但是确实啊，感觉焦虑强迫什么的都很常见而且能在画板前面一坐做一天的真的是正常人能做的事情吗,
美术生,content,美高 fall2025，感觉看过的作品集都是fine art很少偏二次元风格的digital illustration😭想问一下画成这样大概能申哪里,
美术生,comment,因为美国美院对二次元的态度一直是看不起+抵制，我个人也很喜欢二刺猿但是我也是大一基本卷到前10%甚至前5%，没有教授敢说我啥的时候才去画的orz……但是从你的这个作品来看，画插画肯定没问题的,
美术生,comment,我去portfolio review大部分都不太喜欢我的digital art，反而更喜欢我水课画的fine art直接心死了,
美术生,comment,完全不想画fine art，感觉只能把绘画当爱好了,
美术生,comment,p13是ok的没有那么二次元 但是p2着实太二次元了必被pass,
美术生,comment,女王我是26fall我是指高中同校啊啊😖😖我在ins上早早fo上您了特别喜欢😭😭😭🫶🫶,
美术生,comment,啊想问问老师最后申请了哪些哇,
美术生,comment,最后申请了tufts smfa，因为去了portfolio review parson，RIT，saic我的印象不太好（她们好像不喜欢我的画）smfa对比起来是比较客观的了讲的我很感动,
美术生,comment,祝老师前途似锦哇,
美术生,comment,哦差点忘记问了，看评论区很多推荐sva的，老师有考虑过嘛,
美术生,comment,这三所学校基本都给了我最高奖学金（有我是美高+刷了履历+gpa+sat综合加成），尽管我的作品集一半都是二次元，只能说只要有底力热爱和努力在，美国院校总体不会在卡风格太死板,
美术生,comment,女神画的太好了🥹可以悄悄问一下SVA一年奖学金是多少吗,
美术生,comment,如果发太少了或者没发，可以直接写邮件和学校要（SVA给钱,
美术生,comment,我当初我收到offer就没给我发奖学金，我怒写一篇长essay哭惨让它们给我钱，于是过了三个月就给我了）,
美术生,comment,上学就只是认识同学积累人脉了,
美术生,comment,感觉又看到希望了,
美术生,comment,太强了…自愧不如…btw你的评论区有很多好的评论参考，感谢（,
美术生,comment,因为美国人实在是不喜欢我的画，到哪里都败北的程度感觉自信已经大打折扣,
美术生,comment,感谢你的肯定，，真的很开心,
美术生,title,感觉美术生英语都好差啊😭...,
美术生,content,大家平常英语都考多少呀👀感觉我见过的美术生英语都好差..#美术生复读#美术生#复读生#画室推荐#画室日常#美术高考#美术生集训#美术联考#画室,
美术生,comment,那你现在在哪个学校哇,
美术生,comment,现在美术就业前景又不好，有那个实力普通夏考走个211不香吗，将来选择更广泛，要是实在喜欢美术也可以作为爱好培养,
美术生,comment,你这不就是以你的文化生想法来评价我们的热爱吗,
美术生,comment,这是热爱，一辈子都想去做的事情,
美术生,comment,没有热爱的人真悲哀,
美术生,comment,你好好学习吧我和你那么大的时候想法和你也差不多,
美术生,comment,如果真的热爱就当爱好去培养吧,
美术生,comment,当然你要是不喜欢我说的话，那你就去学吧,
美术生,comment,可能只是一些人的想法吧，但如果不让我把热爱的事情作为工作，我的人生就会失去意义,
美术生,comment,哈哈哈哈好吧加油啊希望你早日实现梦想,
美术生,comment,我靠大佬数学怎么学啊,
美术生,comment,我也来装逼是楼主见得太少了，我看不得别人以部分人代表全部美术生,
美术生,comment,我英语算很差了106 真的不是在装 只是浙江省大家英语都挺好的,
美术生,comment,英语差不多能120但是数学30,
美术生,comment,有，我们班，英语第一，排全年级英语前三，总是离满分就差一点,
美术生,content,去年六月份集训以后就没再写生过，感觉画的越来越倒退了 画了有五个半天，之前老师说画的特征不足，就换了个表达方式#美术生集训#美术生的日常#艺术生#期待大学生活#大学生就该这样#生活大学在读#要做努力的大学生#艺考,
美术生,comment,要是喜欢画画还是得去美院，我觉得我们这里氛围没那么好,
美术生,comment,呜呜 小宝抱抱你,
美术生,title,清华美院大一素描写生，功底太扎实了,
美术生,content,绘画作者们汇总-图一： 图二和图五： 图三： 图四： 图六： 图七： 图八： 图九： 图十：📸 图十一： 图十二：🍟 图十三： 图十四： 图十五： 图十六： 图十七： 图十八： 以上共有18张作品，17个绘画的清华美院同学,
美术生,comment,给你一个真诚的建议，以你的风格建议考中传动画，动漫风格在大多数美院太吃亏了,
美术生,comment,中传校考一共三场考试时间成本非常高而且难度大，需要有作品集一般都是专门为了这个校考一开始就去准备的，除非是天才或者很强很强的学习能力不然临时考这个风险太高了,
美术生,comment,毕竟环境变了，二次元热潮……从小开始学美术的越来越多，也越来越卷，不过美术行业前景真的很难说（）虽然我只是自己热爱，一直在画，然后今年突然心血来潮才想去学去了集训,
美术生,comment,太厉害了卧槽呢,
美术生,comment,不客气，仅仅是我预估的啊,
美术生,comment,没有我文化课差只参加了联考,
美术生,comment,最终成绩是实力，运气，老师和学生的双向奔赴,
美术生,comment,可以的，很好，老师同学也都很好，宿管阿姨也特别的好，反正我在那学的时候感觉很开心,
美术生,comment,改回去 很想死 在省里素描考不过以前不如我的同学,
美术生,comment,左边说实话，每个学校喜欢的风格不一样，不是所有学校都吃这一类的，反正之前我考的设计院校喜欢右边这种风格，干净规范的画面清晰利落画风，左边可能是美院画风，但是我们整个画室练习都是右边画风,
美术生,comment,没办法，还不得自由发挥,
美术生,comment,怎么会啊,
美术生,comment,右边也不至于被骂成史，但是一味吹右边好的，我只能说是应试教育的悲哀了,
美术生,comment,左边比右边好太多了，右边的素描像是模式化对结构的理解不够卡了一些奇怪的亚洲人脸上没有的点，同时虚实也是硬伤，当然最明显不能出现在“绘画好”的人身上的就是帽子和衣服的处理过于的幼稚，注意我说的并不是不细致而是粗糙处理的手法暴露缺点,
体育生,comment,只不过我们精力太旺盛，女朋友完全受不了，就会分手，看起来就像一直在换女朋友一样,
体育生,comment,屁 本来是被开发的 后来他满足不了 自己自尊心受损了,
体育生,comment,真假的，那为什么有些体育生能谈恋爱,
体育生,comment,还能抽空谈恋爱,
体育生,comment,我男朋友体育生 对我特别宠爱 干啥都依着我 性格也活泼开朗 平时打打闹闹的 跟好朋友一样 而且我一百斤左右 他可以很轻松的各种方式抱起我 他说我尽管放开吃 长胖了他再去锻炼一定可以抱起我的 而且他长得很帅很帅 那腹肌特别特别好看 我们在一起快一年了 我感觉我要幸福死了,
体育生,comment,我感觉应该是因人而异爱玩和是不是运动员关系不大,
体育生,comment,我还是那句话，爱玩和是不是运动员没啥关系人的本性控制不住的,
体育生,comment,他们不炫压抑,
体育生,comment,差别不大吧哈哈哈哈哈,
体育生,comment,大太多了,
体育生,comment,我在北大认识的差别不大 别的学校的没见过,
体育生,comment,不怕生化母体,
体育生,comment,我们学校我认识一个男生187很帅很高我感觉人还不错嗯但是因为他是体育生所以远离好吗,
体育生,comment,体育生一般外形对比其他普通人来说要好很多 个子也高再加上如果成绩好那家境一般不错 自信更是不用说 女生喜欢的那很多了 运动确实给一个人增加很多魅力 普通人没有那么多时间去塑形…,
体育生,comment,没办法在那个环境不像动物一样活着，会抑郁,
体育生,comment,我就是那个抑郁的人,
体育生,comment,文化生也有你说的类似的弱点，就是被训练的只在这一块有神经反射和肌肉记忆，用不到更广泛的用途上,
体育生,content,三十来号人，清一色被晒成小麦色，隔着老远就能感到一股热腾腾的汗气在涌动,
体育生,content,那股子汗味儿太冲了，混着高强度训练完的热气和青春期的躁，隔着三五米就把人逼退,
体育生,content,他们说话的声音也大，扯着嗓子喊，骂骂咧咧的,
体育生,content,#体育生#体育生的腿#光脚不怕穿鞋的#运动的男人#篮球体育生#体校生#篮球体育生,
体育生,title,今天的我应该很满足,6731ee9d000000001d03899d
体育生,comment,一直在等最后来个空气投篮啊哈哈哈哈哈哈哈,6857fc540000000015022a28
体育生,comment,为什么大家都不喜欢看这个呀，我有点不理解，怎么了,6857fc540000000015022a28
体育生,title,喜欢干干净净的感觉,69355591000000001f00f46b
体育生,comment,别再来私信问我有没有推了 我没有 那个是假的麻烦别问了,69355591000000001f00f46b
体育生,comment,最喜欢这种板板正正的有直男味的了,69355591000000001f00f46b
体育生,comment,爱了爱了,69355591000000001f00f46b
体育生,comment,体育生 文化这块确实是差事了,683a7ef60000000012006d89
体育生,comment,体育生的训练跟文化生是不一样的。他们确实累，但有我们文化生压力大吗？,683a7ef60000000012006d89
体育生,comment,我爱你们每一个人,68540040000000002001935c
体育生,comment,姐，这个系列能停更吗，我都不敢直视你的胯下，生怕突然鼓起来,682dbfde0000000012002b9d
体育生,comment,天呐，姐你收手吧，你跨开坐我都不敢看，感觉都要长出来了,682dbfde0000000012002b9d
体育生,comment,oi，体育生一定是低音炮的，帽子是一定要带的，迷之自信是一定要有的,682dbfde0000000012002b9d
体育生,comment,和我哥一模一样，问我看什么，我说你调，他问这个看过没，我说没有，他说行，就看这个吧，过一会儿，把擤鼻涕投篮扔到垃圾桶，但是，我哥会边和发小打游戏，边看电影,682dbfde0000000012002b9d
体育生,comment,露腹肌的时候跑了2人哈哈哈哈哈太真实了,662a3fa300000000030201f4
体育生,comment,我真的看了以後身心不適 好害怕 但又很愛看 這是怎麼回事,662a3fa300000000030201f4
体育生,comment,姐咱别模仿了怕你马上就要长出来了,662a3fa300000000030201f4
体育生,content,生活中，身边人对体育生好像都有很多奇奇怪怪的印象。有的觉得体育生一定长得帅，身高180+，有的觉得体育生一定学习很烂 评论区说说你对体育生的印象吧可以结合具体的例子#体育生#轻负担更快乐#上交反骨队#刻板印象,66c7f06d000000001d01be08
体育生,comment,我先来！体育生的学习成绩大多不咋地上课逃课小组作业都很害怕跟他们分到一组,66c7f06d000000001d01be08
体育生,comment,干这个工作需要什么资质吗就是单纯喜欢看人疼,69ce8c2c00000000230150d6
体育生,comment,图一右边粗腿妹子我喜欢,675d0f67000000000700ace0
体育生,comment,还好吧，其实有时候过度肌肉训练反而会导致精气外泄，其实这种天天运动，但是肌肉练的不是特别大的纸包鸡才是最猛的，腹肌还有点作用，胸肌和胳膊是真的除了好看没有任何用，我之前十来分钟，现在随随便便半小时，臀大肌练得好时间还可以自己控制,68af2da9000000001d022e89
体育生,comment,这几天在土耳其被晒伤了 可能还会黑几天 朋友们不要紧张 我很容易白回来。,68a5ee65000000001b022497
体育生,comment,评论太多了万一能看到我呢,67710464000000000900e986
体育生,comment,喜欢体育生，给我介绍一个,68cfc95a0000000011015fa2
体育生,comment,兄弟们，我是泌科大白，在这奉劝大家真的不要禁的太过了，真的不要跟风，禁是可以禁一下，但不能一直不排，如果长时间不排jing也不是好事，憋太久不仅影响身体，而且影响情绪心态，很多泌niao问题就会随之而来，当然纵欲也不是好事，所以这种事情也是要遵循常规的生理需求而去进行排泄，不然也是会有病症的，不是大家以为的禁了不排就是好事，大家千万别被误解了。,68cfc95a0000000011015fa2
体育生,comment,姐妹，要不这流量咱就不要了吧，再演下去，真怕你哪天长出来了,6604058400000000120333aa
体育生,comment,兔子：你让我感到恶心,6604058400000000120333aa
体育生,comment,第三方视角拍摄是怕我窒息吗 确实比对面视角能喘气一点,6604058400000000120333aa
体育生,comment,我孩子都十岁了，都把我看害怕了,6604058400000000120333aa
体育生,comment,味太浓了！！！就我还没看完，但是那个坐姿第一句话啧啧啧！,6604058400000000120333aa
体育生,comment,姐 这个系列看得我害怕,6604058400000000120333aa
体育生,content,这个体育生爱用头像是谁呀好好奇有人知道吗#奇奇怪怪的头像#男生头像#情头#帅哥头像#情侣头像#宝藏头像,69d359ff000000001f000816
学渣,content,学霸真的会喜欢学渣吗 不会厌蠢吗 无法理解 学习不好也不努力 #国产电视剧#学生时代的暗恋#双向暗恋#最好的我们,67d84351000000001c00786d
学渣,comment,学渣不等于智力低下,67d84351000000001c00786d
学渣,comment,成绩好不好和蠢不蠢没有直接的关联啊，有些学霸挺幼稚的，有些学渣也挺成熟,67d84351000000001c00786d
学渣,comment,其实很多学霸和学渣朋友关系疏远，是学渣先远离的,67d84351000000001c00786d
学渣,comment,因为学霸教学渣被气到了还以为是心动了,67d84351000000001c00786d
学渣,comment,有没有女生学霸 喜欢 男生学渣的 这种学渣还不是痞帅那种是属于很听话可惜就是理科不好学不会那种 然后女生数学很好辅导男生的真心喜欢倒数的男生那种小白兔一样蠢萌的感觉，有没有女生和我一样惜弱的性取向的,67d84351000000001c00786d
学渣,comment,只要不讲题就行……我不喜欢给除了我闺蜜以外的任何人讲题 我crush也不行 因为我怕我对他祛魅 上学就没有精神支柱了,67d84351000000001c00786d
学渣,comment,你讲这话好像喜欢是单一取决与成绩好坏，成绩不好可能她品质好做事认真各种方面都很吸引人然后可能碰巧这里就不乏有学霸 真的搞不懂你这话是怎么说出来的很片面 我学习不好班级倒数他正数喜欢我也算是学霸和学渣吧别人问他喜欢我什么他说我认真做事的时候很好看虽然我感觉的逆天,67d84351000000001c00786d
学渣,comment,不会 前男友 现在的老公 都是学霸。我数学29分的学渣。因为我们学渣乐观 有趣 幽默 情商高。,67d84351000000001c00786d
学渣,comment,应该是有的，有的好看的，也有一些学渣有个人好的品质和自己的闪光点的，各花入各眼嘛，学渣只是成绩不好，只要人品没有啥问题都是值得被喜欢的吧,67d84351000000001c00786d
学渣,content,我觉得伪装学渣是抄袭的。 起因是我之前看了伪装学渣，然后觉得里面的情节非常眼熟。 我一看这不我爸和我妈的故事吗？ 他竟然抄袭我爸我妈。 必须举报。,6a032d1800000000350200e0
学渣,content,刚刷到一个帖子，看起来显然这个小姑娘数学被🐔得揠苗助长了。没有教会用十进制数数，就去教了四则运算，所以没有理解底层逻辑。 . 评论区还有很多人夸她思维分散、所以聪明（？）别的不知道，至少数学方面她学习的顺序是弄错了的。 . 📚数学知识是一个层层递进的体系，就好比盖房子🏠，地基打得牢不牢，直接决定了上层建筑稳不稳。小学阶段的每一个知识点，都是在为后面的学习打基础。如果连最基本的加减运算都没掌握扎实，就被硬推着去学更高阶的内容，表面上看是学得多、学得快，实则是在 “豆腐渣” 工程上强行加盖，知识漏洞迟早会暴露无遗💦 . 分享下各阶段的数学重点： ⭕低年级段 ✅1-2年级，是个模糊期。 孩子数学的好与坏，和初期基础有直接关系，这一时期千万不要盲目追求提前学，要严格按照顺序，把每一个知识点清清楚楚的夯实，度过模糊期，不然就会和案例中的孩子一样。同时，这个阶段还要去培养孩子的好奇心，和适当的好胜心： 👉好奇心，就是对数学知识，甚至我们可以扩大点说，理科知识的渴望，觉得他们有点意思，不排斥去学。 👉适当的好胜心，是对于比自己能力高一点题目，有一种想要突破它、把它啃下来的冲动，说白了要有学习兴趣。这块推荐用纪录片和动画片培养兴趣。 . ⭕中年级段 ✅3~4年级，是夯实期和思维培养期。 👉传统奥数的学习，就是从三年级开始的。知识点开始深入，更强调思维的拓展，题目不再是单一知识点的运用，而是综合知识点的玩转。但很多家长应该会发现，奥数难度大普通孩子压根跟不上，所以可以跟着杨老师的，线上思维训练，结合浅奥，更适合普娃培思维。 👉校内也是一样，开始四则运算、应用题等等，进入到了小综合的时期。 孩子之前学的是否扎实，数学概念的理解是否透彻，决定了这个阶段的表现。 如果在这个时期，发现一些知识盲点，一定多留些时间让娃思考，避免盲点越积越多，越学越迷糊。 . ⭕高年级段 ✅4下~6年级，这是真正的分水岭。 原因就是知识点更多了，运用的更灵活了。你所有前期积累不牢固、学的不明白的问题，都会暴露出来，尤其是思维不灵活，没有培养到位的娃，应用题会非常吃力。 . 万丈高楼平地起，小学整体就是打地基+培思维的时候，打的越牢，之后楼就盖的越顺。 #小学数学#数学学习#数学思维#数学的魅力#数学从这里开始#数学其实很简单#数学#数学老师,67d7d5c2000000001203e9b7
学渣,comment,很感谢大家认可我的分享❤，好多家长对我的线上数理思维ke感兴趣。我这边存了试听可以分享，需要的可以留严，我免废发给大家,67d7d5c2000000001203e9b7
学渣,comment,我小学的时候还没接触过负数这个概念的时候我爸试图教我带移项的运算结果咋都学不明白，学的哇哇哭，然后在学校老师带着从负数概念开始学一下就会了！确实不能揠苗助长啊啊啊,67d7d5c2000000001203e9b7
学渣,comment,学数学真的不要揠苗助长 数学天赋也不是随便培养出来的 小时候我妈天天逼我学奥数我真的很痛苦 老师讲的全都听不懂,67d7d5c2000000001203e9b7
学渣,content,首先，这是我本人的高考成绩，绝对真实。如图，江苏的。分数就一般般，比今年本一线高一分，最终考了520。回去再看我那篇想上天花板的帖子觉得还挺讽刺的，一点都没够上，这个分数只能在省内上一个二本院校。 各科的分数大家也都看到了，生物地理都滑铁卢了，原本这两科还是我考完感觉很不错的两门科目，但是最终成绩就。。分析了一下，我个人觉得是因为省内竞争比较激烈，赋分就会赋得不高.....吧？好吧，是有点推卸责任的意思了。考的最好是物理，这个实在是没有想过，成绩出来之前，我是觉得怎么样也不该是物理的我最低分是考过7分和8分的，没错，就是一整张100分的试卷，考过7分 8分，而且后期就是常年低分飘过，这一次考79挺抽象的属于是。 没关系，无论好与坏都不会打算复读的。对于我来说，这个成绩也确实是我应得的，并没有很大的心里落差（好吧肯定是有的，语文，你怎么能这么低？！！你对的起我写的那篇自评是全高三最好的一篇作文吗？还有我考前整理的一整本笔记本的作文资料！回答我！） 但是，无论如何都过去了，接下来的生活也是崭新的，充满希望的，人总是要往前看不是吗？主包要搬家啦！新家有一个很大的飘窗，有点点占地方，但是我在那儿布置家具的时候发现，飘窗真的超级无敌适合学习呢！而且一到雨天就会听到窗外的落雨声，轻轻脆脆的，很治愈，太棒啦！所以说，生活中是有好多惊喜的呢。高考后，你就会发现，人生远远不止这一场考试，这是一场考试，这也只是一场考试。同样的，准大一新生逃不掉的备考四级，主包也没逃掉，现在已经在背单词，学四级了。后续可能会发一些在新家的学习vlog，浅浅期待一下吧~准大学生必须知道的信息差，必须要养成的心态之类的 我也正在搜集啦！后面会做成视频告诉大家的 本来想等录取结果下来再跟大家分享最终高考成绩的，但是想了想拖很久还是不太好，所以就发了。大家如果有关于自学方面的问题或者一点点些微的学习上的问题都可以在评论区底下留言，看到会尽力回复的（遇到我不知道的不了解的，我就不误导大家了，可以蹲蹲评论区里的学霸） #继续加油吧#学习博主#公布成绩#查分 #你的实际成绩和你的预期相比—— [PK]#,687159c50000000011001064
学渣,comment,我不行了，我恨这个物理一辈子，我平常物理都是年级前几，这次也是全部写满了，出来只有79。选择题和实验题自己错的莫名其妙的真想呼自己,687159c50000000011001064
学渣,comment,物理79，数学没及格。英语125，语文才99。我不行了。我真不理解，不是在攻击，就是纯不理解[泪崩R],687159c50000000011001064
学渣,comment,宝宝我也是自学的物生地，但是一直很怕对以后的专业选择有影响，想问问宝宝你是怎么看的之前学过一段时间物化生，但是化学学的我完全受不了，崩溃了很多次，最后还是放弃了,687159c50000000011001064
学渣,title,学渣：那你再给我讲一遍吧,6618fe32000000001a014c4c
学渣,comment,冷知识：班上的学霸没那么多，有的学渣同桌也是学渣,6618fe32000000001a014c4c
学渣,title,学渣在好大学不摆不卷的擦边日子。。。,689fb368000000001d02f521
学渣,content,高中成绩不太好，然后高考运气比较好 嗯。。。真没摆，但也真的学不太懂（求佛 感谢老师感谢上帝感谢碧昂丝 英语算是吃的高中老本（应该考试时已经没有高中水平了 六级真的 要学了，老本已经啃不动了 #考试成绩#挂科#学不下去一点#要做努力的大学生#大学生现状#成绩#四六级,689fb368000000001d02f521
学渣,comment,非英语专业，高考英语90来分。四六级全部一战过，四级433，六级502，我妈依然因为我高考没考上本科说我没用，根本不屑一顾我六级过了这个事情,689fb368000000001d02f521
学渣,comment,学校没你好但是彻底摆烂了,689fb368000000001d02f521
学渣,comment,妈咪..我要爱你一辈子就只差分数线几分，只能去专科了 仅因为完全无缘本科了,685d2c4200000000150225ff
学渣,comment,宝宝们，妈咪说的是真的哦！比如像我，高考蛮好，大学和专业都蛮好，我以为未来稳了！结果想不到，因为不能适应大学生活，休学两次后退学了你永远也不知道人生下一步是什么退学后以为未来毁了，结果当时找到了双休5200每天坐着玩手机偶尔收银做饮品的工作。后来离职后以为前途无望了，谁知道因为我爱看水晶，自己一个没有任何专业知识的文科生现在变成了水晶设计师,685d2c4200000000150225ff
学渣,comment,妈咪中考考差了怎么办,685d2c4200000000150225ff
学渣,comment,妈妈...感谢你...填志愿崩溃边缘碰到你真好...,685d2c4200000000150225ff
学渣,comment,妈咪你讲得真的好好我总是不能与自己和解。我要是再差一点，我就能自洽地安慰自己做普通人。要是再好一点点，就能自信地激励自己去奋斗。但是偏偏考到这个勉强可以上211/双一流的分数，让我对自己的定义好迷茫认为自己能力不够，又不甘心平庸。,685d2c4200000000150225ff
学渣,comment,妈咪这一期简直是神...听得都要落泪了要是我当时高考完也有看到这个视频就好了不过我现在也要去交换啦，一个大的改变，wish me good luck！,685d2c4200000000150225ff
学渣,comment,我现在还在犹豫要不要复读南疆单列看似比别人录取分低还加分，其实给的专业都是些破烂。不知道该怎么办了,685d2c4200000000150225ff
学渣,title,学习差的人就该去死吗,66856569000000001c027bb4
学渣,content,我真的感觉这个世界对学习差的人恶意特别大 初中的时候成绩很好 我当时就对成绩差的人有偏见 直到我上了高中 堕落了开始不爱学习 成了班级倒数第一 年纪倒数30 发现周围的人对我有同样的偏见 连朋友的家长都不愿意让她跟我玩 好像就是因为她跟我玩 她的宝贝女儿成绩才变差了一样 现在就因为这个事情躲在学校寝室被子里偷偷哭写下了这段话 周围的人让我感觉学 习差的人就是有罪 不配活在这个世界上,66856569000000001c027bb4
学渣,comment,学习差都自卑了。。。但又想不明白学习差和人品有什么关系为什么这么多人都介意学习差的人,66856569000000001c027bb4
学渣,comment,我学习成绩特差，没人主动和我玩，只能自己下课发呆，班任还说过：你还不如去扫地（好像是这个意思，忘了）关键是我觉得自己是个傻子，根本学不进去,66856569000000001c027bb4
学渣,comment,我想告诉你的是做学生只是你人生中占比很小的一段旅途 哪怕做的不好也没关系 别人看不起你那是他们的事 学习永远不是功利性的 应试教育想要的是服从性高听话自律的人 学校之所以向你们传递成绩至上观念也只是为了自己的升学率 所以不要因为成绩不好就否定掉自己的一切 我从小就是调皮捣蛋成绩不好的刺头 现在活得也好好的,66856569000000001c027bb4
学渣,comment,我是属于学不进去的那种，无论如何都学不进去，唉，有时候也挺愁的，上学的时候天天上课睡觉，从小学开始学习就不好，到了初中直接放弃中考改学其他的了,66856569000000001c027bb4
学渣,comment,成绩差真的会遭受不公平待遇的，不一定是明摆着恶意，什么霸凌什么的，我成绩很差，平时或多或少能感受到同学对于成绩不好的人的鄙夷……自己也放低姿态打哈哈过去，甚至拿自己成绩差开玩笑，也不好说什么。家里人平时也不会说什么，但是一生气说气话就往痛点上说骂我是废物成绩这么差之类的，哎,66856569000000001c027bb4
学渣,comment,我小学初中一直名列前茅，中考在段3，然后去的重高，现在考班级倒3，身边初中比我差挺多的人都考的比我好，我觉得一直差都还好，主要是之前好过，现在太差落差感太强了，我现在真的很自卑，想学好又一直学不上去还懒,66856569000000001c027bb4
学渣,comment,我也是啊 就因为有一次数学考试 因为试卷很难我考得不好 然后我们的数学老师就对我的朋友说不让她们和我玩 会影响什么的 后来考完试了 和朋友聊了几句 就莫名其妙的把我拉黑了 我根本没有做任何事 而写这次也不是什么很重要的考试明明我都进步14分了为什么还要这样对我 难道成绩差的人就不配玩吗 现在每次和他们说话都觉得她们不接受我 还被针对 老师还当着同学的面说上完初中你就去乡下种地去吧 我也没做错什么啊 我到底犯了什么罪 我真的受不了了 现在真的在想学校是真的在教书育人 培养我们吗,66856569000000001c027bb4
学渣,content,凌晨四点依旧担心自己的期末出分。 我没来由的想起了那个3.96的成绩。 第一次看到那个视频的时候我好像才初一还是初二，脑子里根本没有应试的概念，我根本不知道中考的过程是怎样，家附近又有哪几所高中。每天最快乐的就是看着课上有人和老师对着干，以及晚上写完作业之后可以溜着看一会小说。 当然还有周末拿到电子产品之后可以刷一会b站。我完全不记得一开始是怎么刷到的，但后来一路看了毕业/求婚/过生日一系列日常向视频，然后对复旦这个学校充满了向往。 当然那时候我对复旦和交大也没有任何概念，只从那条欢迎报考的视频里知道前者可以称为孵蛋，后者则是脚痛。 后来我在白纸上画下一个又一个番茄，也把复旦当做应付家长和老师期许的目标。 但那时我仍然当做玩笑看，我不知道如果要考进这所学校需要耗费我多少的汗水和泪水。最终还喜获失败，灰溜溜去了隔壁。 我也不知道3.96这个数字到底意味着什么。 但我现在读了大学，我终于知道了。 我明明不是很看中成绩的人，但在周围人悄无声息的感染中得了一种病态的焦虑。 已经不知道是失眠的第几天，脑子里想着乱七八糟的一堆事，寒假丝毫没有让我放松，尤其是期末出分迟迟没有结束，像一柄达摩克利斯之剑悬在我头顶。 在教务软件开通信息提醒功能之前，我每天都要点进去刷新十几次看有没有新的科目出分，甚至在livehouse里蹦跶的过程中都忍不住分心去看两眼。 看完出分之后又会登录教学信息服务网，看看自己的学积分和绩点排名有没有发生变化，哪怕我知道这个排名会实时浮动，一门成绩并不能决定最终的位次。 但是中不溜秋的排名莫名让我感觉糟糕，好像就成了班里的差生低人一等。保研应该也已经无望了，也许大三备战考研的计划还可以再提前。 在考微积分之前我焦虑的三天吃了平时三顿的量，从早上十点坐到晚上十一点，当然也有平时没认真学的成分，但我更愿意推卸给我没有天分。 专业课更是一头雾水，背了好多东西都没有进入我的大脑，每门课只能勉强拿到了一个不算太坏的分数。 我不知道要怎样才能拿到3.96的成绩，哪怕我的满绩是4.3。 我现在终于知道了这并不好笑，我居然把它当做一个玩笑来看。 #大学生#焦虑#绩点#考研#老番茄,696ea0e5000000001a037aee
学渣,comment,在这个3.3大学（绩点没改版前），经院的3.96太可怕，大一大二和经管院的人一起上过课，感觉完全不是人,696ea0e5000000001a037aee
学渣,comment,刚看完成绩 炸了,696ea0e5000000001a037aee
学渣,comment,满绩4.7 但还是抵挡不过有的同学门门4.5 考了4.1觉得自己要进前三了结果前五都排不到，想要抓的东西太多了。科研 学生工作这些真的消耗了很多很多。好累[完啦R]但只要学到就有意义,696ea0e5000000001a037aee
学渣,content,为了一个谷子把卷子给同学抄，两个人都得零分 放学的时候特别乖，主动问我买火鸡面吃要不要给我带一份 ps：因为是第一次，老师和我都批评教育过了，学习可以差，品行不能差！ #考试成绩#零分,67eb9334000000001e0015cd
学渣,comment,我小学同桌男生抄我答案，把我气得，结果把自己试卷名字写成了他的，导致他的试卷有两份,67eb9334000000001e0015cd
学渣,comment,这本来就是对小朋友给别人抄试卷的不当行为的惩罚 又不是真不会做题 如果你在意分数的话 你去教育局举报吧 现在不允许考试的 你一举报 以后都不用考试了 就不会有分数了,67eb9334000000001e0015cd
学渣,comment,我第一反应是现在小学生学习压力好大 体积表面积小时候初一才开始学,67eb9334000000001e0015cd
学渣,title,差生怎么看自己,6723109e000000003c017c6c
学渣,content,背景: 女儿初一，在重点中学最好的班级，小学成绩中上，但不爱读课外书，英语没补过课，仅仅靠小学一周两节英语课。 初中很吃力，各科进度都快，因为是好班。语文阅读量不够，阅读理解和作文拉分，英语只能及格，数学中等，其他科一般，总分倒数十名。 事件: 每次看她考试分数，我都很焦虑，后悔小学没有卷，她爸爸更是狂躁，只要看她写作业必吼她，但是没用，她也很努力的跟，可是在一群学霸面前，尤其是更努力的、更卷的学霸面前，她的努力不过如同蚍蜉撼大树，不自量力。 昨天聊到转班，转到普通班，她不愿意，说不想跟最好的朋友分开。我问她朋友咋样，她说倒数11名，但是她爸爸火气就上来了，大骂她不知上进，怎么不跟成绩好的玩！孩子哭了，睡觉前悄悄跟我说了这样的话“我们是两片垃圾，谁也不嫌谁脏”。 结果: 现在在考虑是转班，还是转校，或者留级，感觉她有点泄气了，希望换个环境能好点。给大家一个过来人的劝说吧，小学能卷还是卷起来吧，初中真的没时间卷了。我和孩子爸爸都有问题，我们一直在反思，但是不会放弃的。#自我反思#家庭教育#人生选择题#孩子的进步#差生#教育,6723109e000000003c017c6c
学渣,comment,我倒是觉得她怎么能讲自己啊！！是不是有人这么讲的他俩？,6723109e000000003c017c6c
学渣,comment,1️⃣ 孩子自己没放弃呢，你要给她转走了，相当于替她宣判：你就是不行 2️⃣ 现在跟不上，是前六年父母没有抓到位导致的（别的不说，英语纯靠学校的，到初中必然掉队，父母完全没有去了解、预想这种情况？阅读更是从小就需要从亲子阅读开始培养的，这玩意没有够，只有更多。到初中再补，压力山大）。这时候让孩子一个人承担家庭辅助失利的结果，一个人在那里愧疚，未免太转移责任了（虽然你们不是有意的）。所以爸爸的急躁这么太过分了，吼她没用，想想怎么帮她补、鼓励她吧。 3️⃣ 孩子不是自认垃圾，她只是不敢抬头望，怕努力过还是充分证明自己不行。但她不是自己不行，是前期漏洞太大。马上青春期了，不要给孩子形成负面心理暗示。,6723109e000000003c017c6c
学渣,comment,听到孩子这么说，我好难过中国的氛围，难道就只有分数一个衡量标准了吗？,6723109e000000003c017c6c
学渣,comment,孩子妈，给爸爸沟通下，交朋友是好孩子就行，成绩不代表一切，只要品行好，三观正，除了成绩，孩子们还会有其它优点，要善于发现别人的优点，认可自己孩子的优点，情绪稳定，少打击，正面引导，我常常这么给女儿说，如果你看一个人有偏见，你会很累，但你如果善于发现别人的优点，你会越来越好，孩子态度端正，想学就多鼓励，不要给她带去焦虑，跟自己比，有进步就是好事，我们家那个初中班一，但她的两个朋友都是不同学校班倒数，她给她们讲数学物理，晚上在线给她们画几何辅助线，给她们报英语听写，这并没有影响她的学习，孩子们也都有在进步。中考后我和孩子朋友其中一个妈妈聊天，孩子进步了40多分，真心为她们高兴,6723109e000000003c017c6c
学渣,comment,阿姨您可不可以好好爱这个姐姐 不要让她学习压力太大 有厌学的情况啊…我现在小学六年级就特别特别卷…真的很累 我卷不过他们 我害怕我考不上好学校不能出人头地…,6723109e000000003c017c6c
学渣,comment,差生可能不介意，但是学习好的父母真的介意差生和她们的孩子玩,6723109e000000003c017c6c
学渣,comment,和孩子说，不要拿自己的弱项和别人的强项比，对自己太残忍。老话都说，什么宁可在快班打狼，也不在普班领头。真到那个点上，孩子也很无助啊,6723109e000000003c017c6c
学渣,comment,不自信的小孩不要送她去做凤尾，就算能学到好的学习方法，这说到底是用孩子人格的一部分做了交换,6723109e000000003c017c6c
学渣,comment,觉得没必要换班哈，在这种压抑的环境下培养出来的友谊是很长久的、很珍贵的。既然孩子的成绩在一点点的进步，那就说明她在努力适应这样的环境。孩子都还在坚持呢，父母怎么先放弃了。虽然她说自己是“垃圾”，可是她还是在努力呀，“垃圾”只是孩子的自嘲罢了。因为努力了还是倒数，所以不想让别人知道自己努力了，于是就称自己为“垃圾”。孩子在给自己的成绩差找理由呢。,6723109e000000003c017c6c
学渣,comment,确实假，估计这人写的是想象中的自己 不是买高中 大专假，是高中那么起早贪黑 去了啥也不会 还能交到许多朋友和开心太假了，咱们又不是没上过高中，高中学习不好的大部分就是跟学习不好的玩，学渣也不可能起早贪黑 基本后面就不上了，就算去上，也不可能开开心心去，老师给的压力 同学的压力 每天的试卷。。。除非这人真是“傻子” 智商70以内…那不被人欺负就不错了,68fa0bac00000000030193a8
学渣,comment,大专毕业再给介绍一个简单轻松的工作，孩子高高兴兴的去上班。再给他买好房子车子，找个合适的人结婚，生一两个孩子，帮他养孩子。等父母去世，留下房子存款，安安稳稳的度过晚年。就是有人这么好命的，我见过不止一个，甚至从来没有上班，爸妈给店面房，收租过日子。,68fa0bac00000000030193a8
学渣,comment,成绩太差怎么开开心心，老师天天找你麻烦至少也要中等不拖后腿,68fa0bac00000000030193a8
学渣,comment,高中也能买吗？除非只差几分还有可能,68fa0bac00000000030193a8
学渣,title,大龄学渣college生涯吐槽洞,65b19476000000000c005448
学渣,content,对于英语渣渣来说 这两周学的很痛苦 老师能感觉到我们的痛苦 于是布置的作业很少很少 既然学到这里了 不深入实践操作一下怎么好理解 买只羊观察观察 能观察出 清汤炖羊 葱爆羊肉 手抓痒饭 红烧炖萝卜 孜然烤羊排 … …,65b19476000000000c005448
学渣,comment,这是哪个学校哇,65b19476000000000c005448
学渣,comment,同大龄学渣 你学什么专业的,65b19476000000000c005448
学渣,content,高考连本科都考不上是什么成分😅一本二本三本都算本科#高考查分瞬间#高考不是唯一出路#文科生#本科#高考心态很重要#高考成绩#高考后留学#高考生#高考失利也能上本科#高考查分,68c24908000000001b0305c1
学渣,comment,北京人别看了考不上本科玩的多爽只有你自己知道,68c24908000000001b0305c1
学渣,comment,66 也得看地方啊 有些还教育资源差距呢 我们这文科生超本科线一百多分（特空上下）稳公办大学 没钱的只能去大专 评论区有些人真的 没话讲 成分复杂 小红薯被点名是一点不冤,68c24908000000001b0305c1
学渣,title,我今天放弃了一位英语成绩差的初中生,683afdd400000000120021c2
学渣,content,讲真，退费的那个瞬间，心里也不舒服，毕竟没人和金钱过不去，但是我知道30-40的水平，各方面习惯都太差劲了。缘分到这了吧#教育的重要性,683afdd400000000120021c2
学渣,comment,删掉了中考失利的抑郁的不合群的被孤立的悲悲人,683afdd400000000120021c2
学渣,comment,我们为什么要被系统支配的走[超喜欢R],683afdd400000000120021c2
学渣,content,只有100%复习考出来才可能有把握 一旦复习了95%，剩下5%没有看或者只是大概看了一眼，那么考试绝对会出现这5%的内容 是我这类人 每次必是这样 下次一定全背完[泪崩R],68908dfa00000000230281d4
学渣,comment,我差不多就这样。每次看到部分内容，心想，老师会出关于这的题，不可能吧。遂，略过。 打开试卷。完辣！嗨，你还真考这个啊。,68908dfa00000000230281d4
学渣,content,一直以来在小红书上看到的大部分adhd的朋友都是高学历，想想看看双非二本院校或大专学历adhd朋友们经历，并说说感觉自己和小红书一些高学历adhd学霸在学生阶段学习习惯的区别。 我本人上的学校就是个普通二本，大二时偶然刷到视频，才得知注意力不集中可能是种病，大三去医院确诊了。 回顾之前的经历，其实我自认为我小时候虽然记性不好，非常粗心，但是还不算很笨。小县城出生，偶尔也名列前茅。从小就对学习一直挺上心的，因为家里有家长曾是老师，管的比较严格，我一直有较强的学习动机，初中高中堆上了很多时间和补课费，但最终也只是上了一个二本。 值得一提的一点是，我发现和网络上大部分高学历adhd朋友们经历不同的一点是，大部分高学历adhd在初高中阶段已经意识到自己和别人的注意力不同，所以以自学居多，不会在这方面产生太多情绪内耗。 而我那时候因为常被指责“怎么又不听课”而有着强烈的羞耻感，一直把“上课不集中”等于“不够努力”。所以这么多年来，一直对上课听课有着执念，认为自己上课时必须努力听课。所以忽略了自学的作用。 虽然也模模糊糊的知道自己自学时期的成绩会更好，但是心理迈不过那道坎儿。 高中阶段成绩最好的一段时期，也是疫情期间在家里听网课自学那段时间，我本身性格比较自律，会把网课来回听，并且认真完成作业。 并且高中时每个寒暑假我都提前预习，回学校后我的成绩都会有进步，但之后就开始直线下滑。 现在回想起来，曾经的那些不甘心现在也放下了，今天突然想起来，想看看有没有和我相似经历的小伙伴。 #ADHD#注意力缺陷#二本#学习经历#adhd症状,69078080000000000402becf
学渣,comment,有没有大专adhd本人笨的要死完全没有高智商代偿,69078080000000000402becf
学渣,comment,以为是手机太好玩了……小学时候名列前茅的，到了五六年级虽然成绩很好但是已经早上经常睡过头旷课，到了初中基本就是晚上玩手机白天起不来交不上作业，成绩还凑合，初二初三物理化学加进来就死掉了，高中基本就是吊车尾每天想办法把布置的任务凑合上实际上天天两三点甚至四点再睡老是迟到几分钟然后在课上睡觉，高三作息要求太早了所以每天都固定迟到十五分钟，一天醒着的时间应该不超过八小时，最后考了个稀烂二本……总之到考完了我都以为是手机太好玩了而我这人意志力实在是太逊了，直到大一adhd这个惊为天人的概念流行起来了，而我有感而发又机缘巧合之下迈入医院的那一刻可能改变了我的人生……,69078080000000000402becf
学渣,comment,[呃R]专升本升硕的adhd在这…读的村小外来子弟工初中镇上高中，家里对教育不在意也不愿意给我花钱，从没补过课喜欢文字文科分数不错但数学倒数，上课永远走神疯狂看小说没法控制，所以只上了专科也不给钱复读…现在研二了感觉脑子清醒了些吧…回顾以前就是重要的每一步几乎都错，但对当时的我也没有办法…,69078080000000000402becf
学渣,comment,上网发现adhd是什么天才病，大家各有各的天赋什么的，而我只是个单纯的笨蛋，这就很崩溃,69078080000000000402becf
学渣,content,150分的数学试卷，亲爱的老己考了4分#数学#高中数学#数学的魅力#精神状态#疯了#月考,695fc3f6000000000e00c2a2
学渣,title,【1504】求学数学学破防了的文案,69f0b632000000003701ffa3
学渣,content,【tg】求学数学学破防了的文案#文案借我用用bot#数学,69f0b632000000003701ffa3
学渣,comment,"我写数学 【脑嗨：】集合，跪下！复数，跪下！不等式，跪下！函数，跪下！立体几何，跪下！三角函数，跪下！解析几何，跪下！数列，跪下！平面向量，跪下！概率统计，跪下！导数，跪下！ 【实际上：】 😣🙄-乘法口诀表: 一一得一，一二得....九九八十一。-除法运算:除数是一位，先看前一位，一位不够看两位，除到哪位商哪位。🙀😓。 🤑🤧-长度单位换算: 1厘米，很淘气，仔细找，才见你。 指甲盖1厘米，伸出手指比一比。长短和我差不多，大约就是1厘米。🫣✋100个我是1米，我是米的小兄弟,物体长了别用我，要不一定累死你。🦉🧑🏽",69f0b632000000003701ffa3
学渣,comment,学数学这东西不能急，要慢慢熬，多巩固基础公式，思维要拓宽，刚开始什么都不会很正常，时间久了自然就跳楼了,69f0b632000000003701ffa3
学渣,comment,学得好崩溃，想站在大雨里假装自己是歇斯底里的主角，实际上只是一个冷冷的冰雨在脸上胡乱的拍的屌丝,69f0b632000000003701ffa3
学渣,comment,今天来讲一下我和数学的磕点吧，嗯就是数学喜欢被我写，我不喜欢但是我必须写数学，嗯，数学对我强制恨我爱而不得嗯然后就，嗯我出轨去写化学，你懂吧就是结果化学也不理我，没办法嗯，然后就那样你懂吧，然后我就和数学虐恋了然后数学腰没了 ​,69f0b632000000003701ffa3
学渣,comment,这次数学考得很不错，离150最近的一次，只差了1，我考了50 ​,69f0b632000000003701ffa3
学霸,comment,不知道啊，但确实额头都很宽广，不怎么注重发型和外貌，双目炯炯有神像托尔斯泰，但话不多，而且普遍长的比较黑吧但是笑起来很伟大，喜欢啃手,69c8914e000000002103bc54
学霸,comment,上数学课不听。上课爱写作业。,69c8914e000000002103bc54
学霸,comment,感觉如果强调女学霸的话 ╸▵╺我见到的女学霸与男学霸不同的是，她们大多有学习之外的一个很精通的爱好，音乐，游戏，绘画，运动之类的 (＞◡＜),69c8914e000000002103bc54
学霸,comment,上课爱写作业，而且大概率戴眼镜+死鱼眼（我前桌还有以前同学里的理科大姥基本都这样）,69c8914e000000002103bc54
学霸,comment,教室里下课 大课间同学都出去了 人很少 “同学给我抄一下”右位还以为左位要抄作业 毕竟找右位抄作业的人很多 于是把作业本给左位递过去 结果左位直接拽住右位的手腕给右位拉过去对右位动手动脚的 右位吓的说“同学别这样 我以后作业都给你抄 我教你做题别这样……”左位越听越兴奋了……（哈哈算老梗了吧这个）,69d834170000000023026960
学霸,comment,左位说要学生物 用右位当“教具”摸到一个位置问右位这个部位的知识点 右位边抖边带着哭腔给讲解……如果是冷脸高冷学霸右位那更好吃了😋,69d834170000000023026960
学霸,comment,太是了 经典寸头小胡子黑框眼镜 眼神看起来像刷题过度,6649e128000000000f00fc69
学霸,comment,211大学毕业的跟你以前长得差不多,6649e128000000000f00fc69
学霸,comment,高一物理9分 分科怒选文科 高考数学144,6649e128000000000f00fc69
学霸,content,对比人大附中考生与宿州追风少年，一对比就知道哪个是学霸，哪个是一般学生了。 学霸都是稳重型的、大方，人大附中这位小姐姐以后至少处级干部起，这气质绝对排第一。,6847b7f300000000220062da
学霸,comment,“饱读诗书气自华”与“鬼火少年发自狂”,6847b7f300000000220062da
学霸,comment,我是清华的，我不care学历，希望另一半高一点，因为我就170，只要身高比我高颜值过得去，大专也行。,6783804500000000200142c4
学霸,comment,北航本硕，河南九百名杀出来的。我自己能力足够我在任何一座城市独立成家，所以女生的能力对我来说没什么意义，倒不是希望女生是一个附庸，而是谁能力强谁多赚点呗，这取决于专业，运气，工作的赏识，显然我只是运气好一些，高考蒙对的多了点，所以真的不求一个学霸女友，在我眼里，能够陪伴我，就已经是世界上最美好的事情了，至于学习，只是一个鸡肋。别自卑，没意义，清华不照样骑北航头上，交叉院又骑清华头上，即便到了交叉院，纳维斯托克斯方程不照样解不出来解析解？所以真的，学历真的无所谓。更重要的是，我能够在拼搏后，依偎在媳妇儿怀里充充电。这是世界上最幸福的事情。陪伴，比学历重要一千倍一万倍。,6783804500000000200142c4
学霸,comment,我双985硕，我女朋友大专，我一年20多万，她自己在大理做手工皂之类的卖，一年可能就1w多，但是我很喜欢很喜欢她，在我眼里她是很漂亮很可爱的，虽然我在上海和她相距很远，但是我就希望她现在慢悠悠的生活不要因我变化，她替我过着我想要的生活,6783804500000000200142c4
学霸,comment,我是专业top1博士，相对而言我觉得有学历差会更好，大家的性格接触的事都不一样，相互之间可以提供情绪价值，真正同等不一定幸福，男女都是，觉得互补才会快乐,6783804500000000200142c4
学霸,comment,我211本硕，现在自己开的培训班带中学生，我媳妇儿初中学历，根本不care我平时上课的内容啥的，还觉得我老爱说教她，觉得我管的太多，觉得生活不是工作，不用态度那么认真，觉得我太较真，加上平时沟通起来真的有很大障碍，鸡同鸭讲的感觉,6783804500000000200142c4
学霸,content,美国名校Phillips Academy3月31日发表声明说，其学校的亚裔学生Lucas Lee被发现死在校园里，他很可能是自杀。Lucas Lee是Phillips Academy2025届的学生，今年春天本来要毕业。他是韩裔美国人，学校里的学霸，参加了很多学生组织，聪明又贴心。网上悼念他的朋友都说他风趣又会照顾人。有帖子爆料说，Lucas的死因可能跟藤校录取有关。听说Lucas申请了几所全美顶尖的大学，但藤校放榜后，他一个都没有被录取。虽然他在美国名校Phillips的成绩拔尖，社区服务也做了不少，还活跃在很多学生社团并担任领导职位，但还是被藤校全部拒绝了。Lucas最后对他的妈妈说，对不起，我让你失望了。 亚裔家庭一直以来都很看重藤校，藤校的光环常常让很多亚裔的孩子透不过气，压力巨大。藤校的录取标准不透明，亚裔学生担心被针对，无形中也加大了孩子们爬藤的压力。,681b44650000000023015efc
学霸,comment,抗压不行，太顺风顺水了,681b44650000000023015efc
学霸,comment,太可惜了 孩子对录取期待过大,681b44650000000023015efc
学霸,title,为什么大家不承认💥学历差距就是智商差距,68931d0900000000040077eb
学霸,content,以前我总觉得，读书这事儿全靠死磕，只要够拼，普通学生也能逆袭进顶尖大学😤结果前阵子跟邻居家那学霸聊天，直接给我整明白了 ~ 他说自己当年备战考研👬每天就学四五个小时，还雷打不动晚上看两集球赛，最后照样轻松考上了 985 的研究生 ✅学习差是不是跟智商差有关系？如果你从来没有测过自己的智商，那你可以点图片下方的【立即参与】自测一下✅ 其实在 985、211 这类顶尖学府里，智商的差距真挺明显的🙇有的人看一遍教材就能理清逻辑框架，有的人埋头啃一周还在纠结概念 👇说起来我自己也测过好几次智商，结果总在 110 上下浮动💁你测过智商吗？你的智力水平是多少？ ✅点击图片【立即参与】🔥看看你与别人的智商差距到底有多大✅ ﻿#智商﻿ ﻿ ﻿﻿#智商测试﻿ ﻿ ﻿﻿#自我成长﻿ ﻿ ﻿﻿#智力开发﻿ ﻿ ﻿﻿#学习﻿ ﻿ ﻿﻿#北大﻿ ﻿ ﻿﻿#最强大脑﻿ ﻿ ﻿﻿#脑力测试﻿ ﻿ ﻿﻿#高考﻿ ﻿ ﻿﻿#脑力开发﻿ ﻿﻿﻿,68931d0900000000040077eb
学霸,comment,人脑感觉有多种能力倾向啊，深度思考的计算速度和存储大小、快速思考和反应能力、肢体的控制能力、语言和表达能力、与人的共情能力。不同人不同能力间有很大差别。比如很多数学家肢体不利索、无法处理好人际关系。不知道智商这种是怎么划分的?仅仅是深度思考的能力吗?,68931d0900000000040077eb
学霸,title,冷知识！识别学渣学霸的正确方法,67b29b54000000001800696c
学霸,content,#学霸#学霸秘籍#冷知识#冷知识科普#学渣逆袭#不爱学习,67b29b54000000001800696c
学霸,comment,我是前两个是学渣，最后一个是学霸,67b29b54000000001800696c
学霸,content,主打的不是一个长得好看， 是长得傻白甜但是拿了重生逆袭的大女主剧本。 不敢发朋友圈快给我憋出内伤了， 爽得和做梦一样😡😡😡 #成绩单#高中生活 二编 问选科和学习方法的好多啊啊啊但是我的选科很烂而且理科学习我目前也在摸索中，不是那种传说级别的常胜将军……稍微给出了一点建议放在置顶评论里了，感兴趣的话可以参考！大家一起加油！,668e6818000000000a027a9e
学霸,comment,我嘞个豆宝宝们可以问学习方法 我会适当给出一点不成熟的建议 但是选科真的还是找老师家长这些了解你们也了解局势的人讨论吧！我自己选这个重灾区都不停被老师骂呢哈哈哈 实在无力帮助大家啦～,668e6818000000000a027a9e
学霸,comment,宝宝你好可爱 我也是长得像文科生但高三考过数学143物理98化学94 格子衬衫黑框眼镜哥看了都得叫大爹hhh（开玩笑 大家关系都很好） 不过我已经毕业了 相信你肯定也会学业有成 也祝你天天开心,668e6818000000000a027a9e
学霸,comment,学姐，我是准高一生，想选物化生（喜欢），但是都说竞争压力大，我本身文科好（不喜欢）现在有点纠结,668e6818000000000a027a9e
学霸,comment,哪两科这是，太牛了,668e6818000000000a027a9e
学霸,comment,学姐想问问学习方法预科上了数理化英 数学物理感觉还可以（但是我刚上两天可能因为刚开始不是特别特别难）英语也就是背单词 化学我基础真的不行 感觉现在就已经开始跟不上了,668e6818000000000a027a9e
学霸,comment,不许考了，我眼红（）,668e6818000000000a027a9e
学霸,comment,少吃甜食，把手里的面包扔掉长得多白嫩可爱啊圆圆的脸，很可爱，招人喜欢学习还很好，求分享经验,668e6818000000000a027a9e
学霸,content,在师弟师妹的怂恿下发帖了。本人理工科直博生，科研任务重每日三点一线，圈子极小。 infj，178，平时健身，长相比实际年龄显小。非常喜欢弹钢琴且技术不错（你喜欢的歌曲/古典我都会弹给你）。 南方人，性格温和，独子家庭和睦，有点社牛且不怕尴尬。比较恋爱脑，有过一段感情经历。恋爱观觉得恋人应该是最好的朋友。未来大概率留京发展，卡ip 真诚交友，骗子中介勿扰。希望带个人介绍打招呼。希望对方00年及以后，有点小卡颜但合眼缘就行。 打直球，可互换照片或见面。即使不合适认识新朋友也很开心。没什么聊可以互相聊课题，研究方向比较有趣。 #pku#脱单#北大#海淀#研究生#交友,69b6e7dc00000000210075e8
学霸,comment,推送机制太可怕了哈哈哈哈师兄,69b6e7dc00000000210075e8
学霸,comment,enfp，153，44kg，目前在云南读研，后续工作地点待定。南方人，性格温柔，双女家庭和睦。熟人社牛，喜欢和好朋友语音通话，可以聊很久。颜控+恋爱脑+相信眼缘，母胎单身。直球，可先互换照片，即使不合适也可以成为朋友。,69b6e7dc00000000210075e8
学霸,comment,借楼找对象 性别女 普通二本毕业 现居广州黄埔 湖南衡阳人 160 90kg 爱好 打单机游戏 看电影看剧 阅读 家里是普通工人 父母一方有社保 上一份工作做了两年 5月刚离职 待业中 期望男方无抽烟喝酒等习惯 身高170体重基数在正常范围 爱好至少有一个重合,69b6e7dc00000000210075e8
学霸,content,这是我小时候常听到的一个说法，后来当理科老师的时候也常因性别而被质疑能力不足。 我一直对这个说法不以为然：因为亲戚里的女性许多理科天才。而我也从未感受的有哪个男生的理解能力比我更强。 但是，带过的很多女学生理科上确实没有天分：甚至不知道木头扔到水里是浮是沉。 直到今年春节，带侄女出去玩，她很擅长自然学科。我又开始思考这个问题，开始观察分析这些擅长理科的女性有什么共同的特点。 我跟侄女小时候都很调皮！！ 我四岁的时候会用铜线电池接灯泡， 侄女五岁叠小船往水里放， 我六岁把人体模型的五脏六腑拆一地， 侄女七岁把白糖小苏打往可乐食醋里倒泡沫喷一地…… 自然学科是从现象总结规律的学科 没有见过现象又如何总结规律呢？ 至此，“男生比女生更有理科天赋”——这句话背后的道理不言自明。 不是性别带来了天赋，而是性别的带来的社会刻板印象影响了童年的经历，而童年的经验积累影响了后续的学习和能力。 这句话被总结出来的年份： 男孩的童年奔跑在田野之间，摸鱼逗鸟抓虫打狗。对自然无比的熟悉，无数自然现象伴随童年的玩闹铭刻记忆之中，成了后来学习自然科学的资粮。 女孩的童年环绕于无数姨嫂姑婆之间，听她们家长里短、传说逸闻，耳朵磨的多了自然能分清种种语音的细微差别，成了后来学习语言的基础。 #男生和女生#理科生#男女差异,69c7824f000000002302431d
学霸,comment,调皮是重点。思维需要前期积累投资的，小学学的内容背记为主，文科性质更强，不调皮就会花大量时间读书背记去扮演家长眼里的听话好学生，调皮就更可能有多种机会接触不同知识——但也有可能顾着玩给玩疯了。,69c7824f000000002302431d
学霸,comment,前十可能都有天赋，但是我们班第一永远是最努力的那俩人轮流当的，怎么个努力法呢，自己不给自己安排娱乐时间那种，反正我一直不努力高考只有647和他们差了50多分，我被说不自律，从小学到大学，从来没改过，我觉得这种自律努力就是一种天赋,69fd51320000000020039fe1
学霸,comment,对于大多数人，根本无法理解啥是天赋。伤仲永信息太闭塞了。高中班上40个人，3清华5北大3浙大5复旦等等，能讨论天赋的没几个。但初中省数学集训队（全省奥赛前三十），看到个刚上初一的小孩巨强，瞬间就感受到天赋了。这孩子初中拿了我们省高中的冠军。话说我们那届还有个妹子是首届全国女子奥赛的满分金牌，都没有那种天赋感,69fd51320000000020039fe1
学霸,comment,持之以恒的坚持和努力就是天赋。我小时候一个小时都背不下来五个单词，脑子也笨笨的，但是可能就是不甘心吧，别人玩的时候我就学，学不会就背，一遍一遍重复，后面也考到了985，雅思7.5，法语B2，文转理，自学的物理，编程，SQL，22岁年薪70万。很多比我有天赋的人现在都远不如我。只能说如果没有天赋，还想往上走，那就只有努力。,69fd51320000000020039fe1
学霸,content,为什么学霸学习看起来很轻松？ 真的是一学就会吗？ 我给大家讲一个我身边的真实案例，大家就明白了。 我高中同桌考上了北大，他是学校公认的学神，他家境不好，没钱上辅导班，而且是农村考进我们省重点高中的，家太远只能住校。他平时非常节俭，情绪非常稳定，甚至在我眼里看起来他是个世界的旁观者，每天就是自己默默地看书刷题，话非常少，但是喜欢打篮球，每天放学必然会去打一小时球。我很幸运地被安排在他同桌，只是我当年太愚钝，没有领悟到学神的精髓，现在回想起来有些问题很值得我们学习: 1、他学习效率非常高，阅读量刷题量都比一般同学大好几倍，有些人说学神不刷题，看眼就会，其实不对，他只是效率太高，所以显得学习时长没那么夸张而已，他写作业速度起码是我的5倍，经常我还在挠头，人家嗖嗖写，太有压迫感了； 2、他会选择适合自己的习题，不会像普通同学一样，老师说什么作业就做什么，本来智商就高，他还会节省自己精力，策略上就高大家一大截； 3、他会自己自学，并且超前学超纲学，我那时候没心没肺，经常在他桌子上看到陌生的教辅资料，翻开看如同天书，其实他那时候就在自学高等数学了，还有些高难度的超纲题，而我当初还在傻乎乎认为只要跟着老师就没问题； 4、他会自己挑选需要的课来听，对于有些科目，他跟老师商量好，做自己的事，看书刷题，这样又减少了时间浪费，把每分钟利用到了极致； 5、他每天坚持体育锻炼，保证了身体素质和体能，这样精力好注意力才能长时间集中，他看书能持续好久一动不动的那种； 6、他情绪非常稳定，生活极简，是个没有内耗的人，我们普通同学还在为了合群不合群等问题苦恼的时候，人家早就看穿了本质，知道自己要什么了，思维层次高出一大截。 总结:学霸们除了天生智商因素，还搭配了优秀的学习策略和规划，所以组合起来是王炸，而我们普通孩子，智商本来就差了一些，而又不懂规划、不懂策略，所以干不过学霸是必然的，但是要说学霸非常轻松，也并不是，他们只是效率极高不搞疲劳战术而已，非常容易迷惑到不明真相的群众，但是我作为学霸的同桌，看着他一步一步走过来，我心里很清楚他的成绩是怎么来的。#孩子教育#小学生#学霸#学神,668107a3000000001d01864e
学霸,comment,这才是正确的学习态度。网上那些说学霸从不刷题上课睡觉照样拿高分我真的觉得很无语。谁家孩子天生自带网盘出生的,668107a3000000001d01864e
学霸,comment,是真有不学的，我同学住校晚上打游戏白天睡觉，因为翻墙去网吧还被通告了，最后还是去了985，但是以他的智力去清北都可以，只要他努力，可是他从未努力过，挺可惜的，他是我见过最聪明的人，暑假可以背下一本牛津词典，其实也不是背他就是无聊随便看看，英语150满分，他可以考147，前几年看到他已经去经商了，太可惜了,668107a3000000001d01864e
学霸,comment,小时候学习感觉中国教育真是埋没人才，现在当了老师才发现，数理化真正强的，压根埋没不了。,696b9746000000002202f371
学霸,comment,可恶的数学射线今年考试考过原点的函数——比值关系，学生全写射线,696b9746000000002202f371
学霸,comment,给个建议，把两个角色特点搞鲜明一点，单看语气不是很明显，看到人云里雾里的。比如说可以给灵活的那个姐们脖子上带个耳机，踏实那个姐们戴个眼睛/耳朵上别跟笔这种外貌差异,68f0cb8d0000000003011ba9
学霸,comment,接一下（我和crush成绩差不多）,68f0cb8d0000000003011ba9
卷王,title,原来这就是我们害怕卷王的原因,67c433e8000000000b017eb3
卷王,content,#拒绝内卷#真让我大开眼界了#反内卷#思想上的巨人#别卷了#这个世界就是个草台班子#内卷与躺平#打破信息壁垒#卷也卷得赢躺也躺得平#接受平凡并不代表摆烂,67c433e8000000000b017eb3
卷王,comment,我高中是衡水模式那种，有一个室友特别特别特别卷，然后高三时候她听到我们另一个室友在宿舍和家里打电话家里说高考考不好就去香港（那个室友也很厉害高考考不好是指考不上top985），然后和我们说“我不和她比我总比不努力考不上本科的自己强”，实际上背地里在厕所哭了很久，所幸她俩都是很善良的人，一个没有炫耀一个没有搞破坏，但是我当时真的觉得她真的好可怜,67c433e8000000000b017eb3
卷王,comment,我卷的是自己，我不介意别人学的比我好，我甚至还会拉一把荒废的人。努力和自私相关性没那么强，很多躺平的人也喜欢占别人便宜。,67c433e8000000000b017eb3
卷王,comment,我刚毕业进入的公司管理层好多关系户离谱的是，他们会在实习生里面选婿（很离谱但是真的），当时hr师哥面试我的时候就问我感情状况，是不是单身，后面到了部门，主管第一天介绍我的组长，比我小，长沙土著女，重点是开保时捷来上班，让我抓住机会抱大腿，我当时很懵，听着这话怪怪的，后面主管经常问我一些莫名其妙的问题，比如喜欢几个小孩，接不接受孩子和女方姓之类的，过了没多久，直接明牌让我去追我当时的组长我听到人完全蒙了脑子根本反应不过来，觉得又假又离谱，以至于第二天直接忘光了，主管和组长也因为我这个迷之操作生气了，后面排挤让我走了亏我当时那么努力工作，加班到九点半,67c433e8000000000b017eb3
卷王,comment,不羡慕卷王 也不羡慕天才 我只羡慕心态好的人不管在什么环境下都活的很好,67c433e8000000000b017eb3
卷王,content,美国市场太卷了，一小哥刷题刷了 3000 道，快把题库刷完了 小哥的背景是 UC Berkeley 本科，行政管理专业 有人说他是印度人，看了一下他领英主页，上面语言是英语加上法语，所以不太确定 很多人天天聊国内的小镇做题家，美国这边的做题家也是一点都不少，好吧,69cf0e47000000002302454a
卷王,comment,Ishaan 是我的一个朋友。 统一回复一下 他是因为自己的病情所以才辞职的 不是完全没工作。然后他现在刷题纯属是当个爱好来刷，人家是真的喜欢做题的感觉 不是为了找工作,69cf0e47000000002302454a
卷王,comment,self-employed但是特别爱刷题,69cf0e47000000002302454a
卷王,comment,抽到p2当队友就完蛋了,69bdf784000000001a02582a
卷王,comment,可是我小蝴蝶全班倒数怎么办，我感觉这不准呢,694a78fa000000001e035d58
卷王,comment,我快乐小狗偏要证明给你看,694a78fa000000001e035d58
卷王,title,中国人全世界最累！最卷！工作就是生活！,68cf9e78000000000e031457
卷王,content,中国人的平均工作时长显著高出几倍于全球许多国家和地区，尤其是发达国家。 根据中国国家统计局发布的数据，近年来全国企业就业人员的周平均工作时间通常在48小时以上，远高于韩国，日本，这个还不包括外卖，滴滴等。 在一些经常与“过劳”文化联系的国家/地区中，中国的工作时长也名列前茅。“996”与加班文化特别是互联网科技、金融、制造业、媒体等行业的真实情况。在这些领域，“**996**”工作制（早上9点上班，晚上9点下班，每周工作6天）非常普遍，甚至被视为一种“潜规则”或“福报”，这种违反《劳动法》的行为，并明确其违法性，但隐形加班、变相强制加班的现象在许多公司依然存在，中国政府喊口号，感觉对此毫无办法！只要你加班够努力，老板喜提法拉利！ 企业文化与观念，在一些企业中，“奋斗”文化被推崇，将工作时长与工作态度、忠诚度直接挂钩。准时下班可能会被误解为是一种不努力，甚至让你觉得惭愧！员工想维权无处申诉，维权成本高，对企业毫发无伤！ 在高额的生活成本压力下，衣食住行都需要花钱，迫使许多人宁愿默默的做牛马直至倒下，据数据统计中国每年有60万人死于劳累！ 你们一周都工作多长时间？,68cf9e78000000000e031457
卷王,comment,如果全国遍地都是早上8点上班，下午5点下班，出公司门可以看到晴朗的天空，国民幸福感绝对会大大增加，而不是靠遍地大街小巷的各种口号,68cf9e78000000000e031457
卷王,comment,过年这么重要的节日，放一周假，完了上班后周六还要继续上班。特别是一些体制内的，真不知道这么做意义何在，明明一天能做完，非要安排两天,68cf9e78000000000e031457
卷王,content,北京是头部竞争（清北、c9）非常激烈，甚至会有很多头部考生去河南高考，因为上清北的竞争压力小，而且可以凭借北京的师资碾压河南考生。 在北京最舒服的是中不溜的考生，有个北工大托底，只要学习了保底是211。 话说回来，北京高考内卷的那帮人其实就是山河四省卷上来的人的后代，几乎没有本地土著。所以想高考不公平，不如想想为什么自己爹妈没拼命考到北京上海来。 #北京卷#高考#高三#北京人,69e73fdb000000001b0208fd
卷王,comment,保底211你也太会拉仇恨了，你让外地保底大专的咋看北京,69e73fdb000000001b0208fd
卷王,content,今天再次刷到DY的小谷教数学，最可怕的不是她解题思路，而是她像特级教师一样的说话语气和眼神，太厉害太卷了，期待她以后会变成什么样的人。#小谷数学课#数学#小学数学#初中数学#高中數學#大学数学#高考數學#考研数学,65c9068a000000002c035f38
卷王,comment,宝子们，别争啦，这个小女孩，一是喜欢数学，二是能挣钱，这年头能做自己喜欢的事情且挣到钱，很不容易啦。而且挣的钱以后估计也够给她后续教育发力提供帮助。,65c9068a000000002c035f38
卷王,comment,其实她能讲出来证明她掌握的更扎实。能做题掌握50%就行，但能清晰有条理讲述那得掌握90%以上才行。讲述也是重温知识的一种途径，康奈尔学习法呀！小朋友确实很优秀！只不过网络时代让她的视频被传播让她的优秀被看见。多了这么多酸溜溜的声音似乎也是必然。她火了，接下来就该考验她父母如何保护她了。,65c9068a000000002c035f38
卷王,comment,我也很喜欢这个小姑娘，人生做自己就行，我觉得她很enjoy其中，至于未来是未来的事情。她开心就好。如果她不开心就当我前面没说,65c9068a000000002c035f38
卷王,comment,每次看见她，我都特别害怕，我发誓我不是嫉妒，真的是害怕，感觉一个和我妹妹一样大的女孩子，脸上的动作神态有种我高中四五十岁数学老师的感觉就感觉怪怪的,65c9068a000000002c035f38
卷王,comment,真学进去了就不焦虑了,67822cb5000000002002745c
卷王,comment,一样 真的很烦,67822cb5000000002002745c
卷王,comment,你管人家卷不卷，人家学习你焦虑 还偷偷起床学习，为什么偷偷要么怕吵醒你们，要么怕你这种把人挂网上的人,67822cb5000000002002745c
卷王,comment,自己稳不住自己的心性，为什么要怪别人？她想学与不想学都是她个人自由，你也可以选择不学。,67822cb5000000002002745c
卷王,comment,工贼比老板更无语 国内工贼是最多的,66be87e7000000001e019595
卷王,title,舍友学习太狠，很恶心,692ef91c000000001e028e22
卷王,content,其实一直不懂为什么会恨别人学习太卷？刚看到个帖子说舍友学习太狠很恶心#大学精神状态 ……自己做不到就恨别人努力？我一直觉得努力的人很值得敬佩，取得成就也是ta们应得的 #大学是一个人的大学#舍友,692ef91c000000001e028e22
卷王,comment,因为她们自己不想学，也不希望别人学，感觉别人学习就跟自己亏了啥一样，我室友也是，她们只允许自己学习，别人学她们就会嘲讽。还有我们班长在备考计算机二级证，被她们知道了就一直在阴阳怪气,692ef91c000000001e028e22
卷王,comment,我也很钦佩他们，但是又觉得看着就好累，每天学到晚上一点多。我有时候还会觉得她们这样有点功利，总用成绩标榜自己。不过也可能因为我是有点理想主义吧,692ef91c000000001e028e22
卷王,comment,我觉得卷到影响别人真的很恶心，我们学校毕业论文以前要求没这么高，师姐说就是被同学卷起来的，本来做一种方法就可以，人家非要做三种，本来写六万字，人家非写八万字，后来集体被卷的模仿，卷王标准成了及格线,692ef91c000000001e028e22
卷王,comment,我觉得正常努力和卷不是一个概念内卷的人会影响到别人并且会散发焦虑情绪，而且有时候用不正当方式（比如和老师套近乎等）为了拿到更高的成绩，感觉如果是这样的讨厌很正常,692ef91c000000001e028e22
卷王,comment,因为有的人自己不想学习，但是深知学习的重要性，看到别人努力，会有压迫感紧迫感，可以理解为自己的利益受到威胁（自认为的）。两个人根本不在一个维度。是他自己以为和努力的同学在一个维度而已。还有，努力和卷是两回事。比如同样的学习任务，明明课堂上就可以完成了，回家正常作业。有的人要参加课外补习班提前学，但是中高考又只有一次机会，导致周围的人不得不跟着去补，破坏正常学习环境和进度，这种叫卷，自己努力的看书背书不能称之为卷。,692ef91c000000001e028e22
卷王,comment,那种自己不学还不让别人学的另说，我来说说我我是因为跟他们学习习惯不一样，他们每天从早八卷到晚十一，就算刚开学第一天什么都没讲他们也这样，比我高中都卷。。。我是那种前两个月疯玩，去图书馆只做做作业不自己拓展，后两个月才开始卷的人，最终我的绩点也是很高的比我们宿舍的卷王们都要高，但是在我疯玩的那两个月看到他们疯卷就很难受，很焦虑。。。主要是跟个人习惯不一样所以导致的分歧吧。再一个是他们的卷跟高中被灌输的“上大学就轻松了”形成了鲜明对比，一个人的固有认知被挑战时会产生严重的不安全感，也算是一种生物本能吧,692ef91c000000001e028e22
卷王,comment,讨厌就讨厌呗，没心思管那些小虾米，我卷我乐意,692ef91c000000001e028e22
卷王,title,别让 “躺平” 话术偷走你的斗志,69f2ffea000000003501ff2f
卷王,content,两天前，国家安全部披露的一则消息，让不少人惊出一身冷汗。那些在网上天天喊着 “努力没用”“不如躺平” 的网红，原来并非真的看破红尘，而是拿着境外组织黑钱的 “职业演员”。他们流水线式生产的消极内容，像精准投放的 “精神毒药”，悄悄消磨着年轻人的斗志。 这些被境外势力资助的网红，翻来覆去就那几句话术，刻意放大生活中的困难，把奋斗等同于 “被剥削”，把努力说成 “毫无意义”。他们的目标很明确：给年轻人洗脑，让大家觉得前途暗淡，干脆放弃进取。更讽刺的是，当他们拿着黑钱劝我们躺平时，背后的金主却在自己的国家卯足劲搞建设、抢人才，半分不肯松懈。 有人可能会疑惑，国家明明提倡反内卷，为什么又要打击这种 “躺平” 舆论？其实两者有着本质区别。国家倡导的反内卷，是反对无意义的内耗、不合理的竞争，让大家在更健康的环境里高效奋斗；而境外势力煽动的 “躺平”，是彻底否定努力的价值，试图摧毁年轻人的上进心，这是赤裸裸的思想渗透。 想想那些深夜刷到的视频，当你拖着疲惫的身体回到家，看到屏幕里的人告诉你 “普通人再努力也买不起房”，是不是瞬间觉得工作失去了意义？这正是他们想要的效果 —— 你的焦虑和懈怠，就是他们完成任务的 KPI。那些让你越刷越丧的内容，从来不是共情，而是精心设计的圈套。 如今国家已经出手整治这些 “假网红”，我们自己更要保持清醒。别把网络上的情绪垃圾当成人生真理，别让别人拿钱演的剧本，左右自己的人生。日子是自己过的，哪怕只是普通人，踏踏实实的努力，也远比被人当枪使有意义。别让 “躺平” 话术，偷走你本该闪闪发光的人生。 #躺平#热点#内卷与躺平,69f2ffea000000003501ff2f
卷王,comment,以后不躺了，我趴着还不行吗,69f2ffea000000003501ff2f
卷王,comment,这里所说的躺平，指的是哪种？包括这种嘛？,69f2ffea000000003501ff2f
卷王,comment,躺平给红码，疑似躺平和 无症状躺平 给黄码,69f2ffea000000003501ff2f
卷王,comment,躺平一时爽，一直躺一直爽,69f2ffea000000003501ff2f
卷王,comment,如果主动离职给失业金我想应该没人会躺平,69f2ffea000000003501ff2f
卷王,comment,躺平不至于，至少能挣的顾着自己生活，至于努力吗，一时的斗志，累了就休息，手里一直有钱就可以,69f2ffea000000003501ff2f
卷王,comment,45℃行不行，这不行那不行的,69f2ffea000000003501ff2f
卷王,comment,反正现在的人躺平怪不着网红，主要是开智了，知道人不休息可能会嘎,69f2ffea000000003501ff2f
卷王,content,"吃饱了再去卷！ 上本科的实分析，第一次随堂考试满分10分，估计最多3分。完全不会证明。礼拜四去office hour，下午1到3点，1点半点去的，三四个人在那里！！！老师一个个回答，还有问题没问完！昨天周五又有一次考试。明显比上次有进步。有两个概念记得比较模糊，另外一个题目是作业，自己证明出来了。还有一个题目a>b, c> d证明a+ c >b+d，考试没想出来，回来又想出来了 上一周过的比较辛苦。10点半就睡，第二天6点40起来。开始看书，写作业。每节课前都要提交阅读笔记，和作业！明显感觉特别充实。累了，一到床就睡！ 希望后续的学习能够延续这种状态。 第一次随堂最后一题，证明可逆函数的bijective性质，作业1，作业2，课堂slide都要弄懂！20号第一次考试！考到极限之前的内容 早上复习了二阶微分方程的几种常见形式，明天复习一阶微分方程，礼拜一考试，提前一个小时去图书馆，做一下计算，让自己的大脑热起来再去教室考试！希望一切都顺利吧！",684500f90000000023011d95
卷王,content,没人告诉我读博了也要学这么疯啊… 高强度学习一周是什么体验，请看： #学习vlog#vlog#留学韩国#留学vlog#精神状态岌岌可危,69cfeb00000000002200c15f
卷王,comment,我靠看爽了小鱼姐姐！从高中看你的视频到现在我也在韩国读书真累啊是,69cfeb00000000002200c15f
卷王,comment,你在这个视频加了什么、、好累、、,69cfeb00000000002200c15f
卷王,comment,小鱼怎么28还在上学呀,69cfeb00000000002200c15f
卷王,comment,博主的MBTI是什么？感觉博主的学习状态跟我好像，仿佛看到了另一个我，但我感觉一周这么多任务，我不太行，会焦虑到睡不着,69cfeb00000000002200c15f
卷王,comment,背英语间隙刷小红书放松一下结果这个视频看得我好焦虑,69cfeb00000000002200c15f
卷王,comment,我初中很爱看 现在看觉得好累,69cfeb00000000002200c15f
卷王,comment,有研友还说啥啊，没有研友的你去看看，考的一点动力没有，没人给你加油打气，没人对你问候，也没人陪你说话，每天就是自己一个人学习，吃饭，到点睡觉。这样的生活已经完全脱离了社会了，不疯才怪。可能我真的很强大，面对这样的生活硬生生挺了快一整年了,671d83ba0000000021004eb7
卷王,comment,睡不着怎么办晚上十一点半就放下手机一点半才睡着,671d83ba0000000021004eb7
卷王,title,infj是不是都是讨厌竞争的卷王,672733f9000000001b01062a
卷王,content,本infj总是嘴上说着好烦好烦不想学了，不想工作了，只想摆烂，但又做不到心安理得地摆烂… 每次很累想躺下休息一会，但只要还有事情没做完，就无法睡的踏实，或者继续焦虑的玩手机… 而且摆烂太久就会产生内耗！ 所以总是给自己找事情做，手上根本停不下来 但其实又很讨厌跟别人跟自己比来比去，但有人硬要跟我们卷，也会奉陪到底… 而且infj完美主义也不允许自己做的不好，不允许自己失败，凡是自己想做的都想尽力做到最好！ #infj#infj的世界#infj的精神世界#mbti#mbti梗图#内容过于真实#卷王#深度思考#浪花waves高校排行#浪花waves排行榜 #你讨厌内卷吗[PK]#,672733f9000000001b01062a
卷王,comment,怎么说呢，我是讨厌内卷的高压环境，但我不允许自己做不到，不允许自己不优秀，就这样。,672733f9000000001b01062a
卷王,comment,不知道大家是否也有这样既讨厌内卷又无法真正摆烂的45度人生的感受呢欢迎大家一起讨论！,672733f9000000001b01062a
卷王,comment,老头可以卷可以不卷，卷就要做到最好。我现在小组作业，我可以做很多，但你不能往我作品上堆垃圾，不喜欢和没能力的人组队,672733f9000000001b01062a
卷王,comment,内心永远摆烂，永远向往田园，但永远忙在一线,672733f9000000001b01062a
卷王,comment,一阵一阵的，我卷起来我自己都怕,672733f9000000001b01062a
卷王,content,不要让晚上的自习室只剩我自己啊，一个人学习空荡荡的，有点害怕#自习室,695297f00000000022009797
卷王,comment,现在都没什么考试了，12月才可怕，考公和考研时间差不多，那时候晚上十点多我走的时候还有好多人,695297f00000000022009797
卷王,content,我要笑死了。。这一溜。。。#我是卷王穿越者的废物对照组,67d28c88000000000603b5c5
卷王,content,每天卷工作 卷学习 卷身材 卷皮肤 卷各种奇奇怪怪的技能。。。关键是，还不觉得累，乐在其中 精力还超旺盛，晚睡早起不午睡 #INTJ的日常,688e2cfe000000002203a7fd
卷王,comment,谁说“不觉得累”？真的累……,688e2cfe000000002203a7fd
小透明,content,还是我们两个人， 明明的脸上逐渐褪去了傻气哈哈哈！ 谢谢大家陪伴我们成长！ 2025年继续勇敢向前呀～ #百大#百大up主#小透明明,67756717000000001300e333
小透明,comment,小透衣服上是向日葵，明明领带上是星空。真情侣就是好磕，这次的穿搭特别有艺术气息!,67756717000000001300e333
小透明,comment,你们值得！！希望今年也有你们,67756717000000001300e333
小透明,comment,真的特别喜欢在B站看你们的艺术科普视频,67756717000000001300e333
小透明,title,小透明你变了...,69da26a70000000021010cc1
小透明,content,关注了你这么久.你终于火起来了 #洛茨茵#温悠棠#2547_团队🌷#让我火一把#小透明#火火火起来#变化,69da26a70000000021010cc1
小透明,comment,那个根本不是小透明。,69da26a70000000021010cc1
小透明,comment,他刚开始和露脸的时候长得不一样吧，刚开始那个镜子里那个人和露脸之后的人根本不像一个人啊,69da26a70000000021010cc1
小透明,comment,嗯，你确定是真的小透明吗？,69da26a70000000021010cc1
小透明,comment,其实她怎么样我觉得都挺喜欢的，我就是看她我喜欢上爵士的她跳爵士很帅很好很好看，手势舞也很飒很酷很美很帅很好,69da26a70000000021010cc1
小透明,comment,第1个那个是他呀我的妈呀，我以为不是他,69da26a70000000021010cc1
小透明,content,这里说一下琦少未注入小红书 这里说一下小透明未注入小红书 这里说一下温柔小妈未注入小红书 这里说一下糖果味的婷🍬未注入小红书 这里说一下韩百万未注入小红书 这里说一下童谣妈咪（带娃中）未注入小红书,6992d97c000000001d013a19
小透明,comment,小透明真的很牛啊,6992d97c000000001d013a19
小透明,comment,虽然我不是他们，但我希望宝宝你好好学习,6992d97c000000001d013a19
小透明,content,我性格偏内向，有点怕生，也不太会主动找话题。刚进这个班的时候就感觉自己像“插不进去”，基本没人会主动跟我聊天。 班里有几个同学以前跟我同初中，但他们更多还是跟以前那拨朋友一起行动，同时也很快认识了新同学。我看他们和班里其他人相处都挺自然的，课间有人一起说笑、分组有人一起、吃饭也有人结伴。 但我这边就一直是一个人居多。现在的感受是：好像班里每个人都有固定搭子，只有我没有。也不是我不想融入，就是不知道从哪里开始，越久越尴尬，越尴尬越不敢开口。 想问问大家：在班级“存在感很低”一般是因为什么？是我太被动了吗，还是我想太多了？ #高中#同学关系#社交,6985ae54000000001a01fd1b
小透明,comment,边界感太强了吧，我发现我在和朋友讲话的时候陌生的同学听到感兴趣的话题总能很自然的加入进来，我当然也不会感觉有什么，就一起说说笑笑。但如果换成是我就不会这样，会感觉打断人家讲话了，人家俩都是朋友了我突然插一句嘴冷场了怎么办,6985ae54000000001a01fd1b
小透明,comment,也许是边界感太强了，太内向的话会让人觉得你很距离感，别人可能会想“你是不是更喜欢自己一个人静静地呆着”所以担心打扰到你。你可以试着向周围同学释放一些友好的信号，比如从走廊遇见时的一个微笑，或者先跟周围同学打好关系,6985ae54000000001a01fd1b
小透明,comment,我刚开始去一个班级也是小透明，直到第一次月考拿了第一名，之后朋友不断…,6985ae54000000001a01fd1b
小透明,comment,我初中在乡镇，成绩数一数二，在班上人缘超级好，高中去了县城尖子班，在班级垫底，还是农村来的，他们说的我都不懂，我又老实，在同学、老师那儿都是没存在感的，我高一还有一个搭子，但高二分开了，所以我也一般都是一个人，那时候感觉很孤单，后来上了大学，我也只跟室友玩，再后来我只跟同事玩，离开最初的同事后，就只有同事，没有朋友了，可我好像没有高中时的那种孤独感了,6985ae54000000001a01fd1b
小透明,comment,一般情况下，性格内向。然后成绩又中等。就没有什么存在感，因为我就是这样过来的。我一般和舍友玩的很好，就是我感觉搭子基本上都是从舍友转化过来的。但是咋说高二我跟舍友就没有一个合适的搭子。因为我们高中三年，每年都分一次班，所以我第一年的那个搭子到第二年跟我不在一个班了，我极其不适应，后面也没有交上合适的朋友，我就开启一个人的生活了，反正我感觉挺奇怪的，你成绩特别好的时候就会有人来找你，就是这样的，我后来就体会到了。,6985ae54000000001a01fd1b
小透明,comment,不用怕，你不知道别人怎么想你，别人也不知道你怎么想的。,6985ae54000000001a01fd1b
小透明,comment,其实真的无所谓我以前也是这样，就一定要拽一个人跟我一起走，生怕别人觉得我不合群很可怜啥的。读了研之后我最敬佩的就是我们办公室的一个男生同门，总是默默做自己的事情存在感不高，无论别人怎么玩都打扰不了他，每次他的进度都是最快最好的，各类成绩也是一流，我观察他很久了一直想学习他。他非常有边界感，平时你跟他说话他也会回应你，但是他一般不主动找别人说话。我想说，主要还得是好好学习，让自身实力变强大，这样别人都会真心尊重你，越长大越发现被别人尊重是最重要的。,6985ae54000000001a01fd1b
小透明,content,#求助前方实况#有事就问小红书#为什么这样#不懂就问系列#真让我大开眼界了#不懂我就问#家人们谁懂啊,69871a2d000000001b01f470
小透明,comment,我点你艾特小透明的时候是一个美妆博主……,69871a2d000000001b01f470
小透明,comment,可是他现在把所有的舞蹈视频都删了，以前我真的非常喜欢他去快手上看，心痛了。,69871a2d000000001b01f470
小透明,comment,小透明有抖音,69871a2d000000001b01f470
小透明,content,上了大学后 成为小透明有没有什么坏处？一定要独立独往？还是有一两个搭子？,687fa6010000000013010827
小透明,comment,成为透明老师有事会想不起来你，哪怕成绩不错，但是不咋在老师面前露面，有比赛都不一定记得叫你，出去玩，吃饭可以找搭子，但正经学习，还是自己一个去图书馆独自美丽吧,687fa6010000000013010827
小透明,comment,我建议不要做小透明，有好项目的话老师可以第一个想起你。我每次有项目有钱拿都会选择我的得意门生，毕竟其他学生我也不认识,687fa6010000000013010827
小透明,content,小透明我们来给你送纸了 #可是旷妈人是野生的#我是小透明#马丘比丘#苦难是文学的温床,695156d1000000002103e3b8
小透明,comment,哈哈哈哈哈哈哈哈哈哈哈哈哈哈，小透明：谢谢你,695156d1000000002103e3b8
小透明,comment,感动中国,695156d1000000002103e3b8
小透明,title,在学校是个小透明怎么办,69d5ea76000000001a0272ce
小透明,content,大家一般对班级里那个不爱讲话的女生是什么看法 我每天都窝在座位像个小透明 但是天天视奸和观察别人 我很羡慕那些可以嘻嘻哈哈和谁都能打成一片 交际能力很强的人 不是不爱讲话 只是会比较慢熟 也没人想和我聊天 感觉自己是不是脸太臭了 感觉好多人都是看看我 但是都可以主动和我身边的人聊起来 就是没人主动和我搭话 我都开始怀疑自己是不是自己的问题。#同学之间相处#交际#高中#自卑,69d5ea76000000001a0272ce
小透明,comment,我没有什么看法诶，其实我也算是这种人吧，但是后来一直跟很外向开朗的人做朋友我的人际圈也稍微扩大了一点，不至于没有人说话吧，我一看到那种很不爱说话的女生，我就会突然变得很外向，不知道为什么,69d5ea76000000001a0272ce
小透明,comment,我读书时候都不说话，因为也没人找我说话，而且我自卑也不敢跟别人说话,69d5ea76000000001a0272ce
小透明,comment,我感觉这个很看成绩，起码在我高中阶段是这样的情况。假如你成绩非常好，但不爱讲话，那么大家其实对你好奇心和好感度爆棚。假如你成绩不好，也不爱讲话，那么其实无人在意，即便你发表意见大多数人都不care。我觉得我高中时期遇到的人和事真的蛮势利的。,69d5ea76000000001a0272ce
小透明,comment,成绩好点可能没事，但是成绩一般或者差就会被骂,69d5ea76000000001a0272ce
小透明,comment,我会想 她内心真强大真稳定 她肯定有能自娱自乐的东西 希望她能主动来跟我玩～,69d5ea76000000001a0272ce
小透明,title,明天早点起去做个小透明,68b436fd000000001d00e1d9
小透明,content,明天早点起去做个小透明#琪琪坨睡不醒#抽象#精神状态belike#校园生活#学生时代,68b436fd000000001d00e1d9
小透明,comment,六号开学太好了,68b436fd000000001d00e1d9
小透明,comment,哇塞主播我今天在学校好像看到你了,68b436fd000000001d00e1d9
小透明,content,🌿好久没登录它了，今天快开组会了好烦，就登录了一下，发现半个月前陌生人的留言，感觉好温暖诶。 ✨每发一条日记，用户昵称都会变成不同的有趣的名字，好喜欢这个app呀#日记app#小透明#生活随记📝 🌷p3放一个背影照哈哈，感觉有点符合我最近的心情,67b961a9000000000903beee
小透明,comment,怎么下载呀？,67b961a9000000000903beee
小透明,comment,但是这个软件我已经不玩了 有点恶心,67b961a9000000000903beee
小透明,comment,超喜欢小透明，它还无法查看主页，每次都会更换新名字,67b961a9000000000903beee
小透明,title,大家怎么看待班里内向不太爱说话的同学,67c642db0000000029012ae9
小透明,content,大家怎么看待大学班上内向不爱说话的同学？ 最近看到学妹留言，她说自己在大学班上已经待了两个学期了，但依旧跟班上的人不熟。她总觉得自己在班里很不合群，因为平常不主动说话，也不参与聊天。每当一群人凑在一起聊得热火朝天时，她总是一个人安安静静的，只有别人找她，她才会正常沟通。她自己也觉得很无趣，觉得自己就像“透明人”，好像不太能融入。 - 我知道这种感受，内向的我也曾经历过类似的情况。和别人聊天，总是觉得自己没有话题，或者害怕说错话，常常在一旁安静地听着，心里也许有很多话想说，却总是没有勇气开口。每当大家聊得热烈时，我就开始觉得自己很孤单，也会有种被排除的感觉。每个看似轻松的笑话或是分享，都让我更加觉得自己好像是外人。 - 其实，大家怎么看待内向的同学呢？我觉得大部分人其实并不会因为一个人安静就觉得他很无趣，很多时候是我们自己对自己不够自信。或许，在某些瞬间，你能安静地观察到一些别人忽视的细节，或者在别人感到困扰时，你是最能静下心来倾听的那个人。只是，我们常常不自觉地低估了自己的价值，过于焦虑自己没有“合群”，没有参与到每一个话题中。 - 但实际上，内向并不等于无趣。很多时候，内向的人比外向的人更能深刻思考问题，看到事情的另一面，只是我们需要找到适合自己的方式去表达。每个人都有自己的节奏，强行去改变自己并不一定能获得真正的开心与满足。 - 而且，班上的同学或许并没有意识到你的安静有时并不是疏远，而是你内心的独特节奏。你可能只是还没有找到能真正和你心灵共鸣的人。所以，不必太焦虑，内向并不是缺点，找到适合自己的方式，逐渐融入，慢慢来就好。 - 我相信，最终总有一些人会欣赏你的安静和深思，愿意和你真正建立连接。只要你保持真实的自己，别人也会看到你最闪光的一面。#如何改变内向性格#内向#内向社恐#性格#大学#大学生#大学生活#i人#不会说话#同学之间相处,67c642db0000000029012ae9
小透明,comment,很可爱会找他们玩,67c642db0000000029012ae9
小透明,comment,因为内向被同学问是不是有自闭症,67c642db0000000029012ae9
小透明,comment,因为内向 同学觉得我太无聊不想跟我坐 老师天天换座位 但其实有另一个原因 就是他们想和自己好朋友坐 然后老师把问题都推我身上了 还让我要么一个人坐 要么和脾气暴躁爱蛐蛐别人的人一起坐,67c642db0000000029012ae9
小透明,comment,算了就这样吧 自己一个人挺好的 就是团队合作的时候很烦,67c642db0000000029012ae9
小透明,comment,每次看到那种迟迟顿顿 钝感力满满的女生都有种怜爱感。很多性格都会比较内向，但是每次我讲笑话的时候都会认真听然后对我笑，其实我看得出来她没有get到笑点……但是真的好萌啊……谁懂这种女生，特别喜欢，但是真的很害怕她被坏人欺负。,67c642db0000000029012ae9
小透明,title,小透明被同事抓住把柄后（6）,6996c86c0000000015021724
小透明,comment,[完啦R][完啦R]我的天，越看越发现居然越看越刺激！,6996c86c0000000015021724
小透明,comment,哇塞这个姐姐,6996c86c0000000015021724
小透明,comment,太有天赋了，人设带感，而且剧情也带感，剧情没有给人设拖后腿，相辅相成，有一些就是人设特别好，但是文笔要差一些,6996c86c0000000015021724
小透明,title,如何在【小透明】中查看自己以前发表的瞬间,65bd2ca6000000002c017587
小透明,content,很简单，首页长按【写点什么】按钮，就能进入发表日历。如果过多，甚至还能搜索（当然只能搜自己的） #使用小技巧#喜欢藏功能,65bd2ca6000000002c017587
小透明,comment,我想知道小透明怎么盈利呢 还是说您就是到贴腰包,65bd2ca6000000002c017587
小透明,comment,今天刚发现这个APP，很简洁的蛮喜欢，希望坚持做下去，能越来越好。我用火柴盒当树洞只可惜去年就彻底凉了，我可以小小地帮一把，把小透明推荐给火柴盒的留守儿童们,65bd2ca6000000002c017587
小透明,content,谁知道小透明怎么了？#古风舞蹈#优美舞蹈,69917bdb000000001a025fa2
小透明,comment,我记得小透明，她以前有很多作品，但我今天一翻的时候就剩九个了，这是怎么回事？有宝子知道吗？,69917bdb000000001a025fa2
小透明,title,摆脱小透明第一步：不要给自己贴小透明标签！,68431b54000000000f0391f3
小透明,content,在班里如何当小透明，本人是个大嗓门，成绩也不错，而且还是大高个，不想除理人际关系，还有一年就毕业了，想当小透明，有人可以分享分享怎么做嘛,68431b54000000000f0391f3
小透明,comment,嗯，当小透明不是很简单吗？ 不听八卦，不参加任何活动,68431b54000000000f0391f3
小透明,title,懦弱小透明被同事抓住把柄后（1）,6988a8ab000000001b014295
小透明,comment,小透明被同事抓住把柄后（2）,6988a8ab000000001b014295
小透明,comment,老师，我求你了，不要在车里点烟，这个好难受的,6988a8ab000000001b014295
小透明,title,小透明明最新一期视频有感,6766ef2c000000001300d6f2
小透明,content,在如今这种流水线短视频的狂轰乱炸下，真正有创作过程有思想有内容的作品到底应该怎么样更加集中或者直接的呈现在我们面前呢？作为商品，至少要让消费者能够看到商品链接啊。 几个主流视频平台，在良莠不齐的视频环境中建立“茧房”，又在“茧房”里给我一口一口的塞垃圾吃（骂的就是你啊阿b，明知我为女性用户且多次点击不感兴趣的情况下仍坚持不懈的给我推深夜主播！！！）。 大浪淘金实在是太难了，那么直接去金矿里挖呢？ 近两年来，明显感觉到大众在对情绪价值重视的同时对精神消费的接受度也越来越高，受众群体也日益庞大（例如我本人，入冬以来没有添过一件衣服，但60多元的漫画书，10多块钱的魔法杖这种“低消满足”倒是搞了不少）。 （注：每人情绪价值的来源不同，漂亮合适的衣服也是情绪价值的来源之一，懂这个意思就好，是我无法用简练的语言精准表达我的想法。） 在视频商业化的进程中，既然有深度有内涵的作品可能会被流量裹挟，被平台忽略；大量中段创作者的创作激情在面对“面包”时会被消磨掉。那么，当下是否存在或者应该出现一个对创作内容有一套有严格筛选系统的垂直平台呢？就是那种垂直的不能再垂直的，消费者粘性巨强的。 啊啊太晚了，最后写的乱七八糟，脑袋也浆糊了，就这样吧。 ———————————————— 如果有这样的平台，请多多推荐给我，我正在尝试打破我的“茧房”中~ #精神状态岌岌可危#小透明明,6766ef2c000000001300d6f2
小透明,content,#真实还原#内容过于真实#我是个小透明#自信最美#校园生活,660a8ce2000000001a015ad1
小透明,comment,真正的小透明都不会有人和你说话,660a8ce2000000001a015ad1
小透明,comment,突然就想变成小透明了这样和别人在纸条上吵的架，就不至于一个上午传遍全班了尴尬,660a8ce2000000001a015ad1
小透明,comment,我之前就是小透明，后来受班级友好氛围影响，彻底放飞自我,660a8ce2000000001a015ad1
小透明,comment,其实当小透明也挺好，我就是成绩中等，作业到位，上课从不举手也不作事的，跟几个朋友坐的比较远，也不会有人找我陪着上厕所，每天都能在学校写完好几科作业,660a8ce2000000001a015ad1
小透明,comment,不是小透明的时候盼着自己是小透明，真透明了又开始盼着自己被发现，然后不断循环,660a8ce2000000001a015ad1
小透明,title,微社恐+孩子气+呆萌=反差小透明,6a02dd070000000035026d32
小透明,content,初相识可能有点冷 越熟悉越热情 你如何待我 我就如何待你 #想说的如图所示#可爱是一种气质#他ta星球#语音厅日常#角色,6a02dd070000000035026d32
小透明,title,当你是公司小透明！,68f678d00000000005010827
小透明,comment,实力隐藏的太好了，怕把魅力发挥出来招蜂引蝶,68f678d00000000005010827
班干部,comment,怎么没有饭请点右侧按钮叫我回来！谢谢啦,69c8edd9000000001a024cfd
班干部,comment,我先大声说话让纪律委员骂我，下课再让心理委员哄我,69ea20060000000020007002
班干部,comment,我觉得你也需要留意一下你的好朋友大概是个什么样的人，因为我是外宿的，之前有一个同桌就是她会经常跟我说，说宿舍的人会说我的坏话，我那个时候就在想，怎么这样啊，然后我就会跟她一起吐槽，后面发现她会将我吐槽她们的话也会跟宿舍里的人说，然后她和她们就会一起说我,6a054cd0000000003501ee70
班干部,comment,第一性原理，用其他方面的成就来对冲 来转移大家的注意力吧 现在开始选一门你喜欢的科目疯狂刷题吧,6a054cd0000000003501ee70
班干部,comment,青春期正是自我认同形成的关键期，可能你把同学的看法、排斥、比较等，过度解读成我是否被接纳、我是否足够好了，人在这个阶段特别容易通过他人眼光来定义自己，导致情绪容易被外部左右。这在学校很常见，因为大家都在集体环境中寻找归属感。所以正确看待学校人际关系的核心是：它很重要，但不是全部，也不是你价值的全部。它是一面镜子，帮助你认识自己、练习边界和勇气，而不是定义你是谁。,6a054cd0000000003501ee70
班干部,comment,我们专业有一个顶级学霸，什么干部都不是但是手里握着好几个国家级比赛项目，在大家分数差不多情况下谁能进他项目谁综合测评更高就能拿奖学金，包括评优名额变相全部掌握在他手里这种是什么级别,66cc88ef000000001d016b39
班干部,comment,我是美术课代表+组长+纪律委员(但我社恐),66cc88ef000000001d016b39
班干部,comment,其实班长现实中是个很讨厌冷暴力的人可不可以不冷暴力班长了,66b439e400000000090142d4
班干部,content,班干部一生黑，避雷班干部泡面。 来姨妈又恰逢周末，就想着在宿舍吃个泡面凑合一下，结果给我拉了一坨大。就当一个可怜小女孩放完面饼和菜包，准备放粉包的时候，发现诶粉包和酱包中间有一个死黑虫子尸体，我的天，这商家也太好了吧，知道我姨妈来了亏气血，特地送我只死虫子补气血！ 现在食品安全问题都这么严重了吗，一个虫子就这么水灵灵的出现了，买它家泡面是因为一直刷到有帖子在安利，你家倒是挺有钱营销的，咋没钱管管你家工厂卫生问题。看也有不少小红书姐妹，吃出他家菜包发霉，商家还拒不赔偿。 大家快别吃他家了，说不定哪天他也送你几只虫子补补气血 #避雷#泡面#食品安全#姨妈,67416a9b00000000080050bd
班干部,comment,第一次买班干部系列 感觉每个都好难吃啊...,67416a9b00000000080050bd
班干部,content,月底了 日子有些艰难了，只能在吃上面抠搜了 还好之前趁活动囤了些泡面 1️⃣正面照 这是班干部家的酸汤面叶 净含量157g，属于大份量，一碗就能吃饱。 2️⃣配料照 ➼面片包（放进碗里能有一半） ➼醋包（味儿挺酸的） ➼粉包（不要全放进去，会咸） ➼蔬菜包（种类很少，只要就是葱片和少量的紫菜虾米） ➼油包（有两个，小的香油包很香，是芝麻油的味道，大的倒没啥感觉） 3️⃣成熟照 面叶的口感类似于安徽板面，也是要泡久一点的，不然会硬。 味道无功无过，就是填饱肚子的。 ⚠️⚠️这款泡面就胜在便宜量大，活动期买的，一桶两块钱不到，非常划算。无论是月底艰难度日还是当储备粮，都是一个不错的选择,6742cfc4000000000201bbb4
班干部,content,真的，好尴尬，上台直接红温，声音颤抖着说的，自以为已经很勇敢了，也做好了面对失败的心理建设，但在知道结果之后还是很难受，真的很内耗啊，再也不喜欢参加活动了#大一新生#竞选#班委竞选#准大一,66ed31b200000000120121b8
班干部,comment,选不上是你的福气,66ed31b200000000120121b8
班干部,comment,我也想开学竞选班委，而且完全没有经验还超社恐，但也想为自己争取一次机会,66ed31b200000000120121b8
班干部,comment,竞选学委 上台发言拿着手机的 因为害怕脱稿会忘词 然后念的时候整个手都在颤抖 抖了全程 差了两票 不过我还好 我特别i 站台上就已经战胜犹豫不决的自己了,66ed31b200000000120121b8
班干部,comment,我大学时是先当军训负责人，这个是要先竞选，是代班选出来。当时竞选的同学挺多，我一直不是很会讲话的人，感觉可能是自己比较真诚吧，而且也有很强烈的服务想法，竞选成功了。当时做军训负责人期间我负责“训练”学院的女生方队，教官负责男生方队，双方pk，都是女生方队胜利，也算给大家留下比较深刻的印象。之后竞选的班长就比较顺利。大学期间当了四年班长，也在帮助他人服务他人中感觉到了幸福，也很幸运遇到了很好很好的同学，后来分专业，大家都不在一个班，我生病住院的时候大家还要一起来看我。毕业后同学有什么心事情感问题也会跟我讲，二战三战读研的同学上岸后也会来报喜，真的感觉很幸福很幸运！,66ed31b200000000120121b8
班干部,comment,没关系的贝贝，我竞选学委班里大多数人投我，高票数选上了，结果导员公布结果我却什么职位也没有。原因是导员内定了我们班女军训负责人来当学委，尽管她参加竞选时没人投票什么也没选上，但是导员就是让人家做了学委,66ed31b200000000120121b8
班干部,comment,这有啥宝！！！！我面试了两次的那个部门以及竞选的两次班委全部都以失败告终就像网上说的一样，世界是一个巨大的草台班子这有啥？失败一次不能决定什么，失败一次我们就放弃，怎么能成为一个独当一面的大人呢我原本是一个很内向的人，跟你一样鼓起很大的勇气去面试和竞选，结果都失败了别灰心，真的别灰心，其实一回头发现这些没当上也不算什么，反而一身轻松,66ed31b200000000120121b8
班干部,comment,已经面试被刷了两次啦，明晚面试第三个学生组织，也是屡败屡面了，没关系的，大学嘛就要勇于挑战自己，就当积累经验了~~i人敢站上台已经很勇敢啦！,66ed31b200000000120121b8
班干部,comment,我本来特别紧张去竞选 结果班里团员特少只有我一个竞选团支书 直接全票通过……,66ed31b200000000120121b8
班干部,title,此刻一个爱吃班干部的小女孩碎了,66f7d726000000002a031047
班干部,content,本就不富裕的我眼泪掉下来了没一个好吃😅😅#深夜食堂#方便又实用,66f7d726000000002a031047
班干部,comment,我买过，他家就酸辣粉和爆肚粉好吃，其他不咋地，甚至有些面类的巨难吃，还不是难吃，是巨巨巨难吃，但酸辣粉和爆肚粉非常非常好吃，爆肚粉我不放麻酱吃的，最近又想回购了，但看出了好几款新款的酸辣粉和爆肚粉，上来小红书搜搜有啥区别,66f7d726000000002a031047
班干部,title,浅浅避雷班干部这款酸辣粉！,69e0ce310000000021039530
班干部,content,真的没有人觉得它很咸吗？ 酸酸的，微微辣吧，但是麻麻的！ 它也不算便宜吧，但真不好吃！ 总结：没有粉蛋菜面好吃 #酸辣粉#班干部#泡面推荐#一点都不辣,69e0ce310000000021039530
班干部,comment,给一点参考可以猜一下 1 谁最少被老师批评 2谁朋友最少 3五个人里面的几对CP 4哪对CP在我们班磕的人多 5 谁谈过的恋爱最多 6谁谈过的恋爱最少,699c5d90000000001d0252ec
班干部,comment,学生会不就是汪汪队吗？有啥好怕的,6a01b9040000000007011287
班干部,comment,劳动委员是因为很会劳动才当上的，没人搞卫生就体委上啊，不然他当这个干嘛,6a01b9040000000007011287
班干部,title,班干部酸辣粉,66a22b83000000002701fd0f
班干部,content,有一阵子老刷到，好奇口味，买来尝尝 首先说一下这个酸辣粉的优点，泡出来巨多，很多牌子的酸辣粉做的量都不如这个，味道的话，我觉得是中规中矩的，吃起来会有麻油香味。 感兴趣的可以一试，无功无过,66a22b83000000002701fd0f
班干部,content,标题党一下，我就是学委 大一刚开学，有节课下课老师告诉我她自己数了人数还差三个人没来，当时是两个人请假，剩下那个应该是旷课。老师就让我去把那个人找出来，但那时已经下课人都走光了，上课时也没签到，在群里问也不一定有人认。 我们学校的学委要做考勤表发给学习部，明天就得发，我咋找比较好，还有老师到时问起我又该怎么回答 //二编：已经解决了！我采用了网友的建议，私下找了各个舍长让他们在宿舍里问，然后那个同学直接找我了。没来是因为她痛经痛的实在走不动，找过老师以后老师让她补假条了。,661c001f000000001a010083
班干部,comment,我去 这么可怕吗 我也是刚当上学委[扶额R],661c001f000000001a010083
班干部,content,紧张紧张#大学生活#青春#穿搭,68d011de00000000130136b6
班干部,comment,我们班班委都没什么人竞选，除了团支书有两个人竞选了一下，其他都只有一个人还有些职位都没人去[扶额R],68d011de00000000130136b6
班干部,comment,大家染完头发，新头发长出来颜色分层，大家心理都是怎么克服的我每次头发分层都感觉好难受,68d011de00000000130136b6
班干部,content,班委总是把耗时间又没有用处的活动，让我们去参加，强制性的那种。最近出了一个活动，很有意义，以后用处好像挺大的，我们班分到了两个名额，他俩全占了#求助贴#我真的不理解#真的很着急#在线求助#班委#以权谋私#可恶,691d3a68000000001b021ced
班干部,comment,但是没有办法，但班委就是会提前收到这些信息。就是会有信息差,691d3a68000000001b021ced
