Keyword,Note_ID,Source,Sentence,label,情绪类型,隐含情绪,情绪动机,置信度
准初三,,content,快中考了这种成绩咋办🥹🥹#初三#月考,1,显性,,,
准初三,,comment,不用当严厉老师，只做两件小事就够了,1,显性,,,
准初三,,comment,他们更懂青春期的小情绪和压力，能站在孩子角度聊天，更容易被信任,1,显性,,,
准初三,,comment,其实不要急切的一直想提高每一科的成绩数学最简单，可以先提高数学，比如你提高到了90多分，后面也很难提高，你就可以继续换个科目慢慢提高，主要就是基础题，你基础好了，后面套公式做什么都简单,1,显性,,,
准初三,,comment,反正就是先紧着一个科目慢慢往高提，你自己想60分高还是90分高，像主科，基础题基本都占80分，剩下的就去积累，刷题看解析，做的多了，自然而然就会了,1,显性,,,
准初三,,comment,给自己定个目标，安排个作息表，你没有目标，你怎么学呢，你安排了，你就得去实际行动[抽泣R]现在就剩60天了，来得及，最多提高200分,1,显性,,,
准初三,,comment,ok谢谢啦，那你有没有买练习题来写呀,1,显性,,,
准初三,,comment,不客气啦我有练习题 你要是想花钱可以去买，不想花钱，网上就有,1,显性,,,
准初三,,comment,初三每天都要在学校上晚自习上到10点 回到家洗完澡快11点早上六点起床 个人基础比较薄弱 大多数题听一遍都不会很懂的那种 所以很怕打扰老师和同学的时间 和家长提出上晚辅班家长不同意 自己该怎么学好迷茫 也被家长打击到了现在有种不想学的心理了,1,显性,,,
准初三,,comment,我和她差不多,1,显性,,,
准初三,,comment,好谢谢你,1,显性,,,
准初三,,comment,我的天哪 你要补课吗 再不补就来不及了 如果自学有用成绩早就上来了,1,显性,,,
准初三,,comment,只要有学习的态度，做好规划，查漏补缺，完全来得及，珍惜当下,1,显性,,,
准初三,,comment,宝宝 数学不及格的话我个人建议还是先研究一下基础题吧选择题都是基础 然后填空最后一题偏难 每年中考其实题型差不多 我以我在的地区为例 基本上每年都考科学记数法 解不等式 轴对称 谁比谁小 圆等 我已经研究透了,1,显性,,,
准初三,,comment,边刷题边搞知识点 学专题 因为你现在初三了没时间一本书一本书刷了 而且刷完了也得会用呀 我这个方法适合于中考 因为咱们就搞定中考 中考题型不怎么变 这样我觉得提分很快 你不及格可能效果更明显[抽泣R],1,显性,,,
准初三,,comment,物化太拉分了宝宝,1,显性,,,
准初三,,content,还剩一百多天了有点慌,1,显性,,,
准初三,,comment,大家都是挑什么时间背诵的啊，我们政治有好多好多要背的，作业又很多，差不多上床的时候就十一点了，现在只能语文课偷偷背（bushi,1,显性,,,
准初三,,comment,我很喜欢在吃饭的时候看点东西，或许可以,1,显性,,,
准初三,,comment,所以这就是我们现在初3两个月发生了400块钱报警，7000块钱报警，抽电子烟跟女朋友去被老师发现，我觉得他们上九年级之后都太敢了,1,显性,,,
准初三,,comment,把校违规都做一遍，等我毕业的时候，我就要把除谈恋爱这一项，其他的染色什么之类的都给干一遍,1,显性,,,
准初三,,comment,那当然是把自己讨厌的人都骂一遍啊,1,显性,,,
准初三,,comment,讨厌的人已经好久不上学了但是有很气的一点是她跟老师说她不想来上学因为她一来就有人说她,1,显性,,,
准初三,,title,初中生放学回家不摆烂方法,1,显性,,,
准初三,,comment,太离谱了 这个作业没个3h写不完,1,显性,,,
准初三,,comment,21:50才放 咋办,1,显性,,,
准初三,,content,2. 色彩：牢记调色公式，每天练10分钟调色，避免调色偏暗、偏脏，画完后对比范画，找出差距,1,显性,,,
准初三,,content,3. 不跟别人比进度，只跟自己比提升，避免孩子压力太大，毕竟心态好，才能发挥好,1,显性,,,
准初三,,content,至中考生:备考路上，难免有迷茫时刻，但请一定相信，只要咬牙坚持下去，就一定能看见希望的曙光，学霸他也不是生来就是，再给自己一个机会，和他们再次同时起跑，这次一定拼命向前冲,1,显性,,,
准初三,,content,不留遗憾#快速提分#必考考点#知识点总结#初中学习方法#学霸养成#中考复习#学习方法很重要#学习技巧#学习规划#学习逆袭一起改变,1,显性,,,
准初三,,title,中考其实挺水的，初三生们别太焦虑了,1,显性,,,
准初三,,content,其实中考并没有那么难，初三的宝子们别太焦虑了，整理了贴合中考的备考思路，放平心态，按计划稳步复习，抓牢重点知识点，就能从容应对中考～#备战中考 辣妈育儿经 #学霸秘籍#家长收藏孩子受益#初中学习方法#初三#学习经验#知识点总结#家有初三 #中考复习中考-,1,显性,,,
准初三,,content,初三了有种清醒的堕落感怎么办[完啦R]#备战中考#学习动力不足#中考#学习心态调整,1,显性,,,
准初三,,comment,语文100 数学113 英语75 物理53（折后） 化学25（折后） 历史43 道法72这种分数应该怎么提分啊[完啦R],1,显性,,,
准初三,,comment,和你差不多但历政反过来的😭,1,显性,,,
准初三,,comment,线下好的没有打听到 线上又怕被骗[完啦R],1,显性,,,
准初三,,comment,那应该到我焦虑了，我成绩比你更低低很多，没几科是及格的,1,显性,,,
准初三,,comment,我也，而且被老师给予厚望完全不敢松懈,1,显性,,,
准初三,,comment,初中的物化政史真的蛮简单的，我觉得你应该和我当时情况差不多，就是没人看着就完全不想学，可以试试让家长报一对一补补课，不一定要一直补，化学物理的每个题型都是有套路的，让老师给你讲明白or自己弄明白这几个题型的应对方法再跟着学校进度学就好了,1,显性,,,
准初三,,comment,其他科目其实我并没有找到什么学习方法就是跟着学校走，最后也考上了市里最好的高中最后祝你前程似锦啦宝宝，希望你能考上心仪的高中,1,显性,,,
准初三,,comment,好的好的 谢谢你因为老师没说我之前完全没有背过化学历史之类的 明天就开始背,1,显性,,,
准初三,,comment,历史选择题得自己分析错因，看看自己是因为不熟悉知识点的史实错误的还是材料理解偏差导致选错的，如果是前者那还是要熟悉课本知识，后者的话就要看答案解析/拿着卷子去问老师搞清楚自己为什么做错才是最重要的我觉得拿着卷子去挨个问老师真的能解决绝大多数的疑问，而且也会记得比较深刻,1,显性,,,
准初三,,comment,学姐（或者学长）我想问问就是物理化学基础特别差，现在老师复习上课一点都听不懂自己怎么补知识[完啦R]网课太长时间听不完，我感觉看不懂物理好难,1,显性,,,
准初三,,comment,嗯这个的话你可以去找班里学习好的人借笔记，对着笔记和课本结合理解一下知识点，然后理解不了的知识点再看网课去补，这样比较省时间借不到笔记的话买一本万维的基础知识看也可以，然后就是要把每个知识点跟题型对应上去学，太难的题不用强迫自己一定要做出来，把基础题和中等题做对就好，落的分往擅长的科目找补（是学姐）,1,显性,,,
准初三,,comment,谢谢学姐我准备一节一节听网课[抽泣R],1,显性,,,
准初三,,comment,好哒，谢谢学姐鼓励[抽泣R][抽泣R]也祝学姐学业进步，生活愉快,1,显性,,,
准初三,,comment,就是不想学不想写 考砸了也不想学总想玩手机 现在月考甚至不太想复习了但又很焦虑中考（就是特别想学又学不进去,1,显性,,,
准初三,,comment,我也这样我不知道咋办我其实初一成绩还可以吧中等偏上 现在只能算中等了 因为新加了物理化学 这两门加上数学能被拉一百分左右了,1,显性,,,
准初三,,comment,分到了全校最差班，现在啥也不学，之前八年级还焦虑，现在完全啥也不学习班里面化学没一个及格的，每次都是倒数第一，老师也不管,1,显性,,,
准初三,,comment,我也是最差班,1,显性,,,
准初三,,title,真的不知道初三牲在焦虑什么……,1,显性,,,
准初三,,content,本初三牲现状╰(⇀‸↼)╯ 十四岁以前过的顺风顺水 众星捧月，考过班2年12，心高气傲地曾想要超过所有人,1,显性,,,
准初三,,content,可是只有自己知道自己没有付出很多努力，反而看着别人努力进步自己着急……步入九下，总是容易被别人影响，怕别人卷自己超过自己，心里特别浮躁着急，可正当自己做事又做不进去沉不下心,1,显性,,,
准初三,,content,明明可以考重高，但总因为心态犹豫不前，时常焦虑我真的快崩溃了_(:з」∠)_ 简单来说 问题1️⃣ 看见别人学习我就慌,1,显性,,,
准初三,,content,可能是嫉妒心作祟，看到那些曾经学习成绩不如我的逐渐靠近我 超过我，我心里多多少少会很不甘,1,显性,,,
准初三,,content,比方看到别人内卷我心里会兵荒马乱…… 并且学习的时候总因为关注别人而没办法专心做事，导致我常想把事情做好，但心有余而力不足 问题2️⃣ 有目标or无目标，我真的很迷茫,1,显性,,,
准初三,,content,可能是八下那段时间很压抑，我不想再那么狠逼自己,1,显性,,,
准初三,,content,我之前想考重高，可我又担心上了重高因为自己心态问题承受不住压力（我抗压能力不是很好）所以我畏缩了，我又想着要是考当地普高的奥赛班，但环境师资又是另一说……我目前就读于一所每学期学费一万多的私立学校 是我们当地最好的初中且升学率很高，我在里面算成绩不错的,1,显性,,,
准初三,,content,但就是很迷茫，就像一只小帆船在茫茫大海上，我既没有前进，也没有后退，徘徊在海面上，只是眼睁睁看着别人坚定朝自己目标驶去，我也只能随着大流方向茫然前行 有人说“没有目标的生活 是向机会投降”,1,显性,,,
准初三,,content,每当我定下目标，我心里就恐慌，又有心理压力了 敏感细腻+想太多+自信时有时无+易焦虑体质+急于求成+老妈遗传的急性子……我tm简直buff叠满,1,显性,,,
准初三,,content,咋感觉上了高年级越来越急功近利，只是追求分数和夸赞而不是去注重过程,1,显性,,,
准初三,,comment,亲爱的楼主小妹妹，看看这个阿姨写的，祝福你顺利噢,1,显性,,,
准初三,,comment,谢谢阿姨,1,显性,,,
准初三,,comment,求原图，谢谢,1,显性,,,
准初三,,comment,礼貌求原图 谢谢谢谢,1,显性,,,
准初三,,comment,我也不知道我为什么会这样也许是不甘也许是害怕 害怕自己越来越后面 虽然一直都想努力 但老是集中不了意志力 感觉自己一直都没有努力，，可是老是找不到状态 再这样下去我都不知道呢能不能上高中了，，真的很容易被外界影响啊怎么办,1,显性,,,
准初三,,comment,我前一周也这样 但我也是自己调节过来了心态豁达无所谓一点 别人超了就超了吧 反正又不是中考 名次起伏很正常 不要执着着分数名次不放 这会让你急功近利 忽略过程在乎结果如果浮躁 建议你练字静心 或者去公园散步 写写日记 和信任的人聊天 听歌等等来转移注意力 还有运动 出汗了你会感觉好多了 静下来后就多做事 别想结果这些 不要想考哪个高中 考到哪算哪 不要想自己跟别人的差距 做自己的事……各种让你感到焦虑的想法通通摒弃 只有解决问题才能让你踏实安心宝贝 如果你觉得自己之前成绩那么好现在下降了 可能会感觉自己努力白费 但是你对之前的知识更熟悉啊 复习起来更轻松 而且掌握,1,显性,,,
准初三,,comment,姐妹 我真的和你特别像 八年级上下册 我一直稳定在班级前三年级前五十 九年级上册 变成了班级前五 最差的一次就是期末 掉到了第十八名 从那个时候开始 我就有些迷茫和焦虑 最近的第一次月考也才考了第九名 年级117 天天都在很焦虑 身边同学都很卷 单是九年级学校发的资料他们也已经写一大半了 但这也有我不怎么努力的原因 感觉心里每次都是想好要做什么却还是会想着下次 没有一个学习的劲 老师 父母 都对我的期望很高 都希望我考上市重点高中 周围高压的环境 让我无时无刻都不在焦虑 边焦虑边放纵自己 意志也很不坚定 看到别人学习也会不安 每次想着下了晚自习就回家写题 但回家一拿到手机也根本放不下,1,显性,,,
准初三,,comment,宝子，语文和历史怎么学啊你考得好高我之前也有过90多现在会回都是80几，而且我的状态也很迷茫,1,显性,,,
准初三,,comment,语文 我觉得中上的同学可以专攻基础 上一百的话需要长期积累，成绩好起来它是需要一个过程的，不用急,1,显性,,,
准初三,,comment,你可以每天就在上面摘抄一两个你喜欢的句子，积少成多，你的作文也就不愁没佳句，还有多看范文，看范文不只是看人家的故事多么引人入胜，着重看人家的结构层次 好词好句 偷偷记下来如果你写作文实在没事情可以写 那么久从别人的范文里面 背下来他写的那个事情,1,显性,,,
准初三,,comment,我女儿跟你一摸一样刚刚把你写的给她看了，看完她就笑了，跟她目前的心态完全一致，她这次三调没考好就因为心态崩了，哎，着急,1,显性,,,
准初三,,comment,我也是心态崩了 感觉做啥都没动力……也不知道考个好高中进去还是那么大压力有什么意义这个清明假我也没怎么学习 一提到学习我就抗拒 看着自己清醒的堕落我也太难受了,1,显性,,,
准初三,,comment,额如果浙江这个分数不慌你就上烂高中吧起码重高和第二第三的普高你是无缘了,1,显性,,,
准初三,,comment,也不知道为什么呀，应该是考试太多麻木了吧，我觉得我现在心理很松弛，前几天刚考的校一模，一点紧张都没有，考完也很平静 成绩出来了也很平静，就是很奇怪啊，但是我们全班都这样,1,显性,,,
准初三,,comment,老师，语文和物化基础不好怎么办,1,显性,,,
准初三,,content,多数娃“理科稍强、文科拖后腿”，盲目补弱白费力，整理各年级核心重点，家长直接抄作业✅ 📌初一：打牢基础，规避分化 核心补弱：语文、英语（文科基础薄弱，校内拓展不足） 辅助补弱：地理、生物（提前预热，避免后期会考慌） ✨补充：初一校内重基础，语文英语缺乏拓展，不补易分化,1,显性,,,
准初三,,content,📌初二：补弱提优，应对难度飙升 核心补弱：语文（阅读+作文）、英语（语法+阅读）、地理/生物（会考冲刺） 按需补弱：数学（仅基础薄弱生） ✨补充：初二文科差距拉大，地理生物会考在即，校内课时不足，不补易拉低总分,1,显性,,,
准初三,,content,初三的你是不是觉得数学像一座待攀登的山🏔️别怕，这座山的存在，是为了让你看见更远的风景✨ 🚀 模块三：压轴攻坚区｜第23-25题｜抢分至上,1,显性,,,
准初三,,comment,3 22羡慕,1,显性,,,
准初三,,comment,應該是深圳的學生吧 我倒是覺得這個標準挺不錯的 但可惜我不在這考試,1,显性,,,
准初三,,comment,说每天练就能满分的人，希望你们好好听讲，中考也能满分,1,显性,,,
准初三,,comment,体质不好就剥夺上好学校的权利，是现在人才太多了嘛,1,显性,,,
准初三,,comment,现在都快没人了🆘,1,显性,,,
准初三,,comment,我的天呐，北京八百三分五十五我们都难受，那些规定三分出头的真的要人命吧,1,显性,,,
准初三,,comment,我恨死800了...本来就体质不行，膝盖不好头也有点问题，肺只能算勉勉强强，然后跑完800能站的住就不错了，头疼死，还喘死偏老师觉得没什么，说我是练少了，而且最气人的是生理期刚刚好和每个重要考试撞了我还痛经晚期患者,1,显性,,,
准初三,,comment,真的，我跑完步哪里都疼，跑完都上不来气了,1,显性,,,
准初三,,comment,扔实心球的时候更是绝望[呃R]因为本来我体质就算比较差的那种，跑步就是往死里练起码也能练上去，那实心球是真练不上去啊,1,显性,,,
准初三,,content,之前质疑过的现在也水落石出了 不敢以偏概全 至少我看到的是公平的,1,显性,,,
准初三,,content,顺便提一嘴 老师给了一些今年中考录取排名的数据 总的来看，统招真是越来越难了 名额被分走的太多了 这就出现了之前我娃一直担心的情况 她怕自己没走1+3最后统招也考不上,1,显性,,,
准初三,,comment,是，门头沟,1,显性,,,
准初三,,comment,差不多，最好的学校只要区前200，所以门头沟能参加中考的都是两极分化分不高,1,显性,,,
准初三,,comment,中考压力小，所以门头沟的中考成绩真的不能作数，大多数都被1+3了,1,显性,,,
准初三,,comment,那是不需要中考 已经肯定上那个去的学校了吧,1,显性,,,
准初三,,comment,您好26年6-8月要申报吗,1,显性,,,
准初三,,comment,哪个学校的呀,1,显性,,,
准初三,,comment,这成绩好还是不好,1,显性,,,
准初三,,comment,我娃班上走了两，都是挺优秀的成绩拔尖的孩子，去了区里最好的学校，想到他们不必为中考而刷题我还是挺羡慕的，但自家娃止步于面试，没能入选，我遗憾也无奈，要承认自己孩子之前的学习方法和学习态度还有缺陷，接下来继续努力吧,1,显性,,,
准初三,,comment,你娃后悔了不,1,显性,,,
准初三,,comment,她说不后悔，她说1+3不适合她,1,显性,,,
准初三,,comment,作者大大我感觉你这个写字姿势不标准啊，眼睛离作业太近了对眼睛有害的,1,显性,,,
准初三,,comment,寒假作业很早就写完了，但是就是不想复习,1,显性,,,
准初三,,comment,最近好多人问我怎么学的，统一回复一下，真的没什么技巧，就是背诵和做题，地生其实很简单，只要努力了，即使失败了也不会后悔，快地生会考了，希望各位学弟学妹们也能双a,1,显性,,,
准初三,,comment,好焦虑啊 一样一点没学过[抽泣R] 现在每科差不多就只能考到35[抽泣R][抽泣R],1,显性,,,
准初三,,comment,怎么办，我现在初二25号会考，平时生物忽高忽低有时24有时17（生地满分均30）明明之前满分100的卷子从没下过90的,1,显性,,,
准初三,,comment,地理初一到初二从来不听但最近考的还好24左右，不过我基础知识基本不会能考这分我都害怕，怕正式考试一下就不行了,1,显性,,,
准初三,,comment,我最近好迷茫，看到成绩一次比一次低不知道该怎么办，还有18天就要考了，感觉基础知识好多不会，也没有系统复习过，生物刷了好多题成绩就是上不来,1,显性,,,
准初三,,comment,好焦虑，怎么办,1,显性,,,
准初三,,comment,宝宝先系统地复习一下，不着急慢慢来，相信自己，不要一直盯着成绩看，先把不会的知识点补上,1,显性,,,
准初三,,comment,我现在好难受啊刷卷子刷了二十多套结果三模成绩还比二模差好多 怎么调理啊,1,显性,,,
准初三,,comment,完了我只剩5天了,1,显性,,,
准初三,,comment,江苏这么好的嘛羡慕了，加油吧抓紧时间,1,显性,,,
准初三,,comment,考完了吗姐妹怎么样,1,显性,,,
准初三,,comment,题难不难，我好紧张,1,显性,,,
准初三,,comment,哈哈哈哈考完了 但是咱可能地区不一样 我们两科开卷也不加入中考成绩 题挺简单的 压力不是那么大 也不追求双满分 都是及格就好 所有你们那边压力应该挺大的 但你也不要紧张 我相信你准备了这么长时间 努力一定会有好结果的,1,显性,,,
准初三,,comment,好焦虑啊，七年级全都没怎么学，八上也是，八下学完就考了,1,显性,,,
准初三,,comment,如果是今年的完全不用慌哦，今年政策好像改啦,1,显性,,,
准初三,,comment,我靠咱俩经历为什么这么像 考试的时间也就差一天 地区还一样 太巧了吧,1,显性,,,
准初三,,comment,友友我也要考了 生物地理都在70-80之间 想上90多不知道有没有可能 今天花了四个小时复习地理 还差八下没复习,1,显性,,,
准初三,,comment,该怎么办,1,显性,,,
准初三,,comment,姐姐我想问问看书更有用还是刷题啊 我现在基本刷题都是不会的，然后翻书最多只能考39左右，而且没上过40，我的那个满分是50分，我真不知道该怎么办，我总感觉我学了跟没学一样,1,显性,,,
准高三,,title,准高三不想高考了🥺OSSD和ALEVEL怎么选啊,1,显性,,,
准高三,,content,好想上一辈子高三 还有200多天高考 每天就在坐在学校里面学习 累的时候可以和同学聊聊天 也可以吃点小零食 体育课上还能和同学们一起玩海龟汤打牌 还可以写到我最喜欢的数学试卷 每一个晚自习都有收获 每天去吃个饭 回来之后聊聊天 虽然说很紧张 有点压抑 但是这样真的好充实的一天 平常没有人聊天的时候也可以画画我喜欢的画 想想我喜欢的故事 完全不用担心处理那些大人的事情 每一件事情都安排好了在眼前 都向着一个目标前进 好安心的感觉 （但是我不喜欢早起 早起是极坏的[抽泣R][抽泣R]） 二编：大家都有自己的想法 这也是没错的 但是也请大家语言平缓一些 好吗 我也是早上六点起床 晚上差不多十一点五十睡的觉 四个星期休息一天半的 今天可以这个时候发也是因为最近教育局要求星期六晚去半个小时 好了好了 我要去上学了 #高三精神状态#理科生#时间,1,显性,,,
准高三,,comment,好啦好啦 每个人的高中生活都是不一样的 尽管有些人可能会很枯燥 老师很严肃 学校很变态 但是也会收获相应的快乐和回忆呀[棒R] 我只是发表我的看法 也欢迎你们来讨论 （但是我确实是很喜欢数学的 我也没有说我的成绩很好[呃R]） 打广告和问号的就不要了 我也看不懂 也请大家不要骂人 谢谢大家,1,显性,,,
准高三,,comment,小宝宝我能理解你 我是大一生 我高中就是一个人文关怀很好的好高中 我在高三和你的感受是一样的,1,显性,,,
准高三,,comment,大二学生同意，我的高中超级无敌好，现在无时无刻不想回去,1,显性,,,
准高三,,comment,我懂你我高三的时候说上高中好幸福，幸福到不想上大学，别人都觉得我疯了，高考完后有一天睡觉醒来发现再也不能上高中了真的很伤心,1,显性,,,
准高三,,comment,等我现在上了大学发现大家都想回到高中，我发现我还是很有先见之明的,1,显性,,,
准高三,,comment,我喜欢的是初三 不是高三,1,显性,,,
准高三,,comment,我同意你 我的高中不是很好的学校 但是和朋友室友在一起每一天都很开心 虽然很累但是也很充实 现在上大学了感觉苦的不明不白[完啦R],1,显性,,,
准高三,,comment,谢谢大家呀[亲一个R][亲一个R] 但是我每天只能看一小会手机 可能没办法一个一个感谢 还有我真的不是起号的口牙 是的话我数学一辈子都考不好的[抽泣R][抽泣R],1,显性,,,
准高三,,comment,我好想高中的朋友虽然很累但是有朋友在身边真的不累,1,显性,,,
准高三,,comment,大一新生劝你好好享受珍惜高中生活,1,显性,,,
准高三,,comment,除了喜欢写数学试卷那句话以外都赞同[棒R],1,显性,,,
准高三,,comment,我想念高中食堂的饭（大哭）,1,显性,,,
准高三,,comment,想念高中每天晚上回家妈妈准备的香香饭菜😭,1,显性,,,
准高三,,comment,）初中我内向又没开智，被人80了都不自知还是高中好啊，大好的青春年华，充实又多彩，不像初中那样天真幼稚，也不像大学一样每天仓促迷茫,1,显性,,,
准高三,,comment,这是真的[泪崩R][泪崩R],1,显性,,,
准高三,,comment,初中没开智说的太对了我也不想回初中,1,显性,,,
准高三,,comment,其实不敢说 我高中特别喜欢跟领导斗智斗勇 也算是枯燥生活里面一种乐趣 但是大学现在谁还理你 每个行动都要标榜成年人 没有说高中特别好的意思[呃R],1,显性,,,
准高三,,comment,你们食堂这么好吃吗如果你知道我们食堂买变质发酸的绿豆粥你也会觉得我命苦[完啦R],1,显性,,,
准高三,,comment,可能是我们初中伙食太差了，从刚升入高中我就特别喜欢食堂伙食，食堂旁边就是卖零食的小卖铺，高二时又建起了专卖汉堡热狗面包小蛋糕一类的西餐厅，这谁能不心动……关键是，我们高中食堂真的便宜啊[抽泣R],1,显性,,,
准高三,,comment,上了大学才发现物价是真几把贵，每天光吃饭上花的钱十几二十往外扔心疼死我了，而且没有我最喜欢的里脊肉饼（高中食堂有个里脊肉饼的窗口特别特别好吃我超级爱吃）我好怀念[泪崩R]我一放假回家就老想着偷偷溜回高中半天去混伙食吃,1,显性,,,
准高三,,comment,唉其实能理解有的人的高三特别好，但我的高三真的特别命苦，希望全世界高三都能开心点[完啦R],1,显性,,,
准高三,,comment,高三早上5点50起床，晚上22点10睡觉每天都睡眠不足还压力山大的暴躁日子居然真的有人喜欢过，不是嘲讽是真心佩服你们,1,显性,,,
准高三,,comment,其实我高三现在想想也挺幸福的,1,显性,,,
准高三,,comment,嗯对其他地方不敢说但是我和同学的高三真的很开心（永远怀念,1,显性,,,
准高三,,comment,不想上高中，羡慕你们不便秘的人生,1,显性,,,
准高三,,comment,对于我这种没什么目标只想混个一本的来说太爽了,1,显性,,,
准高三,,comment,支持 感觉高中真的比大学，轻轻松松可以超越一大半的人，很有成就感，也不会特别累，课余可以偷偷看喜欢的同人小说，作业可以根据自己情况调整，大部分科目比较简单自学就能学好，放学校门口有猫猫学姐向我跑过来求摸头，累了翘节体育课翻窗进音乐教室弹弹琴烦恼就烟消云散了 去问老师问题会被投喂小零食，走在放学路上随口能吟出一首小诗 凌晨四点起来背书看着窗外安静的灯光会倍受鼓舞，然后上学前去学校对面买一杯学生价咖啡偷偷瞒过教导主任带进学校 想运动了就放学去操场上晒晒太阳打打篮球 生病了请个假就能回家休息，躺在医务室休息也可以 大学请假必须去医院挂号开假条...,1,显性,,,
准高三,,comment,特别好的帖子 让我感觉共鸣 好想哭 我好舍不得高三 虽然很累但是我真的特别特别舍不得 感受自己一步一步在成长 在向目标前进的每一天都好幸福 爸爸妈妈和朋友陪在身边的感觉太温暖了 真的想留在高中 一想到准备高考要上大学我就难受,1,显性,,,
准高三,,comment,感觉有点记忆混乱了但是真看过说高三过得很开心的帖子,1,显性,,,
准高三,,title,求建议😭😭😭,1,显性,,,
准高三,,content,p2是这次一模的成绩，高中以来最好的成绩大概也就600名左右，然后高考目标分数640，还有挺大差距的,1,显性,,,
准高三,,content,反正挺害怕自己脱离学校这种大的学习环境会不适应最后成绩反而没什么变化，而且本人又是很受不了孤独的人，怕全托找不到搭子,1,显性,,,
准高三,,comment,已经差不多半托了,1,显性,,,
准高三,,comment,真的吗 但我感觉我现在真是遇到瓶颈期了，感觉智商就到这了，再往上走好难[抽泣R],1,显性,,,
准高三,,comment,现在这个阶段不要陷到分数里，没必要因为分数不高给自己添堵，找弱点干就完了,1,显性,,,
准高三,,comment,嗯嗯好的，谢谢,1,显性,,,
准高三,,content,高考剩最后六十几天 被人际关系困住 好崩溃怎么办#高三文科#高中,1,显性,,,
准高三,,comment,再说我本来就挺敏感的，所以我真有被影响到状态，离高考还有60多天了，我不想把和室友之间关系不好这种事情给闹大，但是他们就是会来阴阳怪气我，我现在每天也很痛苦,1,显性,,,
准高三,,comment,宝宝 我只能和你说一下我的做法 我和你一样容易被影响 很敏感 我现在的做法就是去找别的朋友玩 然后一个人走的时候就戴耳机避免听到她们说什么 打心里瞧不起她们就好了 就像看乐子一样,1,显性,,,
准高三,,comment,刚刚跟老师申请了换宿舍，但是老师说宿舍位很紧张，很难换，但是说帮我问一下,1,显性,,,
准高三,,comment,千万不要被影响大可以难过伤心但是一定要好好学习休息加油,1,显性,,,
准高三,,comment,谢谢你，我会努力的但是我还是会忍不住的想这事情，一想到就很想哭，而且我爸爸还脑溢血住院了，本来压力就很大,1,显性,,,
准高三,,comment,好好想想轻重，你就会发现他们不值一提，自己好才是真的好，即使关系重新好了后又能怎样，六十多天后就此别离，余生再也不见，不必担心,1,显性,,,
准高三,,comment,可以尽量避着他们些，还有60多天大家就再也不见了，要是有时候实在忍不了，就硬气点，回怼回去，自己也解气一点，或许他们也不敢太明显说你了,1,显性,,,
准高三,,comment,被骂了怎么办，没有当场骂回去，还在软弱求和,1,显性,,,
准高三,,comment,是的，说的太对了,1,显性,,,
准高三,,comment,但是那个人是我同桌，经常故意大声翻书打扰我学习，尤其在我认真学习的时候会突然间发出声响吓我一跳，我给老师说换位，但是老师也没办法，班里的同学都没有想和我换的😣只有坐在最后一排一个人😣要不然就是雅座,1,显性,,,
准高三,,comment,左右护法还是最后一排你能接受就行，我们班都抢购完了我想坐都坐不到了,1,显性,,,
准高三,,comment,别理他们，第一件事情就是习惯孤独，课间没事可以写写题，没必要因为他们毁了你的高考，你要是改不了适应不了那就只能这样下去，反正你发帖问了也不一定真的能彻底改变，狠狠心就剩六十多天了，但是只是疏离不能绝交，更影响心情，变成普通同学就好,1,显性,,,
准高三,,comment,已经绝交了，被骂了怎么办，没有当场骂回去，还在软弱求和现在想起来好生气，自己变成别人受气包了,1,显性,,,
准高三,,comment,不用管了宝宝，过去的事情就过去了，越想越内耗，这是一种消耗自己的过程，别求和，这样显得你太卑微了，你的行为带给了她优越性，反而是更让他得意，最好的办法就是把她当空气，最好也别说她坏话跟同学，你越大度就显得她越不堪,1,显性,,,
准高三,,comment,天哪宝宝这也太过分了吧,1,显性,,,
准高三,,comment,同学，我也是高三生，我凭心而论跟你说从你的发帖就能看出来人际关系对你而言是很重的、甚至可以说是影响很大的，我觉得你并不能轻易放弃所有人际关系，至少对你来说会很难，所以不要轻易放弃一切，如果这些反而会更影响你那你就更得不偿失，不如去和你闹矛盾的朋友说开，再者，人不会没有朋友的，去找能和你度过这六十天的同频的人,1,显性,,,
准高三,,comment,是的 我有想要尝试说开 但目前来看 但对方好像没有这个意图 因为目前来看她没有回复我 但一直在发朋友圈 我也不知道他们是不是在说我 只是我看到了朋友圈自己在不断的内耗 因为太过在意才会这样 她们对我来说很重要 谢谢你 我会加油挺过去的,1,显性,,,
准高三,,comment,我也是好崩溃啊 而且我还跟她们住在一起,1,显性,,,
准高三,,comment,我也是该怎么办,1,显性,,,
准高三,,comment,人际关系到底该咋办啊，我现在好崩溃啊...距离高考还有六十几天了突然发生了这种问题...一直让自己别想这件事反正马上就要毕业了，但是总是会突然想起来，感觉对我特别不公平，为什么偏偏要在这个时候提出来啊,1,显性,,,
准高三,,comment,其实我不在意她过后会如何说我，就怕她说的话，她说以后我再打呼噜，她不介意半夜叫醒我，可是我问了其他舍友，她们说可以接受，不影响休息，而且我在家不打，在学校才打，现在也在吃药了，如果真的出现这种情况，我该怎么办,1,显性,,,
准高三,,comment,高中毕业后谁还会联系谁啊，你把高中同学关系想得太重要了吧,1,显性,,,
准高三,,comment,我也是，一直想说开，但是发现价值观不同根本说不开，他们就聚一团玩，现在就我一个人,1,显性,,,
准高三,,comment,一个人就一个人 其实一个人很爽 价值观不同就不用再一起玩了 硬在一起玩也是消耗你自己,1,显性,,,
准高三,,comment,现在突然和男生一起坐还很不适应的感觉，我也是对人际关系有点敏感的人，别人的冷嘲热讽，含沙射影对我来说都很烦，想又不想正面刚,1,显性,,,
准高三,,comment,我一直在劝自己内核强大，但是很难不被这种事情影响，而且跑操体育课吃饭都是一个人的感觉很难受，不想快高考了还一直保持这种消极心态,1,显性,,,
准高三,,content,我自己也在这方面确实有点经验，焦虑是整个高三后半学期的常态，但是依然要把握心态和行动上的主动,1,显性,,,
准高三,,content,实际上你只是在克服生理（如早起）和心理（讨厌这门学科）的障碍，而不是在真正地努力,1,显性,,,
准高三,,content,定位的方法也很简单，总结开学后几门考试的成绩排名，跟成绩比自己高出10名的人进行纵向对比，找出自己达不到这个名次原因，再跟自己其他科目的成绩进行横向对比，找出自己最差的学科，然后针对试卷进行分析，看自己在哪个板块丢分最多,1,显性,,,
准高三,,content,我高中时候有个同桌，数学已经差到拉低总成绩30多分，但是因为当时我们的英语老师比较严厉，布置作业多且难度高，她每天就在那里辛辛苦苦地做英语题，数学则是能丢则丢,1,显性,,,
准高三,,content,率先写自己排名最低的学科作业，再写其他，永远记住你要为自己负责，让自己不辜负自己的努力，而不是为了让老师不骂你,1,显性,,,
准高三,,content,4.相信一切皆有可能，永远不放弃,1,显性,,,
准高三,,content,也许一向难度很高的学科反而在高考时很简单，拉开差距的是那些你平常根本不注意的科目,1,显性,,,
准高三,,content,因此不用为某次联考得分太低而难过，实在伤心就自己哭一哭，但是千万不要觉得它可以定义你,1,显性,,,
准高三,,comment,好的 谢谢姐姐,1,显性,,,
准高三,,comment,我是河南高三的学生，谢谢你哦,1,显性,,,
准高三,,comment,姐姐能给高二的学生出一期建议吗 谢谢,1,显性,,,
准高三,,comment,学姐高三成绩起伏的厉害怎么办,1,显性,,,
准高三,,comment,我有段时间2点睡，6点起，差点过去了,1,显性,,,
准高三,,comment,妈呀妹子你千万注意身体,1,显性,,,
准高三,,comment,我高中光六点学到晚上十点半都累得不行………有的钱没必要花还不如自己找点好玩的事情放松一下,1,显性,,,
准高三,,content,平时一定要多积累好的高级句子和段落,1,显性,,,
准高三,,content,11.不要在备考期间恋爱,1,显性,,,
准高三,,content,"12..不要每天焦虑,焦虑的来源是缺乏行动",1,显性,,,
准高三,,content,"每天按计划完成任务,会感到充实而快乐",1,显性,,,
准高三,,comment,我现在经常后悔以前不好好学习 每次写数学物理都会被自己气到然后很影响状态能学一点是一点吧 一起加油,1,显性,,,
准高三,,comment,我感觉现在才刚开始 目前还干劲满满 可能是我醒悟的太晚了 但是已经要结束了,1,显性,,,
准高三,,comment,好像是这样的，我家孩子也说，冬天人就是比较郁闷，每天连太阳都看不到，心情也一样，现在开春了，虽然剩下的时间不多了，但是不觉得难熬了,1,显性,,,
准高三,,comment,也许是看到希望了吧,1,显性,,,
准高三,,comment,是，最近成绩越考越差，二模也考砸了，昨天晚上查到成绩真的很崩溃，整天累得跟狗一样，结果越考越差昨天晚上实在坚持不了了，连夜给我妈打电话回家了,1,显性,,,
准高三,,comment,只有两个月 离目标分还差100+,1,显性,,,
准高三,,comment,我也离目标分差100➕ 怎么时间这么快就过了,1,显性,,,
准高三,,comment,历史选择题16道只对五道 英语阅读也错了好几个 好崩溃,1,显性,,,
准高三,,comment,还有烦人的人际交往 我真不行了,1,显性,,,
准高三,,comment,现在这个状态 情绪差得一点就炸，感觉需要一个契机让我狠狠的哭,1,显性,,,
准高三,,comment,我也是 很烦很烦越来越烦一点小事就能把我烦死 很躁不想上学,1,显性,,,
准高三,,comment,一样，每天在学校过得累死累活，想努力冲一冲的，根本没动力,1,显性,,,
准高三,,comment,现在大一箱来说点：高三的时候成绩起伏很大正常，在高三我也经历了高中成绩最差的时间段，直线下滑,1,显性,,,
准高三,,comment,但是担心的是什么呢，应该是旁人对我成绩的看法和态度（除了自己以外的所有人），担心这么下去高考完了，很崩溃焦虑,1,显性,,,
准高三,,comment,但是等现在再看只想对自己说，没事不要想太多，高考是你自己考又不是别人替你考，努力学习好好学，一定要努力，可以玩但是要努力，不然真的留遗憾了,1,显性,,,
准高三,,comment,一定要好好规划，劳逸结合，自律自律，一定要背英语单词其实高考我也没有考的想象中那样，所以作为过来人很想说一些，希望大家不要高考留遗憾,1,显性,,,
准高三,,comment,我不是很相信努力就一定会有你想要的结果，但是付出总会有回报的，请你相信你自己，希望你可以心想事成,1,显性,,,
准高三,,comment,姐妹们，高三确实很难熬，因为各种压力因素，大家也许都会变的很浮躁，但一定要相信不管是自己还是朋友，都是非常非常好的人，我们一定要相信自己，给自己更多的正向鼓励，所以一定要坚持住,1,显性,,,
准高三,,comment,谢谢宝宝,1,显性,,,
准高三,,comment,毕竟高三这最后几十天，真的需要从点滴事件中发现微小幸福，尽量多去发现一些善意，少留意一点恶意,1,显性,,,
准高三,,comment,好的谢谢,1,显性,,,
准高三,,comment,谢谢宝宝我们一起加油,1,显性,,,
准高三,,comment,好好哭,1,显性,,,
准高三,,comment,谢谢宝贝,1,显性,,,
准高三,,comment,谢谢你 祝愿我们都考上心仪的院校,1,显性,,,
准高三,,comment,哇这个说的好好啊,1,显性,,,
准高三,,comment,谢谢宝宝呀,1,显性,,,
准高三,,comment,一直左右脑互博一边骂天骂地一边给自己洗脑大家都是好入,1,显性,,,
准高三,,comment,特别浮躁，压力大就喜欢幻想毕业,1,显性,,,
准高三,,comment,越来越炫压抑怎么办,1,显性,,,
准高三,,comment,疯狂想谈恋爱,1,显性,,,
准高三,,comment,高三开始一个人孤立了全班,1,显性,,,
准高三,,comment,大概是高二升高三那个暑假，有女生在背后搞我，然后高三开始班里没人跟我讲话（本人没有什么不良嗜好，大概是班里女生和我喜好不同吧，我们班女生喜欢内娱明星喜欢打王者，我喜欢看小说看番还混欧美圈，反差巨大跟她们没什么共同爱好吧，本来交流也没有很多）,1,显性,,,
准高三,,comment,高三了大家都不装了，想骂就骂想法就法了,1,显性,,,
准高三,,comment,一周内班级群炸了三次，吃瓜吃得好爽好爽,1,显性,,,
准高三,,comment,只是有点没意思，大家确实都长大了没那么幼稚，很快就吵完了，唉,1,显性,,,
准高三,,comment,没有对高考的紧张只有对解放的渴望,1,显性,,,
准高三,,content,还剩一百零三天高考，昨天开学第一天，调座位被调成了一个人坐,1,显性,,,
准高三,,content,因为我本身就是e人，特别喜欢聊天，因为一个人坐今天一整天都特别难过，很瞌睡，也不想听课，该怎么调理😭 #高三#高中#高考,1,显性,,,
准高三,,comment,同enfp想问问那种别人上课讨论问题自己没人讨论那种落差感怎么调节啊心里难受好久了,1,显性,,,
准高三,,comment,如果落差感来源于没人讨论的话 我觉得你可以试一下主动去找朋友或者前几的那些同学 可以围在一大圈人旁边 就听大佬分析 有不懂的随便揪旁边一个同学问 懂了就撤 不一定要等人来找你 嗯对,1,显性,,,
准高三,,comment,这个真没事鬼知道我有多喜欢我现在的单桌座，,1,显性,,,
准高三,,comment,本来书也多我放不下就放旁边 衣服啥的也能往椅子上搭 而且我坐最后一排翘腿上课困了随时起立啥的太方便了😭,1,显性,,,
准高三,,comment,宝宝我建议你转换一下角度思考问题，马上就要高考了和你e不e或者i不i或者爱不爱聊天没什么关系了，你也知道马上就要高考了还在为一个人坐一桌是不是有问题调理其实宝宝你也知道是比较浪费时间的，你知道问题所在的话就应该知道一个人坐真的是一件好事，少管了很多闲事，当然如果你对于同桌的定义是那种互帮互助，大家一起相互提升的话你大可以去直接和班主任沟通一下，就说你觉得有同桌更有学习氛围可以督促你们双方更好学习啥的，这样的话我觉得大部分的班主任都是会理解的,1,显性,,,
准高三,,comment,妈呀这是我高中三年的梦想奈何本人太i，不好意思提，不敢这样特立独行，但这样对学习真的挺有帮助的，更专注，不会有人打扰,1,显性,,,
准高三,,comment,再也没有同桌偷看自己学啥了，出成绩还一直在那丧,1,显性,,,
准高三,,title,还有10天高考…我好兴奋啊……,1,显性,,,
准高三,,content,我去了我好兴奋啊…终于要离开这里了吗 刚才班级群里通知考场和考试时间表 其实半个月前就已经开始了，只要想到马上要高考要毕业了我就真的控制不住的笑出声……我真这样…… 终于能#毕业离开这死地方了…… 看小红薯上有些买资料的写莫名其妙的觉得自己考得上的……我真这样……我真是迫不及待高考了 好好笑啊我，，我现在在自习室自习紧迫冲刺 背背背背背背，数学我真的要笑出声了什么我都干了就剩数学没看没动没做题，我会逼着我看的 但是我好兴奋啊哈哈哈哈哈哈哈哈哈哈哈哈哈哈哈哈哈哈哈我妈总说我像有病的……是啊怎么了是啊怎么了是啊怎么了我早被#啥必学校逼疯了哈哈哈哈哈😁日尼玛战斗爽战斗爽战斗爽战斗爽战斗爽战斗爽战斗爽 #文科生#高考#2025高考#高三#高三牲#我要玩#我要放暑假#我要醉生梦死#战斗爽#我要毕业啦#学姐毕业去哪玩#招魂#酣畅淋漓的战斗#精神状态 而且现在脑子里全是那个#该死的#lemon中文版 那一天的忧郁😭忧郁起来🥲 那一天的寂寞🥺寂寞起来😰 他妈了个巴子的……b站首页点开全是……,1,显性,,,
准高三,,comment,不然毕业了会后悔当时怎么不骂狠一点的,1,显性,,,
准高三,,comment,周四拍毕业照我要无差别攻击了反正收假了我也自己在家复习,1,显性,,,
准高三,,comment,我已悟透我现在强的可怕,1,显性,,,
准高三,,comment,谢谢嘿嘿,1,显性,,,
准高三,,comment,我是走读生周测放学十点二十在校门口被班主任拦住了班主任警告我我当时说我放学校对面的她根本不带信的我当时还问了咋了她跟我说让我别管内么多搞得班上今天没人敢带手机了,1,显性,,,
准高三,,comment,哈哈哈哈哈虽然我几乎裸考，但我越来越兴奋了，尤其是今天我连毕业照都没拍上，感觉更加开心以后要离开这里了,1,显性,,,
准高三,,comment,毕业照么…倒是提醒我了（好久没有回学校了）但是无所谓，好朋友无需毕业证，剩下的件货们更是拿远点，在学校里面合影都晦气更别说照片里有学校和校徽了……简直就是烙在身心上的奴印…时时刻刻提醒我这段屈辱的时光,1,显性,,,
准高三,,comment,我也好久没回了今天班任通知时间错了，我去了没拍上，其实当时有点小难过 但很快想想我不会出现在其他人的照片里，好像我的高中真的无痕了，不会有人记得我高中时的样子，爽死了好吧,1,显性,,,
准高三,,comment,啊哈哈你说太对了,1,显性,,,
准高三,,comment,虽然我也考不了多少分，也考不上什么好大学，但是一想到马上就能离开这个恶心的环境和恶心的同学就好高兴,1,显性,,,
准高三,,comment,兴奋的一口气刷了本短篇小说，现在还没睡，哈哈哈哈哈今天还要模考来着，十天，哦不，十三天，彻底结束了,1,显性,,,
准高三,,comment,兴奋的晚上根本睡不着,1,显性,,,
准高三,,comment,其实我本来还在想拍毕业照尴尬，因为我在学校都带着口罩（这一年基本没去，但去了都戴口罩）结果到了等了半个多小时才知道拍完了，比起遗憾我更心疼毕业照白交的钱没有毕业照多好啊，我现在又丑又阴郁，感觉像黑历史，我毕业典礼也不打算去了,1,显性,,,
准高三,,comment,那一天的忧郁😭忧郁起来🥲那一天的寂寞🥹寂寞起来😰连同着迷🥺这个炎炎🔥夏日🥵万般滋味👄那个你🫵都化作了烙印在我心底❤挥之不去柠檬🍋的香气💭在晴朗🌞驱散大雨☔之前都无法被抹去😭如同嚼下一口柠檬🍋那样让我难忘记😭你是我永远驻足眺望🫡的唯一那束光🔆,1,显性,,,
准高三,,comment,期末没课所有时间自由支配，可以随时去旅游，上完课买好饭和水果边看剧边吃饭超级幸福🥰想卷就可以卷想躺平就躺平对于我这种间歇性有斗志的人超级友好,1,显性,,,
准高三,,comment,间歇性斗志简直就是我……是啊朋友圈不少上大学的姐姐们看着真的好充实（除了上艺术院校美术生，明天是快乐和抑郁的极端，被艺术搞心态（雾）真的是可以一心追求自己喜欢的东西了……,1,显性,,,
准高三,,comment,我也是，而且特别自信，感觉自己就能考好，不知道为啥啊就是很轻松,1,显性,,,
准高三,,comment,和上一年我考前一样哈哈哈哈哈哈想想可以不要再回高中那个和阿兹卡班一样的地方就爽得不行人之常情人之常情哈哈哈哈哈,1,显性,,,
准高三,,comment,就是就是这辈子最恨的就是这个死高中，真的是够够的了，毕业即离婚，一想到马上要一刀两断，一干二净，一清二白的离开我就爽,1,显性,,,
准高三,,comment,感觉自己想学，然后就总是翻开作业看两眼发现不会又放弃这种的有什么建议吗,1,显性,,,
准高三,,comment,那有啥建议 翻开之后别放弃啊,1,显性,,,
准高三,,comment,逼着自己算 填空题前面的或者大题的第一小问都不会就完了诶,1,显性,,,
准高三,,content,从小学就开始想象我的高三会怎样，事实上并没有拼的头破血流，也没有华丽的破茧成蝶，更不敢想高考会成为一匹黑马,1,显性,,,
准高三,,content,剩下的每天都很煎熬，想马上结束这一切，又不希望最后的审判到来,1,显性,,,
准高三,,content,#高考#高三#金榜题名#被考试支配的恐惧#一键查询我的精神状态#我的脑子呢#焦虑,1,显性,,,
准高三,,comment,今天考完学校最后一次模拟考了，就下来面对的居然就是真的考试了omg希望大家高考顺利哦,1,显性,,,
准高三,,comment,有一种知道自己会被判死刑然后终于要上断头台的解脱和恐惧感,1,显性,,,
准高三,,comment,说真的，高二的时候一直在幻想高三了怎么努力怎么焦虑，每天睡五个小时一直做卷子刷题，结果真到了高三发现，和之前一样，还有时间耍耍手机看看小说，回神发现还有27天考试,1,显性,,,
准高三,,comment,对的对的，我还以为我会和垫底辣妹一样燃,1,显性,,,
准高三,,content,特别特别特别特别笨但很努力的人高考上限是多少 凡尔赛别来,1,显性,,,
准高三,,content,就是那种上补习班和学校里老师都说很笨，但是自己很努力一直不放弃的，高考上限是多少呀我的老师一直说我笨#高考#笨#努力,1,显性,,,
准高三,,comment,笨人努力也没有下限，因为他可能努力的方向不对，不光不进步，还会退步，你懂吗,1,显性,,,
准高三,,comment,会更笨甚至身体受伤,1,显性,,,
准高三,,comment,好哦谢谢小猪🐷老师 我的帖子都推到澳大利亚了嘛 那边是不是有很多小动物呀 我很向往那里,1,显性,,,
准高三,,comment,完全没法赞同 当今普高学习前百分之五就是刺刀见红 努力难以赶上天赋差距了,1,显性,,,
准高三,,comment,首先没有笨的人,1,显性,,,
准高三,,comment,我有个朋友，她的笨是很明显的，很多知识点我一遍就会的话她可能要琢磨好久而且再问一遍老师，但她不间断的学，放假也在学，她妈妈是校长总给她在学科网找题做，找知识点，自习课一直在做题或者背书（背书也很慢），但她成绩没差过，现在刚一轮复习完可以上600，高考600+没问题，努力和天赋真的同样重要，没有天赋就用努力去弥补，只要做的足够多知识是能够全覆盖的，别去想上限，你做出的结果就是上限，加油加油,1,显性,,,
准高三,,comment,谢谢宝宝回复呀看的人心暖暖的我就是你朋友这种很多知识点我要琢磨半天但是也是一直在学希望我一轮复习完也能600+,1,显性,,,
准高三,,comment,期待你的好消息,1,显性,,,
准高三,,comment,虽然但是能上600不算笨吧,1,显性,,,
准高三,,comment,确实是 ，还会有更笨的比如我,1,显性,,,
准高三,,comment,...那可能不是笨，只是反应慢而已,1,显性,,,
准高三,,comment,可能是你比较聪明所以觉得她笨,1,显性,,,
准高三,,comment,600真的和笨没关系....,1,显性,,,
准高三,,comment,我 理解能力很差 思维刻板 22文科630 上了大学被按在地上,1,显性,,,
准高三,,comment,谢谢你宝宝 看到你的评论真的好温暖,1,显性,,,
准高三,,comment,我也是文科班，宝宝你是啥高中啥班型啊，我都是稳定在十五名以内那样，但是确实也就是五百分，原始分也就530那样你这样说的我有点害怕,1,显性,,,
准高三,,comment,我是本ip四线城市的一中 我们班是二类班 不过你不用太担心啦 我高三发挥的最好也只有560分 平时也就500分左右 平时班级前十 最后高考580 而且不只是我 大部分人都是这样 不要担心太多 走好当下的路就可以啦😘😘😘,1,显性,,,
准高三,,comment,谢谢宝宝的回复我会一直努力下去的,1,显性,,,
准高三,,comment,在河北特别特别笨但是努力的话应该是过不了600这个坎的,1,显性,,,
准高三,,comment,感谢回复🥹我现在高二了，高一升高二凭借努力考了年级第三从普班跳到实验班，以为自己虽然不能说是聪明，至少不能说是笨吧，可是我的老师还是总说我笨，什么都学不会，我也觉得自己确实思维和反应迟钝，就想知道像傻子一样执拗的学下去会不会有个不算太差的结果谢谢你的答复,1,显性,,,
准高三,,comment,我高中同学吧，真的很努力，认真程度在班上都是有目共睹的，也是我见过唯一一个寒暑假作业都是自己全部独立完成的，最后超过一本线30分（题外话，她平时成绩都一般，但是疫情网课那段时间，大家都没怎么学，就她一个人还是一如既往的认真，返校的那次质检直接考了全班第一，你就知道是真努力了，肯定不是假努力）,1,显性,,,
准高三,,content,高三上学期我生物大题真的惨不忍睹，忍无可忍摸索出一套超好记的规律，不用死记硬背，做题时直接套用，后期大题扣分基本控制在3分以内，今天就把这份干货分享给和我当初一样迷茫的高三宝子,1,显性,,,
准高三,,content,🔍具体操作： ① 光合：先写二氧化碳+水→有机物+氧气，再答影响因素,1,显性,,,
准高三,,content,② 呼吸：有氧写葡萄糖+氧气→二氧化碳+水+能量，无氧分两种，影响因素写温度、氧气浓度，重点提“氧气浓度为0时只进行无氧呼吸，浓度过高抑制呼吸”,1,显性,,,
准高三,,content,🔍具体操作： ① 神经调节：必写反射弧，兴奋传导方向单向，突触处电信号→化学信号→电信号,1,显性,,,
准高三,,content,④ 结论：根据结果下结论，若实验组和对照组有差异，就写“××（自变量）对××（因变量）有影响”，无差异则写“无明显影响”,1,显性,,,
准高三,,content,. 高三生物大题真的不是靠蒙，找对规律，踩准采分点，分数自然就上来了，希望宝子们都能少走弯路，稳稳提分，高考生物不留遗憾,1,显性,,,
准高三,,content,把三个最容易“阵亡”的阶段写给各位家长，希望你们别踩我们踩过的坑,1,显性,,,
准高三,,content,✅ 第一个阶段：四月一模前后—心态崩盘期 【崩盘原因】：一模成绩出来，孩子第一次看到真实排名差距，心理防线被击穿,1,显性,,,
准高三,,content,我家闺女一模考完回来哭了两天，说“努力这么久还是这个水平，是不是没希望了”,1,显性,,,
准高三,,content,【典型症状】：情绪低落、不愿沟通、反复说“没用”，有的孩子开始逃避模考,1,显性,,,
准高三,,content,我家差点也陷入这个坑，孩子说要“每天学到凌晨”，我坚决拦住了,1,显性,,,
准高三,,content,【典型症状】：作息混乱、上课打瞌睡、效率下降，情绪烦躁易怒，越努力成绩反而下滑,1,显性,,,
准高三,,content,✅ 第三个阶段：高考前一周—临考恐慌期 【崩盘原因】：真正要上考场了，紧张、焦虑、失眠集中爆发,1,显性,,,
准高三,,content,有的孩子考前三天睡不着，有的临考前一天还在狂刷题，越刷越慌,1,显性,,,
准高三,,content,【家长应对】：①考前一周不刷新题：只看错题本和知识框架，保持“有准备”的自信,1,显性,,,
准高三,,content,我家孩子考前两天紧张，我陪她看了场电影，回来睡得很香,1,显性,,,
准高三,,content,通过反复做全国卷，你能体会到高考喜欢考什么,1,显性,,,
准高三,,content,3. 干扰项分析 错误选项错在哪，把干扰项的特征记下来，下次看到同类选项直接排除 . （二）主观题复盘 1. 对照答案标漏点 用红笔在答案上标出自己漏写的角度、漏掉的术语 2. 把答案拆开看结构 标准答案为什么这么写、它的逻辑是什么，把这个结构记下来 3. 把好题积累下来 遇到有代表性的题，把材料和答案剪下来贴到活页本上 . #高三政治#政治提分#高考政治#高考,1,显性,,,
准高三,,comment,数理题目太活了做得头大，但政治背了又怕不考，不背又心慌,1,显性,,,
准高三,,comment,这样会不会很花时间我英语和地理也急需补,1,显性,,,
准高三,,comment,我看常老师看晚了，之前总觉得政治靠背就行结果三模才六十多，没法看了才赶紧去听，虽然高考到八十五，但还是后悔没早点开始，不然能冲九十,1,显性,,,
准高三,,comment,想问一下，像经济全球化和国际关系那块，学校讲完了我还是搞不清逻辑，基本不会是靠刷题还是跟他补,1,显性,,,
准高三,,comment,现在发现不会就是捡分的机会，我把自己不熟的部分重点看他对应的专题，理解透了再适当练题,1,显性,,,
准高三,,comment,别急着看选项先把题干圈出主体范围问法这三要素，确定它到底在问谁在什么条件下要答什么先定方向再找答案,1,显性,,,
准高三,,comment,真受不了我那个线下老师，要续费的时候笑脸相迎，平时问他问题都不太乐意,1,显性,,,
准高三,,comment,纯背书，不过这次考试运气比较好大题考的我都有背过，刚好考前也复习到了,1,显性,,,
准高三,,comment,感觉选择得下功夫能拉开分差， 我看完常迎的解题突破选择错的能控制在两个内,1,显性,,,
准高三,,title,说些相见恨晚的高三地理主观题满分做题技巧,1,显性,,,
准高三,,content,下面是我高三后期地理主观题提分的核心技巧，分享给大家 - ✔️审题 1.先看设问类型（原因、特征、过程、影响、措施），确定答题方向 2.再看分值，以6分题为例，通常需要3个要点，避免少答漏答 3.带着设问读材料，快速圈出区域、地理要素、数据变化、关键词，信息全部来自材料，不凭空推断 - ✔️自然地理vs人文地理 . ✅自然地理答题强调因果链条完整 •从地形、气候、水文、植被、土壤五大要素出发 •按作用顺序或时间顺序书写 •过程题必须写出阶段逻辑，不跳步骤、不省略环节 . ✅人文地理强调要素筛选与材料结合 •只用“自然+人文”两个维度展开 •只写与材料相关的点，不盲目堆模板 •避免空泛内容，确保每点都能在材料里找到依据 - ✔️按题型套固定答题思路 1️⃣特征描述题：先概括整体分布与变化趋势，再分点描述数值、结构、空间差异，表述具体不模糊 . 2️⃣原因分析题：自然因素从位置、地形、环流、下垫面切入，人文因素从人口、产业、交通、政策切入，逐条对应，不交叉混乱 . 3️⃣过程推演题：按起始条件—中间变化—最终结果分步书写，写明作用力与演化环节，逻辑闭环 . 4️⃣区位/条件题：先抓主导因素，再补充次要因素，只保留与材料匹配的要点，不堆砌通用模板 . 5️⃣影响评价题：分经济、社会、生态三个层面，兼顾利弊，结合区域实际作答，不泛泛而谈 . 6️⃣措施类题：紧扣问题成因，从工程、生物、管理、技术角度给出具体做法，务实可操作 - ✔️语言规范 地理主观题最吃术语准确度 ①全部使用规范表达，如“降水丰沛”“劳动力充足”“地形起伏大”等 ②关键词前置，让阅卷老师一眼看到得分点 ③分点作答，使用①②③，保证结构清晰 ④每一点都做到“原理+材料信息”结合，不单独套模板 - ✔️保底技巧抢基础分 遇到不会的题，遵循两个原则： 1.围绕题目涉及的地理要素写术语，尽量踩基础分 2.只写与题目相关的核心名词+简单逻辑，不乱写、不凑字✔️复盘只抓两件事 •对照答案，只补遗漏角度 •把同类题规律整理成一句话模板，不建立新体系 - 地理主观题提分真的不靠苦学，靠的是审题逻辑+答题规范+要素思维 #高三地理#地理主观题#答题技巧#高三提分#新高考地理#自然地理#人文地理,1,显性,,,
准高三,,comment,我一直以为是知识点背太少了，做题才做不对，现在开始补时间来得及不,1,显性,,,
准高三,,comment,求资料谢谢谢谢,1,显性,,,
初三党,,title,非常焦虑的初三党,1,显性,,,
初三党,,comment,好的 谢谢,1,显性,,,
初三党,,comment,谢谢你 我已经找到啦,1,显性,,,
初三党,,content,10.不要在备考期间恋爱,1,显性,,,
初三党,,content,11.不要焦虑,1,显性,,,
初三党,,content,每天按计划完成任务，会感到充实而快乐,1,显性,,,
初三党,,content,!! #准初三#准初三的暑假#准初三逆袭#学霸秘籍#学渣逆袭指南#学习日常#初中生#初中学习方法#暑假规划#暑假计划,1,显性,,,
初三党,,content,还有74天就要中考了 我脑子一片混乱 一直在清醒的堕落 今天早上有点崩溃发了朋友圈 晚上发现同学的朋友圈提到了我 突然发觉我好像真的没有认真想过,1,显性,,,
初三党,,comment,我的天哪 早上起来给我吓到了 好多人,1,显性,,,
初三党,,comment,我发那个朋友圈并不是真的决定放弃了 就是 怎么说呢,1,显性,,,
初三党,,comment,其实我有想过考比那个学校稍微差点的 感觉会轻松很多 这样我是肯定能拿到指标生的（+45分） 但是心里还是不太得劲 之前我在家里提过 我家里人说我考不上 让我别吹牛b（后面一句应该是开玩笑） 还说我想报都不敢让我报 所以我是想考的 同样想打他们的脸 我现在七科里只有英语好点 物化是最差的 上课认真听了但是做题不会 化学知识点背完就忘了 开学调完位置之后 我下课就几乎没有玩过了 同桌一直在学习（年1） 我如果不学总觉得别扭 但学几分钟就特别烦躁 我没招了,1,显性,,,
初三党,,comment,评论我都看了 我看到有人说p1的朋友圈很… 我已经删了 以后不会再发类似的了 也谢谢plq的友友们可以理解我,1,显性,,,
初三党,,comment,烦躁的时候可以学不用动脑子只用抄写的内容,1,显性,,,
初三党,,comment,还是对未来充满希望，有拼劲的年纪呢,1,显性,,,
初三党,,comment,我高中同学也给我抄过这些，我觉得很励志，很感动,1,显性,,,
初三党,,comment,正气绝不会是贬义词,1,显性,,,
初三党,,comment,我初中也这样，对当时我喜欢的人都一心劝学,1,显性,,,
初三党,,comment,真的同学人真的太好了 有种被养育的很健康阳光的感觉 博主多和这种同学一起对自己的磁场好,1,显性,,,
初三党,,comment,好久没见过这么热忱的人了，就是那种对万事万物都认真到有点呆萌的感觉谁懂有个朋友就是这样的性格，特别特别好的一个人,1,显性,,,
初三党,,comment,天啊这种性格真的是有点萌……认真到呆萌,1,显性,,,
初三党,,comment,中考都那么费劲还要别人提醒才能自律那高中更是没救而且你目前成绩想必很差了 如果你不彻底改变那考不考高中都无所谓了 你的人生就这么看到头嘞,1,显性,,,
初三党,,comment,宝宝 一个22岁的姐姐告诉你 在该学习的时候一定要好好学习 虽然现在这个社会的大环境的确学习不是唯一的出路 但是读书对于一个女孩子来说（没有性别对立的意思 没有歧视的意思 每个人都可以有自己的选择 只是自己的一点意见） 对于眼见 对于生活中遇到事情的看法都会不一样的 现在长大了才发现 学生时期这种其他什么事情都不用担心 天天只用学习的时光真的很美好,1,显性,,,
初三党,,comment,完全同意，以前还小不懂，现在出来上学了快要面对社会生存压力了之后真的觉得读书是一件非常重要的事情,1,显性,,,
初三党,,comment,其实你发这个朋友圈就知道你才是最焦虑的那个…… 真正在无忧无虑的玩的人不会发这种东西…… 加油呀意识到自己堕落了就赶紧调整起来,1,显性,,,
初三党,,title,初三开学前焦虑锦囊,1,显性,,,
初三党,,comment,我…努力吧，真的感觉最近挺迷茫，特别是体育,1,显性,,,
初三党,,comment,谢谢你，我要继续去补作业了,1,显性,,,
初三党,,comment,寒假作业特别多，知道大部分写的也没用，但不写会被老师骂,1,显性,,,
初三党,,comment,可是体育训练真的好累😫😫😫，我真的不想跑800学校还天天练体育课也累，而且班上神人也多,1,显性,,,
初三党,,comment,放不下手机怎么办，是追星女，有很多消息需要知道成绩不咋还又想抄答案没手机感觉受不了,1,显性,,,
初三党,,content,九上期末遇滑铁卢，初三最差的一次，郁闷但也清醒,1,显性,,,
初三党,,content,浮躁的代价终需买单，寒假沉心复盘补短板，把问题解决在考前，中考才更有底气💪#初三#公布成绩#初三党#中考#成绩,1,显性,,,
初三党,,comment,这么好了，还说差，我家的那个都没眼看那成绩,1,显性,,,
初三党,,comment,谢谢关注,1,显性,,,
初三党,,comment,回复 May 🌻 : 谢谢鼓励还有很大的提高空间,1,显性,,,
初三党,,comment,好厉害的成绩不偏科的全能型偏科战神表示好羡慕[抽泣R],1,显性,,,
初三党,,comment,感谢关注普娃一枚，这次得分率严重下滑，需要好好查漏补缺了,1,显性,,,
初三党,,comment,感谢关注,1,显性,,,
初三党,,comment,对对对，确实差的要死,1,显性,,,
初三党,,title,初三｜累累的很安心🤞🏻,1,显性,,,
初三党,,content,本周初三真的被电路和函数搞得特别崩溃….但是调整自己之后觉得还不错哈哈，如果做对了的话会超级有成就感🥰🥰🥰 题真的是越做越有感觉☝🏻🤓每天累累的话感觉还要安心一点了，我们初三生真的就是这样子的，单休也被补课填满，不过,1,显性,,,
初三党,,content,在忙碌中找到自己的小确幸也是初三的小美好😊#学习碎片#初三#plog#随时问#AI写作业#作业写疯了,1,显性,,,
初三党,,comment,谢谢宝宝 我已经找到了哈哈哈哈,1,显性,,,
初三党,,comment,哇谢谢宝宝 还在努力寻找风格中...,1,显性,,,
初三党,,comment,随时问很不错，感谢,1,显性,,,
初三党,,content,那个瞬间，我抢过习题本的手在发抖，不是气她偷学习，是心疼她眼下的乌青都快比睫毛长了,1,显性,,,
初三党,,content,我知道中考倒计时让你焦虑，但用透支身体换来的分数，就像用漏水的桶装金子啊,1,显性,,,
初三党,,comment,真不写你又不高兴,1,显性,,,
初三党,,comment,你这样起号还有点太慢了，我教你，去柳智敏超话说张元英是五女一，崔然竣超话说黄铉辰是五男一，去博君一肖超话说他俩是假的，单人超话说他俩是真的，去边伯贤超话说怎么和金泰妍分手了，去赵露思超话发虞书欣95top，马嘉祺超话说宋亚轩是楼永一， TFBOYS超话说时代少年团是内娱第一男团，去朱志鑫超话发苏新皓登永一，去桂瑞超话发桂恒99，去张桂源超话发杨博文四舞一姐妹，再去叶舒华超话说赵美延唯一门面，去朴彩英超话说金智秀门面主唱，再去马嘉祺超话说宋亚轩楼永一，去tfboys超话说时代少年团内娱第一男团，再去 bts超话说他们长得不如exo帅，最后打开王者去国服榜上加几个少萝头像骂她们,1,显性,,,
初三党,,comment,你怎么一个帖子一个人设,1,显性,,,
初三党,,comment,然后让她吃完了就休息吧,1,显性,,,
初三党,,comment,虽然我确实觉得你一个帖子一个人设,1,显性,,,
初三党,,comment,好羡慕呀,1,显性,,,
初三党,,comment,要是我有女儿，我看到她半夜学习第一反应肯定是欣慰,1,显性,,,
初三党,,comment,我还以为只有我一个人这么觉得,1,显性,,,
初三党,,comment,一开始不想写到后面越写越兴奋,1,显性,,,
初三党,,comment,我爱学习，预算6万，求带,1,显性,,,
初三党,,comment,睡眠不足会影响听课效率可能会让自己累到了还得不偿失 最好还是按自己平时的睡眠习惯来作息 利用好醒来的每一分每一秒就好了,1,显性,,,
初三党,,comment,大家都考完了吗,1,显性,,,
初三党,,comment,我考完了 满分60 考了58,1,显性,,,
初三党,,comment,我感觉可以喝 红牛这种运动饮料可以缓解一下肌肉酸痛 我上次模拟考就喝了不知道是心理作用还是什么 真的轻松了一些,1,显性,,,
初三党,,comment,今天考完了，满分,1,显性,,,
初三党,,comment,考完了，满分,1,显性,,,
初三党,,comment,可以喝，喝了葡萄糖，跑完之后不会太累,1,显性,,,
初三党,,comment,考完了才刷到，才考了43,1,显性,,,
初三党,,content,心里有点不舍 有点怀念大家在跑八百的时候 我记时班长带跑 卡着满分又不累 大家都很开心 虽然每次跑前都会抱怨 但是痛并幸福着 我会想你们的 还有两个月 很高兴认识你们 加油,1,显性,,,
初三党,,comment,考的怎么样呀,1,显性,,,
初三党,,comment,可能人家天生气血好雌激素多 羡慕,1,显性,,,
初三党,,comment,哈哈哈哈我也是就感觉像梦一样突然间就考完了,1,显性,,,
初三党,,comment,我们也是[扶额R]现在上了大学还要继续跑，痛苦,1,显性,,,
初三党,,comment,希望我体考完那天也是这样,1,显性,,,
初三党,,comment,感觉p3的两个同学长得好像呀，好可爱,1,显性,,,
初三党,,comment,害 谢谢,1,显性,,,
初三党,,comment,我也是前天考完了，50m短跑，实心球，足球800m，满分啦，全班4个我占一个,1,显性,,,
初三党,,comment,50m怎么跑的呀 你平时50m练习吗,1,显性,,,
初三党,,title,到底谁还在焦虑的玩,1,显性,,,
初三党,,content,只是希望能帮到大家 ［有困难或有其他分享的，可以在plq聊聊］ p1上［找到目标的例子］下［我的个人经历］ p2上［关于绝对不要躺平］下［关于焦虑的玩］ 个人学习技巧： 比较通用耳熟能详的我就不再说了,1,显性,,,
初三党,,content,多去图书馆感受学习氛围，不管是一个人去还是同学一起去都很有效果 4 闲得慌真的可以做以前熟悉的甚至低两个年级的题来打发时间，不想做就画画，拼拼图，下棋之类的，总比玩手机强,1,显性,,,
初三党,,content,如果你不想身体和学习全都废掉的话...即使初三作业多也真的不要熬太晚 6 不要管不要在意老师和父母对你的打压，每回忆起那些话一遍就是让他们再骂你一遍,1,显性,,,
初三党,,content,#中考#担忧或者顾虑#学不下去看这里#冲刺#初三#行动是打败焦虑的最好方法,1,显性,,,
初三党,,comment,宝已经很棒啦，我确实说的过于绝对，实在学不下去听一些音乐是有好处的，我以前也总爱听，不过根据我个人经验的话以后可以尝试渐渐摆脱对音乐的依赖，长期听的话注意力会更难集中，另外我个人认为白噪音也是很好的选择,1,显性,,,
初三党,,comment,谢谢你你给的建议很棒，我会慢慢适应的,1,显性,,,
初三党,,comment,要特别了解北京的试卷 结构要有经验 第二：针对性强不强，有没有按照模块提升，查漏补缺，针对提升眉毛胡子一把抓是不行的要有明确的规划几次到什么分数段 第三：落地落实，专人专练，很多小孩缺少的就是落地落实，缺管缺盯缺练，英语该背的单词短语短句，语文文言古诗词，数学物理公式定义定理归纳总结好，专人负责检查，校内作业限时完成并批改，合理安排好，孩子既能休息也能学习，很多孩子是都能接受,1,显性,,,
初三党,,comment,大家一定不要绝望灰心啊，有千千万万个和你处境相同或相似的同龄人，大家可以一起努力迎接更好的自己，更美的未来的✧(◍˃̶ᗜ˂̶◍)✩,1,显性,,,
初三党,,content,我知道你现在是一个重高可能努努力能攀上边，嘚瑟一下又离中专不远的处境不过比起再多压力我还是想分析你的问题 往年你的老师总会说你爱研究没用的，有的时候接触到中考不考的题，一直没想懂去问老师，但是老师说中考不考不用研究那些没用的先抓紧要的，于是你尴尬的回去却还是不死心，你总觉得学习知识的目的并不是中考，但就是这样的小问题一步一步吞噬你，如果说后不后悔，我想我还是会说不，不过现在留给你的时间是不多了 每次数学老师讲课的时候，讲到一个知识点，你总喜欢往远了想，试图想这个知识点的由来等等，后来你慢慢改不掉了，于是上课时有跟不上节奏 我知道你见过同为初三的那么多人哭着喊着累想休学等消极情绪，有学霸亦有中等生，不过你相信没有什么事情是咬牙挺不过去的，你不哭也不闹，即使发现自己的卷子做的越来越不顺心，你依然坚持冷静分析，我想你的心态比中考更加可贵 一直有人告诉我们考好高中是值得炫耀的，如果是遇见亲戚邻居大家只看中你的学历来定义他们口中的你，我知道你想争气，不过有时候有在深究为什么只有考好高中才值得炫耀呢（并不是我不想考好的高中只是我不理解为什么一直要提倡考好高中）我知道人总是要向上的，但是走哪条路不是向上的呢，只不过我们每个人追求的不同，而有的人选择了少有人走的那条路 之前的人会说劳动最光荣，可现在同样大家都是劳动者，为什么总有这样的话萦绕在生活中“不努力就和他们一样”呢，人们的话语就是这样的两面，希望未来的你也能坦然面对别人对你的评价 前几天看了一本书《天才在左疯子在右》我忽然觉得自己好像和书里的“疯子”时有相似，其实现在我也不知道我该不该在未来改变喜欢研究奇怪东西的自己，他们都说这样不对，但是这条黑暗未知的道路你要不要踏上呢 我知道你并没有那么懒惰，比起再多激励的话，我更想祝你的未来勇敢，幸福无论考上哪里，都是最好的安排，何处不能提升自己，加油晚安💤,1,显性,,,
初三党,,comment,其实我也一直在想中考的目的是什么，虽然他划分好了要考什么，但是我们人生要学的东西很多呀，为什么只学中考要考的知识才能通过考试呢，我总是喜欢研究一些看起来确实没有什么用的问题，虽然确实没人懂我但是我好像很久之前就陷入了一个漩涡,1,显性,,,
初三党,,comment,辛苦了，人生只有一些，活的幸福开心才最重要,1,显性,,,
初三党,,title,初三 原来一个人也能走很远的路,1,显性,,,
初三党,,content,最近有点焦虑人际关系……… 我想 我可以自己调节好的 🥹 我会朝着理想高中前进的👊 #初三#小鹿🦌的ploggg#中考#友谊#埋头学学学#我要稳稳的幸福#原来一个人也能走很远,1,显性,,,
初三党,,comment,谢谢我会的,1,显性,,,
初三党,,content,今天是2026年2月26日距离中考还有114天 现在才把今天所有的任务完成 啊啊啊啊啊好累好累 希望我能坚持下来! ! !加油加油,1,显性,,,
初三党,,title,10初三｜放学之后的plog 🥖我不想一模啊🥹,1,显性,,,
初三党,,content,#准初三#2022中考考生#06 加油啊初三年一青中我来啦（纯励志勿喷谢谢）,1,显性,,,
初三党,,comment,希望明年可以一起在青中相遇、加油加油,1,显性,,,
初三党,,comment,我成绩好差,1,显性,,,
初三党,,comment,2023中考考生我是初一新生希望能考上寿县一中,1,显性,,,
初三党,,comment,我害怕我进不了尖子班，你这是尖子班的吗,1,显性,,,
初三党,,comment,嘻嘻，谢谢,1,显性,,,
初三党,,comment,我好紧张,1,显性,,,
高三党,,content,哈哈哈玩笑一下 希望高三的同学们能够放松心态 考到自己的理想目标,1,显性,,,
高三党,,comment,越是觉得无所谓越是能上，因为上了考场没压力,1,显性,,,
高三党,,comment,初一生为什么有点羡慕了,1,显性,,,
高三党,,comment,完了这是真上过高三,1,显性,,,
高三党,,comment,睡不着，不知道是焦虑还是兴奋，好矛盾,1,显性,,,
高三党,,content,或者更可怕的是——如果磨到最后，发现里面确实有玉，却已经被磨得只剩薄薄一层了呢,1,显性,,,
高三党,,comment,我之前在山东上学，学校是衡水模式的那种非常地狱的，上得我几度崩溃大哭,1,显性,,,
高三党,,comment,老大，我现在在大学，我真的很幸福，真的有生长的地方,1,显性,,,
高三党,,comment,落泪了 祝你幸福 我都不知道我的长处是什么 不过还有七十天就高考啦 没关系的,1,显性,,,
高三党,,comment,好呀 希望我到大学也能找到自己的价值 好好长大,1,显性,,,
高三党,,comment,其实吧 生命一天一天的流逝 意味着你要在这些时光中做些让你不会留下遗憾的事情 不上学也好 在家里可以上网学文艺什么的 天天还能锻炼 去做点职业赚钱,1,显性,,,
高三党,,comment,其实说实话我很理解老师所表达的情绪，充满焦虑又充满希望,1,显性,,,
高三党,,comment,千万不要过于逼自己，因为真的会崩溃,1,显性,,,
高三党,,comment,我现在也经常焦虑的睡不着觉，躺在床上感觉好累好迷茫，想着想着就会哭不过我们都应该抱着最大期望去努力，哪怕没有成功，我们也不后悔,1,显性,,,
高三党,,comment,抱抱老师……虽然无数次崩溃过但是我们还是挺到现在了，希望六月我们都有好结果[完啦R],1,显性,,,
高三党,,comment,但是无论有没有争取到 还是希望老师能够更着眼于已经努力并且取得成效的那部分,1,显性,,,
高三党,,comment,喜欢这个……红笔的墨是我的血，每一笔都是我的血,1,显性,,,
高三党,,comment,啊啊啊感谢解读,1,显性,,,
高三党,,comment,非常喜欢老大的文字,1,显性,,,
高三党,,content,现在回想起来没什么，但仔细想自己当时的焦虑很具象,1,显性,,,
高三党,,content,1.喜欢撕嘴皮，每次都会撕到出血才满意，嘴巴被自己养得很坏,1,显性,,,
高三党,,content,2.喜欢扣头上的脂肪粒，因此头发掉了很多，也同样会打断学习的专注,1,显性,,,
高三党,,content,所以我现在大一也一直带着它们，但大一确实玩的太多了压力没那么大，有点忘记它们了,1,显性,,,
高三党,,content,最近期末周压力挺大，刚准备睡觉看到眼前的唇膏记忆又突然涌来，就想分享出来，ok,1,显性,,,
高三党,,comment,哈哈哈哈我也是这样 每次考试前就是涂唇膏 这样嘴巴太油了 手就不想去碰了 虽然但是平时我还是会撕嘴皮 又会出血 但是我又忍不住hhh,1,显性,,,
高三党,,comment,特别是在写熟悉和物理的时候 我就特别喜欢抠嘴皮 而且是那种不撕完这一下 我就想不出来这题的那种哈哈哈哈,1,显性,,,
高三党,,comment,想问问老师现在还掉头发嘛，我也喜欢一边写作业一边扣头皮，今天洗头头发掉了一堆,1,显性,,,
高三党,,comment,这样每次都洗梳子好麻烦[完啦R]不过确实一焦虑就爱抠头,1,显性,,,
高三党,,comment,不洗会很油[完啦R]我接受不了,1,显性,,,
高三党,,comment,找个小爱好，比如我喜欢做手工最近在钩毯子，由于这玩意十分巨大我每天晚上就钩个半行，钩完正好带学校去盖，我也会一边钩一边听小说（用的是喜马拉雅出的拿个小雅）,1,显性,,,
高三党,,content,P1-2 高中体育课和朋友拍着玩的(16岁那会脸肉肉的看着就还是小孩子 P3 当时发的时候也没那么喜欢 但后来拍了很多照片都没能再复刻同样的感觉 P4-5 高三晚自习朋友抓拍的 经常能在其他评论区刷到这两张(还被好多pxx商家盗去卖眼镜🥲 P6-8 没想到小品女孩可以获得六十万赞(隔壁 P9 拍毕业照前一天刘海剪毁了… P10 其实是证件照花絮 P11 第一组万赞的工作图(但这张没被选中当封面 P12 旅行随手拍 朋友说“回头 你现在好漂亮” #我的日常#来拍照了#分享照片#笔记灵感,1,显性,,,
高三党,,comment,我将起诉,1,显性,,,
高三党,,comment,太太太青春了p3角色,1,显性,,,
高三党,,content,我会按照不同时期给大家讲讲我的工作重点，希望能让大家在每个时期都有方向、明确自己在干什么，并且知道现在做的事情对高考有什么帮助🥰 还有一点点想说的话： 说了好多学习的东西，但我最希望26、27届的朋友知道的是：你已经做得很好了,1,显性,,,
高三党,,content,可以再放轻松一点，慢慢来🥰🥰现在还远远不是该焦虑冲刺的地步，一定要吃好睡好 把心情哄好😌 我的这些说法也不是提前规划好才照做的，不过是走一步看一步而后得到的经验,1,显性,,,
高三党,,content,有直接参考价值最好，但我更希望它是一个引子，能够让大家多勇敢尝试，去找到让自己最开心最安心的方向和方法🥰✨ #艺考生文化课复习#集训#艺考培训#美术生#艺考指南#我与高考的难忘经历#学习经验#绘画#高考逆袭#艺考 #下期先说哪个[PK]#,1,显性,,,
高三党,,comment,艺术生死磕数学英语就可以了，这俩考个一百二三十分，语文和文综合划划水，多了不敢说，至少已经吊打95%的竞争对手了,1,显性,,,
高三党,,comment,完了完了，数学和英语最差,1,显性,,,
高三党,,comment,想问问数学现在40左右怎么提啊英语就背688高频词汇就行是吗,1,显性,,,
高三党,,comment,我靠完蛋了数学英语都是弱科,1,显性,,,
高三党,,comment,想问一下我文化课还可以，是重点高中，上个一本应该绰绰有余，但是我非常热爱音乐，也很有天赋，想往这方面发展，就要走艺考，上音乐专业方面的学校，这样好吗,1,显性,,,
高三党,,comment,很需要一个英语教程🥹🥹🥹❤️虽然英语不好百分之九十都是我自己没背单词的问题,1,显性,,,
高三党,,comment,所以现在急切寻求能在暑假后不掉队的方法，求有经验的学长学姐建议（不要说什么知道家里没钱当初为什么学美术之类的，事已至此我需要的是解决办法🙏）,1,显性,,,
高三党,,comment,具体分数说不好呀……但是你的时间很多哇 起码数学考到八九十试试看吧,1,显性,,,
高三党,,comment,救命，我主科好些，文综很差，初中靠理综的，但是我们高中美术生全是文综,1,显性,,,
高三党,,comment,所以历史怎么学啊,1,显性,,,
高三党,,comment,26届的联考生，正在集训中，走之前文化课470+，学校课还没讲完，政治思维一点没学，回画室两个月了专业课跟不上，文化课也着急，平时做题背单词也记不进去，请问这样该怎么办啊,1,显性,,,
高三党,,comment,我走之前也是思维没学这块很简单 别担心 做到不会的题目再对照着书看，多做几道就会啦,1,显性,,,
高三党,,content,这到底是啥啊，这孩子也没跟我说，我又不敢主动找他聊，怕影响她学习，真是进退两难...,1,显性,,,
高三党,,content,肯定有人会问，这么拼，不累吗?会不会垮掉?当然会啊!!我也是人，不是机器,1,显性,,,
高三党,,content,经常累得要命，有时候真想一甩手把笔扔了，狠狠地伸个懒腰，觉得一切都好无聊，一切都没意思,1,显性,,,
高三党,,content,但偶尔崩溃也没啥大不了的,1,显性,,,
高三党,,content,我决定改变学习方式有两个原因:一是实在撑不住了，怕还没到高考我就崩了;二是我发现我之前太苛责自己了，每次崩溃都怪自己不够坚强,1,显性,,,
高三党,,content,之前积累的压力慢慢释放，成绩不但没退步，反而更享受学习了,1,显性,,,
高三党,,content,面对自己的情绪，要崩就崩，不再责怪自己不够坚强,1,显性,,,
高三党,,content,1️⃣语文 注意!高中我不建议通过阅读提高语文素养来提高分数!高中很紧张根本没有时间所以刷题是一个很好的方法!而且提分也很有成效!注意一定要整理语文笔记!像我之前都会整理答题模板然后做到一个文件夹里然后经常看 2️⃣数学 我最喜欢的一科!先重视基础， 建议去看网课，二三十分也可以看懂!(不知道是谁的可以问我)把公式以及推导和推广弄明白!适当刷题!做定时训练!总结题型!数学笔记很重要! 3️⃣英语 英语学习首先是词汇量高考必背3500!第二刷题一定要回顾!一些做题中碰到的生词生词组以及可以用到写作的句子，每天1-2个专题训练，论述题一定先明确提出观点，再运用所学提供论据，最后结合现实升华才能得高分 面对高中的压力和挑战，我们需要寻找一种心理调节的方式学习要灵活一点，要掌握方法，参考我这一套，你去试试,1,显性,,,
高三党,,content,#高中学习方法#高考逆袭#高三#高二#高三一轮复习#学渣逆袭指南#高考复习#学习经验#高中学习笔记#寒窗苦读只为这一刻,1,显性,,,
高三党,,title,你们好，我需要高中生缓解压力的方法,1,显性,,,
高三党,,content,压力好大,1,显性,,,
高三党,,comment,工作压力越大越想放松,1,显性,,,
高三党,,comment,工作太累了,1,显性,,,
高三党,,comment,差不多两天吧,1,显性,,,
高三党,,comment,怎么玩呀,1,显性,,,
高三党,,comment,: 我去救命啊我才明白，原来不是小孩子玩的那种乐高什么的玩具...,1,显性,,,
高三党,,comment,为什么高一我就感觉压力大了但是我知道怎么缓解压力,1,显性,,,
高三党,,comment,买喜欢的小东西,1,显性,,,
高三党,,comment,我有时候还喜欢摸鱼,1,显性,,,
高三党,,content,完全学不进去 特别特别浮躁 心已经飘向远方了 每天只有在学校才能学进去一点 二模小三门稳定发挥 以为稍微有点学成了 结果反而更浮躁了 学校里做题又是一坨 每天都特别煎熬 晚睡以后早起头还特别痛 一整天眼睛都很酸还伴随着偏头痛,1,显性,,,
高三党,,content,以前几乎不掉头发 现在每天梳头都是一大把 情绪也越来越不稳定 莫名其妙就流眼泪明明没有什么事 大把时间都在被浪费… 目标虽然越来越近但是却越来越看不到希望[抽泣R]#高三#高考#错乱的生物钟#高考应援团#上海高考#高三生#高中生,1,显性,,,
高三党,,comment,我真的越考越差了,1,显性,,,
高三党,,comment,一直在焦虑所有事情 我在想或许一年后的我会责怪现在的自己吗 或许一年后的我想到面对一切的解决方法了吗,1,显性,,,
高三党,,comment,哈哈其实上了也是大专 还累死累活,1,显性,,,
高三党,,comment,普高也有差的 评论区在说什么,1,显性,,,
高三党,,comment,还是直接挂个学籍完了搁家请私教,1,显性,,,
高三党,,content,高三的暑假根本不是用来摆烂的，是用来拉开差距的,1,显性,,,
高三党,,content,😭 刷到这篇的北京高三党，赶紧码住这份暑期全托集训营攻略，开学直接惊艳所有人,1,显性,,,
高三党,,comment,我是教数学的，以前是理科生，史地政不太了解，高考数学142英语141，你的英语还有一定进步空间，因为你用的词是“上过”而不是“稳定在”，但具体怎么提得结合你的实际情况来，我建议你找一下上一届英语成绩好的学长学姐，带着你的卷子给他们看一下，让他们给点建议,1,显性,,,
高三党,,comment,说实话你其他科目成绩真的很好，数学这个成绩太可惜了,1,显性,,,
高三党,,comment,对，是这个意思，因为你现在是基础知识都有缺漏，直接做题的话，每做一道都很棘手，都要看答案问人，会很痛苦效率也不高,1,显性,,,
高三党,,comment,希望能帮到你,1,显性,,,
高三党,,comment,后续学习过程中如果遇到问题，可以去我主页置顶帖子下面留言，写清楚困惑的点我一般都会回,1,显性,,,
高三党,,comment,好嘟好嘟，非常感谢,1,显性,,,
高三党,,comment,谢谢宝宝啦,1,显性,,,
高三党,,comment,好嘟，谢谢宝宝,1,显性,,,
高三党,,content,#一点都不快乐#乱七八糟#希望你永远不懂#高中生的精神状况#理科生##不会再想回到高中了,1,显性,,,
高三党,,comment,我高三也是很累，想着毕业以后再也不要回到这个地方了,1,显性,,,
高三党,,comment,现在大一真的很怀念当年那些很累但很纯粹，大家一起奋斗的时光回想起来真的很充实很美好,1,显性,,,
高三党,,content,希望大家都可以去掉自己心仪的学校,1,显性,,,
高三党,,comment,okok 感谢,1,显性,,,
高三党,,comment,爱德思数学,1,显性,,,
高三党,,title,高三生穿校服进店怒花5000,1,显性,,,
高三党,,content,因为快十八岁了 想给爸妈送礼物哈哈哈哈哈哈哈哈 二模刚考完就去了 sa说我运气很好 衣服和包都是最后一个了 #逛商场真的变成只逛了#装逼照#别骂我#逛街随手拍#我不是有钱人#逛街#coach#TOMMYHⅠLFIGE#生日#成人,1,显性,,,
高三党,,comment,好难得的乖乖，爸爸妈妈他们一定可开心了,1,显性,,,
复读生,,content,书名：复读生 作者：小霄 主角：简子星，仲辰 一句话简介：所有光明，当属于你 立意：少年意气·理想远大·父子情深 简介： 大佬一起复读一起浪#双向暗恋#热血#互相治愈 -- 英中高三复读班不小心刷出了毁灭级同桌组合 一个是血虐老师的机械大佬学神简子星 另一个则是笑里藏刀的大帅比校霸仲辰 刚开学时校霸好像很穷，总是吃不饱，晚自习时饿的趴在桌子上装死,1,显性,,,
复读生,,content,在他心怀侥幸期待校霸模考提升二十分时，校霸出现在了年级大榜榜首，与他并列 简子星：“你,1,显性,,,
复读生,,content,” 仲辰手指轻轻扫过他的耳垂，轻声叹气,1,显性,,,
复读生,,content,“如果爱情能有高考这么简单就好了,1,显性,,,
复读生,,content,“ 【人设】：外冷内热暴力小可爱学神受 X 隐藏大佬不骚会死校霸攻 【高亮】：1V1甜文，简子星受，仲辰攻，小剧场两颗蛋 #推文#校园文#完结小说#今日推文,1,显性,,,
复读生,,content,3招走出“自我怀疑怪圈”，我带的学生靠这招提了120分】 凌晨2点收到复读生小王的消息：“老师，我又做错题了…是不是我真的比别人笨,1,显性,,,
复读生,,content,” 隔着屏幕都能感受到她的崩溃,1,显性,,,
复读生,,content,复读这一年，我见过太多孩子陷入“自我怀疑循环”：做对题觉得是运气，做错了就全盘否定自己，越焦虑越学不进去，分数掉得更快,1,显性,,,
复读生,,content,但去年带的复读生小林，从一模410分到高考530分，恰恰是靠这3招跳出了怪圈—— 1. 把“我不行”换成“我还没做到” 复读生最容易陷入的误区：总拿现在的自己和“如果当初”比,1,显性,,,
复读生,,content,小林刚来时总说：“要是高三我再努力点就好了…” 我让他每天写“进度条日记”： • 今天攻克了3道圆锥曲线错题（进度+5%） • 背完了20个高频英语作文词（进度+3%） 用“具体进步”替代“抽象否定”，两个月后他说：“原来我不是不行，只是需要一步步来,1,显性,,,
复读生,,content,教他们一个“5分钟宣泄法”： • 准备个“情绪垃圾桶”本子，考前烦躁时就写：“这道题明明讲过还错，我现在超生气,1,显性,,,
复读生,,content,3. 每周留1小时“摆烂时间” 复读不是“连轴转”，绷太紧反而会断,1,显性,,,
复读生,,content,我要求学生每周六晚8-9点必须做和学习无关的事： 小林会去操场跑步，小王喜欢拼乐高，有人甚至会看一集动漫,1,显性,,,
复读生,,content,适度摆烂是为了蓄力，就像拉弓要先松弦，反而跑得更远,1,显性,,,
复读生,,content,我带过最逆袭的学生，曾在9月模拟考哭着说“想放弃”，但12月后突然开窍—— 复读的关键不是和别人比速度，而是和昨天的自己比进步,1,显性,,,
复读生,,content,去年有个复读生半夜找到我，语音里带着哭腔：“姐，我第一年就是被网上乱七八糟的时间线坑惨了——统考完才想起校考报名，直接错过两所院校,1,显性,,,
复读生,,content,差一步，可能再等一年,1,显性,,,
复读生,,content,心态调整：最容易被忽略的时间节点 复读生有三个情绪低谷期： ① 9月开学（看同学进大学，自己回画室/琴房） ② 12月统考前（害怕重蹈覆辙） ③ 4月校考出证（拿不到合格证容易崩） 建议在每个节点前一周，主动做三件事：写复盘日记、找考上学长聊一次、定一个短期小奖励（比如考完去吃火锅）,1,显性,,,
复读生,,title,: 辰辰大帅哥没力气啦TwT,1,显性,,,
复读生,,comment,辰星nb[抽泣R]这个星星一脸无语hhh,1,显性,,,
复读生,,comment,辰星牛逼 这个太萌了...,1,显性,,,
复读生,,comment,谢谢大家的夸奖，我们暂时不打算出道,1,显性,,,
复读生,,comment,哇塞这个梦幻联动虽然跑调哈哈哈,1,显性,,,
复读生,,comment,总结的太好了,1,显性,,,
复读生,,comment,差点没看出来你是谁,1,显性,,,
复读生,,comment,哇塞哇塞天籁之音,1,显性,,,
复读生,,comment,不行都是喜欢的老师,1,显性,,,
复读生,,comment,我的妈呀,1,显性,,,
复读生,,comment,我自己看完之后感觉最喜欢的还是沙雕学霸系统😭咋能做到每本都好看的,1,显性,,,
复读生,,comment,是的，最爱沙雕学霸系统,1,显性,,,
复读生,,comment,超级喜欢叶卡丘和妙蛙老师,1,显性,,,
复读生,,comment,加一真的爱死叶卡丘和妙蛙老师了,1,显性,,,
复读生,,comment,对，惶惶简直太好看了,1,显性,,,
复读生,,comment,超爱复读生,1,显性,,,
复读生,,comment,每一本都是同一种感觉，但又不同的故事，平平淡淡的小甜文，但看着就会心情好的那种，看了还想看期待第五部呀(*^o^*),1,显性,,,
复读生,,comment,沙雕学霸系统太好看了我的天,1,显性,,,
复读生,,content,要不是我是复读生，就差点被你恩佐叔叔骗了#重逢洛克王国,1,显性,,,
复读生,,comment,这个蛋仔派对我差点给干划走了，知道不,1,显性,,,
复读生,,comment,嗯可爱捏，就是我们家闪蛋咋不闪捏,1,显性,,,
复读生,,comment,好爱看小剧场,1,显性,,,
复读生,,comment,好的好的谢谢,1,显性,,,
复读生,,comment,我还是最喜欢复读生哈哈哈,1,显性,,,
复读生,,comment,我top是复读生，但我还是建议按顺序看，就看到他们忽然之间有了联动特别开心，对话也特别搞笑,1,显性,,,
复读生,,content,临沂中考考不上高中怎么办#临沂中考#中考复读#中考成绩#临沂教育,1,显性,,,
复读生,,comment,报了个市外的不走平台，但是被市内的录取了不想去上 也不能退档 还能上另外一个吗 档案怎么弄,1,显性,,,
复读生,,content,2. 非江苏户籍考生（随迁子女） 除满足上述基础条件外，还需额外具备2点： ① 在江苏取得完整高中学籍,1,显性,,,
复读生,,content,简介：车治宇因为意外休学，在妈妈的希望下回到高中，要把高中念完，独来独往的他引起了班长纪奎真的注意，在某一次体育课时主动邀请治宇一起踢球,1,显性,,,
复读生,,content,没过多久的清净日子被宋智贤打破，智贤希望治宇能够原谅他一年以前犯的错，但治宇已经无法原谅了，三人在相处过程中，智贤愈发偏执，最终使得治宇再次受伤，治宇希望智贤不要再联系自己,1,显性,,,
复读生,,content,评价：是相克太太的另一本漫画，很喜欢纪奎真的人设，可以说他是“安全型恋人”吧，小狗虽然总和治宇哥撒娇，但他做的事情不会让治宇感觉到危险信号，小狗特别好哄，被老婆凶了以后老婆拉了拉衣角，小狗就脸红了，在老婆叫了自己名字以后完全把自己哄好了，只要老婆一出现就会摇尾巴🥺自己被打，伤的特别严重跟老婆说“没事，你的手都破皮了”🥺有阳光开朗的一面，也有腹黑的一面，老婆送的感谢零食要自己吃完，即使是自己不爱的甜食,1,显性,,,
复读生,,content,老婆说可以带朋友们一起到他家玩，小狗想和老婆相处就说他们不想来，其实根本没问过朋友们哈哈啊哈哈哈被拆穿以后就撒娇🥺还好朋友们也都很善解人意，太太的剧情和画风都很好 #韩漫#复读生#复读生韩漫#小狗攻,1,显性,,,
复读生,,comment,这一本在我这可惜智贤的我会直接lh哈，全篇最心疼治宇了，什么都没做错结果半④不活,1,显性,,,
复读生,,comment,智贤就是那个黑毛吗,1,显性,,,
复读生,,comment,卧槽好的(•̤̀ᵕ•̤́๑)ᵒᵏᵎᵎᵎᵎ谢谢宝宝我避雷了我可以接受不洁但是和qj接受不了，看韩漫那么久我都没适应,1,显性,,,
复读生,,comment,——是发到评论区好复制直接搜索哈哈哈,1,显性,,,
复读生,,comment,这个是我接触过的最早的一部韩漫好多年了依旧喜欢的不行,1,显性,,,
复读生,,comment,之前朋友和我说黑皮后面缠着受还伤害他，阴魂不散那种感觉，所以就很怕黑皮对受做不好的事，害得我都一直没敢看,1,显性,,,
复读生,,comment,这个老师的三观和审美都好符合我胃口，可惜作品太少了,1,显性,,,
复读生,,title,复读的激动瞬间,1,显性,,,
复读生,,comment,谢谢大家的点赞👍❤,1,显性,,,
复读生,,comment,: 谢谢 我们下星期六就要考了 好紧张･᷄･᷅,1,显性,,,
复读生,,comment,阿杰拍的这个好真实啊，周围就有复读的，真的每天都在鼓励他他也是很珍惜机会,1,显性,,,
复读生,,comment,谢谢阿杰,1,显性,,,
复读生,,content,这冰山一角解释不了我的2022 是只身一人的异地复读 是每天不超过5个小时的睡眠 是一年都回不了10次家 是每天除了教室就是宿舍的两点一线 是吃了一个月的药都没好的咳嗽 是晚上会经常一个人躲在被子里哭 是现在想起来依旧会掉眼泪的日子 我见过空无一人的教室 也见过天还没亮的清晨 但庆幸 我熬过去了 无论结果如何 我都不曾后悔我选择的一切#高考复读,1,显性,,,
复读生,,comment,我感觉也不行，但是我们教材改版了，如果复读，学的可能大不一样,1,显性,,,
复读生,,comment,平时用哪些资料啊特迷茫不知道怎么办,1,显性,,,
复读生,,comment,我也是，快背疯了,1,显性,,,
复读生,,comment,感觉学的差距大嘛,1,显性,,,
复读生,,comment,妹妹不怕只要考虑好了那就下定决心去做吧，客观条件再改变也真没有那么难,1,显性,,,
复读生,,comment,我复读那年省自主命题变成了全国二卷，英语还加了听力，数学很多思路都有了变化，但我还是坚定想法，干就完了，最后搏一搏二本变211，真的是另一种人生了,1,显性,,,
复读生,,comment,谢谢你 但是今年卷好难没有信心了快,1,显性,,,
复读生,,comment,同复读希望今年一定可以,1,显性,,,
复读生,,comment,这冰山一角解释不了我的2022 是只身一人的异地复读 是每天不超过5个小时的睡眠 是一年都回不了10次家 是每天除了班级就是宿舍的两点一线 是吃了一个月的药都没好的咳嗽 是晚上会经常一个人躲在被子里哭 是现在想起来依旧会掉眼泪的日子 我见过空无一人的班级 也见过天还没亮的清晨 但庆幸 我熬过去了 无论结果如何 我都不曾后悔我选择的一切,1,显性,,,
复读生,,comment,我看到这 我真的哭了 我是去年复读生 一年的时间 太快了 哈哈哈哈 真的哭了,1,显性,,,
住校生,,title,很想知道住宿生是怎么熬过来的[哭惹R],1,显性,,,
住校生,,content,高中第一次住宿，才三天我就已经熬不下去了，星期三那天晚上因为台风说停课能回家的时候我真的激动的哭了，但又要去学校了就想哭😢,1,显性,,,
住校生,,comment,呃啊啊才住了一周已经受不了了下课到熄灯只有半小时一个寝六个人宿舍也没有翻新上铺爬上去下不来 下去了上不来熄灯都没有铃很多人澡洗一半突然就黑了环境比军训的宿舍还差虽然宿舍没有什么矛盾都玩得来但真的好难受打算去买mp4偷偷带去听歌好歹有点精神慰藉,1,显性,,,
住校生,,comment,四小时太久了，接送的人会很累,1,显性,,,
住校生,,comment,那也太久了吧可以试试住托管，不过到底没有家里舒服,1,显性,,,
住校生,,comment,谢谢如果后面适应了学校也会考虑住校的我爸妈给我留了一个床位,1,显性,,,
住校生,,comment,一安静下来就想家，从小到大一直没有离开过家，天天哭,1,显性,,,
住校生,,comment,我们寝室八人寝，晚自习下课离熄灯只有25分钟，从教室到寝室就要走八分钟左右，熄灯也是突然就黑了，我们都是在吃晚饭的时间跑回宿舍去洗澡，有时候来不急就不吃晚饭拿瓶牛奶就跑回教室，寝室里几乎每个人都有一箱牛奶，然后衣服都是等晚自习回来再洗,1,显性,,,
住校生,,comment,我们满打满算只有15分钟七人寝，去水房都靠抢的根本洗不上澡，一周多没洗澡，并且我还住6楼每天爬上爬下累的要死,1,显性,,,
住校生,,comment,真的好累,1,显性,,,
住校生,,comment,我也是，我在绍兴，我人在宁波我真的想回家,1,显性,,,
住校生,,comment,只能死熬，刚上一周天天想家想哭，环境又烂，没地方倾诉，舍友也不好处，学习上又不适应懂不了一点，早6晚9，住校一点也不好，真的很不喜欢住校,1,显性,,,
住校生,,comment,我是那种不是特别喜欢社交的人，只要有一个人同行这样就够了的，每天在教室上课也就够累了，回去到宿舍还要去维系跟舍友的关系，真的好累，每天晚上关灯以后自己在那哭,1,显性,,,
住校生,,comment,我也性格比较内向，而且我是外地住宿，简直了想回家都不行，最近不是快开学了嘛，每次晚上我心都好慌，而且我和舍友关系还不好一想到还要待两年半就晕,1,显性,,,
住校生,,comment,"真的很难很难熬，都是每天哭住宿时每天激励自己，说一些激励自己的话吧,然后就是自言自语幻想着有一位朋友陪着自己,有时候无聊就拿着自推跟自推自言自语的特尴尬的就是,宿舍里的人全部都在一起玩，就我一个在床上无所事事",1,显性,,,
住校生,,comment,对，主要班上还和其他人不熟，最怕的就是体育课双人组队,1,显性,,,
住校生,,comment,没住过宿，感觉啥都担心,1,显性,,,
住校生,,comment,刚报的时候还挺期待的，现在一点都不期待了,1,显性,,,
住校生,,comment,就是硬熬，我心理问题很多，每次在家和父母聊聊就可以变得阳光很多，但是好不容易周末调整过来了，又到学校，上过一周学校的我总是内心遍体鳞伤，我真的受不了了,1,显性,,,
住校生,,comment,本来都快适应了，可是下个星期又要重新分班分科分宿舍，就我又回到上个学期那样不想去学校了😮‍💨,1,显性,,,
住校生,,comment,我现在真的好害怕开学 因为我不想住宿 走读该多好啊 我真的想走读啊 租房子父母不放心我一个人,1,显性,,,
住校生,,comment,受不了，在学校失眠了，今天和老师说退宿了,1,显性,,,
住校生,,content,宿舍里总有人熬夜、打游戏、翻来覆去 明明很累有时候却睁着眼到凌晨，第二天上课困到崩溃 分享几个我在宿舍亲测有效的入睡小tips， 帮你在嘈杂环境里也能快速睡着,1,显性,,,
住校生,,content,可以试试：泡个脚→涂身体乳→看几页纸质书→关灯躺平,1,显性,,,
住校生,,content,（看书对我来很有用） 4️⃣别在床上“熬”，越熬越清醒 如果躺了20分钟还没睡着，别翻来覆去焦虑,1,显性,,,
住校生,,content,5️⃣和室友约好“静音时间” 找个大家都心平气和的时刻，好好聊一聊：“咱们晚上11点半后尽量别打字、打电话啦，我第二天早八真的扛不住🥺”,1,显性,,,
住校生,,content,（我的沟通无效，希望你们有效） 6️⃣调整心态，接受“不完美睡眠” 偶尔一晚睡不好真的没关系，别因为“今天又失眠了”而焦虑,1,显性,,,
住校生,,content,告诉自己：“哪怕只睡4小时，我也能撑过明天”，放下执念，反而更容易睡着,1,显性,,,
住校生,,comment,加一，太痛苦了,1,显性,,,
住校生,,comment,哎感觉在家喝在外面租公寓就能睡着 一回学校上课在宿舍睡就有困意但是睡不着 而且宿舍隔音也很差,1,显性,,,
住校生,,comment,还没办法走读真的快生病了,1,显性,,,
住校生,,comment,带耳塞也没用，舍敌摔手机在桌子上，根本睡不着觉，躺了一个小时了，一直摔，本身又精神衰弱，昨天凌晨四点睡着的,1,显性,,,
住校生,,comment,同感，快疯了，只求苍天有眼制裁下,1,显性,,,
住校生,,comment,小姐姐你现在怎么样呀,1,显性,,,
住校生,,comment,和这人闹了矛盾，和他说了他的问题他还是不改，没办法了只能自己适应了，遇见这种人就当增长社会阅历了,1,显性,,,
住校生,,comment,习惯看手机了咋办,1,显性,,,
住校生,,comment,起初我也是一样，睡前不看手机急的慌后面强迫自己看，第一天看不到5分钟就忍不住看抖音，反正就是这样慢慢强迫自己，现在好多了,1,显性,,,
住校生,,comment,刚开始在微信阅读上找自己喜欢看的，现在迷上了理财之类的书,1,显性,,,
住校生,,comment,泪目了 我的沟通无效，希望你们有效 实则我也无效,1,显性,,,
住校生,,comment,和舍敌不是一个课表 她们早8的时候根本不顾别人死活 吵得要死 我最近生病不得不早睡 晚上睡着又会被舍敌吵醒 恨死了,1,显性,,,
住校生,,comment,都不敢睁眼睛,1,显性,,,
住校生,,comment,想想都心酸,1,显性,,,
住校生,,comment,太可怕了,1,显性,,,
住校生,,comment,高中时刻感觉煎熬，但是大家都只有同一个目标同时跟好朋友一起玩的时候也很快乐，现在大学虽然自由了很多时候感觉没有高中快乐也没有目标,1,显性,,,
住校生,,comment,别说了，我有一个朋友已经破防了,1,显性,,,
住校生,,comment,所以我一点都不想回到高中,1,显性,,,
住校生,,comment,五点二十我天我以为我们五点五十算早的了太魔鬼了吧,1,显性,,,
住校生,,comment,高考大省很正常啦 教育资源紧张 一般都是题海战术ip山东之前5:50到班晨读 比较卷的同学五点半就到了,1,显性,,,
住校生,,content,集体宿舍长期缺乏边界、噪音和睡眠不足，影响神经系统，形成对共享空间的敏感和恐惧,1,显性,,,
住校生,,comment,这可能是千禧一代的创伤，每当我看见类似的帖子，我总觉得现在的年轻人好苦，时代变了，这是社会形态造就系统性压力，物质的丰富并不能代表精神的快乐,1,显性,,,
住校生,,comment,那时的宿舍就像家，舍友就像家人，互相扶持共同成长亲密无间，那时经济上行，每个人都觉得人生充满希望，世界尽在脚下,1,显性,,,
住校生,,comment,是的...我爸爸聊起大学是那么美好青春洋溢，我读大学时只感觉到死气沉沉和无穷无尽的压力[完啦R]他和以前的同学还会聚餐，但我读完四年同班同学都不熟,1,显性,,,
住校生,,comment,真的是年代的问题，那时候因为没有互联网各种娱乐的方式找到意义抓手，人与人之间的关系就变得绝对重要，和同学之间无论友好厌恶或八卦，都是意义的建构，现在想起来很多行为确实幼稚可笑荒唐，但却热火朝天欣欣向荣，现在呢，大家冷静理性有边界感有逻辑，却只是更加虚无…,1,显性,,,
住校生,,comment,第二天一早去上课，一起看NBA，打篮球，逛街，聊人生，爱情，八卦，那样的集体生活是一生中最难忘的记忆之一,1,显性,,,
住校生,,comment,那时候互联网早就普及很多年了，那时候的大学生也天天上网,1,显性,,,
住校生,,comment,很羡慕，现在也有宿舍关系处的很好的，但我觉得不会像你们那么好，我们宿舍完全不是这样,1,显性,,,
住校生,,comment,当年精神的快乐也弥补不了物质的匮乏，昨天带我三岁的儿子吃麦当劳，我想起我中学的时候特别羡慕能吃得起肯德基的，一个班里也没有两三个同学吃过，我第一次吃肯德基是大学,1,显性,,,
住校生,,comment,没有边界感的人应该很喜欢住宿舍吧,1,显性,,,
住校生,,comment,老人问在国外读大学有什么好的，在国外读大学我可以一个人住一间房子，在国内我只能住上下八人间，也不是租不起房子，而是从来没想过人还可以不住宿舍,1,显性,,,
住校生,,comment,在宿舍連睡覺都不是真正的放鬆明明有睡夠時長，但醒來還是覺得很累，然後每次回家都得報復性補覺,1,显性,,,
住校生,,comment,我四人间，舍友来自同一个地方，生活背景差不多，平时没有矛盾，即使这样在宿舍我也感觉到不舒服,1,显性,,,
住校生,,comment,在宿舍里甚至不能哭泣，我哭舍友会来关心，尽管我只是想静一静,1,显性,,,
住校生,,comment,舍友哭也要被迫的去关心，即使我有的时候不想关心，但是又不能坐视不理，成年人应该有自己的生活，而不是不断的被人打扰,1,显性,,,
住校生,,comment,我是香港人，不太了解內地大學，請問大學住多人宿舍是強制的嗎,1,显性,,,
住校生,,comment,"我是2000年上大学，宿舍有小摩擦很正常大家感情还是很不错的, 会一起去逛街，在宿舍开party，毕业后也会联系，那时候的学生包容度高集体意识强且性格开朗的人多，现在确实时代不一样了，自我意识非常强注重边界感性格敏感的很多，以前的时代没有网络，人会参与集体活动，容易适应集体生活，现在网络信息太发达，不再需要集体活动和社交，一个人只要能上网就能获取信息和网络社交，线下社交没有也不影响正常生活",1,显性,,,
住校生,,comment,俺哭了，不是全面小康了吗，，还有贫困生是可以在外面兼职打工的不是只有助学金一条路，，然后这个9.9每天，，我不懂，我们学校食堂一顿要将近二十……求食堂降价,1,显性,,,
住校生,,comment,理解存在很多极端贫困的学生，但是呃贫困生不是只有一个名额，希望理解普通贫困的人，以及地区差异,1,显性,,,
住校生,,comment,也希望普通贫困的人理解一下，还有很多嫉妒贫困的人，我们更希望钱给到他们，而不是被一般贫困喝咖啡,1,显性,,,
住校生,,comment,我感觉我不贫困，我也不敢点一个月生活费1500，纯咖啡支持300，感觉占比太大了,1,显性,,,
住校生,,comment,反正我家庭一般我不敢这么喝，我们学校的饮料店5块钱一升的蜂蜜红茶和七八块钱的奶茶我一周最多三四次，再多了钱包顶不住,1,显性,,,
住校生,,comment,不是的宝宝我就是普通家庭，但是我爱买化妆品但是又爱喝奶茶所以会攒下来点钱去支持自己的业余爱好,1,显性,,,
住校生,,comment,我有钩织🧶做手账化妆和自学美甲的兴趣爱好所以会精打细算省下来一些钱,1,显性,,,
住校生,,comment,而且我说真的，这种小钱而且还是吃的东西真没什么必要去举报，又不是买了一堆中看不中用的东西，又不是买了电子产品，如果只是吃东西一类的孩子爱咋吃咋吃吧，就算是人家省钱吃甲鱼或者无骨鸡爪也和你没有关系,1,显性,,,
住校生,,comment,现在很少有那种每天馒头咸菜的贫困生了，能上的了学的，一般来说家境不会差到那种程度,1,显性,,,
住校生,,comment,只是说比班上其他人要差点，如果你确实觉得他有问题可以像辅导员反映，不过希望米自己也是公正的，没有夹杂其他矛盾情绪,1,显性,,,
住校生,,content,最近穿过的内裤老是不见，然后在室友的杯子里发现了🤮他拿来泡水喝🤮怎么办家人们#当代寝室长#奇怪的生理现象#当代大学生的新型社交方式#寝室生活,1,显性,,,
住校生,,comment,我也，这种猎奇的看着太假了，求贴近现实又炸裂的标题，宝妈那种都没这么假哈哈哈哈哈哈,1,显性,,,
住校生,,comment,我有脚气，但是室友喜欢吃我脚踩的酸菜，而且他要求我必须赤脚踩，我该怎么办,1,显性,,,
住校生,,comment,这个酸菜真的发了哈哈哈哈哈哈哈,1,显性,,,
住校生,,comment,救命啊🆘,1,显性,,,
住校生,,comment,老网感真的太强了，连续两天被骗,1,显性,,,
住校生,,comment,我不行了小龙,1,显性,,,
住校生,,content,从我跟另一个人有矛盾开始就不断的找茬，她还是寝室长，其实我最近都没睡好，一翻身就醒，不存在这种情况,1,显性,,,
住校生,,content,二编：我要换寝室啦各位，各方面都不合没必要互相折磨，大家有不能磨合的情况也一定要积极调解换寝啊，不要委屈自己，祝生活愉快 #宿舍#宿舍生活#别惹大学生#舍友#易碎大学生#宿舍关系#脆弱大学生#寝室生活#很担心大学生的精神状态#让人窒息的瞬间,1,显性,,,
住校生,,comment,那也是关心就是想刺他一下,1,显性,,,
住校生,,comment,（好运相随）再私下不敢单方面我他妈就这样发 谁没包容心,1,显性,,,
住校生,,comment,我就是这么说的，但是她反而一脸奇怪，说那每个人都不一样啊……差点想骂她有病了,1,显性,,,
住校生,,comment,我真要被气死了，听了个十几秒的语音留言，说我真厉害，说我把她吵醒了，我解释了也说不好意思了，她到现在一直不理我，我找机会缓和他也不给我机会一直冷脸,1,显性,,,
住校生,,comment,没事宝宝，我觉得有些人就是好脸给太多了,1,显性,,,
住校生,,comment,下午三点，她前一天晚上去网吧包宿了，我给忘了，但我觉得她有点太小题大做了,1,显性,,,
住校生,,comment,是的 有人怕热 我怕冷 我没有说什么情况下 我选择盖了一层又一层的被子 居然背刺我说的她从来没有见过人盖了一层又一层,1,显性,,,
住校生,,comment,然后我现室友也差不多了，就是那种有吃的大家分享，但是遇到问题对你不满不跟你正面说，就是内涵,1,显性,,,
住校生,,comment,我很爱翻身 我以前经常和我下铺舍友说会不会打扰她 她总说她睡的沉不影响 但是我觉得应该是有的 因为她们翻身我也有感觉 但是她们没有我翻的频繁 她现在也和男朋友在外面住了但是我隔壁床舍友现在在床上做运动我也被摇的心烦但是我平时爱翻身我就忍忍了,1,显性,,,
住校生,,comment,想拉个大学生v群，十个人以内一起聊天，分享每天的事，宿舍人际关系等等各方面，主要朋友们都没空聊天，自己尴尬时候又总看v（其实没人发消息给自己）感觉玩手机无聊，反正大家都不认识，互相吐槽吧，不想内耗，尽量给些情绪价值有回应￼,1,显性,,,
住校生,,content,单纯想这么干就这么干了，到也不是因为学习刻苦(对手指) 不是很硌，就是半夜醒的次数比较多，因为需要转人工翻身#脆皮高中生的精神状态 (学校是大多数走读，我是住宿生，每周三上回家，当天家里有事回不去(其实能回宿舍) 二编:谢谢大家关心❤门窗我都锁上了，但确实有个人安全隐患(可能是医院警局消防站(隔壁)离得近所以我比较放松警惕了) 大家也要保证自身安全#日常#被窝是青春的坟墓,1,显性,,,
住校生,,comment,尽量不要在白天人多而晚上没人的地方逗留，比如商场、教室等，没开玩笑，主要是害怕信则有，不信则什么都没有,1,显性,,,
住校生,,comment,啊我本来不相信这些但是刷到过，然后莫名其妙自己就也害怕了,1,显性,,,
住校生,,comment,找明白人看了看，是因为我们学校对面就是万达，而且学校面积小人多，双重buff叠加了，到了晚上阴气更重…你这么一说我突然想起来了,1,显性,,,
住校生,,comment,因为白天人多阳气旺，到了晚上一下子人少了阴气重,1,显性,,,
住校生,,comment,白天阳气太重的地方，晚上没人了阴气就会很重,1,显性,,,
住校生,,comment,我虽然害怕但是我上学时候也经常在晚自习时候偷偷溜到对面已经放学的教学楼呆着给我妈打电话，因为比起👻我更害怕教导主任,1,显性,,,
住校生,,comment,对 记得小学的时候我姐跟我说 她们班新来的大学生班主任跟另一个老师晚上在学校宿舍 村里的小学 平房的那种 正要睡觉听见外面有人敲门 吓得不敢说话 好像是给别的男老师还是给校长打了电话 完了到那一看 没有人,1,显性,,,
住校生,,comment,想到天热的时候我们还一块去大wc洗脸要是一个人根本不敢去,1,显性,,,
住校生,,comment,坐在草坪上眺望万达，太难忘了,1,显性,,,
住校生,,comment,还调查了三个月，最后终于给逮着，其中有个身份证还成年了，他妈妈还哭着求老师放过他儿子，老师说这他们也没办法帮助,1,显性,,,
住校生,,comment,周日上完晚修后，学生都走完了，我们高三楼的教室门是不锁的,1,显性,,,
住校生,,comment,偷玩高三楼他们还想偷高一高二的 但是那边的楼是上锁的，没办法进去，所以没偷到,1,显性,,,
住校生,,comment,虽然我们不算熟悉，但她确实状态很差所以我就同意了，以为宿舍阿姨会陪我们，没想到她给了我俩一个手电筒让我俩赶紧去,1,显性,,,
住校生,,comment,夜晚的校园和平时太不一样了，又大又空旷，我越走越害怕，上楼的时候她在前我在后，她突然转过来说，你听过那个故事吗,1,显性,,,
住校生,,comment,她因为呼吸不畅嘴唇发紫，应急灯的光是绿油油的，监控摄像头是一个悬在楼道里的红点，我想当时我的表情一定很精彩，因为我的半边脸都有点麻，不知是吓得还是着凉了，后面发了一星期高烧,1,显性,,,
住校生,,comment,谢谢关心，学校安保做的特别好，门卫全天值班(同时数个)，门口有刷脸系统，学校很多监控(教室也有)，教学楼放了学也会反复巡楼后锁楼,1,显性,,,
住校生,,comment,你是很爱学校吗我读书的时候恨不得越少在教室越好,1,显性,,,
住校生,,comment,双减太到位了，还是很喜欢的(谁能想到我可以一天睡八个小时),1,显性,,,
住校生,,comment,还是不要这样吧感觉学校教室都是很邪乎的地方，之前高二下学期的时候 晚上下课特别喜欢和朋友去高三那栋楼里闲逛 因为那时候高三生已经高考完毕业了 所以晚上那栋楼都是漆黑一片 当时就是想找个刺激 在漆黑的楼道里走 甚至打开关着的教室门 超级恐怖 我记得从那天之后我晚上熄灯后总是心慌 睡不着觉 后来想一想可能是那次撞见不干净的东西了 反正夜晚的教学楼还是挺可怕的,1,显性,,,
住校生,,comment,夜晚的高三生也很可怕(阴暗的爬行),1,显性,,,
住校生,,comment,真要这样的话，买个充气床吧，睡觉睡不好难受死了,1,显性,,,
住校生,,content,幸福来源于生活#大学宿舍#寝室#我的日常,1,显性,,,
住校生,,comment,哈哈哈哈，都啥人啊，太可爱了,1,显性,,,
住校生,,comment,受不了了,1,显性,,,
住校生,,comment,笨蛋 哈哈哈哈哈哈哈,1,显性,,,
住校生,,comment,這個太有生活了,1,显性,,,
住校生,,comment,笑死,1,显性,,,
住校生,,comment,没有烦恼 哈哈哈哈哈哈哈哈哈,1,显性,,,
住校生,,comment,满课 大雨 差点迟到 手机没电 想拉屎 吵闹 狼狈,1,显性,,,
住校生,,comment,朋友你的幸福吵到我了,1,显性,,,
住校生,,comment,现在回想，大学生活是最开心的一段时光，无忧无虑，每天和室友同学们出去玩，唯一遗憾的就是没好好学习,1,显性,,,
住校生,,comment,我也是，大学时光真是无忧无虑，和舍友们玩的也开心，但是我唯一的遗憾是这辈子唯一一次遇见的渣男也是那段时间,1,显性,,,
住校生,,comment,最后一个是关键[泪崩R],1,显性,,,
住校生,,comment,爽,1,显性,,,
住校生,,comment,这个小白框是怎么安上去的呀,1,显性,,,
住校生,,comment,希望大家能给我分享一些降低音量的小技巧因为室友人都很好很有边界感，我想自我提高一下,1,显性,,,
住校生,,comment,但是我做不到像我室友一样刷牙洗脸都没有声音，，明明是同时醒的，她们什么时候下床我都感觉不到,1,显性,,,
住校生,,comment,我隔壁床的室友真是竖起耳朵听都听不出来她动静，我不行，我下床超绝慢动作踩到板子上都有声音，更别提有时候大白天的都能摔倒叮铃咣当砸到对面床的楼梯上,1,显性,,,
住校生,,comment,而且我跟你说，我为了减少声音，尽量放慢速度了，但是又有一个烦恼，会经常赶不上时间而迟到,1,显性,,,
住校生,,comment,很好奇那种人到底是怎么又快又无声的啊,1,显性,,,
住校生,,comment,我也是，好焦虑,1,显性,,,
住校生,,comment,（我主要不知道我睡觉翻身的声音是不是很大，因为我感觉她们似乎从不翻身，反正我没听见过她们任何一个人翻身的声音她们人很好相处也很愉快，而每次我那个被子一动就沙沙响,1,显性,,,
住校生,,comment,那我这种情况没办法，首先我离家近，每周六都要回家一趟，得早起，除了穿衣服，我回家洗漱去，就这还说我声音大，我也很奇怪,1,显性,,,
住校生,,comment,你真好 但是我舍友就是想不到可以这样 硬是要发出一些声音影响到别人 我好难受,1,显性,,,
住校生,,comment,我也好奇，因为感觉自己是听不见翻身声音的，所以怎么判断翻身声音大不大呢(我室友都很包容，没人提过，但我就是好奇),1,显性,,,
住校生,,content,没有电视剧里的高马尾，只有规定的齐耳短发，整个学校里找不到一面镜子，厕所没有门，一周只能洗一次澡...就这么凑凑活活读到了高三，也交到不少真真假假的朋友，你每天早上五点五十跑操，打扫内务的时候眼睛都还没睁开，结果因为没看见床缝里的垃圾被宿管扣了一分，罚三天值日，搞完罚的值日又该自己组搞值日了,1,显性,,,
住校生,,content,累了一天晚上回宿舍，你手忙脚乱在20分钟内洗完漱，十点半熄灯睡觉，但是高三了大家都在学，所以你最近一直都开着小台灯学到11点半,1,显性,,,
住校生,,content,一开门宿管阿姨就站在门口，黑着脸看着你，你腿一软差点没跪下去,1,显性,,,
住校生,,content,好不容易熬到周日，中午11:30放学，回到家吃了午饭，洗了个澡，终于打开手机，翻看朋友圈，第一条就是初中同学发的留学美照，她已经不是那个超短发的小女孩了，现在在你面前的是个精致的美女，染着巴黎画染，tb开衫下面配着lululemon的裤子，她学着tiktok里的热门舞蹈，美甲上的的施华洛世奇钻闪了一下你的眼睛，你意识到你们已经不是一个世界上的人了,1,显性,,,
住校生,,comment,精英学生再次破防,1,显性,,,
住校生,,comment,精英高三生破防，，，怎么都觉得是我们大精英啊,1,显性,,,
住校生,,comment,精英新高一在学校待了一个月已哭……,1,显性,,,
住校生,,comment,好啦至少这次牢精给大家放了6天,1,显性,,,
住校生,,comment,人在家中坐 假从天上来 牢精你记住这是我唯一感谢你的一次,1,显性,,,
住校生,,comment,精英杀了我吧,1,显性,,,
住校生,,comment,我说怎么这么熟悉呢,1,显性,,,
住校生,,comment,为啥不在43上高中啊，美美保送，我老后悔了，轻松点不香嘛,1,显性,,,
住校生,,comment,非常像安国一中 对 就是那个因为发型太丑上了热搜的那个 不对 我们安一没有烤肉拌饭,1,显性,,,
住校生,,comment,[完啦R]我得了一种听到室友DIY开始烦躁的病,1,显性,,,
住校生,,comment,室友要被恶心死了,1,显性,,,
住校生,,comment,你这怎么就是我呀,1,显性,,,
住校生,,comment,太强了感觉大家都好幸福🥰,1,显性,,,
住校生,,comment,而且感觉一号姐真的是特别特别可爱啊,1,显性,,,
住校生,,comment,也有蛮多人爱买些乱七八糟的东西，其实价格跟一个精简的大牌差不多了,1,显性,,,
住校生,,comment,超喜欢这样,1,显性,,,
住校生,,comment,你的床帘怎么那么遮光啊,1,显性,,,
住校生,,comment,我喜欢她这种断舍离 就是用东西不会心疼 会最大利用 不像我小心翼翼又舍不得用 最后只能过期,1,显性,,,
住校生,,comment,希望我极简了桌子能显得有这么大,1,显性,,,
住校生,,comment,喜欢，想要这种风格，可能还是我比较喜欢囤有安全感,1,显性,,,
住校生,,comment,好喜欢你的风格，每次看都感觉到淡淡的幸福,1,显性,,,
住校生,,comment,嘿嘿，谢谢喜欢呀,1,显性,,,
住校生,,comment,我爱极简但是宝宝你就一套衣服吗怎么换洗,1,显性,,,
住校生,,comment,想看东西收纳 你这东西太少了吧 怎么取舍的 我们上床下桌 整个宿舍都乱糟糟东西根本放不下哈哈哈,1,显性,,,
住校生,,comment,水课上完了，水课的书出掉了,1,显性,,,
住校生,,comment,超级喜欢主播的退学风,1,显性,,,
住校生,,content,宿舍隔音太差了 楼上总是拖凳子 有啥好办法可以解决一下女生宿舍 怕当面去说别人觉得斤斤计较总是被吵醒#舍友#噪音困扰#宿舍生活#寝室,1,显性,,,
住校生,,comment,到底怎么解决啊我天，跟导员说了，效果也是一般,1,显性,,,
住校生,,comment,试试和宿管说一下 如果还是这样真的没办法了,1,显性,,,
住校生,,comment,好的谢谢宝宝这个问题已经解决了,1,显性,,,
住校生,,comment,宝宝你们怎么解决的呀，我们楼上每天一到晚上十一二点就开始挪椅子，但是又不确定是不是正上的宿舍,1,显性,,,
住校生,,comment,可以让他们买个椅套，我们学校隔音也很差，然后在表白墙上面说了，基本每个宿舍都配椅套，然后平时移动椅子就是抬起来移动,1,显性,,,
住校生,,comment,和宿管沟通一下如果没用的话就没招了,1,显性,,,
住校生,,comment,没事的宝宝你可以先去问问，语气礼貌的话大家都挺好说话的,1,显性,,,
住校生,,content,室友有个xm5每天在寝室里面的时候都带着，主包每次叫他都一点反应也没有，感觉这耳机隔音效果也太好了 直到我自己也买了这款之后才发现原来室友只是不想鸟我#sony耳机#降噪耳机,1,显性,,,
住校生,,comment,怎么选啊,1,显性,,,
住校生,,comment,我怕音乐太大声，对耳朵不好,1,显性,,,
住校生,,comment,真的吗我感觉我像尔多隆幸好没买4要不然更像没头脑不高兴了,1,显性,,,
住校生,,comment,我线下体验了5和6，先体验的6后体验的5，真的是有差距的,1,显性,,,
住校生,,comment,我戴上xm5跟聋子一样与世隔绝了（）隔音好到我怕自己放个惊天大p自己都听不到,1,显性,,,
住校生,,comment,当你看见地铁上一个人突然摘下一边头戴式耳机时，你就能猜到他想干啥了,1,显性,,,
住校生,,comment,谢谢 我已经收到啦,1,显性,,,
住校生,,comment,演的，实际上只有呆呆宝一个人听不到,1,显性,,,
住校生,,title,高中住校生活，学习很疲惫，但宿舍挺有趣的,1,显性,,,
住校生,,comment,这宿舍跟我们学校的风格也太像了,1,显性,,,
住校生,,comment,谢谢宝宝提醒，我昨晚一直在问,1,显性,,,
住校生,,comment,洗澡洗完头第一件事拿吹风机把我的耳洞吹干，我怕它发炎，千万不要侧睡，因为真的会发炎，而且耳洞也会养歪,1,显性,,,
住校生,,comment,其实会发现得了的，但你打都打了，你家长也没办法把你怎么样，因为我就是打完以后才跟我爸妈讲的,1,显性,,,
住校生,,comment,如果怕被发现可以买肤色钉,1,显性,,,
住宿生,,content,不仅是日常作息不方便得要死，精神上也很紧绷压抑，不仅要面对学业的压力，还要处理宿舍的社交，有开心但是更多的是压力，有种人在屋檐下看着别人眼色生活的卑微和无力,1,显性,,,
住宿生,,content,曾经想过毕业的时候要对讨厌的室友狠狠吐槽出来，但毕业的离愁别绪冲淡了一切，和曾经的室友早就变成了朋友圈的点赞之交甚至只是列表里躺尸，说不上恨，但是造成的创伤和阴影一直都在,1,显性,,,
住宿生,,content,工作以后非常享受一个人的独处生活，有很大原因是集体宿舍生活的厌倦、安全感长期缺失导致的报复性反弹,1,显性,,,
住宿生,,content,感觉一个人生活真的好爽好自由,1,显性,,,
住宿生,,content,#一些有感而发#想说的如图所示#集体宿舍造成的精神创伤#什么是真正的emo,1,显性,,,
住宿生,,comment,中国大部分宿舍甚至不符合日内瓦公约里对战俘的要求，想想就可怕，精神压力太大了,1,显性,,,
住宿生,,comment,我不行了……,1,显性,,,
住宿生,,comment,我弟他们八人寝 不敢想象夏天多臭,1,显性,,,
住宿生,,comment,!想走读都不行!知不知道强制的含金量，looking my eyes 回答我!,1,显性,,,
住宿生,,comment,为什么有这么多提出宿舍问题的帖子，却没有人出来解决问题真的很让人难过,1,显性,,,
住宿生,,comment,再加上一个——家里也没有自己的空间，绝杀，压抑的前半生,1,显性,,,
住宿生,,comment,对……就算有幸舍友都不是很坏，但是看见她们就烦，我也知道不是她们的问题，只是我自己心烦,1,显性,,,
住宿生,,content,嘿嘿😁总之待我考完再折腾宿舍吧（希望不要太忙）#宿舍生活#寝室生活#上床下桌#大学宿舍#宿舍#寝室#宿舍收纳好物#把宿舍装饰成我的小窝#上下铺改造#空间利用,1,显性,,,
住宿生,,comment,③空调在我正后方两米，24小时26度开着，吹得我不舒服才买的床帘，现在实际上刚好能挡点风又能漏点风进来，能挡点光又不会太暗，觉得后面蚊帐滑轨床帘加上了之后，反而不会这么舒服了，很可惜就拍个照片记录一下，个人蛮纠结的，到底要不要继续改造，还是现在这样就可以呢,1,显性,,,
住宿生,,comment,这样应该很热，空调冷气啥的都进不去,1,显性,,,
住宿生,,comment,我也很担心这个前些天有个巨大的螽斯飞过来，立刻下单了两个蚊帐，上面装一个，下面装一个,1,显性,,,
住宿生,,comment,需要的谢谢宝宝,1,显性,,,
住宿生,,comment,没必要讲这些 宿舍什么入住率 也不需要有人打扫 我并不是说价钱的问题 我只是觉得学校从不考虑学生住的环境问题 学校又不是没钱搞这些,1,显性,,,
住宿生,,comment,我的天这样一看真的,1,显性,,,
住宿生,,comment,北京海淀四环内的宿舍一年900，我不敢再多要求任何事…………,1,显性,,,
住宿生,,comment,一天几块钱得住多少届人😂而且一个小房间住那么多人,1,显性,,,
住宿生,,comment,中国大学宿舍最大的问题就是太便宜了，价格上去才是改善的动力,1,显性,,,
住宿生,,comment,可是郭嘉是给补贴了呀，包括学校的食堂都是有补贴的,1,显性,,,
住宿生,,comment,破防了，6人间上下床，一年1000,1,显性,,,
住宿生,,comment,有补贴的啊，叫行政楼吐出来,1,显性,,,
住宿生,,comment,青旅会把水电、网费、人工清洁等成本费用算上啊住宿的费用加上在校淘的水电钱网费啥的也差不多了吧,1,显性,,,
住宿生,,comment,我们学校位于北京二环边上，住宿费900块一年，校门口50平的单间房租7000块一个月，8.4w一年，光是这个我就不会抱怨我们学校宿舍一句话，而且你要明白学生宿舍属于公共设施性质，酒店属于商业设施，你这个和抱怨绿皮火车住宿条件差是一个意思，而且装修要花的钱远超过你想象，算上走廊大厅这些公共区域，人均可能要一万元左右的预算，我们学校小四万人，一口气四个亿，这个钱几乎不可能审批下来的,1,显性,,,
住宿生,,comment,国家有补贴的贴完了不一定哪个更便宜,1,显性,,,
住宿生,,comment,我不知道别的学校怎么样，我们学校翻新宿舍楼的资金是13亿但是我们宿舍到现在还没翻新,1,显性,,,
住宿生,,comment,学校领补贴多少钱,1,显性,,,
住宿生,,comment,国家给钱的,1,显性,,,
住宿生,,comment,只有我更喜欢铁架床嘛，牢固而且没味道，这种一股劣质木头味，而且不通气,1,显性,,,
住宿生,,comment,第一，学校宿舍住宿费1年才几百块，比青旅便宜太多了，想住好的自己出去租房,1,显性,,,
住宿生,,comment,喜欢毛坯房加水泥地吗 浙商院和立业园你们赢了,1,显性,,,
住宿生,,comment,非盈利这话说的...好像我们没有交住宿费一样[呃R]我合计也不是白住的呀 而且看住宿也能看出一个学校有没有人文关怀吧 你说的学校提供的教育感觉也有点儿太片面了教育就只指读书吗,1,显性,,,
住宿生,,comment,特别喜欢青旅的床，完全不会像宿舍里的铁架床一样瞎晃,1,显性,,,
住宿生,,comment,连在一起的铁架床更是绝杀，舍友一动自己也感受得到，自己翻个身也不敢大动静,1,显性,,,
住宿生,,title,住宿生的压抑感,1,显性,,,
住宿生,,comment,我觉得最令人绝望的是你在学校里面看着外面小区亮的灯，想家达到极致,1,显性,,,
住宿生,,comment,对对对，晚上躺在床上可以看到外面的楼，外面的路灯，真的好悲伤,1,显性,,,
住宿生,,comment,上了大学也一样，节假日去做志愿者看到地铁口都是回家的中学生，自己却因为家太远没法回真的崩溃,1,显性,,,
住宿生,,comment,每次看到外面楼灯火通明 就会掉眼泪,1,显性,,,
住宿生,,comment,之前住校每天晚上看着天慢慢变黑真的好难过，而且唯一交到的朋友还是走读生,1,显性,,,
住宿生,,comment,别说了，还没上学就想回家了,1,显性,,,
住宿生,,comment,别说了好难受 对面是小区 加上我们学校偏郊区 晚上对面小区亮灯 再到慢慢黑灯 特别是看着外面大马路的路灯更说不出的难受,1,显性,,,
住宿生,,comment,救命就是我,1,显性,,,
住宿生,,comment,对啊，宿舍楼看外面的车水马龙，我真的有在异乡看同月的那种孤独感,1,显性,,,
住宿生,,comment,哦不要啊，还是有喜欢住宿的人的,1,显性,,,
住宿生,,comment,我真是太痛恨住宿了,1,显性,,,
住宿生,,comment,这种封闭的环境根本忍受不了，明明我回家路程所用时间比回宿舍路程所用时间还要短，却被学校强制性住宿，住宿有什么用啊,1,显性,,,
住宿生,,comment,我也是 好痛苦 我说不想住宿 但我爸听信我老师的话,1,显性,,,
住宿生,,comment,按小时放假是真的很压抑,1,显性,,,
住宿生,,comment,妈呀宝宝我们小星期就三小时，，真的会崩溃死，急急忙忙洗刷完又要回去上课考试,1,显性,,,
住宿生,,comment,我真的很讨厌住宿，这种心情在高中时达到了顶峰，因为家离的远又不是特别富裕的家庭住宿是个很好的选择但是压抑的校园生活冷漠的老师和同学，每次要去抢的洗脸位置，破掉的厕所门和灯，处理不好的人际关系让我崩溃尤其是那时还疫情我真的很想回家基本上晚上不吃饭打电话哭哭到上晚自习前回来导致我精神都要崩溃了对我来说这不是单纯快乐的校园是困住我的牢笼,1,显性,,,
住宿生,,comment,还有一次我们老师特意开一次视频会议让所有同学和家长听个学校领导的讲话顺便看看在校的孩子，我那个时候不是感谢不是欣喜是崩溃，本来不能回家被困在这里就很难受了这个时候看到家长我的反应是想哭的更加想回家了一点安慰都没有而且看着走读的在那和家长们说话自己却只能在屏幕里看到真的很羡慕无论什么时候我都是想回家的,1,显性,,,
住宿生,,comment,真的，我快恨死住宿了，早上还要五点四十就起床，跑那个破操，还要上两节晚自习，每天跟个行尸走肉一样，我今天晚上回来还是因为生病请假了,1,显性,,,
住宿生,,comment,说的太好了,1,显性,,,
住宿生,,comment,这些交通工具的活动密度不比宿舍大吗,1,显性,,,
住宿生,,comment,666遇到半夜跟对象打电话的舍友 半夜外放打游戏的舍友 暗地里跟你较劲的舍友那你有福了 希望遇到这种你也可以保持当正常人,1,显性,,,
住宿生,,comment,那又怎样，就是会有我们这样接受不了和别人一起住的人呀，你喜欢适应不代表所有人，接受和你不一样的人存在很难吗,1,显性,,,
住宿生,,comment,你说这话还是吃的太饱了,1,显性,,,
住宿生,,comment,确实啊，哪像你从小到大没吃饱,1,显性,,,
住宿生,,comment,有人觉得晚上11点睡早上7点多起就是正常，有人觉得才凌晨1点睡什么睡，有人只要能呼吸就一定要打游戏哪怕逃课，有人睡觉敏感但舍友打呼噜睡不着,1,显性,,,
住宿生,,comment,难道是我对宿舍生活这件事钝感力太强了,1,显性,,,
住宿生,,comment,我真的觉得在宿舍住挺好的，甚至挺喜欢的，一个人的空间我觉得最开心的事，是可以干一些平时不好意思干的事，但是真的一直让我一个人待着，感觉我会发霉,1,显性,,,
住宿生,,comment,你说的那些都不太能触发我的在意和不开心，哪怕每天早八我都是我们宿舍醒最晚的，其他舍友的闹铃也不会让我有任何情绪上的触动呀,1,显性,,,
住宿生,,comment,作息按自己的来就好，没必要迁就呀，都大学生了还是那个一件事没办法和搭子一起干就闹别扭的幼稚孩子嘛,1,显性,,,
住宿生,,comment,人生最美好的时光就是大学的宿舍，每天都很开心快乐,1,显性,,,
住宿生,,comment,我也是 感觉宿舍生活都玩疯了,1,显性,,,
住宿生,,comment,没有吧，就算我不喜欢我的室友，我也很喜欢住宿舍,1,显性,,,
住宿生,,comment,有空调，有暖气，有电梯，不限电,1,显性,,,
住宿生,,title,一个爱睡下铺的小女孩心碎了,1,显性,,,
住宿生,,comment,找程序员不行，得找产（床）品经理,1,显性,,,
住宿生,,comment,好幸福呀(*˘︶˘*).｡.:*♡，有这样的妈妈和妻子真的特别骄傲,1,显性,,,
住宿生,,comment,我上次坐卧铺正好姨妈最多那天，我怕床铺弄脏，坐了一夜没有睡,1,显性,,,
住宿生,,title,终于理解为什么受害者不敢告校园BLIN者了,1,显性,,,
住宿生,,content,我女儿上了初一的第三天就开始崩溃了，哭着喊着不要住校了，仔细询问后 得知她在学校过的很苦闷： 1.一天晚上我女儿在阳台驻留了一会儿，石头说“你怎么不睡觉啊,1,显性,,,
住宿生,,content,我们看看呗”自尊心很强的女儿很受伤 3.一天课间休息，石头和另外几个好友先擦了黑板，然后瞄准我女儿的位置扔黑板擦，黑板擦落到讲台又反弹砸到了我女儿身上，我女儿莫名其妙环顾四周不知怎么回事，他们看到了哈哈大笑，我女儿心里非常难受，想哭却哭不出来，到现在心里堵着慌，很憋闷 4.从开学到现在，据我所知 石头给我女儿取了四五个绰号，平时除了阴阳怪气地谈论我女儿，还喜欢给人取外号or 8卦其他同学，还有许许多多不齿我女儿一辈子也学不来的ma人的z话…… 石头还吐槽自己小学班主任总是针对她 ⭐️我女儿之前有跟校方反映，校方也找石头谈过话，但没什么效果，这次据我女儿提供的线索，我们找到了教室里的监控： ⭐️石头她们三人窃窃私语，然后换了几个角度，继而瞄准我女儿的座位方向，把她们刚擦了黑板沾满灰的黑板擦扔到我女儿的方向…他们三个人看到了砸中我女儿了，便哄然大笑,1,显性,,,
住宿生,,comment,我继续说：敢砸不敢认啊,1,显性,,,
住宿生,,comment,他比我高，我矮胖但力气不小，打得不相上下，甚至我不怕疼一样，只顾揍他，一声不吭,1,显性,,,
住宿生,,comment,而且我妈知道后夸我干得好，说我们不惹事，但也不要怕事,1,显性,,,
住宿生,,comment,自己不惹事也绝对不能怕事,1,显性,,,
住宿生,,comment,我也干过类似，只不过那时候不懂就是了，我是直接抡板凳砸，砸完后再也没人搞事了,1,显性,,,
住宿生,,comment,我也是，我忍不住脾气有点爆,1,显性,,,
住宿生,,comment,记得小学时候有人把我同桌摁在桌子上然后把我的水壶往他嘴里塞，我听说了后直接把那俩个男生掀开然后打了他们几下，然后命令他们把我水壶洗干净还遇到好几次被男的故意捉弄的情况，我都是一点就着，后面也没人捉弄过我了,1,显性,,,
住宿生,,comment,给你点赞，现在有些孩子不敢反抗，也是有点怕laos惩罚，我都告诉孩子怕啥，大不了一起被打手之类的，但是不要被同学欺负,1,显性,,,
住宿生,,comment,我也是，高中在另外的城市读书，方言听不懂，班里有个男生就取笑我，还带其他班的同学过来，我直接拿剪刀冲他们过去，然后把那个男生的桌子也掀了，之后就没人敢这样了,1,显性,,,
住宿生,,comment,我也，刚开始我觉得可能是同学那种玩闹意味的恶作剧吧，就没放在心上也没做反击，怕被认为是小气连玩笑都开不起，后来有点过分了他妈的往我水杯里加粉笔灰（被我逮了个正着）我直接就大声怒斥他们把水泼他们身上了，顺带给领头的狠踹了两脚，之后就没人敢惹我了，真的是要凶起来动真格他们才会怕,1,显性,,,
住宿生,,comment,我也是我这暴脾气忍不了,1,显性,,,
住宿生,,comment,与人和善没有错啊，但是一而再再而三欺负我我就不再忍了，主要现在很多家长比较极端，要么让孩子一味的忍让，要么就是一触即发，不管啥原因碰到他一下就得回击，导致孩子很暴躁很爱惹事,1,显性,,,
住宿生,,comment,我就记得小时候我爸跟我说，“在学校咱可不能挨欺负，有人欺负你你就往死里打，人多的话你就逮住一个人打，打出事爸给你担着”不知道这种教育方式对不对，但确实给了我莫大的勇气，谁骂我我骂他，谁打我我打他然后再加上小时候学习还不错，老师也喜欢，感觉那些爱欺负人的从来不欺负我，我们井水不犯河水,1,显性,,,
住宿生,,comment,我初中那会，有个男生逗我玩扯我头发，我警告了几次，他还是扯，我这辈子最讨厌别人扯我头发了，直接冲上去追着他踹，我有学过跆拳道所以心里面一点都不怕那些男生，反而他被我的举动吓到了，然后跟我道歉,1,显性,,,
住宿生,,comment,我儿子小学也被欺负，后来我说你直接揍，揍完了老师骂你你让老师来找我，后面那打人的娃被我儿子揍的服服帖帖，她妈来找我了，我说来，你每天都站那里别动，让我每天都揍你几圈，踢你几脚，你别还手别还嘴，她说我凭什么让你打，我说那我儿子凭什么让你女儿打，打了他，你女儿就得被揍,1,显性,,,
住宿生,,comment,你女儿不行，你上，逮住她直接打就是，打伤了该治治，该赔赔，要的是让你女儿看到你的决心，让对方知道你的态度,1,显性,,,
住宿生,,comment,但是我性格很刚，我也从来不怕她们背后有什么人,1,显性,,,
住宿生,,comment,对老师我很尊重，但是搞针对的没道理的我连老师都照样敢反抗我从小学我就敢和男生干架读书从来没人敢惹我,1,显性,,,
住宿生,,comment,我妈都是教我别人打你，干回去就完了,1,显性,,,
住宿生,,comment,孩子怕的不是对方，而是怕自己一直没有勇气反抗,1,显性,,,
住宿生,,comment,其实我觉得父母还有兄弟姐妹不停告诉你，别害怕，有事告诉我，打的过就打，打不过就跑，回来告诉家里人去帮你,1,显性,,,
住宿生,,comment,就不要让人觉得你什么都行，任何的不舒服，哪怕小事，都表达出来自己的情绪,1,显性,,,
住宿生,,comment,让别人知道有脾气才是重要的,1,显性,,,
住宿生,,comment,摇人，去学校门口拉横幅，在上面写xxx班的xxx同学欺负同班同学，把她的照片印上去，就闹就完了,1,显性,,,
住宿生,,comment,孩子的安全感来源于家长，家长都闹不起来，孩子更不敢反抗了,1,显性,,,
住宿生,,comment,我小时候谁都不敢霸凌我，原因是五年级时有一个男生故意来扯我内衣扣子，我转头就追到他然后把他按在墙上用碳素笔笔芯猛戳他的背，笔芯都被我戳弯了，然后我还指着他说，下次再拉我内衣我打爆你的狗头,1,显性,,,
住宿生,,comment,再也没人敢欺负我,1,显性,,,
住宿生,,comment,果然有实力的人走到哪都不用怕,1,显性,,,
住宿生,,comment,我女儿是直接休学了，我跟她说打回去，出事我负责，她不敢，从小真的不要教太乖，要有锋芒,1,显性,,,
住宿生,,comment,第一句：你怎么不睡觉啊,1,显性,,,
住宿生,,comment,引导撕开伤疤，哪怕本来很开心，这样的提问，也会让人联想到不开心的事情，好撕开了伤疤，让人回忆痛苦，正式掉入她的圈套，确保可以达到她可以继续攻击的目的,1,显性,,,
住宿生,,comment,不要太善良了，自私一点吧，对那些纯坏种来说，恶意只会转移，不会消失,1,显性,,,
住宿生,,comment,那些伤害不是逃避或者其他人能帮我走出来的，只有我自己去击败，很可惜我当年没有意识到这一点,1,显性,,,
住宿生,,comment,评论区说的让妹妹直接奋起反抗一次，她们骂一次就打一架的行为我甚至觉得是可取的,1,显性,,,
住宿生,,comment,如果我当年也这样，从我打赢了，从我看到他们也会害怕的那一刻起，我一定不会觉得那些人是不可战胜的，是如影随形的，我只会觉得，他们都是小丑,1,显性,,,
住宿生,,comment,因为看着爱我的他们那么崩溃，一下子老了几岁，所以我选择了忍让和坚强,1,显性,,,
住宿生,,content,在一小块床上苏醒 不大的空间里挤着几个人 在这里吃饭睡觉生活 蹑手蹑脚下床 出门去到有更多人存在的教室上课 下课 运动 做作业 玩手机 身边总是有这样那样的人 有时候想接个电话 空旷无人的场地找不到 私密狭小的空间也难寻觅 有时候想好好抒发一下自己的情绪 大喊大叫一下或者放肆大哭 最后几乎都会因为找不到私人空间而被迫压抑自己 或者是躺在床上默默望着床顶流泪 需要花钱的地方或许有 比如去住酒店 去单人的自习室 但是这也算是一笔开销了 也不能够随时随地兜住我的情绪 大学什么时候才能做到单人单户呢 #破碎的大学生#寝室生活#大学生精神#现代大学生#宿舍生活#不卑不亢做最好的自己,1,显性,,,
住宿生,,comment,现在实习，和同学一块住十二人寝，每次待在寝室感觉整个人都变了，被吵的心力交瘁，在床帘里咒骂所有人,1,显性,,,
住宿生,,comment,我的天呢,1,显性,,,
住宿生,,comment,太惨了宝宝 有能力就搬出去,1,显性,,,
住宿生,,comment,天啊12个我六个都受不了了，下学期去租房,1,显性,,,
住宿生,,comment,救命啊 我们八人寝还不通风 我现在在楼梯间,1,显性,,,
住宿生,,comment,真的受不了了，我再忍4个星期,1,显性,,,
住宿生,,comment,我靠我也差不多，我七月就暂时解脱了[棒R],1,显性,,,
住宿生,,comment,真的好难过,1,显性,,,
住宿生,,comment,完全是这样的😭😭😭,1,显性,,,
住宿生,,comment,感觉河北蚊子很少啊我宿舍没有蚊子,1,显性,,,
住宿生,,comment,和舍友意见不和私人时间三分之一都在憋屈着凑合别人下了课还不能舒舒服服歇着，不是说不应该为了集体和谐妥协一部分，而是我本身就事多 所以我想独居想疯了,1,显性,,,
住宿生,,comment,懂 每天都好像骂人 我什么时候才能独居,1,显性,,,
住宿生,,comment,所以在本市上大学的幸福感极强,1,显性,,,
住宿生,,title,怎么办啊 晚上一直抖床,1,显性,,,
住宿生,,content,我和我的室友已经住了一年多了 平时一起上下学 班级也一直跟我坐 但是我发现最近他很反常 一摸我的手 跟我说话的时候眼神比较躲闪 最近他一直在床上一直抖 说很冷 发出很奇怪的声音问我能不能跟他睡一晚怎么办啊 -- 二编：我是男生啊 现在目前状况他抖床的频率就是很规律 而且都是后半夜的那种 都是晚上熟睡的时候 #想好好睡觉#不敢一个人睡觉#大学生求助帖#怎么办,1,显性,,,
住宿生,,comment,你是男生还是女生啊 问你能不能跟他睡一晚也太诡异了吧 他冷为什么不多买床被子,1,显性,,,
住宿生,,content,高中住宿生苦还是爱豆练习生苦😊#当代高中生现状#高中生心理状态#爱豆,1,显性,,,
住宿生,,comment,我不行了,1,显性,,,
住宿生,,comment,复读生住宿生还追练习生更苦[泪崩R],1,显性,,,
住宿生,,comment,泪目了,1,显性,,,
住宿生,,comment,这话说的当练习生是自愿的啊，觉得苦了大不了跑路或者摆烂等着被清退，高中住宿觉得苦了又不能退学,1,显性,,,
住宿生,,comment,痛苦是无法比较的,1,显性,,,
住宿生,,comment,我希望有练习生的身材和脸,1,显性,,,
住宿生,,comment,至少爱豆手机没管理可以出去买东西,1,显性,,,
住宿生,,comment,好歹练习生长得好看，我要是有那张脸上多少遍高中都不会觉得累，一照镜子就是幸福啊,1,显性,,,
住宿生,,comment,真的照镜子的时候会被自己可爱到,1,显性,,,
住宿生,,comment,练习生就算出道不了但是如果还算有颜值有实力还可以去当主播或舞蹈老师什么的 高中生嘛额受不了就突然没了,1,显性,,,
住宿生,,comment,一样吧都差不多 为什么都在说高中住宿生难呀 练习生爱豆还看你火不火呢 不火还得倒赔钱 而且期间整容的钱要自己付不整还不行,1,显性,,,
住宿生,,content,我好烫，可是在宿舍怎么办#脆弱大学生#寝室生活#当代大学生心态#当代寝室长#破碎的大学生#宿舍生活#大学生心理状态,1,显性,,,
住宿生,,comment,主播，这里不知道咋回事，可能之前发消息的现在才突然跳出来，不能一一回复你们了[抽泣R]，真的非常谢谢你们关心主播的身体，主播已经看医生了，也已经好多了，感谢你们关心,1,显性,,,
住宿生,,comment,我一直吃的一个药叫“散利痛”，我会在床上放几颗，要是头疼就吃一颗，发热就吃两颗，当年我阳了但是自己不知道，这个药硬生生给我压住了，本来烧到38了结果给我压回36度8，直到我请假也请了，一堆事做好了，我到医院我的体温才渐渐高起来而且难受有空可以备一点，很便宜的不贵，应急真的很有用，至少到第二天早上完全没问题，现在的话你吃了药，药没用的话尽量睡着，睡着前给导员舍友们发消息叫她们看到了立马想办法救你，睡着之后不会太难受,1,显性,,,
住宿生,,comment,有小风扇吗在床上躺着空气不流通，加上被子什么的体感只会越来越热，可以拿小风扇不对着自己吹，对着被子什么的吹吹会好点我身体不太好平时准备的药很多，没有什么药之外的办法,1,显性,,,
住宿生,,comment,主要还是你已经睡都睡不着了也没人照顾你，药吃了好几天没用就是不对症，如果有其他特效药倒是可以试试，你一直都是按照药盒上面的剂量吃的话，换药吃现在吃是没什么太大问题的，死马当活马医，但是如果没有那种药效很快的药就不用考虑吃药了,1,显性,,,
住宿生,,comment,（我上面说的那个药20-30分钟你就不会头疼而且退热的，我自己吃的时候一般十几分钟就有效果了）好在现在天快亮了，到了宿舍门开的时间就下去找宿管，宿管醒的很早的，我们学校宿管四点半就起来开门了，你可以求助一下，宿管会教你接下来怎么做,1,显性,,,
住宿生,,comment,一般吃药一天半没效果就可以去找医生了（不是中医药的话）现在的药效都很强，因为病毒一直更新药也越来越猛，一整天按照药盒上的剂量吃没有缓解就已经可以去医院了，有效果才继续吃药，我说的药是应急用的，不过一般我吃一颗，第二天醒来就满血复活了所以我觉得真的很厉害,1,显性,,,
住宿生,,comment,是的特别是头疼发热，十几分钟就不疼了,1,显性,,,
住宿生,,comment,这个有没有副作用阿 对偏头痛管用嘛,1,显性,,,
住宿生,,comment,这个药真的很绝 我每次中暑头疼吃这个 过一会就好了,1,显性,,,
住宿生,,comment,目前我没有，我也有点偏头痛，每次头疼都吃，成人是1-2颗，我一般一颗就起效果了，而且很快，二十分钟就不疼了,1,显性,,,
住宿生,,comment,好滴谢谢,1,显性,,,
住宿生,,comment,好吓人啊😦主播已经不相信这里的医疗技术了啊，记得当初急性肠胃炎，去医院打针把我打过敏了啊，给我转了好的医院，结果医生上来就说，不再派个ct就不给看啊,1,显性,,,
住宿生,,comment,姐妹如果你的学校不是那种大学校就不要去医务室啦，直接去医院最好，问清楚什么原因，医生一般都会说，而且在医院你是患者，不用怕人家我生病都没去过我们学校的医务室，不是很靠谱,1,显性,,,
住宿生,,comment,主播现在特别感动，世上还是好人多啊,1,显性,,,
住宿生,,comment,不要担心，主播已经就医了,1,显性,,,
住宿生,,comment,我的天看到你这个真的不知道说什么，大学里的人好神奇，好冷漠,1,显性,,,
住宿生,,comment,没用，首先这个隔音棉尖尖要对着噪音源，其次隔音棉效果一般，甲醛重味道重,1,显性,,,
住宿生,,comment,室敌每晚不开麦但大吼大叫摔东西打游戏，边打游戏边外放若智小网剧，我也想拿垃圾桶套她头上[完啦R],1,显性,,,
住宿生,,comment,不入耳的没用，硅胶的隔音太一般了我这边不够用,1,显性,,,
住宿生,,comment,而且氧气不足,1,显性,,,
住宿生,,comment,我都已经出去租房住了，我真不行了,1,显性,,,
住宿生,,content,半夜腹痛，常年肠胃炎患者一坐起来细细感受——只怕是腹泻…还好不是 只是单纯的睡前水喝多了 人睡早了 报应来了 膀胱要炸了… 仔细感受五分钟 确认尿意是真实存在且无法忍耐的……思想斗争过后…好吧 再不去我就要死了,1,显性,,,
住宿生,,content,我停住侧耳聆听舍友的动静，黑暗之中有谁翻了个身…等暗中的动静平息 才继续行动 接下来是蚊帐……我将手机桌面朝上打开 借着壁纸的微弱灯光 左手抻直拉链 以减少摩擦声 右手移动拉链头 试探性地缓慢下拉 太刺耳了……我明明只是拉个拉链而已 你为什么要发出铁锯锯木头的动静T T长痛不如短痛 我摸下去，确认滑轨上并无线头阻碍，一咬牙，右手迅速一拉到底,1,显性,,,
住宿生,,content,我动也不敢动，在一切回归平静之后，我微微张嘴，才发现后槽牙咬得一阵酸软,1,显性,,,
住宿生,,content,脚踏上冰冷的楼梯…一步 两步 三步…地面 把脚穿进拖鞋里 小心PVC和水的摩擦 小心舍友的鞋子 小心不要踢到垃圾桶 小心推开滑轨门 小心关上滑轨门 小心打开阳台灯……小时候的无聊练习让开关保持平衡的触感训练帮了我大忙，我可以几乎无声地打开开关,1,显性,,,
住宿生,,content,不要欣喜若狂 不要快速转身然后把手肘撞上大门……眼泪疼出来了也不能叫一声…尽管那一声撞击像古人在衙门击鼓鸣冤那样响亮,1,显性,,,
住宿生,,content,（这是我初中时哭出来的眼泪，淤青早已消散 终于蹲下 可以放松一会儿了,1,显性,,,
住宿生,,content,这个时候我会焦虑想象，万一碰出点动静来 第二天舍友看妳的眼神完全不一样……她们不同妳争执,1,显性,,,
住宿生,,content,只是妳就是感觉到压力，来自女性的校园欺凌是一种微妙的暴力,1,显性,,,
住宿生,,content,审判者问：她们对妳做了什么 妳说：…我感觉她们不喜欢我,1,显性,,,
住宿生,,content,说出来妳自己都不敢肯定,1,显性,,,
住宿生,,comment,室内卫生间起夜是最痛苦的,1,显性,,,
住宿生,,comment,以前没办法的时候都是用牙刷杯装水反复倒水冲下去(/ _ ; ),1,显性,,,
住宿生,,comment,我们也是…………真得很崩溃,1,显性,,,
住宿生,,comment,啊啊啊怀疑校友💔,1,显性,,,
住宿生,,comment,我靠我懂还有那老旧的厕所门开关的声音,1,显性,,,
住宿生,,comment,我现在好痛苦,1,显性,,,
住宿生,,comment,这也太 那没办法了 如果别人嫌吵只是说那个盆接水了,1,显性,,,
住宿生,,comment,我感觉起夜的时候慌得要死尤其我们那个宿舍长人你知道的...,1,显性,,,
住宿生,,comment,谢谢宝宝…我就是性格有点内耗，，总是容易想太多……害怕发出声音引起矛盾也是小时候一场霸凌的导火索…所以我有些创伤后遗症啦…我会努力学习多多关注自己 而不在意别人对我的看法的,1,显性,,,
住宿生,,comment,谢谢妳喔,1,显性,,,
住宿生,,comment,是不是舍友们本来就不喜欢你 按理说起床上厕所不是人之常情吗 正常和你相处的朋友不会不理解这个的 只有不喜欢你的人才会对你的行为吹毛求疵 要你活得像没有存在感的假人娃娃,1,显性,,,
住宿生,,comment,不不宝宝…没有啦 我现在这个宿舍的舍友人很好啦 没有出现矛盾什么的 是我以前在集体生活里闹出过一点不愉快 …所以我之后和人相处都有点小心翼翼的样子 只是通过起夜这件事儿联想起来了而已 谢谢宝宝的关心喔,1,显性,,,
住宿生,,comment,我在宿舍起夜上厕所就是这样，小心翼翼的担心发出声音但是还是不可避免的发出声音比如说打开门按下门把手门就会发出吱嘎声，我也不想但是没办法就是会发出，然后把灯打开，灯的开关在外面，把灯的开关打开在开门光会露出来就会照到宿舍就会被室友知道就会影响到室友然后就是冲水声按下去就会有声音，但是也不能不冲水,1,显性,,,
住宿生,,comment,这能怎么办,1,显性,,,
住宿生,,comment,这写得太真实了,1,显性,,,
住宿生,,comment,而且当我不小心发出噪声后听见其中一个室友的手机振动两声时我就会清楚是另一个室友被吵醒后愤怒的吐槽,1,显性,,,
住宿生,,comment,抱抱宝宝🥺支持取消集体生活…集体生活真的是完全反人类的安排 真的不想惹出任何争端T T只想平安渡过怎么那么难…,1,显性,,,
住宿生,,comment,哦买嘎太痛苦了，我不上厕所睡不着，还容易失眠然后老悄咪咪下床，小心翼翼真的要窒息了,1,显性,,,
住宿生,,comment,宝宝 太懂你了早起人是这样的,1,显性,,,
住宿生,,comment,我目前就在蹲厕所看到这个帖子，我在想我等会怎么冲厕所啊,1,显性,,,
住宿生,,comment,哈哈哈哈哈可怕的大数据,1,显性,,,
住宿生,,content,我本来不想要小桌子了的，因为买来一年也没用过几次，最近在买收纳，因为上铺床板固定动不了，一般挂的置物架用不了，所以一直没看好，又担心不牢固质量不过关，半夜掉下来砸到我了，直到我看见我这边绳子多的是，这种扎绳也多的是，简直完美，#我的收纳分享#大一新生好物#收纳妙招,1,显性,,,
住宿生,,comment,抱箍，农村往电线杆上绑监控就用这个,1,显性,,,
住宿生,,comment,矮个子不会，我只有155，室友说我的床像个仓库居然能睡下一个人,1,显性,,,
住宿生,,content,舍友早起声音太大怎么办,1,显性,,,
住宿生,,content,还说找辅导员，气得我心脏疼，那口气完全咽不下 我没办法了，我本身很窝囊又不会骂人,1,显性,,,
住宿生,,content,已经和辅导员沟通过，显然没什么用，只是说会找那两个同学调解一下 对于评论说换宿舍，我有想，但是我这边床位可能没有，也不知道有没有 #让人窒息的瞬间#大学宿舍关系#室友#矛盾#舍友#大学生#无理取闹的人#早起#当代大学生心态#宿舍生活,1,显性,,,
住宿生,,comment,就是不喜欢你找茬呢这种语气也不是好好商量的语气赶紧换宿舍吧,1,显性,,,
住宿生,,comment,这个问题实在是无解[呃R]我有一个舍友特别厉害，早起一点声音都没有，特别静悄悄的，我早起的时候也小心翼翼的，也做不到像她那样静音,1,显性,,,
住宿生,,comment,还好我们寝室早八起得都差不多,1,显性,,,
住宿生,,comment,太羡慕她们了，我也是一有声音就睡不着，每天戴耳机听助眠，疯狂PUA自己，是自己太敏感了，对舍友保持感恩的心,1,显性,,,
住宿生,,comment,这样她们发出声音我就不是特别讨厌了[完啦R],1,显性,,,
住宿生,,comment,之前我都好好跟这个室友说，但是她一直这样不改昨天我就直接这样发了，虽然她没看见哈我后面也睡着了，不要PUA自己让自己受气不开心呀,1,显性,,,
住宿生,,comment,呜呜呜我妈之前这样和我说，我可生气了，现在长大了逐渐理解她了，其实是没招了,1,显性,,,
住宿生,,comment,确实我宿舍有一个人就可以跟鬼一样一点声音都没用出门 而我 真的做不到 我还怀疑是体重的问题 我还专门减肥 但是还是不行 这真的没办法和人家一样静悄悄出门,1,显性,,,
住宿生,,comment,呜呜宝宝我本来就听力不太好，我不能老是带耳塞对听力更不好了,1,显性,,,
住宿生,,comment,对，戴久了头还很胀,1,显性,,,
住宿生,,comment,这种公共宿舍，我觉得没办法避免，大家作息都不一样，只能说，只要不是故意大声或者只要是正常时间洗漱那就算被吵到了我也只能自己忍耐一下了,1,显性,,,
住宿生,,comment,我没早八，今早他们弄那个袋子，袋子响持续了20多分钟，我又没勇气说,1,显性,,,
住宿生,,comment,既然怎么样都会被骂，那就意味着什么都可以干,1,显性,,,
住宿生,,comment,这样的话可能会被大家讨厌，现在是两个，后面就会是另外三个了,1,显性,,,
住宿生,,comment,我大学都算很小的学校了，系楼跟我宿舍就隔了两三栋楼而已，要吃早饭打水，下楼丢垃圾，走过去挺合理的这个时间,1,显性,,,
住宿生,,comment,他们喜欢挤一块,1,显性,,,
住宿生,,comment,正好我也想问一下，7.20集合，我平常6:20左右起，他们6:40，之前他们说我闹钟响好，我关掉了，然后昨天又说我的窗帘拉链小点声，我知道我起的早，我该怎么办,1,显性,,,
住宿生,,comment,因为正常只是会提出，不会到骂吧,1,显性,,,
住宿生,,comment,你六点四十起可能导员会说你两句，七点四点起导员看到肯定骂她们的,1,显性,,,
住宿生,,comment,就是不喜欢你,1,显性,,,
住宿生,,comment,如果让别人发出声响是第一次说的话，就不应该是这种语气了,1,显性,,,
住宿生,,content,好奇嘟嘟初中和高中也是住宿吗?我觉得住宿好痛苦，好痛苦，好好奇如果嘟嘟住宿的日常生活是什么样子#陈都灵#住宿#雾妄言#楚朝#白幼薇,1,显性,,,
住宿生,,comment,哈哈哈哈好可爱啊,1,显性,,,
住宿生,,comment,好没隐私，当红人真累,1,显性,,,
住宿生,,comment,我比较好奇嘟嘟也会因为小游戏崩溃吗比如说那个傻叉自行车和踢球,1,显性,,,
住宿生,,comment,奇迹暖暖有电脑页面版的，怎么不能玩啊,1,显性,,,
住宿生,,comment,我去羡慕了,1,显性,,,
住宿生,,comment,羡慕了啊啊啊啊啊啊,1,显性,,,
住宿生,,content,使用体验：最早用2号但涨耳，改用6号，但耳朵孔会逐渐被耳塞撑大，再买了4号也差点意思，最后又换回2号,1,显性,,,
住宿生,,comment,我也想问，真是崩溃了,1,显性,,,
住宿生,,comment,特别吵的呼噜声，这个办法也能隔绝十之七八，剩下那点声音，心平气和地躺一会也可以睡着,1,显性,,,
住宿生,,comment,呼噜声耳塞就够了，不是那种震动或者刺耳的,1,显性,,,
住宿生,,comment,耳塞对呼噜没用,1,显性,,,
住宿生,,comment,谢谢博主,1,显性,,,
住宿生,,comment,没用过哦,1,显性,,,
住宿生,,comment,124都同款了，最痛苦时期我甚至是安耳悠+索尼,1,显性,,,
住宿生,,comment,有做飞机戴过吗 我是受不了飞机的声音每次坐耳朵疼,1,显性,,,
住宿生,,title,宿舍降噪实测（放弃用耳健康版）,1,显性,,,
住宿生,,comment,但是我现在高一就这么胖了，我怕高三就变得特别特别胖了,1,显性,,,
住宿生,,comment,吃饭吃7分饱，零食少吃，因为胖的原因不一定是吃东西，也有可能是压力胖，我读完高中自动瘦了十斤，我连节食运动都没有,1,显性,,,
住宿生,,comment,好的，那我现在尽量把零食奶茶什么的都戒掉，放假就运动，尽量不让自己变胖，三餐正常吃应，谢谢建议,1,显性,,,
住宿生,,comment,压力肥 我像你那个时候也这样 高中3年胖了40斤,1,显性,,,
住宿生,,comment,好的，谢谢啦,1,显性,,,
住宿生,,comment,好的，我现在每天早上都有吃鸡蛋，然后午饭是正常吃的米饭减半，到时候买点鸡胸肉应该够，谢谢,1,显性,,,
住宿生,,comment,好的，谢谢提醒啦,1,显性,,,
住宿生,,comment,主要是我一直会身材焦虑，觉得自己太胖了，我觉得我一直这样也是没办法专心的,1,显性,,,
住宿生,,comment,身材焦虑一直都会有的 问题是焦虑本身 你要学会的是接受你自己 而不是在高中这么重要的时期去减肥 要养成良好的减肥习惯也该是在初升高的暑假 你总得找个空闲的时间去干这么难的事吧 哪怕是放寒暑假 周末休息的时候 休息的时候养成了习惯 上学的时候只要轻松的保持就可以了,1,显性,,,
住宿生,,comment,好的，谢谢啦，我会慢慢尝试的,1,显性,,,
走读生,,content,走读生相较于寄宿生而言，拥有更多的家庭关爱和自由时间，但同时也需要家长和学校共同配合，确保学生的安全和学业发展,1,显性,,,
走读生,,comment,不止很多[福气加马],1,显性,,,
走读生,,comment,有时候真的很羡慕这种 上学无忧无虑 根本不用担心作业和学业,1,显性,,,
走读生,,comment,特别开心,1,显性,,,
走读生,,comment,同问啊我用电话圈扎每次都散然后崩溃,1,显性,,,
走读生,,comment,一放学就看到vlog的救赎感[泪崩R],1,显性,,,
走读生,,comment,我作业没写完[泪崩R],1,显性,,,
走读生,,comment,我没写完[泪崩R],1,显性,,,
走读生,,comment,救命我们学校校服就是短裤🆘,1,显性,,,
走读生,,comment,生日快乐,1,显性,,,
走读生,,comment,瑞士卷很难不爱[完啦R][完啦R],1,显性,,,
走读生,,title,㋃｜𝟎𝟕走读🏫女高中生的幸福感书桌📓🎒,1,显性,,,
走读生,,comment,好的谢谢宝宝,1,显性,,,
走读生,,comment,哇塞可以,1,显性,,,
走读生,,comment,我们班的男生总喜欢课间打闹，我要是敢这样子放高低，给我摔个破碎,1,显性,,,
走读生,,comment,我喜欢靠窗的位置,1,显性,,,
走读生,,comment,我也超喜欢可以睡个觉发个呆,1,显性,,,
走读生,,comment,分地方吧 一般来讲是重高管的松些 越差的高中管的越严,1,显性,,,
走读生,,comment,三人桌怎么收纳啊 我坐中间,1,显性,,,
走读生,,comment,老天我服了，我们初三了换楼了，结果是个蓝色桌椅我真的太丑了，还不如之前的灰色桌椅，而且还特别难坐，脚都放不下,1,显性,,,
走读生,,comment,我们老师媚男，我不敢放,1,显性,,,
走读生,,comment,羡慕你们中国我们马来西亚桌子都不能放东西的,1,显性,,,
走读生,,comment,主要是因为书太多了抽屉放不下,1,显性,,,
走读生,,comment,都绝望了,1,显性,,,
走读生,,comment,但毕竟太晚了,1,显性,,,
走读生,,comment,带饭的都是义父，小美不和你谈恋爱，让全校去做思想工作,1,显性,,,
走读生,,comment,哈哈哈哈哈哈哈哈哈哈哈张老斯太好耍了嘛,1,显性,,,
走读生,,comment,太油麦了嘛,1,显性,,,
走读生,,content,本人也很宅不爱出门 平时也都是跟妈妈出去玩，看电影吃饭也都是妈妈请客 真的太爽了,1,显性,,,
走读生,,comment,问问老大，这样对小组作业什么的有影响吗[抽泣R]我现在高三生，以后大学不想住宿想在外面租房一个人住,1,显性,,,
走读生,,comment,小组作业我们是一人负责一科作业，只要不要拖到要交才做就行，我个人都是喜欢提前做完,1,显性,,,
走读生,,comment,没啥影响 自己也能做 或者找其他一个人的一起,1,显性,,,
走读生,,comment,其实完全不会，只要组过一次队，别什么都不管，负责一点，会有很多人下次组队邀请你的，大家都很怕不干活的人,1,显性,,,
走读生,,comment,搭子们都走读，这也太太幸福了,1,显性,,,
走读生,,comment,很爽了 我本科也是本地的 但是我是另一个区 我一般周末回家（宿舍离学校大门太远了 单边20min）属实懒得走,1,显性,,,
走读生,,comment,我是宿舍楼太高了，懒得爬 上学期和这学期一共就住过3次,1,显性,,,
走读生,,comment,哇塞好幸福,1,显性,,,
走读生,,comment,简直太幸福了,1,显性,,,
走读生,,comment,只有上了大学才懂这个含金量当时报志愿硬是把自己报到一千七百公里外了，现在老实了，不过还好熬到大三下了（但是可恶的是我五年还有两年），考研我要考回家那面去,1,显性,,,
走读生,,comment,羡慕[抽泣R],1,显性,,,
走读生,,comment,但是回家睡觉很快乐,1,显性,,,
走读生,,comment,找不到教室……小组作业没人……除此没有缺点了,1,显性,,,
走读生,,comment,可是我不竞选不评，就只想安静顺利的过完，这个对我来说不是烦恼了,1,显性,,,
走读生,,comment,没事的完全可以一个人做的,1,显性,,,
走读生,,comment,嗯嗯，我会试着跟老师说自己一个人弄的,1,显性,,,
走读生,,comment,大一开始走读，正在焦虑人际关系怎么办 别人一个宿舍可以聊天社交 我每天在出租屋里发霉,1,显性,,,
走读生,,comment,住宿人际关系只会更差,1,显性,,,
走读生,,comment,最关键的人际关系，其实只要有一个特别玩的好的朋友，然后再根据她们去结识她们宿舍的也可以（但最好不要越过好朋友去跟舍友交流吧，因为我现在就是她们带着我组小组真的非常感谢她们,1,显性,,,
走读生,,comment,其次如果上下午都有课，中午来回比较麻烦，我都是找一个饭店然后待到上课,1,显性,,,
走读生,,comment,晚上有课怎么办，回家不安全[泪崩R][泪崩R][泪崩R],1,显性,,,
走读生,,comment,1.没人叫早起容易旷课,1,显性,,,
走读生,,comment,我是大一新生在宿舍根本睡不好但是室友人都不错 最担心的就是融入集体生活的问题,1,显性,,,
走读生,,comment,坏处是实在太幸福了不想去学校了,1,显性,,,
走读生,,comment,我大一就开始走读，尤其别人要回那个小破宿舍，而我要回家的时候，别提我有多幸福了，简直爽的要命,1,显性,,,
走读生,,content,我是一名高中走读生 家里管手机管的严每周日晚上都要把手机给爸妈 最近买了模型机打算把模型机交给父母 真机自己保留 没想到被父母发现了 周五下午回家的时候照常来说我应该是直接从柜子里拿手机的 因为他们平常都放这里 但现在真机在我手上我就不需要问他门手机放哪里了 结果父母把我模型机藏起来了没有把模型机放柜子里 我还不知情 等他回家后看到我拿到手机问我哪来的 我说你不是平常放柜子里吗我从那里拿的 他就说是吗我放柜子里了吗 我就说是 后面我去柜子里找了半天都没找到我要怎么办啊啊啊啊啊急急急,1,显性,,,
走读生,,comment,okok谢谢宝宝,1,显性,,,
走读生,,title,住校崩溃,1,显性,,,
走读生,,content,Q：高中住宿家长觉得走读代价太大，但是住校每晚都哭，如何调理#高中#上学#返校#高中生心理状态,1,显性,,,
走读生,,comment,谢谢宝宝们的建议，现在已经在办理走读的手续啦周一正式开始我的走读生活喽,1,显性,,,
走读生,,comment,妈妈真的很爱你,1,显性,,,
走读生,,comment,兄弟们我才住了五天我就已经不行了，能走读就走读，住宿真不是一个正常人呢能承受的,1,显性,,,
走读生,,comment,因为不爱说话，所以基本上没有人跟我玩，也不算是不爱说话吧，他们坐得近，已经组成小团体了，我在宿舍我也努力的跟他们搭话，也是爱搭不理的,1,显性,,,
走读生,,comment,我天啊我也是这样的感觉住两年我会抑郁,1,显性,,,
走读生,,comment,嗯嗯真的是感觉住两年会崩溃,1,显性,,,
走读生,,comment,太扎心了,1,显性,,,
走读生,,comment,我住一个星期都感觉自己要抑郁了而且感觉没有时间上厕所，我是体质很好的人，现在都得肠胃炎了，而且有点大小便失禁,1,显性,,,
走读生,,comment,我真不行了每天情绪一个人消化,1,显性,,,
走读生,,comment,我真的哭了 我不想住宿,1,显性,,,
走读生,,comment,那真的很好啊，但是是我感觉世上真的没有太多开明的父母，就算有也不会落在我身上，我父母就算到死也不会接我回家ヽ(￣д￣;)ノ之前我说我压力大，想请假回家，我爸也只是说压力大好啊，压力大学习才会进步，我都上职高了，我还进步个啥呀，现在每天都很焦虑，特别是在开学上学的时候,1,显性,,,
走读生,,comment,我爸爸也不开明，但是他俩离婚了，所以我现在就很开心因为我妈咪还是挺开明滴,1,显性,,,
走读生,,comment,遇到这样的父母，真的很好啊，真的很幸运，我真的羡慕啦，我的父母两个人都不开明，只能说是小部分时间开明，大部分时间都是那种封建的，我想找时间再和他们聊聊，但是他们就是坚决不同意，就是把话说死了，就说走读是不可能的，但是他们上一秒还在说班主任已经换我走不走读，还得看老师的，但是下一秒他们就说，走读是坚决不可能的，我真的要哭死了,1,显性,,,
走读生,,comment,上完一天课累的要死，走读想的是马上就可以回家了，奖励自己吃点好的，内宿熄灯你就要在床上了，根本没时间吃什么，搞的跟特种兵一样，内务也是奇葩，这不能放那不能摆，床上只能放被子枕头，晾衣服的，这根要晾大的，那跟小的,1,显性,,,
走读生,,comment,呜呜宝宝我也是，通勤来回一个小时，租房子的话离父母上班的地方远我这个学期已经报了住宿，我们11月还可以再修改，先住两个月看看吧,1,显性,,,
走读生,,comment,我俩情况太像了只能先住看看喽,1,显性,,,
走读生,,comment,已经哭一周了早上还在吵,1,显性,,,
走读生,,comment,我也想藏但是不敢,1,显性,,,
走读生,,comment,就是因为学校和自己家如果开车去要半个小时，家长来回就是一个小时会很累并且在路上也可能会遇到危险也费油，然后如果租房子家长还是要跑来回（因为要上班）还要再加上租房子的钱,1,显性,,,
走读生,,comment,我儿子不肯住宿闹着要走读，你们说该怎么办，帮我出出主意,1,显性,,,
走读生,,comment,说真的问问孩子原因，住宿真的痛苦,1,显性,,,
走读生,,comment,租房还家长要陪，女生的话家长真的不放心，都是很大一笔花销和精力，完全理解他们真的很累还要忙工作，就是只能供到你这种程度，剩下自己努力，能考上什么看自己的造化，我觉得后面想开了就好了，准备一些助眠的东西，学会睡觉真的很重要，宿舍问题及时和舍友沟通,1,显性,,,
走读生,,comment,ok本来我觉得我已经调理好了结果返校路上又崩溃哭了但还是得上,1,显性,,,
走读生,,comment,高三了我都不适应，开学一个星期一直哭，真的想回家，爸妈也是不同意,1,显性,,,
走读生,,comment,会很爽很幸福,1,显性,,,
走读生,,comment,真的很幸福,1,显性,,,
走读生,,comment,七月开始租房的 感觉幸福感直接翻了不止一倍,1,显性,,,
走读生,,comment,好羡慕 问问房租多少呀,1,显性,,,
走读生,,comment,我们最近的房子离我学校的打车钱 和我学校顺风车到我家（隔壁城市）的钱一样 所以我干脆不租房了直接回家,1,显性,,,
走读生,,comment,580，不算电费，算了平均一个月八百多吧，我们比较爱开空调,1,显性,,,
走读生,,comment,天呢好划算 俺在江苏这边 不算老也不算好的房子都得1000+,1,显性,,,
走读生,,comment,那也感觉好好我是经济条件不允许就没法租房羡慕了,1,显性,,,
走读生,,comment,我是学校比较偏 旁边刚好有城中村环境只能说不好也不差吧 然后我们自己布置了一下就好多啦,1,显性,,,
走读生,,comment,羡慕，查寝和晚自习（空课）我在的学校全有,1,显性,,,
走读生,,comment,市属院校吗羡慕,1,显性,,,
走读生,,comment,我们学校天天查寝 我也很担心这个,1,显性,,,
走读生,,comment,放心根本没人管我大一开学就住了几天就走读了（没跟学校说那种），后来开学一个月后我把我床位给了班里另一个哥们，他从其他楼的宿舍搬我床位来了，就这么住了一年两边宿舍都一直没人管 最后大一结束的时候，我俩找宿管和辅导员办了个手续，我办退宿，他办换宿舍，从此我名正言顺的走读，他也名正言顺的搬到我原来床位了,1,显性,,,
走读生,,comment,后果就是多花了交通费但幸福指数upup,1,显性,,,
走读生,,comment,我就是回家喜欢自己待着，和她们关系就很一般,1,显性,,,
走读生,,comment,有买了差不多的同款海带，可惜只看到了这个黑色的，没找到红色的,1,显性,,,
走读生,,comment,牙牙，你到底是有多有钱[抽泣R]学生党羡慕了[抽泣R],1,显性,,,
走读生,,comment,想到张勇一个人在屋头拍这些就想笑,1,显性,,,
走读生,,comment,他屋头的人，天天看他在屋里板这些，看久了怕是脑壳青痛哦,1,显性,,,
走读生,,comment,他太抽象了说不准,1,显性,,,
走读生,,comment,酱紫，懂啦，谢谢啊,1,显性,,,
走读生,,comment,哈哈哈哈哈，你拍这些自己剪辑的时候会不会也笑得不行,1,显性,,,
走读生,,comment,应该不会，他还会担心不够好笑😄,1,显性,,,
走读生,,comment,哈哈哈,1,显性,,,
走读生,,comment,你真的够了，够疯，很喜欢,1,显性,,,
走读生,,comment,我们学校啥都不行好羡慕,1,显性,,,
走读生,,comment,那条限流了宝贝 我再发一遍看一下 谢谢宝贝支持呀,1,显性,,,
走读生,,comment,懂啊，从小到大那么多川渝明星，我们早就喜欢上川渝了，口音特别有意思,1,显性,,,
走读生,,comment,可以的呀 太喜欢这个口音了哈哈哈哈哈,1,显性,,,
走读生,,comment,很爱看，口音也很好笑虽然有些方言用词不懂但是不影响,1,显性,,,
走读生,,comment,能看懂，好好笑的个别方言听不懂的地方能猜出大致意思～喜欢～,1,显性,,,
走读生,,comment,周老师太好笑了,1,显性,,,
走读生,,comment,坐起打哇哇，真的好久没听到过这句话了,1,显性,,,
走读生,,comment,我也我也 看到龇牙老师很幸福,1,显性,,,
走读生,,comment,广东那里应该蛮热的吧这几天我们这边最高气温都快三十度了,1,显性,,,
走读生,,comment,我也喜欢去名创优品买东西,1,显性,,,
走读生,,comment,老师我好喜欢你 你是我唯一一个挂过朋友圈的老师,1,显性,,,
走读生,,comment,感谢喜欢,1,显性,,,
走读生,,comment,我平常也特别喜欢看她的视频,1,显性,,,
走读生,,comment,收到，谢谢,1,显性,,,
走读生,,comment,需要勇气哇，放过彼此不好吗,1,显性,,,
走读生,,comment,我希望他坚持住，解放父母,1,显性,,,
走读生,,comment,一言难尽都是泪,1,显性,,,
走读生,,comment,初中那会坚持3年太不容易了，每天睡眠不足，高中毫不犹豫租房,1,显性,,,
走读生,,comment,希望就在眼前，梦想插上翅膀,1,显性,,,
文科生,,comment,你肯定不是法学生现在做线上咨询的很少，并且你说的那种很简单的法律问题AI自然能解决，也轮不到律师出马，怕的就是纠纷,1,显性,,,
文科生,,comment,为什么总是说文科生是学不会理科的人才去学文科 难道必须是那种理科文科都特别好的去学文科才不被鄙视吗,1,显性,,,
文科生,,comment,文科生付出的努力一点也不比理科生差,1,显性,,,
文科生,,comment,妈呀这高傲的评论区,1,显性,,,
文科生,,comment,看到一个专科电气大于文科9的给我看傻了，文科还不至于贬值到这个地步吧…,1,显性,,,
文科生,,comment,文科越来越差导致伪人越来越多,1,显性,,,
文科生,,comment,怎么会有人说文科生都是理科学不好才学的文科啊，我认识的好多人都是因为更喜欢文科以及文科分数赋的更高才学的文啊,1,显性,,,
文科生,,comment,轻文重理又不是弃文唯理，问题不大，金字塔上的文科生照样能给社会做贡献，有他们足够了,1,显性,,,
文科生,,comment,（文科生哭泣）上一个春天还在北宋,1,显性,,,
文科生,,comment,哇，一万耶，我们这也有，三千,1,显性,,,
文科生,,comment,数据生产或者验收经理差不多，对于小语种，还是需要语言学专家,1,显性,,,
文科生,,comment,这个跟文理也没啥关系吧，理科也不至于说不认识事物了[笑哭了R],1,显性,,,
文科生,,comment,我就很诧异，大家现在对理科生的理解就是他们文科很差吗,1,显性,,,
文科生,,comment,说实话，现在浙江高考模式分科我搞不懂，但就我们读书那年代，不是我文科不行去读理科，而是理科你不行，只能试试看拼文科，竞争没那么激烈参加高考的理科学霸们就没有偏科的,1,显性,,,
文科生,,content,现在网上骂文科无用的越来越多了，今年还出现新概念“文科牢九门”归类出最差的九门文科,1,显性,,,
文科生,,content,但是会发现连这种骂声都是只关注文科就业难、工资低，一些文科生常常出现的精神状态问题都被忽略，甚至没有人关心了,1,显性,,,
文科生,,comment,法学主要是接触社会黑暗面东西太多了,1,显性,,,
文科生,,comment,分得更细的话法学属于社科吧🤔（我知道现在社科还是被归入文科，别骂我别骂我，作者说的纯“文科”应该更倾向于文史哲这种吧,1,显性,,,
文科生,,comment,太对了,1,显性,,,
文科生,,comment,你这说的太片面了,1,显性,,,
文科生,,comment,一个人生活在社会中，不可能完全空中楼阁,1,显性,,,
文科生,,comment,怎么说呢，我心理学并不比社会学的朋友好就业……除了心理健康咨询类，其他我能去的她都能去，她能去的体制泛体制我都去不了一点……精神问题更严重的地狱笑话,1,显性,,,
文科生,,comment,啊这样 还以为心理学这种偏应用的会比我们这种纯文科好找工作,1,显性,,,
文科生,,comment,我不知道...一边清楚地看见痛苦一边让自己融入这种痛苦,1,显性,,,
文科生,,comment,不需要别人关心呀，你都人文社科了，只能自己把自己武装起来，阳光也好痛苦也好积极也好消极也罢，只要你能自洽，就不用在意外界的看法,1,显性,,,
文科生,,comment,这不仅是一条长路，更是一条只能你一个人走的长路，寄希望于外界的理解，奢求在这个时代金子般不求回报的善意，只会让你更痛苦,1,显性,,,
文科生,,content,）积累经验 4️⃣ 用户体验研究（UXR） - 心理学/人类学背景吃香,1,显性,,,
文科生,,content,"京东UXR岗明确要求""社科背景优先"" - 速成技能：Figma+用户访谈技巧 5️⃣ 智库/政策分析师 - 布鲁金斯学会等机构偏爱政治学/经济学背景 - 捷径：关注「中国发展研究基金会」实习 💻 文科生逆袭必备技能 ▫️ Python基础（学数据分析就够了",1,显性,,,
文科生,,content,比希望的分低了20分，数学历史各低10分 这两科其实是考前花了大力气的…… 历史是平常最稳的、最高的，很久没有见过如此低分，没曾想再见是在高考,1,显性,,,
文科生,,comment,政治如何能做100，太厉害了,1,显性,,,
文科生,,comment,过几天争取写一写心得🥹,1,显性,,,
文科生,,comment,专业类院校人文关怀差一些，很多资源都要卷，还不如去综合类985,1,显性,,,
文科生,,comment,唉但我这个分太尴尬了,1,显性,,,
文科生,,comment,复旦今年北京没有小语种,1,显性,,,
文科生,,comment,怎么ip甘肃了,1,显性,,,
文科生,,comment,收到🫡谢谢,1,显性,,,
文科生,,comment,可以试试南大不限组，还是有希望的,1,显性,,,
文科生,,comment,很心动南大🥹🥹🥹唯一的担心是地域限制就业（回京就业会不会认可度没有一些在京985高呀……）,1,显性,,,
文科生,,comment,看看能不能上南开或者法大的优势专业，优选经管法，避开纯文科，最好能本硕连读，省去以后保研/考研的麻烦,1,显性,,,
文科生,,comment,就是怕法大太卷，本身我对法律没有太大兴趣,1,显性,,,
文科生,,comment,数学确实是短板，但平常没有这么差南开武大都可以随便挑，北师大除了人文实验班不稳别的任选,1,显性,,,
文科生,,comment,感觉京外一些大学还挺吸引人但是我想学人文类专业怕本科不在北京更难就业实习什么的了,1,显性,,,
文科生,,comment,平常模考大概在94-100中咣当，正常发挥差不多97吧,1,显性,,,
文科生,,comment,空间妹子们都在笑而小红薯热评都在吵，我不行了，，煮啵你这里马上成战场了,1,显性,,,
文科生,,comment,我不行了🌫,1,显性,,,
文科生,,comment,投胎，很靠运气的，一生只有一次,1,显性,,,
文科生,,comment,舞蹈生还挺好的，起码不累（我是文科生仅看图的刻板印象，别喷我）,1,显性,,,
文科生,,comment,文科是什么成分大家懂的都懂，我就是文科，每天东躲西藏的，出门买菜要蒙面，坐车不敢买票只敢坐黑车，上次遇到查身份证的我直接跳车逃走了，真的，文科真的很累,1,显性,,,
文科生,,comment,这条可能是帖主被某些搞对立的人整的有点崩溃发的自嘲吧,1,显性,,,
文科生,,title,来自一个喜欢用ai玩文字游戏的文科女的填表,1,显性,,,
文科生,,comment,不过最近灰度测试越来越像gpt了，我稳稳地接住你，这就够了,1,显性,,,
文科生,,comment,这就够了,1,显性,,,
文科生,,comment,这个“这就够了太经典了不管是吐槽还是玩角色扮演永远都会莫名其妙来这么一句,1,显性,,,
文科生,,comment,这就够了，值了,1,显性,,,
文科生,,comment,还真是 我真觉得现版本和gpt一样 接住你了，这就够了,1,显性,,,
文科生,,comment,笑死我了😂看它每次生成“这就够了”“挺好的”“好像，也不错”我都想够了,1,显性,,,
文科生,,comment,"你对Gemini""银商极高但爱写八股""这个评价很精准，它确实倾向于输出结构化的、四平八稳的内容",1,显性,,,
文科生,,comment,应该不是文科生的视角，而是有这么个圈子大家在用它聊天和写剧情，所以倾向于关注这方面并不是文理科差别的原因,1,显性,,,
文科生,,comment,我gemini到现在还没搞到手 我无助的像个孩子,1,显性,,,
文科生,,comment,[尬住R]我的一天就要拉我上车🥲🥲🥲我就说开玩笑说Grok太开放了，他就暗示他也可以………,1,显性,,,
文科生,,content,现在很多孩子讨厌文科、理科生贬低文科，本质不是文科真的不行，而是： 1. 孩子被手机和碎片化信息占满时间，缺少阅读积累，养不出文科需要的理解力和语感，学不懂就排斥,1,显性,,,
文科生,,content,​ 2. 踩文科的理科生，大多不是真热爱理科，只是理科相对好刷题、好得分，待在舒适区更有安全感,1,显性,,,
文科生,,content,All in all. 不是文科无用，是环境让人学不了文科，认知差让人看不起文科,1,显性,,,
文科生,,comment,但凡脑子够用数理化有两个强项，就觉对不会选文科，我们当年反正是这个风气,1,显性,,,
文科生,,comment,我学理科不代表我文科差，以前分文理班前，我地史政都是最好的，但是文科未来就业面太小，而且人文素养完全可以通过自己阅读实践获得，我毕业后自己读了大量的社科书籍，因为喜欢历史，心理学，我自己也看了很多这方面的书，如果你选择了文科，你肯定不会翻任何一本与之相关的书籍,1,显性,,,
文科生,,comment,那我学文科也不代表我理科差啊,1,显性,,,
文科生,,comment,有一说一不是现在，我近三十年前高考就是这说法了，再早一点，我爸那一代，说的是学好数理化，走遍天下都不怕，可是丁点都没提到文科,1,显性,,,
文科生,,comment,其实很多人都没搞清楚，大家觉得大学没必要学文科≠大家觉得文科没用,1,显性,,,
文科生,,comment,别的不说，就说一个现象，理科院校老师都会支持主动和学生说，没事多用豆包、deepseek，不会就问，不会就搜，不会写就抄但是要理解，我觉得是顺应时代发展路线的，反关文科院校，老师上课明令禁止不允许用ai做作业，但是最后打分自己也看不出来是不是ai，反而有些学生ai的作业分数更好，不用ai好好学习的学生肯定心理不服气，然后大家就都用ai了,1,显性,,,
文科生,,comment,我在台湾读的中文系，纯精神享受，毕业了一点用都没有但是人生中有过这四年最浪漫的时光也让我很欣慰了,1,显性,,,
文科生,,comment,看到了，我喜欢的感觉,1,显性,,,
文科生,,comment,友友是怎么去台湾读中文的啊太羡慕了,1,显性,,,
文科生,,comment,好好啊，好恨自己當初為什麼要去北京讀[完啦R],1,显性,,,
文科生,,comment,我也会后悔没在大陆读在台湾过度自由了导致我除了创意能力好其他什么都不行，在上海读研读死过去了快....,1,显性,,,
文科生,,comment,要不然来大陆发展吧大陆学历回台湾太不吃香了...,1,显性,,,
文科生,,comment,天哪好好，在国内普通大学读的汉语言，感觉课大部分都是水课，有时候还要我们学生上台讲，讲差不多一学期，实际上就是老师偷懒，很枯燥乏味,1,显性,,,
文科生,,comment,学校比较鼓励写作，也搞了专门的团队，有同学毕业前就赚到了几万稿费，只是上大学后我就了丧失创作热情，没怎么关注过,1,显性,,,
文科生,,comment,我认为中文系是很好的，我最受益的是我能接受到一些很新的观点，多了很多看问题的视角，好的老师讲一节课可以胜过读很多书，因为哪怕读了很多书你也不一定能察觉到那么多隐含的要素,1,显性,,,
文科生,,comment,而且我觉得中学时代过得过于压抑和辛苦选文科也有好处，那就是多了很多自由的时间，这些自由的时间要用来自我探索，不要放弃思考，歇了一口气后反而会自己主动做一些以前不会做的事,1,显性,,,
文科生,,comment,对不起嘛我跟评论区的文学家们是两种人我真的没那么喜欢,1,显性,,,
文科生,,comment,西方文论课是我当奶奶的开始没有文静儒雅，只有被期末周折磨的绝望（一周复习8门，耶稣来了也要去地狱当撒旦的继承人）,1,显性,,,
文科生,,comment,笑死我了宝宝当奶奶 好可爱呀,1,显性,,,
文科生,,comment,我爱死中文系了，诗词赋散文小说甲骨小篆语言文献,1,显性,,,
文科生,,comment,小学喜欢读书，初中开始喜欢语文，但我应试能力不行，考试都平平无奇，纯热爱,1,显性,,,
文科生,,comment,首先我没说不好，学的时候还是快乐的，但是硕士论文开始以后，我每天以泪洗面,1,显性,,,
文科生,,content,然后绝望的社会还要掏一把文科的骨灰，说你醒来救救这个世界呀,1,显性,,,
文科生,,content,」 - 二编： 因为有太多好吃的好玩的想追的剧以及正事要干， 所以不一定所有评论都能看到， 随机刷到哪条骂人的就开启魔法对轰,1,显性,,,
文科生,,content,划重点：会骂人,1,显性,,,
文科生,,content,你骂我我就骂你,1,显性,,,
文科生,,content,你这么关注我，花时间花精力花电量跟我互动，爱我是不是比你自己更多,1,显性,,,
文科生,,content,……那我也不会感动,1,显性,,,
文科生,,content,文不文的另说， 好好说话都做不到，你连人不人的都困难,1,显性,,,
文科生,,content,友好讨论，随意哭笑,1,显性,,,
文科生,,comment,骂起人来真是文思泉涌，完整的放这里 天气很好，顺便给你们分享灿烂的油菜花（应该是吧 祝大家春来乐赏油菜花，人生处处有才华,1,显性,,,
文科生,,comment,太会写了天,1,显性,,,
文科生,,comment,我有时候觉得文科生容易有一种类似解离的感觉，看出来这个社会生病了，但是又无能为力，因为所有人都不信你说的生病了，他们觉得“我很好啊这样多好”可只有你意识到那是病得很深了[完啦R],1,显性,,,
文科生,,comment,他们反而觉得你病了，整天看这些“没用”的东西，又“赚不到钱”,1,显性,,,
文科生,,comment,让文科救社会，但没人指望是文科生救这个社会,1,显性,,,
文科生,,comment,我的老天爷 我文学申博申到现在哭都哭不出来 我真羡慕你们能为这么宏观的事情伤心 研究ai有啥意义 连从文章到文章都难,1,显性,,,
文科生,,comment,我也……今年刚交了材料……但大概率是没希望，联系导师回的连欢迎报考都没有，就是竞争激烈（我头铁去交了材料，很垃圾的背景和很垃圾的普刊一篇不知道自己在努力什么）,1,显性,,,
文科生,,content,我单纯不喜欢理科更喜欢文科呗（我确实真的喜欢文科，但我也不确定是不是社会塑造的原因），为什么就非得归因在我的性别上,1,显性,,,
文科生,,content,反正她一说我心里就应激了，忽然很有斗志就想玩玩这个装置，但后来还是放弃了,1,显性,,,
文科生,,content,我其实并不太想为了对抗“女生理科不好正常”“女生看不懂科技”等性别刻板印象而努力去做我并不喜欢的事试图证明什么,1,显性,,,
文科生,,content,总之我讨厌这种让我不开心的麻烦,1,显性,,,
文科生,,comment,暖妈还是太厉害了,1,显性,,,
文科生,,comment,暖妈还是太权威了,1,显性,,,
文科生,,comment,想起来小学托管班老师也是数学150，所以我从小就不信这种刻板印象，之前一个妹妹分科强烈建议只要不是理科完全学不了都去学理，可惜最后没听我的,1,显性,,,
文科生,,comment,哇太强了高联省一,1,显性,,,
文科生,,comment,我也因为我学习不错，而且我们补课班的男生学习都一般，那个老师就说“我要是你们我肯定不甘心输给一个女孩”（大致意思嗯,1,显性,,,
文科生,,comment,天抱抱你……好像比女生差就觉得很不甘心一样,1,显性,,,
文科生,,comment,那就让他们不甘心去吧,1,显性,,,
文科生,,comment,我成绩还不错 但从小家长比较注重文学方面的培养所以我文科可能稳定一些 之前学校培优生会议上也是找我分享的语文学习方法， 每次数学物理要是没考好我都会感觉自己给女生丢脸了…物理老师说中考基础化的趋势对我有利 我就很不甘心呐 理科上课我总有一种想证明自己的压力 反而紧张得没法思考了,1,显性,,,
文科生,,comment,我对学科到没有什么兴趣偏好，希望我们都能找到自己的热爱 不被定义 不必证明 活出自己,1,显性,,,
文科生,,comment,要开始竞争了，所以要打压你的自信了,1,显性,,,
文科生,,comment,我就觉得不行就是不行，哪来的后劲，借口那么多,1,显性,,,
文科生,,comment,其实我也有点为了对抗刻板印象一直在读理工科的意思，但是很多人读理工科也不一定是喜欢，可能就是为了就业前景吗,1,显性,,,
文科生,,comment,但是身边有越来越多优秀的女性榜样又让我在这条男生很多的道路上安心了很多…希望刻板印象可以在我们这代人的努力下被打破,1,显性,,,
文科生,,comment,高中化学最差考过30多分但最后学了个化学相关专业，然后专业排名前几其实还是我们几个女生,1,显性,,,
文科生,,comment,我高中分文理科的时候就受到这种话的影响，我心里就很不服女生理科差这种说法，选了理科，但是我是真不适合学理科，高考完我表哥看我的成绩，说我咋不学文哈哈哈哈，因为语文英语分数很高，其他都很垃，刚上大学经常会想我要是学了文会怎么样,1,显性,,,
文科生,,content,3.大学报考：听说今年高校文科缩招，无语了 有利方面（偏主观） 1.对于优生来说，更容易冲击高分与名校 这里的指整体分数靠前，但数学，物理等不是特别拔尖，思维相对没有那么天才的,1,显性,,,
文科生,,content,但在理科受数学的限制，很可能属于垫底的存在,1,显性,,,
文科生,,content,2.就读体验上，我认为在文科实验班会比在理科实验班好 依旧以我自己为例，文科实验班在学习与生活之间平衡的更好（很难描述到底好在什么地方），学习压力更小一些,1,显性,,,
文科生,,content,假也比理科实验班放的多了一倍（感谢班主任老师顶住压力给我们放假）,1,显性,,,
文科生,,content,（文转理不现实，理转文倒是有学姐考上清华的） 我高一时也是被当时历史老师说心动了，想要冲击名校，选文之后也一直没有后悔（虽然历史老师当时挺像个骗子的）,1,显性,,,
文科生,,content,希望各位都能选择自己合适的道路，预祝各位金榜题名,1,显性,,,
文科生,,comment,好的，感谢学长解答，那等我先上一学期再定夺选科吧,1,显性,,,
文科生,,comment,太真实了，赞一个,1,显性,,,
文科生,,comment,就特别担心学校会采取手段逼迫我选历政地，或者哪怕选到了历政生，会被“走班”给拖累（课程交叉的情况），所以很想知道成绩足够好学校会不会给我提供一些便利（比如把理科班和文科班的地理、生物课放在一个时间线上防止我走班错过历政课or为我单开一个班虽然听起来不太现实）,1,显性,,,
文科生,,comment,好的，谢谢,1,显性,,,
文科生,,comment,姐姐我是准高一，然后家里一直在劝我说学理有出路好就业，但是我理科思维不算太好但是我历史没有比物理高一个档次，本来想趁着暑假看看就业趋势的但是又想了想等我大学毕业已经过去七年了，到时候风向还会变，现在就非常纠结和一点点焦虑，还有对高中的恐惧,1,显性,,,
文科生,,comment,不着急选科，可以看看我主页还有些讲选科的,1,显性,,,
文科生,,comment,我家姐姐现在就是面临选科问题，好难啊,1,显性,,,
文科生,,comment,英语单词在初中时就跟着单词书背了，现在已经背完5600词了，假期有在练听力和阅读，开学后除了读后续写作文和语法还用再花费太多的精力了吗,1,显性,,,
文科生,,comment,鲁迅太多神级作品了，有一篇比较小众的铸剑我也很喜欢,1,显性,,,
文科生,,comment,这篇真的很惊艳我，太玩味了,1,显性,,,
文科生,,comment,我最喜欢他的却是社戏，每次看都感觉很宁静,1,显性,,,
文科生,,comment,因为故事新编也是鲁迅的代表作，而且20年高考一卷考了里面的理水，从那以后许多地方卷就喜欢出故事新编里的文章,1,显性,,,
文科生,,comment,疫情期间读到故事新编里那篇《理水》的时候也很震撼，太讽刺了,1,显性,,,
文科生,,comment,边城放护法太高了，只能说算是某个类型的顶配，但达不到这么高的位置,1,显性,,,
文科生,,comment,张爱玲为啥要选金锁记,1,显性,,,
文科生,,comment,我也觉得，有没有懂得分析一下，在我看来边城就是个葆有童心的桃花源记，是不是有点过誉了，沈从文我更喜欢他的散文,1,显性,,,
文科生,,comment,这个我也是纠结了很久，本人也是萧红的忠实读者，不过天妒英才，她离开太早了，而沈先生艺术更圆融成熟，审美更高雅，叙事更含蓄，悲剧有余味，非常符合传统美学 而且他是诗化小说巅峰大师，文学史地位很高的不过萧红文学洛神的实力和天才不可否认呐,1,显性,,,
文科生,,comment,张的其他小说文字都很有灵气但难免觉得有一股小资情调，但这一部真的是对封建礼教血淋淋控诉，把封建家庭伦理怎么吃掉一个女人，吃掉一整个家庭的过程一五一十的写给你看,1,显性,,,
文科生,,content,翻出去年的截图……经典刻板印象款偏科纯文选手的高考成绩就是这样的✋现在也学着不用学高数的专业，不出意外的话这辈子都不用和日常计算以外的数学问题打交道了，很幸福,1,显性,,,
文科生,,content,虽然期末周也背得痛苦但并不后悔,1,显性,,,
文科生,,content,（认出来的话不要盒谢谢谢谢,1,显性,,,
文科生,,content,#高考#高考加油#我讨厌数学#不是数学的错是我太菜了#高考应援团,1,显性,,,
文科生,,comment,睡醒午觉了，整理一下评论区的问题/观点~ ①谢谢大家,1,显性,,,
文科生,,comment,😚 ②数学118算不算偏科:我觉得每个人的定位和心态都不一样，我和身边同学还有自己其他科目对比觉得还是算偏科的🫠 ③看到评论区大家各不相同的偏科方式觉得好亲切，做到尽善尽美太难啦，我们都已经很棒… ④高考录取本质是限定年份限定地域内的排名竞争，所以大家的差异很难比较，不要吵架🥹 ⑤认为语文没用、搞学科拉踩的:我不爱骂人，您自重吧,1,显性,,,
文科生,,comment,主包出了麻烦踢踢我，谢谢,1,显性,,,
文科生,,comment,语文太牛了,1,显性,,,
文科生,,comment,数字差也没关系，118分足够上北大了，不经典刻板印象款偏科全理选手的高考成绩就是这样的✋,1,显性,,,
文科生,,comment,很厉害哇宝宝,1,显性,,,
文科生,,comment,历史不行,1,显性,,,
文科生,,comment,不行 英语绝对不能退 我每天最期待的就是英语课,1,显性,,,
文科生,,comment,要退我每天最烦的就是英语课,1,显性,,,
文科生,,comment,不能退 英语是我的精神支柱 我爱英语,1,显性,,,
文科生,,comment,那你一个人学可以不[呃R],1,显性,,,
文科生,,comment,可以那你一个人学,1,显性,,,
文科生,,comment,可以你一个人学,1,显性,,,
文科生,,comment,那你一个人学可以嘛我文科就英语学的最差,1,显性,,,
文科生,,comment,生日快乐啊,1,显性,,,
文科生,,comment,为啥 我们班香香的 是不是男的太多了我们班男女比51：7,1,显性,,,
文科生,,comment,我们希望教育会起到他该起到的作用，即使社会是不可教化的,1,显性,,,
文科生,,comment,从应试教育的死背，到高等教育的照搬西方解构主义，就没什么真正贴合国情的东西，中国哲学完全没人在乎，历史很多时候也教的不够深，这和学生一点关系没有,1,显性,,,
文科生,,comment,怕啥还有老黑老印呢,1,显性,,,
文科生,,comment,叠甲，我尊重文科，而且我很喜欢历史，但你说的逻辑学其实是理科，只是国内不太重视这部分罢了,1,显性,,,
文科生,,comment,我妈也说，国内没有专门教学生逻辑思考，而且我觉得我身边很多人还会自认为我用一套歪理辩论过你，是他厉害死了 真是无语,1,显性,,,
文科生,,comment,文学（我）和小王里打辅助是一样的，赢了（好事）不会有人说你好，输了（坏事）一定挨骂,1,显性,,,
文科生,,comment,可怜我又学文又打辅助，但是我一个不会改，因为我喜欢,1,显性,,,
文科生,,comment,之前和学理科的学妹聊过相关问题，发现其实真正读过书的文科生理科生都在互相羡慕，实际上自己的苦只有自己懂，只说文科生轻松学得好学的水，没看过文科生为了就业一个个卷成什么样，只说理科生好就业，没看过理科生学的多苦多累,1,显性,,,
文科生,,comment,分析的真好，我不理解为什么一定要贴标签，文科理科都执着于自己的标签，每个人都不是单一的，我喜欢文但是又不想放弃理科，所以高中学的理，对于文科学习是我的兴趣爱好,1,显性,,,
文科生,,comment,我的很多朋友都是文科生我们可以聊很好，我也可以和我同学聊很好，每一种专业和职业只要存在都是必要的，说白了最可恶的是最早给文科生理科生贴标签的人,1,显性,,,
文科生,,comment,中国文化的传播比日本差多了,1,显性,,,
文科生,,comment,天后面你的案例分析太精彩了，对原句的一一剖析和辩驳，同文科生，我无法做到像你这样清晰流畅地表述出来，这写出来就是一段很精彩的论述,1,显性,,,
文科生,,comment,谢谢你让我对文科的信心更进一分，原来是我自己的学艺不精，还需要更多的写作和讨论,1,显性,,,
文科生,,content,田野调查很fun啊 #并且有自己的见解#一个人上网挺无助的#文科生#田野调查,1,显性,,,
文科生,,comment,我的天好搞笑哈哈哈哈哈,1,显性,,,
文科生,,comment,天哪真可以吗[呃R]谢谢你,1,显性,,,
文科生,,comment,点进来就被骂了,1,显性,,,
文科生,,comment,谢谢姐姐分享的方法呀嘿嘿,1,显性,,,
文科生,,comment,我只是爱看类似的书，但理论和现实要连接,1,显性,,,
文科生,,comment,您目前在积累理论，可以看看一些案列，然后在事件上用案例来理解具象一下,1,显性,,,
文科生,,comment,的确迈出去感受，然后生产符合自己经验和体验的理论模式（eg.对于教育的看法，个人经验得出的），再和大牛的观点对比发现的差别，然后理解差别可能就不怎么混乱了也许 俺只是爱好，祝您在人文社科玩好,1,显性,,,
文科生,,comment,我是学文学的啦hhh有时候会涉及到一些纯理论非常让人头疼（站在前人肩膀也是一件费劲的事hhh不过很痛苦的同时也很有趣）落实到有效的现实意义也是一个困境，不过我猜想可能都会在行动中慢慢得到答案,1,显性,,,
文科生,,comment,不要伤春悲秋这点太重要了,1,显性,,,
文科生,,comment,想做人文的人，一定是非常有主见的人，且坚强有毅力，逻辑缜密，这背后对应的是很多人文学者的生产力：提出观点，纵观古今，举例论证，自圆其说,1,显性,,,
文科生,,comment,点了，共情有敏感有但缺乏洞察本质的能力和逻辑分析能力，可以感知但无法阐释，这样很难产出学术成果，现在非常痛苦，一边被文学吸引一边被文学痛打,1,显性,,,
文科生,,comment,人文和社科还不一样 人文需要很强的共情能力内心要有一丝纯真 社科的话我觉得就是爱给自己找思考的苦吃 对世界充满着好奇心 爱钻牛角尖,1,显性,,,
文科生,,comment,坐得住，换句话说是耐得住寂寞，人物社科有很多研究就是自己和自己较劲，且需要量变到质变的过程，没什么捷径可走,1,显性,,,
文科生,,comment,像在顺流而下的河流中忍受可能淹死的不安，但不满足任何一个游泳圈一样地，尽量理解和诠释世界的每一种可能性,1,显性,,,
文科生,,comment,然后不把任何理论当成手术刀一样切割世界，而是首先看到人本身，对人有一种包容和爱,1,显性,,,
文科生,,comment,因为人文社科难免带着某种框架在看待世界，积累知识和理论的过程是不可或缺的，但是最终是为了看到世界，而不是看见理论,1,显性,,,
文科生,,comment,第三点真的很难，有时候我们做课题做研究，会不自觉沉浸到具体小现象和理论的视角去，然后丢失整个研究全局和失去对原本要做的对象的视野，感觉这种平衡要学一辈子,1,显性,,,
文科生,,title,【高中必看】选科规划与职业对应，未来不迷茫,1,显性,,,
文科生,,content,今天，就让我们一起探索选科规划与职业的对应关系，让你的未来之路不再迷茫,1,显性,,,
文科生,,content,#选科规划#职业对应#职业发展#教育规划#未来不迷茫#职业选择,1,显性,,,
理科生,,comment,工科没人文关怀，应该多搞点人文讲堂，讲讲历史经济人文，思想文化,1,显性,,,
理科生,,comment,别ex我们工科了行不行，学专业课本来就累还要学这些跟为了就业本身专业毫不相干的东西，工科有些哪怕已经落伍倒是好歹能见微知著，就像计算机学PHP好歹会让你顺便学学js，h5，我们学人文干嘛，ex自己吗，还要期末考，给期末周加负担吗,1,显性,,,
理科生,,comment,地理还是有用的吧气象也很有用啊,1,显性,,,
理科生,,content,虽然我要是学文科会更完了个皮蛋#梗图#上学精神状态#脑容量有限#理科生日常#创人#我的学习状态#人间真实#学生#中学生精神状态#此图有梗,1,显性,,,
理科生,,comment,生物遗传学那里好难,1,显性,,,
理科生,,comment,Okok，谢谢学姐,1,显性,,,
理科生,,comment,高考后期生物拉不开分，除了个别高得离谱的都差不多水平 ，很多东西你现在觉得难，题写多了都是老一套来来回回考，大部分都是必得分类型（我之前甚至都觉得辅导班生物老师吃不上饭）当然，我的意思是，如果选生物对你未来更好的话，就不要因为现在觉得生物难自己学不会而放弃,1,显性,,,
理科生,,comment,相应的，你觉得自己喜欢更适合地理的话，也是很好的,1,显性,,,
理科生,,comment,谢谢学姐😭我担心好久呢，这样的话就没事了,1,显性,,,
理科生,,comment,谢谢你不过我对地理更感兴趣，并且这次生物在班级排35名去了,1,显性,,,
理科生,,comment,喔~原来如此,1,显性,,,
理科生,,comment,我真不行了,1,显性,,,
理科生,,comment,但是我不选物化生的话更是废物,1,显性,,,
理科生,,content,怎么没人给我们工科女高考加油,1,显性,,,
理科生,,content,原作者是#就像是失去神经#这辈子就这样了#工科#工科女,1,显性,,,
理科生,,comment,怎么说呢还是没连上,1,显性,,,
理科生,,comment,啊啊啊谢谢宝,1,显性,,,
理科生,,content,🌚 下周回来画后续，这几天真的太特么忙了，再过几个小时我就要去搞学校的艺术节，等会还要准备过两天学校实践活动的东西，烦💢#oc#自设#画画#理科生#文科生#高中生心理状态#心选哥#高中#选科#你我的选择,1,显性,,,
理科生,,comment,期待心选哥证明成功,1,显性,,,
理科生,,comment,搞史同（以前搞过国拟）选了物化生，现在正在持续痛苦中……,1,显性,,,
理科生,,comment,现在初三开始考虑选科，也是搞省城拟的，但是好像都不太推荐选纯文关键是一上物理化学课就犯困我现在都不知道到底该怎么办了,1,显性,,,
理科生,,comment,其实初三还不用太着急选科，等到了高一上把每一科都接触了再来考虑也不迟，毕竟高中的科目和初中是有很大区别的[棒R],1,显性,,,
理科生,,comment,首先我真的真的真的很喜欢历史，其次我有点史同属性，最后我理科真的很差,1,显性,,,
理科生,,comment,太真实了,1,显性,,,
理科生,,comment,救命，难道男学霸真有模板…我真的爆笑了老哥,1,显性,,,
理科生,,comment,羡慕你的才华,1,显性,,,
理科生,,comment,问问，喜欢这种男生会有结果吗,1,显性,,,
理科生,,comment,太有了姐妹，早点下手，一抓一个准,1,显性,,,
理科生,,comment,完蛋我紫老头理科差的要死,1,显性,,,
理科生,,comment,一样一样 能不能管管文科紫薯的活路🥹,1,显性,,,
理科生,,comment,怎么面相都骨里骨气的（骨折眉）,1,显性,,,
理科生,,comment,快乐小狗女想当法医有希望吗,1,显性,,,
理科生,,comment,可是我们班的女生理科战神，她有刘海，不凸嘴，喜欢穿黑色或深色的衣服，身材也不干瘦，就是普通身材微胖爱吃小零食，下课的时候经常会见到她拿出一袋小零食来吃她，这也不影响她数学考110以上，理综考100以上只能说我羡慕不来,1,显性,,,
理科生,,comment,是，初中难度这样是正常，但是大部分人做不到，不然你以为为什么叫理科战神,1,显性,,,
理科生,,comment,宝贝，我现在就去发一个母亲经典皮肤，母亲一般是长头发，和蔼严厉又温柔的，然后有一个人跳出来说我妈是短头发，然后引用你的经典评论，所以你妈是假的呗任何人和事物的形象都不是单一的，而是多样的,1,显性,,,
理科生,,comment,如果你连这点认知都不清晰的话，建议你回去读一下小学六年级，谢谢😊,1,显性,,,
理科生,,comment,我想表达的是 这个分数一般般不算好 你们对好的定义太差了些 不知道你们年级第一什么水平 也可能是你这个学校一般般,1,显性,,,
理科生,,comment,真是没时间跟你们闹了，你们带着恶意上网发表言论，有时候真的不会被自己蠢到吗,1,显性,,,
理科生,,comment,说话敢这么趾高气扬,1,显性,,,
理科生,,comment,班里初中数学120/120的女战神，理综扣5分内，上了高中依旧崩溃,1,显性,,,
理科生,,comment,我作为一个理科生双眼皮，特八卦，有刘海，不凸嘴上课也不是很听讲，而且最重要的是我特别爱在课上吃零食，谁敢说我不爱吃零食,1,显性,,,
理科生,,comment,刻板印象了，一年前我还是高中理科生，不凸嘴，高马尾，韩式八字，圆框眼镜，穿彩色短袖，外向，爱吃零食，没有crush,1,显性,,,
理科生,,comment,可是我们数学年级第一的女生，乐观开朗活泼，人缘超好有刘海，爱吃零食，还看小说，上课积极，数学110以上（满分120）,1,显性,,,
理科生,,comment,对男生不感兴趣是真的，我读高中的时候我前桌喜欢我老找我玩我完全不知道，毕业后才知道,1,显性,,,
理科生,,title,笑死我了，霸道数学强制爱🤣,1,显性,,,
理科生,,comment,没事，我挺喜欢数学的，话说音乐有人学得下去吗,1,显性,,,
理科生,,comment,呃呃，只要不谈口风琴和那些难懂的字母，我都学的下去，数学我真不行,1,显性,,,
理科生,,comment,那太棒了，我数学第一喵话说把音乐打死吧，谢谢(*^o^*),1,显性,,,
理科生,,comment,我就是高中纯理科能去985最后选了一个五院双非 我真的想死了,1,显性,,,
理科生,,comment,哈哈哈哈哈同为理科生学法学，我大二就准备跨考理工科了厌恶这个行业了，从一开始满怀热情到现在课都不想听，高投入低回报的专业,1,显性,,,
理科生,,comment,太好了你没去实习，去南昌实习倒贴钱上班然后他们给你做一堆初中生都可以干的活零薪资才绝望,1,显性,,,
理科生,,comment,没事的我当时还有高中学妹问我法学咋样，我说别学法学，她还不信，她高考完就把我删了，大概率双非，也有可能二本吧，不知道她有没有后悔，你在劝的时候人家就觉得你怕她跟你抢饭碗，实际上我们连饭都没得吃，根本不存在抢饭碗一说,1,显性,,,
理科生,,comment,其实能学到东西都算好的，可是做一堆初中生就能做的垃圾活还要贴钱,1,显性,,,
理科生,,comment,非常垃圾的专业，赶快跨考工科吧，看到小红书一个清华博主说清北法硕年薪二十万就是好工作，可是我高中同学（理科班）一个普通211工科本校招就开了30万,1,显性,,,
理科生,,comment,对 我在跨考前一个复旦法硕，本科也是法学，她跟我说找工作很难，在考虑要不要转码，我的天呐复旦都这样了然后我思考了很久最终决定跨考了,1,显性,,,
理科生,,comment,非常垃圾，top院校的文科也是文科，我们学校软工本科校招就月入过万，年包二三十万，法学生要本硕➕n段实习➕论文竞赛拉满才能达到➕985,1,显性,,,
理科生,,comment,毕业即考公，考不上公就失业，谁也不想去律所,1,显性,,,
理科生,,comment,对啊，我感觉这个发展太不平衡了，我老家是安徽的，目前合肥都在发展高新技术，为什么南昌连高新企业都很少，而且教育资源也不咋地，高考难度大，高校资源也不太好，一个省就只有一个中游 211，江财跟广东那块对口，但是连双一流都没有，真应该政策照顾一下了,1,显性,,,
理科生,,comment,就是啊，法务还要求垂直经验，法务工资低其实是有原因的，他不能给公司带来实际产出，不像技术人员可以直接给公司创造价值，而且法务门槛还高，累死累活一个法考证什么都得不到,1,显性,,,
理科生,,comment,这个问题确实是难住我了，现在计算机争议也挺大的，但如果要跨考的话这两个专业我还是更推荐法学一点（哪怕我是反理科生学法最锋利的剑）,1,显性,,,
理科生,,comment,人大不差吧，至少去律所应该起薪有一万吧，还想考研去人大读法学呢,1,显性,,,
理科生,,comment,哇，不可能哇，你这可是人大啊,1,显性,,,
理科生,,comment,你厌恶的或许是别人梦寐以求的河南理科生（我们那年还分文理，当初学理也只是因为比学文志愿好填一点），从小都想法学可惜阴差阳错没有学成，大二了也没释怀，意难平，可能已经成为我得不到的执念了吧，心中的苦,1,显性,,,
理科生,,comment,我也是老高考的学生，也很热爱法律甚至复读了一年只为了学法，但怎么说呢自己当时的眼界观念根本达不到现在这个水平，信息闭塞压根不知道现在的大环境情况，可能是因为我要步入社会了所以考虑问题的角度会比以前要更现实一些,1,显性,,,
理科生,,comment,我总和同学说我热爱的是法律而不是法学,1,显性,,,
理科生,,comment,我当年要是去个211随便读电气机械计算机，去本省医科大读口腔,1,显性,,,
理科生,,comment,不是所有人都适合体制内想考公比如本人，理科生拿六百多分读了这个破法律只是当时被忽悠说律师赚钱多法检工作很体面有社会地位工科不考公也能活的不错，法学现在不考真的完蛋了，我现在每天都感觉自己犯罪了似的，前途乌黑,1,显性,,,
理科生,,comment,我甚至是被迫学的法，小镇做题家没有任何资源外语奇差无比，表达能力和记忆能力齐寄哐当一下被丢来就学法了,1,显性,,,
理科生,,comment,相反，理科生学的冷门工科后悔当时没学法，非常讨厌工科,1,显性,,,
理科生,,comment,同是理科生 从人大法学院毕业工作5年 越来越讨厌法律工作,1,显性,,,
理科生,,content,一些日常拍的🎞️ 📸：奥林巴斯u3 #生活中的小碎片#分享片刻#好好生活皆如所愿#生活需要分享欲#我的日常#每一帧都是热爱,1,显性,,,
理科生,,comment,不行看到你这个是真的笑了,1,显性,,,
理科生,,comment,对于世界观最大的冲击莫过于，当你意识到那些基本粒子电子什么的，并不是一个实际的球体或者物体，它们是某种波或者概念，没办法被光学真正看见，而你的身体却是由这种看不见的东西构成的,1,显性,,,
理科生,,comment,哇，那你很厉害(不过厉害的前提是其他科目全部及格),1,显性,,,
理科生,,comment,没事，加加油，阅读理解题可以上网搜一搜模板，咱这个年龄段应该不会考太难的，一种类型就那么几条固定搭配，而且还不一定是全有，都是从原文里来找，然后就是那个原文，你寻找能力太弱的话，可以上网多搜搜咱这个年龄段要做的题，或者前几年的考试题,1,显性,,,
理科生,,comment,我们班的理科战神是运动战神,1,显性,,,
理科生,,comment,我不行了zi′yi吗,1,显性,,,
理科生,,comment,博主，战神的鞋黑鞋白底居多吧[笑哭了R]哈哈哈,1,显性,,,
理科生,,comment,还有一个，遇到喜欢的人特别宠特别溺爱,1,显性,,,
理科生,,content,你开始大量阅读各种书籍，黑塞、伍尔夫、三岛纪由夫、简媜，你也喜欢余华、史铁生,1,显性,,,
理科生,,content,你在数学课上问同桌读没读过张爱玲，然后给他讲白流苏和范柳原的爱情博弈,1,显性,,,
理科生,,content,在这里，文学是无人问津的草芥，讨厌文科甚至成为了一种时尚潮流，课间同学们纷纷把头扎进数理化练习册的海洋里,1,显性,,,
理科生,,content,看着转去文科班的朋友脸上明媚的笑容，你迟疑了，生出一丝后悔，像在心底化开了一颗青梅子糖，又酸又涩,1,显性,,,
理科生,,content,尘封在心底中的对文学的热爱像锁在柜子里的水，日日从罅隙中洇出一汪水渍,1,显性,,,
理科生,,content,亲爱的，你以为故事到这里就结束了吗,1,显性,,,
理科生,,content,何况你怎舍得真的抛下你热爱的文学,1,显性,,,
理科生,,content,你重新拾起牛皮本，不再遮掩自己对文学的热爱，谁说理科生都要是表达障碍的冷漠理工机器人,1,显性,,,
理科生,,content,况且，有在班里同样苦苦热爱着文学的朋友，你从不是孤身一人,1,显性,,,
理科生,,content,亲爱的，文艺也是一种天赋，请不要放弃你对文学的热爱,1,显性,,,
理科生,,content,#文艺女#文艺b#文学#写作#我与我周旋久#非典型性理科生#文理科#文理分科#热爱#随笔#创作,1,显性,,,
理科生,,comment,看到大家的评论想了很久还是想说这些话，感谢每一位与我共情并在世界的另一个角落爱着文学的人对于一些不太赞成或理解的朋友们：其实我写这篇文字的初衷只是想抒发一下这段时间从内耗纠结到与自己和解达到自洽的过程的感受，发出来的时候也真真没有想到会被这么多人看到，故而我的这些表达只是针对我平时的感受和思悟，并不是对群体的对立甚至围剿…我无意去挑起文理对立，也并非孤影自怜着去追求文艺，在结尾我也写到了文理并无巨大隔阂的想法,1,显性,,,
理科生,,comment,我所处的班级环境的确对文科不太友好，所以才会有这些想法和感受，但我也当然依旧相信这个世界上还有很多热爱人文的理科生和喜欢科学的文科生,1,显性,,,
理科生,,comment,说的太好了……,1,显性,,,
理科生,,comment,太会说了,1,显性,,,
理科生,,comment,是啊，科学性，哲学性，艺术性的美，本身就紧密相连，很多文艺建筑等作品的美都包含着数学的简洁精妙以及自然科学领域的发现和美感，热爱知识的人都能从这些事物中得以窥见人类智慧结晶的神圣殿堂,1,显性,,,
理科生,,comment,然而劣币驱逐良币 占更多的文理水平都有限的“理科生”偏偏喜欢把理（工医农）和文（商社）对立起来,1,显性,,,
理科生,,comment,以及文科差理科好被好多人当成一个值得炫耀的点,1,显性,,,
理科生,,comment,可能是喜欢的专业只招理科生[呃R],1,显性,,,
理科生,,comment,我们这边也是文理分数线差很大我服了,1,显性,,,
理科生,,comment,意向表应该是没什么影响，唉我就是选了物化生现在有点后悔,1,显性,,,
理科生,,comment,我对以后学理工科毫无兴趣，现在来看也不愿意把半生交付给不喜欢的职业……但是那个时候的我怎么知道呢,1,显性,,,
理科生,,comment,强大到我看到这篇文章的第一句话眼泪就蓄在眼眶里随时准备着流出来,1,显性,,,
理科生,,comment,同桌唾弃并摔书的语文和政史是我最热爱的东西,1,显性,,,
理科生,,comment,刻板印象里文艺女总是没有幸福的家庭，时好时坏的家庭孕育出这样敏感又糟糕的我,1,显性,,,
理科生,,comment,每一天带着自己的小本子上学，再空空地拿回来，很想哭,1,显性,,,
理科生,,comment,我害怕的不是我学得很烂，我害怕的是我的天赋流走，再也写不出我引以为傲的东西了,1,显性,,,
理科生,,comment,你的天赋和灵气，是从你生命里长出来的，它们不会轻易消失,1,显性,,,
理科生,,comment,你写下的每个字，哪怕再零星，都在那一刻接住了你的情绪，安放了你的敏感,1,显性,,,
理科生,,comment,我天啊真的太有同感了，但我觉得学点理科学点自然科学真的很有意义啊，还是很值得的，而且我们现在文科班讲的政治（哲学部分）内容就都是应试相关了，感觉学了半天都是假的,1,显性,,,
理科生,,comment,作为也是选理科但是很喜欢语文的女生，感觉完全没有能共鸣的点,1,显性,,,
理科生,,comment,看了很多条评论，都纠结在选科不能平衡热爱上面,1,显性,,,
理科生,,comment,其实很有感悟的人都是因为选文没出路所以才选理，但是理又学不明白，只能把自己对于文的爱寄托在语文上面,1,显性,,,
理科生,,comment,我认为爱文学的人即使没有人能跟他交流，在看到不同的先哲的思想与观点时也是会心满意足的，尤其是在发现他们的相似之处，产生共鸣时,1,显性,,,
理科生,,comment,我特别喜欢朱光潜写的《谈美》，反反复复看了好几遍，在图书馆发现有一本被别人做过笔记的《谈美》时特别高兴，专门借回来想看看别人是怎么看这本书的,1,显性,,,
理科生,,comment,于我而言，即使没人跟我聊文学也很高兴,1,显性,,,
理科生,,comment,考出去就很自由了🥹🥹我之前也是格格不入的理科生来着 现在天天泡图书馆看书看展览 上课用电脑码随笔码小说好幸福 很快就会好辣,1,显性,,,
理科生,,comment,谢谢姐姐这也是我向往的自由生活🥹,1,显性,,,
理科生,,comment,我很喜欢音乐，也喜欢文学，喜欢看个人生平，喜欢听历史小故事，但我选了理……嗯,1,显性,,,
理科生,,comment,数学物理我很苦恼，这尖子班我一直都是垫底的那个，合唱比赛我是音乐课代表，音乐课同学都在写作业气走老师，我有组织的责任但没有发言的权力，渺小到班主任都不知道有我这么一个人的存在,1,显性,,,
理科生,,comment,有时候总在想，走了算了一了百了，可这个班虽然冷漠，还是有那么几个亲切的同学……我喜欢语文老师，喜欢历史老师，喜欢地理老师，喜欢化学，生物老师(虽然不想去问问题，但她们讲课听着很舒服，没过关去找她们背她们也很温柔细心)不转，过的很憋屈很不合群,1,显性,,,
理科生,,comment,老师们也说我心态好，但其实我真的很不开心,1,显性,,,
理科生,,comment,我是理科生，最喜欢的就是化学和数学，最难受的就是语文课上语文老师讲了一些我认为是大家都应该知道的一些故事和俗语什么的，但是大家都不知道,1,显性,,,
理科生,,comment,我也喜欢看书写作，但每天都没有时间,1,显性,,,
理科生,,content,#数学#我爱学习学习爱我#数学的魅力#高考数学#学不下去一点#高中数学#大脑一片空白#尖叫扭曲阴暗地爬行#数学学习#大学数学,1,显性,,,
理科生,,comment,也是轮到主播用这个图了哈（主播不是不会这道题，只是感觉这个图长得很像小王子里面这个情节而已别骂了别骂了（也劳烦看到这个帖的人去看一眼主播的主页吧虽然主播画的话就是一坨））,1,显性,,,
理科生,,comment,自信点，问号去掉,1,显性,,,
理科生,,comment,主播主播，那我看到了ST段弓背型抬高你不就炸了吗,1,显性,,,
理科生,,comment,急性心肌梗死，心肌炎,1,显性,,,
理科生,,comment,看到了free energy reaction diagram，大抵是没救了,1,显性,,,
理科生,,content,面对北大文史哲，即使是三本的生化环材，一想到自己是骄傲的理科生，也会不由自主地挺起胸膛,1,显性,,,
理科生,,comment,是不喜欢吗,1,显性,,,
理科生,,comment,北大和武大什么时候差了一个档次了，太逆天了，北大和复旦才是差一个档次吧，如果你让我选北大考古还是复旦微电子，那我毫不犹豫选复旦微电子啊,1,显性,,,
理科生,,comment,复旦微电子和北大考古分数线差距不大,1,显性,,,
理科生,,comment,你非要说只差一个档次，那只能说复旦微电子和北大法学比了，你选哪个,1,显性,,,
理科生,,comment,微电子和法学的上限都很高，但是显然微电子的保底能力更强，北大法学就是你挤进去了红圈所又怎么样呢，你得有人脉啊，说好听点要积累，说难听点你得会来事呀，这东西真不是你读书好就能做到的，而且法学就是经典的很多有人脉会来事的普通一本生都可以混的比很多985好，当然你要说法学还可以考公选调，用考公选调做退路的，我不好评价,1,显性,,,
理科生,,comment,北邮计算机分数线从没低于过中九，一般都是跟中上985差不多，到你这成末九了,1,显性,,,
理科生,,comment,文科就业就是不行，你怎么不看看清华招生的文理科比列呢,1,显性,,,
理科生,,comment,就是不喜欢啊，专业都选不好,1,显性,,,
理科生,,comment,额 高中从来没考赢过我的同学放弃高考走语言类报送 保pku语言专业了（坐标广东某一线城市外语学校,1,显性,,,
理科生,,comment,文科生不是说瞧不起 但是确实水平差点意思 当时保送考试文理一起排名语数英三科 年级前100 70个理科生 前10有8个理科 还是经典的文强理弱学校,1,显性,,,
理科生,,comment,没想到还挺多人回复的，我懒得一个一个去解释了，说下我的观点吧：那些中下游理科生来读文科也还是中下游，并不会如自己幻想的那样，换到文科就大杀四方，爷不去只是因为文科专业少就业差,1,显性,,,
理科生,,comment,对啊人家就是不喜欢学文科有什么问题，因为不好就业所以不喜欢有什么问题,1,显性,,,
理科生,,comment,是呀是呀理科生只看专业，三本热门专业大于一本冷门专业，只有理科读不下去被迫学文的可怜的文科生才看重学校的名气（即使如此毕业了也还是找不到好工作）,1,显性,,,
理科生,,comment,虽然我才大一没找过工作，但原理我是懂的，企业招人看学历本质是因为毕业生没有经验，只能看学历来初步判段一个人的能力，本来985文科就算换专业也能去稍次的985，和差学校理科生差距就在哪里，而要搞科研的话确实看专业，但需要博士生，所以我觉得你说的有一定道理,1,显性,,,
理科生,,comment,怎么说呢……现在社会的确更偏向理科生一些，我们作为个人没有力量改变，那就更可能去学理，这没有办法,1,显性,,,
理科生,,comment,文科生上下限差距大,1,显性,,,
理科生,,comment,文科上下限差距还不是最大的，最大的是艺术生,1,显性,,,
理科生,,comment,事实是，学科有差异，但智商和学习能力是通用的,1,显性,,,
理科生,,comment,我有个比较熟的中学同学当年选了文科 但她理科也不错 班上应该能排到20来名 这个水平是能去复交浙的 但还是学文科 最后去了北大光华 一方面是她就喜欢文科 一方面确实学文可以去更好的学校 但后来聚会聊起来 她也说高中文科学的那些东西屁用没有 就是浪费生命,1,显性,,,
理科生,,comment,努力的人怎么会被鄙视呢,1,显性,,,
理科生,,comment,听别人说高中生物难学学不懂，又告诉我生物竞赛都是背没有含金量但真的喜欢生物,1,显性,,,
理科生,,comment,高中生物难是因为喜欢拿最前沿的生物科学考你基础知识，本年的诺贝尔生理学与医学奖一般是试卷热点话题，但是普通考生看都看不懂怎么做,1,显性,,,
理科生,,comment,好好好，我是真的喜欢生物,1,显性,,,
理科生,,comment,太厉害了 我都不知道从何背起 试卷的题也是 创新能给我创飞,1,显性,,,
理科生,,comment,23分什么概念就是基础知识点都不会，然后一个星期突然就都会了，不知道知识点会了还能应用到各种题目当中太厉害了,1,显性,,,
理科生,,comment,怎么你做不到的事就一杆子全打死了捏,1,显性,,,
理科生,,comment,因为这也是学科 也是一门不可缺少的技术 凭什么不能有竞赛,1,显性,,,
理科生,,comment,如果不是太喜欢了谁会去考,1,显性,,,
理科生,,title,想回去读工科,1,显性,,,
理科生,,content,想回去读工科……工科回报感比文科高多了而且完全没有价值内耗 ----------- 二编：以前在土木，三大力学确实难学而且不好找工作，宿舍6个人转行5个,1,显性,,,
理科生,,content,最近报课题文科一大堆方向都不能做（我想做现象学的数学哲学），寒假快两个月完全没出门一直窝在家里高强度卷 每天干将近12小时，过年连老家都没回，也没有生产出像样的成果（进步不线性） ---------- 三编：不是真的想回土木，只是最近压力太大太大了发发牢骚而已啦 ---------- 四编：其实不是很关注经济回报，只是觉得有一个明确的可以化约成我能把握的简单价值的东西我会安心一点（可递归）,1,显性,,,
理科生,,content,我是喜欢为了工作而工作的那种人,1,显性,,,
理科生,,comment,学工科就像形婚 别人都在羡慕你找了个有钱老公 而只有你自己知道他喜欢男的,1,显性,,,
理科生,,comment,不谈爱不爱的话，起码工科能多少给点，学文科就像你找了一个一贫如洗到人尽皆知的老公，你以为爱能抵抗柴米油盐，但婚后发现没有物质的婚姻就是一盘散沙……,1,显性,,,
理科生,,comment,实习没有工资还要下工地，试用期过后工资两千,1,显性,,,
理科生,,comment,你再骂...,1,显性,,,
理科生,,comment,想回去读文科……文科认同感比工科高多了而且完全没有情绪内耗,1,显性,,,
理科生,,comment,人总是喜欢美化自己没走过的路，高考我和考研的时候都幻想过如果我当初选的是文科，会不会也顺顺利利考上985，毕业之后直接考公也是一条很不错的路,1,显性,,,
理科生,,comment,但大部分时间我并不后悔读了工科，本人本科读的化工，就我身边人了解的，很多人只是不满意这个专业，但也没那么觉得文科比工科好，所以硕士读研的时候都会有意识地去转方向，找好方向,1,显性,,,
理科生,,comment,可以来学医既可以感受工科的疲倦辛劳还可以感受文科的价值内耗甚至可以体验到学历贬值的超绝速度,1,显性,,,
理科生,,comment,女生能接受吗，除了计算机行业或者研发，工科工作不在城市，在郊区，离家远，大概率不能经常回家，然后工作内容危险，经常短期内高强度加班，倒班或者外派出差，四者至少有一,1,显性,,,
理科生,,comment,没办法哦，虽然办公室条件很好但是要处理现场问题哦，再坐在办公室要被投诉的哦，投诉扣绩效罚钱的哦,1,显性,,,
理科生,,comment,好想学文科，我喜欢，少点钱也没事的饿不死就行,1,显性,,,
理科生,,comment,高中擅长理科不代表学工科就不累啊，学的不上不下的,1,显性,,,
理科生,,comment,别说是我没进好单位，只能说在这个行业里干的人懂得都懂，真心不希望任何一个人再来踩这个日薄西山的坑了,1,显性,,,
理科生,,comment,有时候恨不得一觉醒来全世界的基建水平回到石器时代，但是想了想我们院的情况，已经为了引进更高效的ai软件降本增效开始裁人了，就觉得要完蛋的其实是这个行业和时代背景没什么关系,1,显性,,,
理科生,,content,终于可以松一口气了～ 理科全 A+ 英文也成功拿到了C1,1,显性,,,
理科生,,content,真的很开心 ​很多学弟学妹问我怎么拿高分,1,显性,,,
理科生,,comment,moral真的很难拿a+吗,1,显性,,,
理科生,,comment,啊这么高,1,显性,,,
理科生,,comment,太厉害了,1,显性,,,
理科生,,comment,我的老师之前要求把课本里面的每一个diagram都画出来一开始很烦但是画多了真的会记在脑海里,1,显性,,,
理科生,,comment,嗯确实 bio课本就是很让人感到无聊 but我bio老师很喜欢强调 spm是拿bio课本作为唯一考量的 很多时候那些chapter最后的kbat题都会出现在trial/spm 可是很多时候会被我们忽略 所以之前我们老师会要求我们抄一些答案啦 不过到后来的话真的抄不来那就用读的 bio我其实觉得如果觉得很难读就找习题 遇到不会的就对症下药专门去读那个部分 这样一来也好记,1,显性,,,
理科生,,comment,好的好的 谢谢祝升学顺利,1,显性,,,
理科生,,comment,我的天你也好强,1,显性,,,
理科生,,comment,这次运气真的爆棚了 我老师说应该是因为我作文写得好嘻嘻,1,显性,,,
理科生,,content,计算物理.....何意未呢......是不是本科都是科大的幸存者偏差,1,显性,,,
理科生,,comment,珍惜这个时候的物理现在在学电学，烦死了,1,显性,,,
理科生,,comment,包爱物理的好吧,1,显性,,,
理科生,,comment,求方法啊啊啊谢谢谢谢,1,显性,,,
理科生,,comment,但是对于我个人来说，先是因为喜欢物理老师，后面才喜欢物理的，也就是因为这样，然后对物理的有这种去学习动力,1,显性,,,
理科生,,comment,所以热爱也很重要吧,1,显性,,,
理科生,,comment,嗯嗯好的，谢谢你,1,显性,,,
理科生,,comment,很佩服你们这种人，我感觉我真的学不会数学了,1,显性,,,
理科生,,comment,仅仅是运动学的话还是太简单了,1,显性,,,
理科生,,comment,物理我的天敌,1,显性,,,
美术生,,content,九档立方体，从95+大神到“弃笔从文”的绝望， 这不就是美术艺考生画素描时的真实写照吗😭#美术高考集训#美术中考#美术联考#美术培训#美术生集训#联考#素描教程#素描#美术生审美#素描静物,1,显性,,,
美术生,,comment,求指点 不知道下一步该怎么改了 明年就艺考了好焦虑,1,显性,,,
美术生,,comment,在你那一块差不多了江西还行的,1,显性,,,
美术生,,comment,集训的时候其实很多问题在数量的堆积下就慢慢解决了，放平心态慢慢来，造型能力还可以就是细节有点太放了可以适当处理一下，衬布转折可以弱化一点不要那么硬,1,显性,,,
美术生,,comment,回复 fdescallion^ ^ : 衬布的转折虚化一下是不是会好一点呢 细节太放了是什么意思呀 是要在深入塑造一下吗,1,显性,,,
美术生,,comment,谢谢宝子,1,显性,,,
美术生,,comment,回复 Sepalcro del amor : 空间感具体要怎么表达出来呀 我老师有说过这个问题但是一直不明白是要把后面的玻璃瓶子虚化一点吗 ，排线的问题,1,显性,,,
美术生,,comment,我跟你差不多啦 因为我要走专业课所以专门学的 你可以更好的,1,显性,,,
美术生,,comment,衬布转折可以多排些线来处理，记住它是一块布，是柔和的（）细节塑造我就拿你画的这个这个带把的这个壶来举例，它出水口不会就是一块暗部卡中间，哪怕你看到的是这样的，你也可以主观地给它加上一个面，小刀的投影也落了，就显得画面完成度不高这样子的,1,显性,,,
美术生,,comment,全是问题该留白的地方你画那么粗的线条，明暗交界线没有过渡自然，物体边缘线太含糊不清了，物体投影全部死黑，纸巾也没擦好，线条都是粗糙的，没有空间，整个画面平的，背景太乱等等......,1,显性,,,
美术生,,comment,色彩挺舒服的，色感很好呀，临本的画风可能联考不太喜欢，如果想走专业的话要换，素描逊色很多，我建议是好好打基础这样的，不要着急画石膏头和头像，缺少体感,1,显性,,,
美术生,,comment,我真的不擅长画球体和曲面😭,1,显性,,,
美术生,,comment,它们颜色很深，我正在努力控制亮度😭,1,显性,,,
美术生,,comment,第一次画这种稍复杂一点点的时候石膏 老师没修改过 目前学了三个月有希望上一档吗[完啦R],1,显性,,,
美术生,,comment,真的没人懂，已经完全画不动的时候坐在那里冥思苦，这旁边的人都在刷刷刷的画，但自己画不动的无力感吗,1,显性,,,
美术生,,comment,太懂了，每次都特别好奇他们怎么有那么多能画的,1,显性,,,
美术生,,comment,这个无所谓，还能开心一下老师指出来了不然一直错下去[棒R],1,显性,,,
美术生,,comment,那很绝望了,1,显性,,,
美术生,,comment,太正常了要哭了,1,显性,,,
美术生,,comment,我去…如果我喊老师让他帮我改我应该会被骂,1,显性,,,
美术生,,comment,最喜欢听的一句话：起来,1,显性,,,
美术生,,comment,当了老师后突然就明白了 看到学生有进步能开心的下三碗饭，看到学生渐渐放弃画画也会难过,1,显性,,,
美术生,,comment,同学先别哭，眼泪要顺着结构流,1,显性,,,
美术生,,comment,突然想起来之前集训隔壁的一个男生一直在问我怎么画的，然后我就教了，后面画着画着他就低头爆哭了……我也不知道咋办就休息途中请他吃了个雪糕，然后他说他牙疼但还是吃了……,1,显性,,,
美术生,,comment,作为没有经历过画室集训的美院生太好奇机构集训生活了（虽然是因为没钱）一般怎么吃住啊，老师和学生关系怎么样，会像朋友一样吗[棒R],1,显性,,,
美术生,,comment,咋办，开学就是艺术生了,1,显性,,,
美术生,,comment,刚开始很迷茫觉得自己画不好 因为没有基础 虽然现在还是画的一般般 但是大家都在努力画吧 一定可以的,1,显性,,,
美术生,,comment,老师帮我改画到底是因为觉得我有救还是画面丑的他看不下去了啊每次都好担心老师对我无语了,1,显性,,,
美术生,,comment,无语就不会帮你改了当然是想你画好,1,显性,,,
美术生,,content,高二成绩全校垫底 和家里人大吵一架执意要学美术 花费15w独自一人去外地集训5个月 期间遇上疫情，被全校孤立，成绩一落千丈 朋友的背叛、老师的责骂 就连最亲近的父母都不相信我 我只能一个人默默承受这一切 那段时间以泪洗面是常态 好在困难之后，是小小的成功 统考276，全省排名190/30000 宝宝你觉得你是全世界最倒霉的人 造谣的人转校来了你的班级 这意味着5个月前所有的遭遇 你又要重新经历一遍 她们把你所有努力后的成绩归功于运气 留给你的时间不多了3个月，你能不能一雪前耻 从那以后你真的开始往死里学 一整年每天的平均睡眠不到6小时 一天2杯黑咖打底，喝到心悸☕️ 无数个深夜面对错误百出的试卷偷偷哭了好多次😫 从前爱发朋友圈的我，高三没发过一条 我开始习惯一个人独来独往 因为备考压力大，暴饮暴食胖了10斤 失眠、脱发、免疫力下降…… 3个月极限学习文化课，提分180+ 从垫底逆袭全校第一 考上211🏆 宝宝你以为以后的路会一帆风顺 但考上大学后发现对专业根本不感兴趣 每天光完成作业都很痛苦 上专业课对你来说更是一种煎熬 于是你开始寻找自己未来的出路 你尝试过很多方向 终于确定想要靠自媒体发展副业 靠自己摸索涨到1000粉丝👍🏻 但在1000粉卡了快一年 每天认真输出干货，却没人观看 只有我自己给自己点赞 于是你毅然决然选择知识付费 提升认知 3个月涨粉1w+ 帮助了无数高中生 也让我从伸手向父母拿生活费的我 变成一个月入4位数的大人 宝宝你现在是一个独当一面的大人了 你可以一个人去陌生的城市学习 成了亲戚朋友口中“高学历、能赚钱”的小孩 我想你应该没有让妈妈失望吧 宝宝，你要继续努力成为更好的人，人生的路很远，累了记得要休息一下～ #大学生#自媒体#大学生副业#美术生#艺术生#逆袭#月入过万,1,显性,,,
美术生,,comment,还是比较差的那种（比划）原本定的目标是211现在感觉什么都考不上了（碎,1,显性,,,
美术生,,comment,先把专业课弄好，一样样来，不急，每个阶段主线任务不一样,1,显性,,,
美术生,,comment,谢谢姐姐,1,显性,,,
美术生,,comment,不敢全放文化课,1,显性,,,
美术生,,comment,做不到啊 （望,1,显性,,,
美术生,,comment,现在专业最重要 专心搞专业 不要焦虑 下学期努力成绩,1,显性,,,
美术生,,comment,啊啊啊谢谢,1,显性,,,
美术生,,comment,太猛了，绝对支持，除非家里面经济很困难276复读，画室都是免费的吧,1,显性,,,
美术生,,comment,看在哪里集训吧，如果是北京（好班）什么的学费够了，如果是在本地的话那肯定是多的都有了,1,显性,,,
美术生,,comment,好喜欢评论区差点以为是超级避雷贴我学服装设计特别累但是有时候想到我还在画画觉得很幸福,1,显性,,,
美术生,,comment,把服设作为爱好，去看看设计网站，看看服设比赛，多试试AI软件，投一些社会比赛都是可以的,1,显性,,,
美术生,,comment,不急嘛集训一般是高二开始你可以花一年好好思考一下收集一下资料,1,显性,,,
美术生,,comment,啊，谢谢，还在思考要不要画画中,1,显性,,,
美术生,,comment,很开心，学了舞台美术设计，画画，去当群演玩，做各种模型还自学了点标本，有的时候被学校拉去看京剧什么的，想一直做下去,1,显性,,,
美术生,,comment,本来以为没大学上了，现在也是上上双非一本蜡开心，就是不知道还有哪个大学开设这个学科想考研,1,显性,,,
美术生,,comment,学长学姐们好，我从小喜欢画画，但是家里条件不允许没让学，后来到了高二在我的坚持下爸妈终于都同意让学美术，对画画的一腔热血终于可以释放，高三集训对于没基础的我很累，但是很开心,1,显性,,,
美术生,,comment,今年考上了贵州大学（超级开心,1,显性,,,
美术生,,comment,）录取到了绘画专业，其实最近没开学一直在担忧绘画专业毕业后不好就业怎么办，有点像转视觉传达，但是听说转专业要大一读完后再重读一年，又很犹豫，跟爸爸妈妈也没商量好，而且家里就是普通家庭，不支持烧钱铺路，现在对未来的生活和就业方向有点迷茫，学长学姐们可以给我一点建议吗,1,显性,,,
美术生,,comment,什么专业都不好就业，选一个喜欢的算了,1,显性,,,
美术生,,comment,我集训时候是2021年，疫情比较严重嘛，封校，大家也出不去学校，情绪比较暴躁，还有比较炫压抑的,1,显性,,,
美术生,,comment,后来22年上了大学，才知道当时艺校为什么这么安排，是因为晚自习的时候，校长在卫生间里面抓到一对男女同学正在做恨,1,显性,,,
美术生,,comment,后来我学琵琶的那个朋友，跟我说，“可能这就是一种反差吧,1,显性,,,
美术生,,comment,太恐怖了,1,显性,,,
美术生,,comment,真的消费很高她们本来学校的一些表演项目的兼职一个月能赚个八九千块钱，但是因为太高消费了，就一直在谈恋爱,1,显性,,,
美术生,,comment,然后她们容貌焦虑特别严重,1,显性,,,
美术生,,comment,我感觉我身边的人基本上都蛮抽象的，相对单纯，反正我上大学那会儿大家天天焦虑作业，用着配置不高的电脑真要被搞死了，还要花钱做作业，纯纯牛马预备役[完啦R][完啦R][完啦R],1,显性,,,
美术生,,comment,我之前听一个表演的，五年谈16个，然后我音乐生朋友想谈恋爱找灵感，我还阻止她[扶额R][扶额R],1,显性,,,
美术生,,comment,就比如我吧....经常脚踏三条船，每天早上三个轮流留我我差点就放弃上课继续缠绵了，都怪枕头被子床垫,1,显性,,,
美术生,,comment,美术生爱和被子枕头柔软的床垫腻歪,1,显性,,,
美术生,,comment,不爱腻歪就是还不够舒服,1,显性,,,
美术生,,comment,老师和助教还好吧，年龄差不大，别和学生就好[呃R],1,显性,,,
美术生,,comment,感觉天天都一起窝在封闭的高压环境里，都很炫压抑,1,显性,,,
美术生,,content,#清纯女高#我爱画画#美术生日常 素设计课,1,显性,,,
美术生,,comment,这条到底什么魅力啊这么多赞...,1,显性,,,
美术生,,comment,哇塞哇塞,1,显性,,,
美术生,,content,马赛克是我自己打的，要是不妥我立马删…因为第一次看到这种有趣所以分享下，纯娱乐向🥹#米画师公审#米画师,1,显性,,,
美术生,,comment,我的天哪你分析的好认真,1,显性,,,
美术生,,comment,啊啊啊我不行了,1,显性,,,
美术生,,comment,感觉特别老师气，不太像学生作品，如果能画出这个色彩应该不会差别的作品吧,1,显性,,,
美术生,,comment,即使这样也不行的 mhs要求不能临摹也不能写生 除非老师当时示范是纯原创出来的,1,显性,,,
美术生,,comment,我擦，这画好像我前年集训的时候我们老师画的画（太联考画风了）,1,显性,,,
美术生,,comment,这种不可能过的...临摹作品不是原创作品，抄网图照片都不行，真要画也得自己组一个静物，而且有人会在米约这种照片转画吗...,1,显性,,,
美术生,,comment,其实写生也不行（）,1,显性,,,
美术生,,comment,得90多吧，我比这差很多都有85,1,显性,,,
美术生,,content,美术生是孤独的，他们沉浸在自己的画画世界里，没有时间去社交，只能在画板前用笔和纸去描绘那自己不确定的未来,1,显性,,,
美术生,,content,他们既是内心最丰富的人，也是校园里最孤独的存在,1,显性,,,
美术生,,content,美术生也是最容易抑郁的一批人，面对文化课和专业课的双重压力，周围人的偏见与歧视，家庭经济的压力，你的精神就像是不稳定的炸药桶，只需一点火花就会让你爆炸化,1,显性,,,
美术生,,content,需要大量的练习，这个过程当中你很容易产生我不行，我就是画不好，我就是笨，我没有天赋等等心理,1,显性,,,
美术生,,content,当这些负面情绪累积到一个点的时候，就会变成那一点火花,1,显性,,,
美术生,,content,所以很多人画着画着就崩溃了，突然不想画了，眼睛里再也没有了光芒，因为根本就无法去提升自己,1,显性,,,
美术生,,content,学画画，成为美术生，根本不是在走一条捷径，而是用血与泪去编织自己的未来，用排线去构建自己的梦想,1,显性,,,
美术生,,content,希望看到这里的你不要再去歧视美术生了，也希望每个美术生都能考上自己目标的院校,1,显性,,,
美术生,,comment,你还真别说，我一同学天天早上边笑边哭是真的边笑边哭那种，一个染了一头绿，翠绿翠绿，一个天天学蜥蜴叫，能把死人叫活的那种，一个恋爱脑的令人发指，一个大暴雨四肢岔开躺在外面地上淋雨，一个喜欢蟑螂，还给我发蟑螂的po文，连我自己也是个颠的，我也就看着还比较正常,1,显性,,,
美术生,,comment,我画画一边哭一边画,1,显性,,,
美术生,,comment,我之前也是😭,1,显性,,,
美术生,,comment,你说的这些几乎是我的结合体会怪叫会下雨跳水坑喜欢抓蟑螂蜘蛛等昆虫类善于模仿突然情绪崩溃又把自己哄好（简称又哭又笑）,1,显性,,,
美术生,,comment,抱一丝歪个楼我是理科生，真的很想和美术生交个朋友老大们可以扩列吗，不说话也可以的 就是单纯喜欢看你们在空间里发的动态，我真的很享受在你们的文字表达的疯癫感和你们眼中的美!,1,显性,,,
美术生,,comment,设计才最疯，上班后各种改需求，直接能改崩溃的,1,显性,,,
美术生,,comment,发癫的时候我家猫都不敢动,1,显性,,,
美术生,,content,为什么谈不到美术生[泪崩R][泪崩R]#美术生#大一新生#单纯大学生,1,显性,,,
美术生,,comment,帖子留给你们讨论吧[扶额R]他是同，连双都不是，彻底没希望了,1,显性,,,
美术生,,comment,[扶额R]最近太忙了，我也不想耍了[扶额R]身心俱疲了,1,显性,,,
美术生,,comment,IP太正确了,1,显性,,,
美术生,,comment,另外，学艺术的，同性恋太正常了,1,显性,,,
美术生,,comment,最近太忙了都没上这个号看，完全不想耍了天天都是作业和单子，我也不是很喜欢他了，行吧就是一时上头练古筝去了[坏笑R]断情绝爱的秘籍就是给自己找事,1,显性,,,
美术生,,comment,一般艺术系男生不太爱谈同专业的而艺术系女生不太爱谈不同性别的,1,显性,,,
美术生,,comment,兄弟，高的不帅，帅的不高，又高又帅，不是男模就是南通，看缘分别着急，多学点有用技能,1,显性,,,
美术生,,comment,不行了,1,显性,,,
美术生,,comment,我不要帅的，就要个和我差不多的普通人，我有喜欢的人，只是哎呀，，所以来发帖子发发牢骚，管他同不同了，，先上吧不愿意我就继续单着吧，我只和喜欢的人耍耍朋友挑的就是这个，这几年也没啥，突然有喜欢的人了,1,显性,,,
美术生,,comment,笑死了救命,1,显性,,,
美术生,,comment,男生也不太爱同性别,1,显性,,,
美术生,,comment,女生其实不喜欢同专业异性,1,显性,,,
美术生,,comment,好吧，大学美术生，是我没说清楚，不是说高中美术生，大学谈不到同爱好的人，我们是艺术院校美术生多，但是也没得，好多同性恋，大家时间也多，没事干就是画画做手工，但是不至于没有时间谈恋爱结果还是找不到美术生对象,1,显性,,,
美术生,,comment,很理解主播的想法，我不是美术生，兴趣爱好是画画看电影看动漫这一类，但我是药学生，身边真的很难有可以交流这些的人 会有一种精神世界上的孤单，跟朋友也只是偶尔塞给她们一点点我做的同人饭，对方也不是很能get到你,1,显性,,,
美术生,,comment,精神世界无人能懂真的比肉体概念上孤单难受的多，我现在无聊的经常把摸鱼图设置到微信那个状态栏里，自己欣赏一天后自动消掉,1,显性,,,
美术生,,comment,够了够了真的够了作业太多了，个人的单子也赶不完，我是身累心累，但是恋爱脑不累,1,显性,,,
美术生,,comment,没有，我不能接受比我差的159的已经谈过了，在谈这么矮的我真得遭绝了以前看脸不看身高，现在至少说，不能比我丑比我矮吧,1,显性,,,
美术生,,title,综合类大学的美术生，你后悔吗,1,显性,,,
美术生,,content,到了大2分专业之后，感觉他们的灵气就弱了几分，到了大三，大四就彻底泯然众人了,1,显性,,,
美术生,,content,我们专业课老师大多是美院硕士出身，专业能力也是很强的，学校又顶着省重点的头衔，对艺术学院的投入也不算差，可怎么就鲜有成绩呢,1,显性,,,
美术生,,content,少了很多来自专业的压力和束缚，再加上就业前景的困顿和迷茫，再包括脱离应试模式后的松弛感，亦或是早早有了考研的安排，愿意把时间和精力投入在画画中的学生少之又少，而且随着时间的推移只会更少,1,显性,,,
美术生,,content,个体如此，那么集体的情况大概只会更差,1,显性,,,
美术生,,content,加上不敢向导师询问，那么在画中偶尔出现的一些脱离常规路径的偏激尝试就容易野蛮生长，最终产生一些不可逆的影响，说白了就是路走歪了，画坏了,1,显性,,,
美术生,,comment,因为切身体会才能感受到其中的痛点和难点，但同时也希望其他综合类大学的学子能保有初心,1,显性,,,
美术生,,comment,教育理念是注重把学生培养成为了满足甲方和老板要求的设计师，绝非传达自己理念的艺术家,1,显性,,,
美术生,,comment,核心是去掉“绘我所想”，使学生减少自己的想法，尽可能贴合于甲方，而被牢牢束缚在满足“满足他人”的思想囚笼里,1,显性,,,
美术生,,comment,我曾经没考上美院只考上211，那时候痛哭流涕觉得学艺术没去美院就是遗憾,1,显性,,,
美术生,,comment,那时候觉得同学水平也不行，老师也不行，都得靠自学,1,显性,,,
美术生,,comment,我现在毕业9年之后，什么美院什么综合类大学，我赚的也不比美院的少，综合实力不差,1,显性,,,
美术生,,comment,谢谢啦姐姐～,1,显性,,,
美术生,,comment,这是真的😭😭😭,1,显性,,,
美术生,,comment,灵气弱化也或许正是从单一技法转向多元能力的过渡期，现在社会非常多的领域都需要这种跨界融合的思维,1,显性,,,
美术生,,comment,谢谢，这是你非常好的期盼,1,显性,,,
美术生,,comment,我也很希望学校能够培养出一批综合性人才,1,显性,,,
美术生,,comment,虽然不知道其他的综合类院校的成果如何，但就我所在的院校而言，确实是样样通，但样样松感谢您的留言，您的视角也很有意义,1,显性,,,
美术生,,comment,为什么后悔，我有985211上[呃R],1,显性,,,
美术生,,comment,我不后悔,1,显性,,,
美术生,,comment,但我上了一个美术高中我也没有放弃美术专心学文化课的勇气 我最后被一个离得很远的211录取了 选了一个课很少的专业 除了水土不服比较难受外 课少 绩点好刷 时间多 反而让我真的开始画上了我喜欢的东西 未来我目前打算跨专业考研 去学点别的专业反哺我继续画画 我也很庆幸家里不算穷 未来即使继续做现在的自由职业也能活得还行 上综合类是我走上换轨的第一步 我很感谢为我惋惜的老师们 但是确实上综合类是我当时最折中最舒服的选择了 不过确实也可以算是反面教材了hhhhhh不要轻易走美术啊,1,显性,,,
美术生,,comment,我直到高三才彻底意识到 我不想做艺术家 我只是想用自己的笔写明白画明白自己想要的东西 我不需要过多精进自己的技术了 时间被我更多的用于读书和生活后我画的才真的开始接近我的理想了 所以现在这个上四休三的综合类而且想混还能混日子的学校我真的蛮开心,1,显性,,,
美术生,,comment,期待人大相见,1,显性,,,
美术生,,comment,通过增长自己审美阅历和提升审美水平，以形成一整套相对完整的审美观，这样你才能对自己的作品有一套自有逻辑的评价体系，当这种体系形成之后，它就会让你相对稳定的独立于他人的评价体系，比方说如果你坚定认为你画的好，别人说你画的差（当然每一个人对于你自我评价体系影响的占比也不同），你也会不为所动，你大概还是会根据自己的审美观进行提升和完善,1,显性,,,
美术生,,comment,不会的 这个论点举例就很容易击破 美院有一些人一直画 被评价匠气 我也认识综合类985 甚至是语言专业的 画的比科班出身的人更有灵气 不要这样否定自己呀 灵气是人的特质 不是美院的特质,1,显性,,,
美术生,,comment,感谢你的鼓励,1,显性,,,
美术生,,comment,211爽死了一点都不后悔,1,显性,,,
美术生,,comment,985爽死了一点也不后悔,1,显性,,,
美术生,,content,学美术之后特别的恨天赋怪,1,显性,,,
美术生,,content,凭什么我学了这么久他们一个学期就快赶上我了,1,显性,,,
美术生,,comment,这俩不一样，画画的天赋就是努力，而理科是智商的差距,1,显性,,,
美术生,,comment,其实没办法了[抽泣R]我在其他方面更没天赋吧,1,显性,,,
美术生,,comment,年逾40学艺术音乐的告诉你，能靠着努力磨平的甚至都不能叫作差距，也压根不能称之为天赋,1,显性,,,
美术生,,comment,你们就这样轻易否定我付出的努力我真的好无奈[抽泣R]我本身就是一个低精力的人画三个小时我真的快力竭了但尽管这样我还是坐了一个又一个三个小时，凭什么他们就能这么轻松的做的很好而我却要付出成倍的努力呢,1,显性,,,
美术生,,comment,我看到只学了一个学期的人就比我低一分我真的好绝望呀到底凭什么呢为什么有天赋的那个人不是我[抽泣R],1,显性,,,
美术生,,comment,小朋友，你现在经历的只是普通人的日常中国有14亿人，哪怕是万里挑一天赋的人都有14万个，等你出社会了发现有的是不如你努力的天赋怪学历上碾压你、工作效率上碾压你、人际关系上碾压你、赚钱能力上碾压你甚至都不用出社会，上大学被聪明b同学拷打几年就老实了,1,显性,,,
美术生,,comment,我教了这么多年，所谓天赋怪真的非常少，大多数学画画只是动手没有思考，大部分都是差在这,1,显性,,,
美术生,,comment,初中开始学画，以前在班上也能排到前几名，说实话我也不属于有天赋，纯粹是我喜欢画画愿意思考磋磨，现在很多学生其实不喜欢画画就不愿意花心思，一个行业真正有所谓的天赋都是万里挑一，没那么多天赋怪,1,显性,,,
美术生,,comment,emm，我觉得这就说明你有天赋，我也以我自己举例哈，我其实不爱读书，智商还可以，一般努力就进了985还保送硕士，相比之下，我虽然更爱画画，也花了很多时间一直钻研也没那些有画画天赋的人进步的快…所以我觉得这个所谓“对画画的思考”就是一种艺术天赋,1,显性,,,
美术生,,comment,我从初中就拿到数位板开始画画，花的心思也不比学习少，或者说我觉得相对“学习考试”，“画画”这件事对我来说更困难明明花了同样的心思钻研，读书就非常顺利，画画却不行这就是我没有艺术天赋但有读书天赋的体现,1,显性,,,
美术生,,comment,我一直觉得兴趣也是天赋的一种，而且是很强的一种，并不是每个人都能一直保持高强度练习，能从中收获，也不觉得枯燥的，大部分只是嘴上说要努力，其实画起来很痛苦然后坚持不下去,1,显性,,,
美术生,,comment,不仅有天赋怪还有童子功、经济怪好绝望啊，明明才六年级就已经会画人头了，打的形甚至比我准,1,显性,,,
美术生,,comment,天赋怪太恐怖了[抽泣R][抽泣R][抽泣R],1,显性,,,
美术生,,comment,确实，还加什么“学了美术”的前缀，其实学别的也会恨“天赋怪”的,1,显性,,,
美术生,,comment,以前也有点忮忌，但现在我更忮忌别人的身体素质，真的，那些自律高精力我以前也有过，但身体不好气血不足吃什么也不长肉变成竹竿后，整个人都低精力，走两步就感觉累，听课就困，因为脑袋供血不足，血压低，听课吸收差，画画倒是还好，但不可能画一天了,1,显性,,,
美术生,,comment,因为没钱吃不了药也吃不了好的，体质就这样差下去，以至于更加焦虑影响身体,1,显性,,,
美术生,,comment,同低精力的人点了真的每天什么都没干就觉得很累，没有多余的力气做更多的事情，和别人多说两句话都累以前我被人说得也以为是自己懒，后来试过高精力生活两天第三天直接病倒，而且之后一周都精神恍惚太羡慕身体好精力足的人了,1,显性,,,
美术生,,comment,其实学啥都恨天赋怪,1,显性,,,
美术生,,content,很少有看到国内艺术作品火到如此地步的，真的有被震撼到 川美毕业生安琪的《祷》 以超写实技法，将古典祈祷意象与现代消费符号（气泡膜、耳机等）拼贴，借廉价材料解构“精致生活”虚假性，讽刺消费主义对人的裹挟，引发公众对“被物质包裹、迷失自我”的反思,1,显性,,,
美术生,,comment,专业的也急的一直发视频说这画很一般真是笑死人了,1,显性,,,
美术生,,comment,要知道现在的网络环境，任何事情都有让找出可以批评的点,1,显性,,,
美术生,,comment,承认别人优秀果然对很多人来说太难了,1,显性,,,
美术生,,comment,为什么艺术圈的攻击就这么普遍，所以可以看得出来有些艺术生的普遍性格，拉小圈子自我欣赏、善嫉妒、吹毛求疵、一有机会就高声大喊,1,显性,,,
美术生,,comment,真的匿名出了一堆键盘侠来喧嚣自己在现实生活中受的气我说你要是真觉得比作者厉害评判的时候附加一张自己的作品呗，要是你的作品真的比作者好那么你才有资格评判有些都不是搞艺术的还来混水摸鱼典型的看不得别人好求这种人不要让我在现实中遇到,1,显性,,,
美术生,,comment,作为学生来说可以了，估计平时看油画圈的东西比较多，因为前几年画气泡膜的国外写实油画很出圈，拿了很多国际上比较立得住的素材拼合的很好，希望以后能有更好的创作，毕竟创作对于画家一生来说是很漫长的,1,显性,,,
美术生,,comment,对对对，以前气泡膜画作出圈的时候真的很震撼，这个也厉害,1,显性,,,
美术生,,title,别歧视美术生了我求你们了😭,1,显性,,,
美术生,,content,别玩歧视我求求你们了我们美术生也是人😭#美术生#美术生的日常#画画#艺术创作,1,显性,,,
美术生,,comment,我就没有你的勇气,1,显性,,,
美术生,,comment,好羡慕你宝宝,1,显性,,,
美术生,,comment,好呀宝宝谢谢你,1,显性,,,
美术生,,comment,自己的痛苦自己懂，外人是不懂的，而且很多人都是带着有色眼镜看待艺术生，还有的人是嫉妒，认为美术生文化课低也能够上大学，人性的弱点就是喜欢找平衡感，站在制高点上无端评价别人，这样的人别理，自己选择的走好就好，加油,1,显性,,,
美术生,,comment,我是美术生我就讨厌画画 我到现在都不知道自己为啥学了画画,1,显性,,,
美术生,,comment,但是家里人偏见真的难受,1,显性,,,
美术生,,comment,虽然但是确实啊，感觉焦虑强迫什么的都很常见而且能在画板前面一坐做一天的真的是正常人能做的事情吗,1,显性,,,
美术生,,content,美高 fall2025，感觉看过的作品集都是fine art很少偏二次元风格的digital illustration😭想问一下画成这样大概能申哪里,1,显性,,,
美术生,,comment,因为美国美院对二次元的态度一直是看不起+抵制，我个人也很喜欢二刺猿但是我也是大一基本卷到前10%甚至前5%，没有教授敢说我啥的时候才去画的orz……但是从你的这个作品来看，画插画肯定没问题的,1,显性,,,
美术生,,comment,我去portfolio review大部分都不太喜欢我的digital art，反而更喜欢我水课画的fine art直接心死了,1,显性,,,
美术生,,comment,完全不想画fine art，感觉只能把绘画当爱好了,1,显性,,,
美术生,,comment,p13是ok的没有那么二次元 但是p2着实太二次元了必被pass,1,显性,,,
美术生,,comment,女王我是26fall我是指高中同校啊啊😖😖我在ins上早早fo上您了特别喜欢😭😭😭🫶🫶,1,显性,,,
美术生,,comment,啊想问问老师最后申请了哪些哇,1,显性,,,
美术生,,comment,最后申请了tufts smfa，因为去了portfolio review parson，RIT，saic我的印象不太好（她们好像不喜欢我的画）smfa对比起来是比较客观的了讲的我很感动,1,显性,,,
美术生,,comment,祝老师前途似锦哇,1,显性,,,
美术生,,comment,哦差点忘记问了，看评论区很多推荐sva的，老师有考虑过嘛,1,显性,,,
美术生,,comment,这三所学校基本都给了我最高奖学金（有我是美高+刷了履历+gpa+sat综合加成），尽管我的作品集一半都是二次元，只能说只要有底力热爱和努力在，美国院校总体不会在卡风格太死板,1,显性,,,
美术生,,comment,女神画的太好了🥹可以悄悄问一下SVA一年奖学金是多少吗,1,显性,,,
美术生,,comment,如果发太少了或者没发，可以直接写邮件和学校要（SVA给钱,1,显性,,,
美术生,,comment,我当初我收到offer就没给我发奖学金，我怒写一篇长essay哭惨让它们给我钱，于是过了三个月就给我了）,1,显性,,,
美术生,,comment,上学就只是认识同学积累人脉了,1,显性,,,
美术生,,comment,感觉又看到希望了,1,显性,,,
美术生,,comment,太强了…自愧不如…btw你的评论区有很多好的评论参考，感谢（,1,显性,,,
美术生,,comment,因为美国人实在是不喜欢我的画，到哪里都败北的程度感觉自信已经大打折扣,1,显性,,,
美术生,,comment,感谢你的肯定，，真的很开心,1,显性,,,
美术生,,title,感觉美术生英语都好差啊😭...,1,显性,,,
美术生,,content,大家平常英语都考多少呀👀感觉我见过的美术生英语都好差..#美术生复读#美术生#复读生#画室推荐#画室日常#美术高考#美术生集训#美术联考#画室,1,显性,,,
美术生,,comment,那你现在在哪个学校哇,1,显性,,,
美术生,,comment,现在美术就业前景又不好，有那个实力普通夏考走个211不香吗，将来选择更广泛，要是实在喜欢美术也可以作为爱好培养,1,显性,,,
美术生,,comment,你这不就是以你的文化生想法来评价我们的热爱吗,1,显性,,,
美术生,,comment,这是热爱，一辈子都想去做的事情,1,显性,,,
美术生,,comment,没有热爱的人真悲哀,1,显性,,,
美术生,,comment,你好好学习吧我和你那么大的时候想法和你也差不多,1,显性,,,
美术生,,comment,如果真的热爱就当爱好去培养吧,1,显性,,,
美术生,,comment,当然你要是不喜欢我说的话，那你就去学吧,1,显性,,,
美术生,,comment,可能只是一些人的想法吧，但如果不让我把热爱的事情作为工作，我的人生就会失去意义,1,显性,,,
美术生,,comment,哈哈哈哈好吧加油啊希望你早日实现梦想,1,显性,,,
美术生,,comment,我靠大佬数学怎么学啊,1,显性,,,
美术生,,comment,我也来装逼是楼主见得太少了，我看不得别人以部分人代表全部美术生,1,显性,,,
美术生,,comment,我英语算很差了106 真的不是在装 只是浙江省大家英语都挺好的,1,显性,,,
美术生,,comment,英语差不多能120但是数学30,1,显性,,,
美术生,,comment,有，我们班，英语第一，排全年级英语前三，总是离满分就差一点,1,显性,,,
美术生,,content,去年六月份集训以后就没再写生过，感觉画的越来越倒退了 画了有五个半天，之前老师说画的特征不足，就换了个表达方式#美术生集训#美术生的日常#艺术生#期待大学生活#大学生就该这样#生活大学在读#要做努力的大学生#艺考,1,显性,,,
美术生,,comment,要是喜欢画画还是得去美院，我觉得我们这里氛围没那么好,1,显性,,,
美术生,,comment,呜呜 小宝抱抱你,1,显性,,,
美术生,,title,清华美院大一素描写生，功底太扎实了,1,显性,,,
美术生,,content,绘画作者们汇总-图一： 图二和图五： 图三： 图四： 图六： 图七： 图八： 图九： 图十：📸 图十一： 图十二：🍟 图十三： 图十四： 图十五： 图十六： 图十七： 图十八： 以上共有18张作品，17个绘画的清华美院同学,1,显性,,,
美术生,,comment,给你一个真诚的建议，以你的风格建议考中传动画，动漫风格在大多数美院太吃亏了,1,显性,,,
美术生,,comment,中传校考一共三场考试时间成本非常高而且难度大，需要有作品集一般都是专门为了这个校考一开始就去准备的，除非是天才或者很强很强的学习能力不然临时考这个风险太高了,1,显性,,,
美术生,,comment,毕竟环境变了，二次元热潮……从小开始学美术的越来越多，也越来越卷，不过美术行业前景真的很难说（）虽然我只是自己热爱，一直在画，然后今年突然心血来潮才想去学去了集训,1,显性,,,
美术生,,comment,太厉害了卧槽呢,1,显性,,,
美术生,,comment,不客气，仅仅是我预估的啊,1,显性,,,
美术生,,comment,没有我文化课差只参加了联考,1,显性,,,
美术生,,comment,最终成绩是实力，运气，老师和学生的双向奔赴,1,显性,,,
美术生,,comment,可以的，很好，老师同学也都很好，宿管阿姨也特别的好，反正我在那学的时候感觉很开心,1,显性,,,
美术生,,comment,改回去 很想死 在省里素描考不过以前不如我的同学,1,显性,,,
美术生,,comment,左边说实话，每个学校喜欢的风格不一样，不是所有学校都吃这一类的，反正之前我考的设计院校喜欢右边这种风格，干净规范的画面清晰利落画风，左边可能是美院画风，但是我们整个画室练习都是右边画风,1,显性,,,
美术生,,comment,没办法，还不得自由发挥,1,显性,,,
美术生,,comment,怎么会啊,1,显性,,,
美术生,,comment,右边也不至于被骂成史，但是一味吹右边好的，我只能说是应试教育的悲哀了,1,显性,,,
美术生,,comment,左边比右边好太多了，右边的素描像是模式化对结构的理解不够卡了一些奇怪的亚洲人脸上没有的点，同时虚实也是硬伤，当然最明显不能出现在“绘画好”的人身上的就是帽子和衣服的处理过于的幼稚，注意我说的并不是不细致而是粗糙处理的手法暴露缺点,1,显性,,,
体育生,,comment,只不过我们精力太旺盛，女朋友完全受不了，就会分手，看起来就像一直在换女朋友一样,1,显性,,,
体育生,,comment,屁 本来是被开发的 后来他满足不了 自己自尊心受损了,1,显性,,,
体育生,,comment,真假的，那为什么有些体育生能谈恋爱,1,显性,,,
体育生,,comment,还能抽空谈恋爱,1,显性,,,
体育生,,comment,我男朋友体育生 对我特别宠爱 干啥都依着我 性格也活泼开朗 平时打打闹闹的 跟好朋友一样 而且我一百斤左右 他可以很轻松的各种方式抱起我 他说我尽管放开吃 长胖了他再去锻炼一定可以抱起我的 而且他长得很帅很帅 那腹肌特别特别好看 我们在一起快一年了 我感觉我要幸福死了,1,显性,,,
体育生,,comment,我感觉应该是因人而异爱玩和是不是运动员关系不大,1,显性,,,
体育生,,comment,我还是那句话，爱玩和是不是运动员没啥关系人的本性控制不住的,1,显性,,,
体育生,,comment,他们不炫压抑,1,显性,,,
体育生,,comment,差别不大吧哈哈哈哈哈,1,显性,,,
体育生,,comment,大太多了,1,显性,,,
体育生,,comment,我在北大认识的差别不大 别的学校的没见过,1,显性,,,
体育生,,comment,不怕生化母体,1,显性,,,
体育生,,comment,我们学校我认识一个男生187很帅很高我感觉人还不错嗯但是因为他是体育生所以远离好吗,1,显性,,,
体育生,,comment,体育生一般外形对比其他普通人来说要好很多 个子也高再加上如果成绩好那家境一般不错 自信更是不用说 女生喜欢的那很多了 运动确实给一个人增加很多魅力 普通人没有那么多时间去塑形…,1,显性,,,
体育生,,comment,没办法在那个环境不像动物一样活着，会抑郁,1,显性,,,
体育生,,comment,我就是那个抑郁的人,1,显性,,,
体育生,,comment,文化生也有你说的类似的弱点，就是被训练的只在这一块有神经反射和肌肉记忆，用不到更广泛的用途上,1,显性,,,
体育生,,content,三十来号人，清一色被晒成小麦色，隔着老远就能感到一股热腾腾的汗气在涌动,1,显性,,,
体育生,,content,那股子汗味儿太冲了，混着高强度训练完的热气和青春期的躁，隔着三五米就把人逼退,1,显性,,,
体育生,,content,他们说话的声音也大，扯着嗓子喊，骂骂咧咧的,1,显性,,,
体育生,,content,#体育生#体育生的腿#光脚不怕穿鞋的#运动的男人#篮球体育生#体校生#篮球体育生,1,显性,,,
体育生,6731ee9d000000001d03899d,title,今天的我应该很满足,1,显性,,,
体育生,6857fc540000000015022a28,comment,一直在等最后来个空气投篮啊哈哈哈哈哈哈哈,1,显性,,,
体育生,6857fc540000000015022a28,comment,为什么大家都不喜欢看这个呀，我有点不理解，怎么了,1,显性,,,
体育生,69355591000000001f00f46b,title,喜欢干干净净的感觉,1,显性,,,
体育生,69355591000000001f00f46b,comment,别再来私信问我有没有推了 我没有 那个是假的麻烦别问了,1,显性,,,
体育生,69355591000000001f00f46b,comment,最喜欢这种板板正正的有直男味的了,1,显性,,,
体育生,69355591000000001f00f46b,comment,爱了爱了,1,显性,,,
体育生,683a7ef60000000012006d89,comment,体育生 文化这块确实是差事了,1,显性,,,
体育生,683a7ef60000000012006d89,comment,体育生的训练跟文化生是不一样的。他们确实累，但有我们文化生压力大吗？,1,显性,,,
体育生,68540040000000002001935c,comment,我爱你们每一个人,1,显性,,,
体育生,682dbfde0000000012002b9d,comment,姐，这个系列能停更吗，我都不敢直视你的胯下，生怕突然鼓起来,1,显性,,,
体育生,682dbfde0000000012002b9d,comment,天呐，姐你收手吧，你跨开坐我都不敢看，感觉都要长出来了,1,显性,,,
体育生,682dbfde0000000012002b9d,comment,oi，体育生一定是低音炮的，帽子是一定要带的，迷之自信是一定要有的,1,显性,,,
体育生,682dbfde0000000012002b9d,comment,和我哥一模一样，问我看什么，我说你调，他问这个看过没，我说没有，他说行，就看这个吧，过一会儿，把擤鼻涕投篮扔到垃圾桶，但是，我哥会边和发小打游戏，边看电影,1,显性,,,
体育生,662a3fa300000000030201f4,comment,露腹肌的时候跑了2人哈哈哈哈哈太真实了,1,显性,,,
体育生,662a3fa300000000030201f4,comment,我真的看了以後身心不適 好害怕 但又很愛看 這是怎麼回事,1,显性,,,
体育生,662a3fa300000000030201f4,comment,姐咱别模仿了怕你马上就要长出来了,1,显性,,,
体育生,66c7f06d000000001d01be08,content,生活中，身边人对体育生好像都有很多奇奇怪怪的印象。有的觉得体育生一定长得帅，身高180+，有的觉得体育生一定学习很烂 评论区说说你对体育生的印象吧可以结合具体的例子#体育生#轻负担更快乐#上交反骨队#刻板印象,1,显性,,,
体育生,66c7f06d000000001d01be08,comment,我先来！体育生的学习成绩大多不咋地上课逃课小组作业都很害怕跟他们分到一组,1,显性,,,
体育生,69ce8c2c00000000230150d6,comment,干这个工作需要什么资质吗就是单纯喜欢看人疼,1,显性,,,
体育生,675d0f67000000000700ace0,comment,图一右边粗腿妹子我喜欢,1,显性,,,
体育生,68af2da9000000001d022e89,comment,还好吧，其实有时候过度肌肉训练反而会导致精气外泄，其实这种天天运动，但是肌肉练的不是特别大的纸包鸡才是最猛的，腹肌还有点作用，胸肌和胳膊是真的除了好看没有任何用，我之前十来分钟，现在随随便便半小时，臀大肌练得好时间还可以自己控制,1,显性,,,
体育生,68a5ee65000000001b022497,comment,这几天在土耳其被晒伤了 可能还会黑几天 朋友们不要紧张 我很容易白回来。,1,显性,,,
体育生,67710464000000000900e986,comment,评论太多了万一能看到我呢,1,显性,,,
体育生,68cfc95a0000000011015fa2,comment,喜欢体育生，给我介绍一个,1,显性,,,
体育生,68cfc95a0000000011015fa2,comment,兄弟们，我是泌科大白，在这奉劝大家真的不要禁的太过了，真的不要跟风，禁是可以禁一下，但不能一直不排，如果长时间不排jing也不是好事，憋太久不仅影响身体，而且影响情绪心态，很多泌niao问题就会随之而来，当然纵欲也不是好事，所以这种事情也是要遵循常规的生理需求而去进行排泄，不然也是会有病症的，不是大家以为的禁了不排就是好事，大家千万别被误解了。,1,显性,,,
体育生,6604058400000000120333aa,comment,姐妹，要不这流量咱就不要了吧，再演下去，真怕你哪天长出来了,1,显性,,,
体育生,6604058400000000120333aa,comment,兔子：你让我感到恶心,1,显性,,,
体育生,6604058400000000120333aa,comment,第三方视角拍摄是怕我窒息吗 确实比对面视角能喘气一点,1,显性,,,
体育生,6604058400000000120333aa,comment,我孩子都十岁了，都把我看害怕了,1,显性,,,
体育生,6604058400000000120333aa,comment,味太浓了！！！就我还没看完，但是那个坐姿第一句话啧啧啧！,1,显性,,,
体育生,6604058400000000120333aa,comment,姐 这个系列看得我害怕,1,显性,,,
体育生,69d359ff000000001f000816,content,这个体育生爱用头像是谁呀好好奇有人知道吗#奇奇怪怪的头像#男生头像#情头#帅哥头像#情侣头像#宝藏头像,1,显性,,,
学渣,67d84351000000001c00786d,content,学霸真的会喜欢学渣吗 不会厌蠢吗 无法理解 学习不好也不努力 #国产电视剧#学生时代的暗恋#双向暗恋#最好的我们,1,显性,,,
学渣,67d84351000000001c00786d,comment,学渣不等于智力低下,1,显性,,,
学渣,67d84351000000001c00786d,comment,成绩好不好和蠢不蠢没有直接的关联啊，有些学霸挺幼稚的，有些学渣也挺成熟,1,显性,,,
学渣,67d84351000000001c00786d,comment,其实很多学霸和学渣朋友关系疏远，是学渣先远离的,1,显性,,,
学渣,67d84351000000001c00786d,comment,因为学霸教学渣被气到了还以为是心动了,1,显性,,,
学渣,67d84351000000001c00786d,comment,有没有女生学霸 喜欢 男生学渣的 这种学渣还不是痞帅那种是属于很听话可惜就是理科不好学不会那种 然后女生数学很好辅导男生的真心喜欢倒数的男生那种小白兔一样蠢萌的感觉，有没有女生和我一样惜弱的性取向的,1,显性,,,
学渣,67d84351000000001c00786d,comment,只要不讲题就行……我不喜欢给除了我闺蜜以外的任何人讲题 我crush也不行 因为我怕我对他祛魅 上学就没有精神支柱了,1,显性,,,
学渣,67d84351000000001c00786d,comment,你讲这话好像喜欢是单一取决与成绩好坏，成绩不好可能她品质好做事认真各种方面都很吸引人然后可能碰巧这里就不乏有学霸 真的搞不懂你这话是怎么说出来的很片面 我学习不好班级倒数他正数喜欢我也算是学霸和学渣吧别人问他喜欢我什么他说我认真做事的时候很好看虽然我感觉的逆天,1,显性,,,
学渣,67d84351000000001c00786d,comment,不会 前男友 现在的老公 都是学霸。我数学29分的学渣。因为我们学渣乐观 有趣 幽默 情商高。,1,显性,,,
学渣,67d84351000000001c00786d,comment,应该是有的，有的好看的，也有一些学渣有个人好的品质和自己的闪光点的，各花入各眼嘛，学渣只是成绩不好，只要人品没有啥问题都是值得被喜欢的吧,1,显性,,,
学渣,6a032d1800000000350200e0,content,我觉得伪装学渣是抄袭的。 起因是我之前看了伪装学渣，然后觉得里面的情节非常眼熟。 我一看这不我爸和我妈的故事吗？ 他竟然抄袭我爸我妈。 必须举报。,1,显性,,,
学渣,67d7d5c2000000001203e9b7,content,刚刷到一个帖子，看起来显然这个小姑娘数学被🐔得揠苗助长了。没有教会用十进制数数，就去教了四则运算，所以没有理解底层逻辑。 . 评论区还有很多人夸她思维分散、所以聪明（？）别的不知道，至少数学方面她学习的顺序是弄错了的。 . 📚数学知识是一个层层递进的体系，就好比盖房子🏠，地基打得牢不牢，直接决定了上层建筑稳不稳。小学阶段的每一个知识点，都是在为后面的学习打基础。如果连最基本的加减运算都没掌握扎实，就被硬推着去学更高阶的内容，表面上看是学得多、学得快，实则是在 “豆腐渣” 工程上强行加盖，知识漏洞迟早会暴露无遗💦 . 分享下各阶段的数学重点： ⭕低年级段 ✅1-2年级，是个模糊期。 孩子数学的好与坏，和初期基础有直接关系，这一时期千万不要盲目追求提前学，要严格按照顺序，把每一个知识点清清楚楚的夯实，度过模糊期，不然就会和案例中的孩子一样。同时，这个阶段还要去培养孩子的好奇心，和适当的好胜心： 👉好奇心，就是对数学知识，甚至我们可以扩大点说，理科知识的渴望，觉得他们有点意思，不排斥去学。 👉适当的好胜心，是对于比自己能力高一点题目，有一种想要突破它、把它啃下来的冲动，说白了要有学习兴趣。这块推荐用纪录片和动画片培养兴趣。 . ⭕中年级段 ✅3~4年级，是夯实期和思维培养期。 👉传统奥数的学习，就是从三年级开始的。知识点开始深入，更强调思维的拓展，题目不再是单一知识点的运用，而是综合知识点的玩转。但很多家长应该会发现，奥数难度大普通孩子压根跟不上，所以可以跟着杨老师的，线上思维训练，结合浅奥，更适合普娃培思维。 👉校内也是一样，开始四则运算、应用题等等，进入到了小综合的时期。 孩子之前学的是否扎实，数学概念的理解是否透彻，决定了这个阶段的表现。 如果在这个时期，发现一些知识盲点，一定多留些时间让娃思考，避免盲点越积越多，越学越迷糊。 . ⭕高年级段 ✅4下~6年级，这是真正的分水岭。 原因就是知识点更多了，运用的更灵活了。你所有前期积累不牢固、学的不明白的问题，都会暴露出来，尤其是思维不灵活，没有培养到位的娃，应用题会非常吃力。 . 万丈高楼平地起，小学整体就是打地基+培思维的时候，打的越牢，之后楼就盖的越顺。 #小学数学#数学学习#数学思维#数学的魅力#数学从这里开始#数学其实很简单#数学#数学老师,1,显性,,,
学渣,67d7d5c2000000001203e9b7,comment,很感谢大家认可我的分享❤，好多家长对我的线上数理思维ke感兴趣。我这边存了试听可以分享，需要的可以留严，我免废发给大家,1,显性,,,
学渣,67d7d5c2000000001203e9b7,comment,我小学的时候还没接触过负数这个概念的时候我爸试图教我带移项的运算结果咋都学不明白，学的哇哇哭，然后在学校老师带着从负数概念开始学一下就会了！确实不能揠苗助长啊啊啊,1,显性,,,
学渣,67d7d5c2000000001203e9b7,comment,学数学真的不要揠苗助长 数学天赋也不是随便培养出来的 小时候我妈天天逼我学奥数我真的很痛苦 老师讲的全都听不懂,1,显性,,,
学渣,687159c50000000011001064,content,首先，这是我本人的高考成绩，绝对真实。如图，江苏的。分数就一般般，比今年本一线高一分，最终考了520。回去再看我那篇想上天花板的帖子觉得还挺讽刺的，一点都没够上，这个分数只能在省内上一个二本院校。 各科的分数大家也都看到了，生物地理都滑铁卢了，原本这两科还是我考完感觉很不错的两门科目，但是最终成绩就。。分析了一下，我个人觉得是因为省内竞争比较激烈，赋分就会赋得不高.....吧？好吧，是有点推卸责任的意思了。考的最好是物理，这个实在是没有想过，成绩出来之前，我是觉得怎么样也不该是物理的我最低分是考过7分和8分的，没错，就是一整张100分的试卷，考过7分 8分，而且后期就是常年低分飘过，这一次考79挺抽象的属于是。 没关系，无论好与坏都不会打算复读的。对于我来说，这个成绩也确实是我应得的，并没有很大的心里落差（好吧肯定是有的，语文，你怎么能这么低？！！你对的起我写的那篇自评是全高三最好的一篇作文吗？还有我考前整理的一整本笔记本的作文资料！回答我！） 但是，无论如何都过去了，接下来的生活也是崭新的，充满希望的，人总是要往前看不是吗？主包要搬家啦！新家有一个很大的飘窗，有点点占地方，但是我在那儿布置家具的时候发现，飘窗真的超级无敌适合学习呢！而且一到雨天就会听到窗外的落雨声，轻轻脆脆的，很治愈，太棒啦！所以说，生活中是有好多惊喜的呢。高考后，你就会发现，人生远远不止这一场考试，这是一场考试，这也只是一场考试。同样的，准大一新生逃不掉的备考四级，主包也没逃掉，现在已经在背单词，学四级了。后续可能会发一些在新家的学习vlog，浅浅期待一下吧~准大学生必须知道的信息差，必须要养成的心态之类的 我也正在搜集啦！后面会做成视频告诉大家的 本来想等录取结果下来再跟大家分享最终高考成绩的，但是想了想拖很久还是不太好，所以就发了。大家如果有关于自学方面的问题或者一点点些微的学习上的问题都可以在评论区底下留言，看到会尽力回复的（遇到我不知道的不了解的，我就不误导大家了，可以蹲蹲评论区里的学霸） #继续加油吧#学习博主#公布成绩#查分 #你的实际成绩和你的预期相比—— [PK]#,1,显性,,,
学渣,687159c50000000011001064,comment,我不行了，我恨这个物理一辈子，我平常物理都是年级前几，这次也是全部写满了，出来只有79。选择题和实验题自己错的莫名其妙的真想呼自己,1,显性,,,
学渣,687159c50000000011001064,comment,物理79，数学没及格。英语125，语文才99。我不行了。我真不理解，不是在攻击，就是纯不理解[泪崩R],1,显性,,,
学渣,687159c50000000011001064,comment,宝宝我也是自学的物生地，但是一直很怕对以后的专业选择有影响，想问问宝宝你是怎么看的之前学过一段时间物化生，但是化学学的我完全受不了，崩溃了很多次，最后还是放弃了,1,显性,,,
学渣,6618fe32000000001a014c4c,title,学渣：那你再给我讲一遍吧,1,显性,,,
学渣,6618fe32000000001a014c4c,comment,冷知识：班上的学霸没那么多，有的学渣同桌也是学渣,1,显性,,,
学渣,689fb368000000001d02f521,title,学渣在好大学不摆不卷的擦边日子。。。,1,显性,,,
学渣,689fb368000000001d02f521,content,高中成绩不太好，然后高考运气比较好 嗯。。。真没摆，但也真的学不太懂（求佛 感谢老师感谢上帝感谢碧昂丝 英语算是吃的高中老本（应该考试时已经没有高中水平了 六级真的 要学了，老本已经啃不动了 #考试成绩#挂科#学不下去一点#要做努力的大学生#大学生现状#成绩#四六级,1,显性,,,
学渣,689fb368000000001d02f521,comment,非英语专业，高考英语90来分。四六级全部一战过，四级433，六级502，我妈依然因为我高考没考上本科说我没用，根本不屑一顾我六级过了这个事情,1,显性,,,
学渣,689fb368000000001d02f521,comment,学校没你好但是彻底摆烂了,1,显性,,,
学渣,685d2c4200000000150225ff,comment,妈咪..我要爱你一辈子就只差分数线几分，只能去专科了 仅因为完全无缘本科了,1,显性,,,
学渣,685d2c4200000000150225ff,comment,宝宝们，妈咪说的是真的哦！比如像我，高考蛮好，大学和专业都蛮好，我以为未来稳了！结果想不到，因为不能适应大学生活，休学两次后退学了你永远也不知道人生下一步是什么退学后以为未来毁了，结果当时找到了双休5200每天坐着玩手机偶尔收银做饮品的工作。后来离职后以为前途无望了，谁知道因为我爱看水晶，自己一个没有任何专业知识的文科生现在变成了水晶设计师,1,显性,,,
学渣,685d2c4200000000150225ff,comment,妈咪中考考差了怎么办,1,显性,,,
学渣,685d2c4200000000150225ff,comment,妈妈...感谢你...填志愿崩溃边缘碰到你真好...,1,显性,,,
学渣,685d2c4200000000150225ff,comment,妈咪你讲得真的好好我总是不能与自己和解。我要是再差一点，我就能自洽地安慰自己做普通人。要是再好一点点，就能自信地激励自己去奋斗。但是偏偏考到这个勉强可以上211/双一流的分数，让我对自己的定义好迷茫认为自己能力不够，又不甘心平庸。,1,显性,,,
学渣,685d2c4200000000150225ff,comment,妈咪这一期简直是神...听得都要落泪了要是我当时高考完也有看到这个视频就好了不过我现在也要去交换啦，一个大的改变，wish me good luck！,1,显性,,,
学渣,685d2c4200000000150225ff,comment,我现在还在犹豫要不要复读南疆单列看似比别人录取分低还加分，其实给的专业都是些破烂。不知道该怎么办了,1,显性,,,
学渣,66856569000000001c027bb4,title,学习差的人就该去死吗,1,显性,,,
学渣,66856569000000001c027bb4,content,我真的感觉这个世界对学习差的人恶意特别大 初中的时候成绩很好 我当时就对成绩差的人有偏见 直到我上了高中 堕落了开始不爱学习 成了班级倒数第一 年纪倒数30 发现周围的人对我有同样的偏见 连朋友的家长都不愿意让她跟我玩 好像就是因为她跟我玩 她的宝贝女儿成绩才变差了一样 现在就因为这个事情躲在学校寝室被子里偷偷哭写下了这段话 周围的人让我感觉学 习差的人就是有罪 不配活在这个世界上,1,显性,,,
学渣,66856569000000001c027bb4,comment,学习差都自卑了。。。但又想不明白学习差和人品有什么关系为什么这么多人都介意学习差的人,1,显性,,,
学渣,66856569000000001c027bb4,comment,我学习成绩特差，没人主动和我玩，只能自己下课发呆，班任还说过：你还不如去扫地（好像是这个意思，忘了）关键是我觉得自己是个傻子，根本学不进去,1,显性,,,
学渣,66856569000000001c027bb4,comment,我想告诉你的是做学生只是你人生中占比很小的一段旅途 哪怕做的不好也没关系 别人看不起你那是他们的事 学习永远不是功利性的 应试教育想要的是服从性高听话自律的人 学校之所以向你们传递成绩至上观念也只是为了自己的升学率 所以不要因为成绩不好就否定掉自己的一切 我从小就是调皮捣蛋成绩不好的刺头 现在活得也好好的,1,显性,,,
学渣,66856569000000001c027bb4,comment,我是属于学不进去的那种，无论如何都学不进去，唉，有时候也挺愁的，上学的时候天天上课睡觉，从小学开始学习就不好，到了初中直接放弃中考改学其他的了,1,显性,,,
学渣,66856569000000001c027bb4,comment,成绩差真的会遭受不公平待遇的，不一定是明摆着恶意，什么霸凌什么的，我成绩很差，平时或多或少能感受到同学对于成绩不好的人的鄙夷……自己也放低姿态打哈哈过去，甚至拿自己成绩差开玩笑，也不好说什么。家里人平时也不会说什么，但是一生气说气话就往痛点上说骂我是废物成绩这么差之类的，哎,1,显性,,,
学渣,66856569000000001c027bb4,comment,我小学初中一直名列前茅，中考在段3，然后去的重高，现在考班级倒3，身边初中比我差挺多的人都考的比我好，我觉得一直差都还好，主要是之前好过，现在太差落差感太强了，我现在真的很自卑，想学好又一直学不上去还懒,1,显性,,,
学渣,66856569000000001c027bb4,comment,我也是啊 就因为有一次数学考试 因为试卷很难我考得不好 然后我们的数学老师就对我的朋友说不让她们和我玩 会影响什么的 后来考完试了 和朋友聊了几句 就莫名其妙的把我拉黑了 我根本没有做任何事 而写这次也不是什么很重要的考试明明我都进步14分了为什么还要这样对我 难道成绩差的人就不配玩吗 现在每次和他们说话都觉得她们不接受我 还被针对 老师还当着同学的面说上完初中你就去乡下种地去吧 我也没做错什么啊 我到底犯了什么罪 我真的受不了了 现在真的在想学校是真的在教书育人 培养我们吗,1,显性,,,
学渣,696ea0e5000000001a037aee,content,凌晨四点依旧担心自己的期末出分。 我没来由的想起了那个3.96的成绩。 第一次看到那个视频的时候我好像才初一还是初二，脑子里根本没有应试的概念，我根本不知道中考的过程是怎样，家附近又有哪几所高中。每天最快乐的就是看着课上有人和老师对着干，以及晚上写完作业之后可以溜着看一会小说。 当然还有周末拿到电子产品之后可以刷一会b站。我完全不记得一开始是怎么刷到的，但后来一路看了毕业/求婚/过生日一系列日常向视频，然后对复旦这个学校充满了向往。 当然那时候我对复旦和交大也没有任何概念，只从那条欢迎报考的视频里知道前者可以称为孵蛋，后者则是脚痛。 后来我在白纸上画下一个又一个番茄，也把复旦当做应付家长和老师期许的目标。 但那时我仍然当做玩笑看，我不知道如果要考进这所学校需要耗费我多少的汗水和泪水。最终还喜获失败，灰溜溜去了隔壁。 我也不知道3.96这个数字到底意味着什么。 但我现在读了大学，我终于知道了。 我明明不是很看中成绩的人，但在周围人悄无声息的感染中得了一种病态的焦虑。 已经不知道是失眠的第几天，脑子里想着乱七八糟的一堆事，寒假丝毫没有让我放松，尤其是期末出分迟迟没有结束，像一柄达摩克利斯之剑悬在我头顶。 在教务软件开通信息提醒功能之前，我每天都要点进去刷新十几次看有没有新的科目出分，甚至在livehouse里蹦跶的过程中都忍不住分心去看两眼。 看完出分之后又会登录教学信息服务网，看看自己的学积分和绩点排名有没有发生变化，哪怕我知道这个排名会实时浮动，一门成绩并不能决定最终的位次。 但是中不溜秋的排名莫名让我感觉糟糕，好像就成了班里的差生低人一等。保研应该也已经无望了，也许大三备战考研的计划还可以再提前。 在考微积分之前我焦虑的三天吃了平时三顿的量，从早上十点坐到晚上十一点，当然也有平时没认真学的成分，但我更愿意推卸给我没有天分。 专业课更是一头雾水，背了好多东西都没有进入我的大脑，每门课只能勉强拿到了一个不算太坏的分数。 我不知道要怎样才能拿到3.96的成绩，哪怕我的满绩是4.3。 我现在终于知道了这并不好笑，我居然把它当做一个玩笑来看。 #大学生#焦虑#绩点#考研#老番茄,1,显性,,,
学渣,696ea0e5000000001a037aee,comment,在这个3.3大学（绩点没改版前），经院的3.96太可怕，大一大二和经管院的人一起上过课，感觉完全不是人,1,显性,,,
学渣,696ea0e5000000001a037aee,comment,刚看完成绩 炸了,1,显性,,,
学渣,696ea0e5000000001a037aee,comment,满绩4.7 但还是抵挡不过有的同学门门4.5 考了4.1觉得自己要进前三了结果前五都排不到，想要抓的东西太多了。科研 学生工作这些真的消耗了很多很多。好累[完啦R]但只要学到就有意义,1,显性,,,
学渣,67eb9334000000001e0015cd,content,为了一个谷子把卷子给同学抄，两个人都得零分 放学的时候特别乖，主动问我买火鸡面吃要不要给我带一份 ps：因为是第一次，老师和我都批评教育过了，学习可以差，品行不能差！ #考试成绩#零分,1,显性,,,
学渣,67eb9334000000001e0015cd,comment,我小学同桌男生抄我答案，把我气得，结果把自己试卷名字写成了他的，导致他的试卷有两份,1,显性,,,
学渣,67eb9334000000001e0015cd,comment,这本来就是对小朋友给别人抄试卷的不当行为的惩罚 又不是真不会做题 如果你在意分数的话 你去教育局举报吧 现在不允许考试的 你一举报 以后都不用考试了 就不会有分数了,1,显性,,,
学渣,67eb9334000000001e0015cd,comment,我第一反应是现在小学生学习压力好大 体积表面积小时候初一才开始学,1,显性,,,
学渣,6723109e000000003c017c6c,title,差生怎么看自己,1,显性,,,
学渣,6723109e000000003c017c6c,content,背景: 女儿初一，在重点中学最好的班级，小学成绩中上，但不爱读课外书，英语没补过课，仅仅靠小学一周两节英语课。 初中很吃力，各科进度都快，因为是好班。语文阅读量不够，阅读理解和作文拉分，英语只能及格，数学中等，其他科一般，总分倒数十名。 事件: 每次看她考试分数，我都很焦虑，后悔小学没有卷，她爸爸更是狂躁，只要看她写作业必吼她，但是没用，她也很努力的跟，可是在一群学霸面前，尤其是更努力的、更卷的学霸面前，她的努力不过如同蚍蜉撼大树，不自量力。 昨天聊到转班，转到普通班，她不愿意，说不想跟最好的朋友分开。我问她朋友咋样，她说倒数11名，但是她爸爸火气就上来了，大骂她不知上进，怎么不跟成绩好的玩！孩子哭了，睡觉前悄悄跟我说了这样的话“我们是两片垃圾，谁也不嫌谁脏”。 结果: 现在在考虑是转班，还是转校，或者留级，感觉她有点泄气了，希望换个环境能好点。给大家一个过来人的劝说吧，小学能卷还是卷起来吧，初中真的没时间卷了。我和孩子爸爸都有问题，我们一直在反思，但是不会放弃的。#自我反思#家庭教育#人生选择题#孩子的进步#差生#教育,1,显性,,,
学渣,6723109e000000003c017c6c,comment,我倒是觉得她怎么能讲自己啊！！是不是有人这么讲的他俩？,1,显性,,,
学渣,6723109e000000003c017c6c,comment,1️⃣ 孩子自己没放弃呢，你要给她转走了，相当于替她宣判：你就是不行 2️⃣ 现在跟不上，是前六年父母没有抓到位导致的（别的不说，英语纯靠学校的，到初中必然掉队，父母完全没有去了解、预想这种情况？阅读更是从小就需要从亲子阅读开始培养的，这玩意没有够，只有更多。到初中再补，压力山大）。这时候让孩子一个人承担家庭辅助失利的结果，一个人在那里愧疚，未免太转移责任了（虽然你们不是有意的）。所以爸爸的急躁这么太过分了，吼她没用，想想怎么帮她补、鼓励她吧。 3️⃣ 孩子不是自认垃圾，她只是不敢抬头望，怕努力过还是充分证明自己不行。但她不是自己不行，是前期漏洞太大。马上青春期了，不要给孩子形成负面心理暗示。,1,显性,,,
学渣,6723109e000000003c017c6c,comment,听到孩子这么说，我好难过中国的氛围，难道就只有分数一个衡量标准了吗？,1,显性,,,
学渣,6723109e000000003c017c6c,comment,孩子妈，给爸爸沟通下，交朋友是好孩子就行，成绩不代表一切，只要品行好，三观正，除了成绩，孩子们还会有其它优点，要善于发现别人的优点，认可自己孩子的优点，情绪稳定，少打击，正面引导，我常常这么给女儿说，如果你看一个人有偏见，你会很累，但你如果善于发现别人的优点，你会越来越好，孩子态度端正，想学就多鼓励，不要给她带去焦虑，跟自己比，有进步就是好事，我们家那个初中班一，但她的两个朋友都是不同学校班倒数，她给她们讲数学物理，晚上在线给她们画几何辅助线，给她们报英语听写，这并没有影响她的学习，孩子们也都有在进步。中考后我和孩子朋友其中一个妈妈聊天，孩子进步了40多分，真心为她们高兴,1,显性,,,
学渣,6723109e000000003c017c6c,comment,阿姨您可不可以好好爱这个姐姐 不要让她学习压力太大 有厌学的情况啊…我现在小学六年级就特别特别卷…真的很累 我卷不过他们 我害怕我考不上好学校不能出人头地…,1,显性,,,
学渣,6723109e000000003c017c6c,comment,差生可能不介意，但是学习好的父母真的介意差生和她们的孩子玩,1,显性,,,
学渣,6723109e000000003c017c6c,comment,和孩子说，不要拿自己的弱项和别人的强项比，对自己太残忍。老话都说，什么宁可在快班打狼，也不在普班领头。真到那个点上，孩子也很无助啊,1,显性,,,
学渣,6723109e000000003c017c6c,comment,不自信的小孩不要送她去做凤尾，就算能学到好的学习方法，这说到底是用孩子人格的一部分做了交换,1,显性,,,
学渣,6723109e000000003c017c6c,comment,觉得没必要换班哈，在这种压抑的环境下培养出来的友谊是很长久的、很珍贵的。既然孩子的成绩在一点点的进步，那就说明她在努力适应这样的环境。孩子都还在坚持呢，父母怎么先放弃了。虽然她说自己是“垃圾”，可是她还是在努力呀，“垃圾”只是孩子的自嘲罢了。因为努力了还是倒数，所以不想让别人知道自己努力了，于是就称自己为“垃圾”。孩子在给自己的成绩差找理由呢。,1,显性,,,
学渣,68fa0bac00000000030193a8,comment,确实假，估计这人写的是想象中的自己 不是买高中 大专假，是高中那么起早贪黑 去了啥也不会 还能交到许多朋友和开心太假了，咱们又不是没上过高中，高中学习不好的大部分就是跟学习不好的玩，学渣也不可能起早贪黑 基本后面就不上了，就算去上，也不可能开开心心去，老师给的压力 同学的压力 每天的试卷。。。除非这人真是“傻子” 智商70以内…那不被人欺负就不错了,1,显性,,,
学渣,68fa0bac00000000030193a8,comment,大专毕业再给介绍一个简单轻松的工作，孩子高高兴兴的去上班。再给他买好房子车子，找个合适的人结婚，生一两个孩子，帮他养孩子。等父母去世，留下房子存款，安安稳稳的度过晚年。就是有人这么好命的，我见过不止一个，甚至从来没有上班，爸妈给店面房，收租过日子。,1,显性,,,
学渣,68fa0bac00000000030193a8,comment,成绩太差怎么开开心心，老师天天找你麻烦至少也要中等不拖后腿,1,显性,,,
学渣,68fa0bac00000000030193a8,comment,高中也能买吗？除非只差几分还有可能,1,显性,,,
学渣,65b19476000000000c005448,title,大龄学渣college生涯吐槽洞,1,显性,,,
学渣,65b19476000000000c005448,content,对于英语渣渣来说 这两周学的很痛苦 老师能感觉到我们的痛苦 于是布置的作业很少很少 既然学到这里了 不深入实践操作一下怎么好理解 买只羊观察观察 能观察出 清汤炖羊 葱爆羊肉 手抓痒饭 红烧炖萝卜 孜然烤羊排 … …,1,显性,,,
学渣,65b19476000000000c005448,comment,这是哪个学校哇,1,显性,,,
学渣,65b19476000000000c005448,comment,同大龄学渣 你学什么专业的,1,显性,,,
学渣,68c24908000000001b0305c1,content,高考连本科都考不上是什么成分😅一本二本三本都算本科#高考查分瞬间#高考不是唯一出路#文科生#本科#高考心态很重要#高考成绩#高考后留学#高考生#高考失利也能上本科#高考查分,1,显性,,,
学渣,68c24908000000001b0305c1,comment,北京人别看了考不上本科玩的多爽只有你自己知道,1,显性,,,
学渣,68c24908000000001b0305c1,comment,66 也得看地方啊 有些还教育资源差距呢 我们这文科生超本科线一百多分（特空上下）稳公办大学 没钱的只能去大专 评论区有些人真的 没话讲 成分复杂 小红薯被点名是一点不冤,1,显性,,,
学渣,683afdd400000000120021c2,title,我今天放弃了一位英语成绩差的初中生,1,显性,,,
学渣,683afdd400000000120021c2,content,讲真，退费的那个瞬间，心里也不舒服，毕竟没人和金钱过不去，但是我知道30-40的水平，各方面习惯都太差劲了。缘分到这了吧#教育的重要性,1,显性,,,
学渣,683afdd400000000120021c2,comment,删掉了中考失利的抑郁的不合群的被孤立的悲悲人,1,显性,,,
学渣,683afdd400000000120021c2,comment,我们为什么要被系统支配的走[超喜欢R],1,显性,,,
学渣,68908dfa00000000230281d4,content,只有100%复习考出来才可能有把握 一旦复习了95%，剩下5%没有看或者只是大概看了一眼，那么考试绝对会出现这5%的内容 是我这类人 每次必是这样 下次一定全背完[泪崩R],1,显性,,,
学渣,68908dfa00000000230281d4,comment,我差不多就这样。每次看到部分内容，心想，老师会出关于这的题，不可能吧。遂，略过。 打开试卷。完辣！嗨，你还真考这个啊。,1,显性,,,
学渣,69078080000000000402becf,content,一直以来在小红书上看到的大部分adhd的朋友都是高学历，想想看看双非二本院校或大专学历adhd朋友们经历，并说说感觉自己和小红书一些高学历adhd学霸在学生阶段学习习惯的区别。 我本人上的学校就是个普通二本，大二时偶然刷到视频，才得知注意力不集中可能是种病，大三去医院确诊了。 回顾之前的经历，其实我自认为我小时候虽然记性不好，非常粗心，但是还不算很笨。小县城出生，偶尔也名列前茅。从小就对学习一直挺上心的，因为家里有家长曾是老师，管的比较严格，我一直有较强的学习动机，初中高中堆上了很多时间和补课费，但最终也只是上了一个二本。 值得一提的一点是，我发现和网络上大部分高学历adhd朋友们经历不同的一点是，大部分高学历adhd在初高中阶段已经意识到自己和别人的注意力不同，所以以自学居多，不会在这方面产生太多情绪内耗。 而我那时候因为常被指责“怎么又不听课”而有着强烈的羞耻感，一直把“上课不集中”等于“不够努力”。所以这么多年来，一直对上课听课有着执念，认为自己上课时必须努力听课。所以忽略了自学的作用。 虽然也模模糊糊的知道自己自学时期的成绩会更好，但是心理迈不过那道坎儿。 高中阶段成绩最好的一段时期，也是疫情期间在家里听网课自学那段时间，我本身性格比较自律，会把网课来回听，并且认真完成作业。 并且高中时每个寒暑假我都提前预习，回学校后我的成绩都会有进步，但之后就开始直线下滑。 现在回想起来，曾经的那些不甘心现在也放下了，今天突然想起来，想看看有没有和我相似经历的小伙伴。 #ADHD#注意力缺陷#二本#学习经历#adhd症状,1,显性,,,
学渣,69078080000000000402becf,comment,有没有大专adhd本人笨的要死完全没有高智商代偿,1,显性,,,
学渣,69078080000000000402becf,comment,以为是手机太好玩了……小学时候名列前茅的，到了五六年级虽然成绩很好但是已经早上经常睡过头旷课，到了初中基本就是晚上玩手机白天起不来交不上作业，成绩还凑合，初二初三物理化学加进来就死掉了，高中基本就是吊车尾每天想办法把布置的任务凑合上实际上天天两三点甚至四点再睡老是迟到几分钟然后在课上睡觉，高三作息要求太早了所以每天都固定迟到十五分钟，一天醒着的时间应该不超过八小时，最后考了个稀烂二本……总之到考完了我都以为是手机太好玩了而我这人意志力实在是太逊了，直到大一adhd这个惊为天人的概念流行起来了，而我有感而发又机缘巧合之下迈入医院的那一刻可能改变了我的人生……,1,显性,,,
学渣,69078080000000000402becf,comment,[呃R]专升本升硕的adhd在这…读的村小外来子弟工初中镇上高中，家里对教育不在意也不愿意给我花钱，从没补过课喜欢文字文科分数不错但数学倒数，上课永远走神疯狂看小说没法控制，所以只上了专科也不给钱复读…现在研二了感觉脑子清醒了些吧…回顾以前就是重要的每一步几乎都错，但对当时的我也没有办法…,1,显性,,,
学渣,69078080000000000402becf,comment,上网发现adhd是什么天才病，大家各有各的天赋什么的，而我只是个单纯的笨蛋，这就很崩溃,1,显性,,,
学渣,695fc3f6000000000e00c2a2,content,150分的数学试卷，亲爱的老己考了4分#数学#高中数学#数学的魅力#精神状态#疯了#月考,1,显性,,,
学渣,69f0b632000000003701ffa3,title,【1504】求学数学学破防了的文案,1,显性,,,
学渣,69f0b632000000003701ffa3,content,【tg】求学数学学破防了的文案#文案借我用用bot#数学,1,显性,,,
学渣,69f0b632000000003701ffa3,comment,"我写数学 【脑嗨：】集合，跪下！复数，跪下！不等式，跪下！函数，跪下！立体几何，跪下！三角函数，跪下！解析几何，跪下！数列，跪下！平面向量，跪下！概率统计，跪下！导数，跪下！ 【实际上：】 😣🙄-乘法口诀表: 一一得一，一二得....九九八十一。-除法运算:除数是一位，先看前一位，一位不够看两位，除到哪位商哪位。🙀😓。 🤑🤧-长度单位换算: 1厘米，很淘气，仔细找，才见你。 指甲盖1厘米，伸出手指比一比。长短和我差不多，大约就是1厘米。🫣✋100个我是1米，我是米的小兄弟,物体长了别用我，要不一定累死你。🦉🧑🏽",1,显性,,,
学渣,69f0b632000000003701ffa3,comment,学数学这东西不能急，要慢慢熬，多巩固基础公式，思维要拓宽，刚开始什么都不会很正常，时间久了自然就跳楼了,1,显性,,,
学渣,69f0b632000000003701ffa3,comment,学得好崩溃，想站在大雨里假装自己是歇斯底里的主角，实际上只是一个冷冷的冰雨在脸上胡乱的拍的屌丝,1,显性,,,
学渣,69f0b632000000003701ffa3,comment,今天来讲一下我和数学的磕点吧，嗯就是数学喜欢被我写，我不喜欢但是我必须写数学，嗯，数学对我强制恨我爱而不得嗯然后就，嗯我出轨去写化学，你懂吧就是结果化学也不理我，没办法嗯，然后就那样你懂吧，然后我就和数学虐恋了然后数学腰没了 ​,1,显性,,,
学渣,69f0b632000000003701ffa3,comment,这次数学考得很不错，离150最近的一次，只差了1，我考了50 ​,1,显性,,,
学霸,69c8914e000000002103bc54,comment,不知道啊，但确实额头都很宽广，不怎么注重发型和外貌，双目炯炯有神像托尔斯泰，但话不多，而且普遍长的比较黑吧但是笑起来很伟大，喜欢啃手,1,显性,,,
学霸,69c8914e000000002103bc54,comment,上数学课不听。上课爱写作业。,1,显性,,,
学霸,69c8914e000000002103bc54,comment,感觉如果强调女学霸的话 ╸▵╺我见到的女学霸与男学霸不同的是，她们大多有学习之外的一个很精通的爱好，音乐，游戏，绘画，运动之类的 (＞◡＜),1,显性,,,
学霸,69c8914e000000002103bc54,comment,上课爱写作业，而且大概率戴眼镜+死鱼眼（我前桌还有以前同学里的理科大姥基本都这样）,1,显性,,,
学霸,69d834170000000023026960,comment,教室里下课 大课间同学都出去了 人很少 “同学给我抄一下”右位还以为左位要抄作业 毕竟找右位抄作业的人很多 于是把作业本给左位递过去 结果左位直接拽住右位的手腕给右位拉过去对右位动手动脚的 右位吓的说“同学别这样 我以后作业都给你抄 我教你做题别这样……”左位越听越兴奋了……（哈哈算老梗了吧这个）,1,显性,,,
学霸,69d834170000000023026960,comment,左位说要学生物 用右位当“教具”摸到一个位置问右位这个部位的知识点 右位边抖边带着哭腔给讲解……如果是冷脸高冷学霸右位那更好吃了😋,1,显性,,,
学霸,6649e128000000000f00fc69,comment,太是了 经典寸头小胡子黑框眼镜 眼神看起来像刷题过度,1,显性,,,
学霸,6649e128000000000f00fc69,comment,211大学毕业的跟你以前长得差不多,1,显性,,,
学霸,6649e128000000000f00fc69,comment,高一物理9分 分科怒选文科 高考数学144,1,显性,,,
学霸,6847b7f300000000220062da,content,对比人大附中考生与宿州追风少年，一对比就知道哪个是学霸，哪个是一般学生了。 学霸都是稳重型的、大方，人大附中这位小姐姐以后至少处级干部起，这气质绝对排第一。,1,显性,,,
学霸,6847b7f300000000220062da,comment,“饱读诗书气自华”与“鬼火少年发自狂”,1,显性,,,
学霸,6783804500000000200142c4,comment,我是清华的，我不care学历，希望另一半高一点，因为我就170，只要身高比我高颜值过得去，大专也行。,1,显性,,,
学霸,6783804500000000200142c4,comment,北航本硕，河南九百名杀出来的。我自己能力足够我在任何一座城市独立成家，所以女生的能力对我来说没什么意义，倒不是希望女生是一个附庸，而是谁能力强谁多赚点呗，这取决于专业，运气，工作的赏识，显然我只是运气好一些，高考蒙对的多了点，所以真的不求一个学霸女友，在我眼里，能够陪伴我，就已经是世界上最美好的事情了，至于学习，只是一个鸡肋。别自卑，没意义，清华不照样骑北航头上，交叉院又骑清华头上，即便到了交叉院，纳维斯托克斯方程不照样解不出来解析解？所以真的，学历真的无所谓。更重要的是，我能够在拼搏后，依偎在媳妇儿怀里充充电。这是世界上最幸福的事情。陪伴，比学历重要一千倍一万倍。,1,显性,,,
学霸,6783804500000000200142c4,comment,我双985硕，我女朋友大专，我一年20多万，她自己在大理做手工皂之类的卖，一年可能就1w多，但是我很喜欢很喜欢她，在我眼里她是很漂亮很可爱的，虽然我在上海和她相距很远，但是我就希望她现在慢悠悠的生活不要因我变化，她替我过着我想要的生活,1,显性,,,
学霸,6783804500000000200142c4,comment,我是专业top1博士，相对而言我觉得有学历差会更好，大家的性格接触的事都不一样，相互之间可以提供情绪价值，真正同等不一定幸福，男女都是，觉得互补才会快乐,1,显性,,,
学霸,6783804500000000200142c4,comment,我211本硕，现在自己开的培训班带中学生，我媳妇儿初中学历，根本不care我平时上课的内容啥的，还觉得我老爱说教她，觉得我管的太多，觉得生活不是工作，不用态度那么认真，觉得我太较真，加上平时沟通起来真的有很大障碍，鸡同鸭讲的感觉,1,显性,,,
学霸,681b44650000000023015efc,content,美国名校Phillips Academy3月31日发表声明说，其学校的亚裔学生Lucas Lee被发现死在校园里，他很可能是自杀。Lucas Lee是Phillips Academy2025届的学生，今年春天本来要毕业。他是韩裔美国人，学校里的学霸，参加了很多学生组织，聪明又贴心。网上悼念他的朋友都说他风趣又会照顾人。有帖子爆料说，Lucas的死因可能跟藤校录取有关。听说Lucas申请了几所全美顶尖的大学，但藤校放榜后，他一个都没有被录取。虽然他在美国名校Phillips的成绩拔尖，社区服务也做了不少，还活跃在很多学生社团并担任领导职位，但还是被藤校全部拒绝了。Lucas最后对他的妈妈说，对不起，我让你失望了。 亚裔家庭一直以来都很看重藤校，藤校的光环常常让很多亚裔的孩子透不过气，压力巨大。藤校的录取标准不透明，亚裔学生担心被针对，无形中也加大了孩子们爬藤的压力。,1,显性,,,
学霸,681b44650000000023015efc,comment,抗压不行，太顺风顺水了,1,显性,,,
学霸,681b44650000000023015efc,comment,太可惜了 孩子对录取期待过大,1,显性,,,
学霸,68931d0900000000040077eb,title,为什么大家不承认💥学历差距就是智商差距,1,显性,,,
学霸,68931d0900000000040077eb,content,以前我总觉得，读书这事儿全靠死磕，只要够拼，普通学生也能逆袭进顶尖大学😤结果前阵子跟邻居家那学霸聊天，直接给我整明白了 ~ 他说自己当年备战考研👬每天就学四五个小时，还雷打不动晚上看两集球赛，最后照样轻松考上了 985 的研究生 ✅学习差是不是跟智商差有关系？如果你从来没有测过自己的智商，那你可以点图片下方的【立即参与】自测一下✅ 其实在 985、211 这类顶尖学府里，智商的差距真挺明显的🙇有的人看一遍教材就能理清逻辑框架，有的人埋头啃一周还在纠结概念 👇说起来我自己也测过好几次智商，结果总在 110 上下浮动💁你测过智商吗？你的智力水平是多少？ ✅点击图片【立即参与】🔥看看你与别人的智商差距到底有多大✅ ﻿#智商﻿ ﻿ ﻿﻿#智商测试﻿ ﻿ ﻿﻿#自我成长﻿ ﻿ ﻿﻿#智力开发﻿ ﻿ ﻿﻿#学习﻿ ﻿ ﻿﻿#北大﻿ ﻿ ﻿﻿#最强大脑﻿ ﻿ ﻿﻿#脑力测试﻿ ﻿ ﻿﻿#高考﻿ ﻿ ﻿﻿#脑力开发﻿ ﻿﻿﻿,1,显性,,,
学霸,68931d0900000000040077eb,comment,人脑感觉有多种能力倾向啊，深度思考的计算速度和存储大小、快速思考和反应能力、肢体的控制能力、语言和表达能力、与人的共情能力。不同人不同能力间有很大差别。比如很多数学家肢体不利索、无法处理好人际关系。不知道智商这种是怎么划分的?仅仅是深度思考的能力吗?,1,显性,,,
学霸,67b29b54000000001800696c,title,冷知识！识别学渣学霸的正确方法,1,显性,,,
学霸,67b29b54000000001800696c,content,#学霸#学霸秘籍#冷知识#冷知识科普#学渣逆袭#不爱学习,1,显性,,,
学霸,67b29b54000000001800696c,comment,我是前两个是学渣，最后一个是学霸,1,显性,,,
学霸,668e6818000000000a027a9e,content,主打的不是一个长得好看， 是长得傻白甜但是拿了重生逆袭的大女主剧本。 不敢发朋友圈快给我憋出内伤了， 爽得和做梦一样😡😡😡 #成绩单#高中生活 二编 问选科和学习方法的好多啊啊啊但是我的选科很烂而且理科学习我目前也在摸索中，不是那种传说级别的常胜将军……稍微给出了一点建议放在置顶评论里了，感兴趣的话可以参考！大家一起加油！,1,显性,,,
学霸,668e6818000000000a027a9e,comment,我嘞个豆宝宝们可以问学习方法 我会适当给出一点不成熟的建议 但是选科真的还是找老师家长这些了解你们也了解局势的人讨论吧！我自己选这个重灾区都不停被老师骂呢哈哈哈 实在无力帮助大家啦～,1,显性,,,
学霸,668e6818000000000a027a9e,comment,宝宝你好可爱 我也是长得像文科生但高三考过数学143物理98化学94 格子衬衫黑框眼镜哥看了都得叫大爹hhh（开玩笑 大家关系都很好） 不过我已经毕业了 相信你肯定也会学业有成 也祝你天天开心,1,显性,,,
学霸,668e6818000000000a027a9e,comment,学姐，我是准高一生，想选物化生（喜欢），但是都说竞争压力大，我本身文科好（不喜欢）现在有点纠结,1,显性,,,
学霸,668e6818000000000a027a9e,comment,哪两科这是，太牛了,1,显性,,,
学霸,668e6818000000000a027a9e,comment,学姐想问问学习方法预科上了数理化英 数学物理感觉还可以（但是我刚上两天可能因为刚开始不是特别特别难）英语也就是背单词 化学我基础真的不行 感觉现在就已经开始跟不上了,1,显性,,,
学霸,668e6818000000000a027a9e,comment,不许考了，我眼红（）,1,显性,,,
学霸,668e6818000000000a027a9e,comment,少吃甜食，把手里的面包扔掉长得多白嫩可爱啊圆圆的脸，很可爱，招人喜欢学习还很好，求分享经验,1,显性,,,
学霸,69b6e7dc00000000210075e8,content,在师弟师妹的怂恿下发帖了。本人理工科直博生，科研任务重每日三点一线，圈子极小。 infj，178，平时健身，长相比实际年龄显小。非常喜欢弹钢琴且技术不错（你喜欢的歌曲/古典我都会弹给你）。 南方人，性格温和，独子家庭和睦，有点社牛且不怕尴尬。比较恋爱脑，有过一段感情经历。恋爱观觉得恋人应该是最好的朋友。未来大概率留京发展，卡ip 真诚交友，骗子中介勿扰。希望带个人介绍打招呼。希望对方00年及以后，有点小卡颜但合眼缘就行。 打直球，可互换照片或见面。即使不合适认识新朋友也很开心。没什么聊可以互相聊课题，研究方向比较有趣。 #pku#脱单#北大#海淀#研究生#交友,1,显性,,,
学霸,69b6e7dc00000000210075e8,comment,推送机制太可怕了哈哈哈哈师兄,1,显性,,,
学霸,69b6e7dc00000000210075e8,comment,enfp，153，44kg，目前在云南读研，后续工作地点待定。南方人，性格温柔，双女家庭和睦。熟人社牛，喜欢和好朋友语音通话，可以聊很久。颜控+恋爱脑+相信眼缘，母胎单身。直球，可先互换照片，即使不合适也可以成为朋友。,1,显性,,,
学霸,69b6e7dc00000000210075e8,comment,借楼找对象 性别女 普通二本毕业 现居广州黄埔 湖南衡阳人 160 90kg 爱好 打单机游戏 看电影看剧 阅读 家里是普通工人 父母一方有社保 上一份工作做了两年 5月刚离职 待业中 期望男方无抽烟喝酒等习惯 身高170体重基数在正常范围 爱好至少有一个重合,1,显性,,,
学霸,69c7824f000000002302431d,content,这是我小时候常听到的一个说法，后来当理科老师的时候也常因性别而被质疑能力不足。 我一直对这个说法不以为然：因为亲戚里的女性许多理科天才。而我也从未感受的有哪个男生的理解能力比我更强。 但是，带过的很多女学生理科上确实没有天分：甚至不知道木头扔到水里是浮是沉。 直到今年春节，带侄女出去玩，她很擅长自然学科。我又开始思考这个问题，开始观察分析这些擅长理科的女性有什么共同的特点。 我跟侄女小时候都很调皮！！ 我四岁的时候会用铜线电池接灯泡， 侄女五岁叠小船往水里放， 我六岁把人体模型的五脏六腑拆一地， 侄女七岁把白糖小苏打往可乐食醋里倒泡沫喷一地…… 自然学科是从现象总结规律的学科 没有见过现象又如何总结规律呢？ 至此，“男生比女生更有理科天赋”——这句话背后的道理不言自明。 不是性别带来了天赋，而是性别的带来的社会刻板印象影响了童年的经历，而童年的经验积累影响了后续的学习和能力。 这句话被总结出来的年份： 男孩的童年奔跑在田野之间，摸鱼逗鸟抓虫打狗。对自然无比的熟悉，无数自然现象伴随童年的玩闹铭刻记忆之中，成了后来学习自然科学的资粮。 女孩的童年环绕于无数姨嫂姑婆之间，听她们家长里短、传说逸闻，耳朵磨的多了自然能分清种种语音的细微差别，成了后来学习语言的基础。 #男生和女生#理科生#男女差异,1,显性,,,
学霸,69c7824f000000002302431d,comment,调皮是重点。思维需要前期积累投资的，小学学的内容背记为主，文科性质更强，不调皮就会花大量时间读书背记去扮演家长眼里的听话好学生，调皮就更可能有多种机会接触不同知识——但也有可能顾着玩给玩疯了。,1,显性,,,
学霸,69fd51320000000020039fe1,comment,前十可能都有天赋，但是我们班第一永远是最努力的那俩人轮流当的，怎么个努力法呢，自己不给自己安排娱乐时间那种，反正我一直不努力高考只有647和他们差了50多分，我被说不自律，从小学到大学，从来没改过，我觉得这种自律努力就是一种天赋,1,显性,,,
学霸,69fd51320000000020039fe1,comment,对于大多数人，根本无法理解啥是天赋。伤仲永信息太闭塞了。高中班上40个人，3清华5北大3浙大5复旦等等，能讨论天赋的没几个。但初中省数学集训队（全省奥赛前三十），看到个刚上初一的小孩巨强，瞬间就感受到天赋了。这孩子初中拿了我们省高中的冠军。话说我们那届还有个妹子是首届全国女子奥赛的满分金牌，都没有那种天赋感,1,显性,,,
学霸,69fd51320000000020039fe1,comment,持之以恒的坚持和努力就是天赋。我小时候一个小时都背不下来五个单词，脑子也笨笨的，但是可能就是不甘心吧，别人玩的时候我就学，学不会就背，一遍一遍重复，后面也考到了985，雅思7.5，法语B2，文转理，自学的物理，编程，SQL，22岁年薪70万。很多比我有天赋的人现在都远不如我。只能说如果没有天赋，还想往上走，那就只有努力。,1,显性,,,
学霸,668107a3000000001d01864e,content,为什么学霸学习看起来很轻松？ 真的是一学就会吗？ 我给大家讲一个我身边的真实案例，大家就明白了。 我高中同桌考上了北大，他是学校公认的学神，他家境不好，没钱上辅导班，而且是农村考进我们省重点高中的，家太远只能住校。他平时非常节俭，情绪非常稳定，甚至在我眼里看起来他是个世界的旁观者，每天就是自己默默地看书刷题，话非常少，但是喜欢打篮球，每天放学必然会去打一小时球。我很幸运地被安排在他同桌，只是我当年太愚钝，没有领悟到学神的精髓，现在回想起来有些问题很值得我们学习: 1、他学习效率非常高，阅读量刷题量都比一般同学大好几倍，有些人说学神不刷题，看眼就会，其实不对，他只是效率太高，所以显得学习时长没那么夸张而已，他写作业速度起码是我的5倍，经常我还在挠头，人家嗖嗖写，太有压迫感了； 2、他会选择适合自己的习题，不会像普通同学一样，老师说什么作业就做什么，本来智商就高，他还会节省自己精力，策略上就高大家一大截； 3、他会自己自学，并且超前学超纲学，我那时候没心没肺，经常在他桌子上看到陌生的教辅资料，翻开看如同天书，其实他那时候就在自学高等数学了，还有些高难度的超纲题，而我当初还在傻乎乎认为只要跟着老师就没问题； 4、他会自己挑选需要的课来听，对于有些科目，他跟老师商量好，做自己的事，看书刷题，这样又减少了时间浪费，把每分钟利用到了极致； 5、他每天坚持体育锻炼，保证了身体素质和体能，这样精力好注意力才能长时间集中，他看书能持续好久一动不动的那种； 6、他情绪非常稳定，生活极简，是个没有内耗的人，我们普通同学还在为了合群不合群等问题苦恼的时候，人家早就看穿了本质，知道自己要什么了，思维层次高出一大截。 总结:学霸们除了天生智商因素，还搭配了优秀的学习策略和规划，所以组合起来是王炸，而我们普通孩子，智商本来就差了一些，而又不懂规划、不懂策略，所以干不过学霸是必然的，但是要说学霸非常轻松，也并不是，他们只是效率极高不搞疲劳战术而已，非常容易迷惑到不明真相的群众，但是我作为学霸的同桌，看着他一步一步走过来，我心里很清楚他的成绩是怎么来的。#孩子教育#小学生#学霸#学神,1,显性,,,
学霸,668107a3000000001d01864e,comment,这才是正确的学习态度。网上那些说学霸从不刷题上课睡觉照样拿高分我真的觉得很无语。谁家孩子天生自带网盘出生的,1,显性,,,
学霸,668107a3000000001d01864e,comment,是真有不学的，我同学住校晚上打游戏白天睡觉，因为翻墙去网吧还被通告了，最后还是去了985，但是以他的智力去清北都可以，只要他努力，可是他从未努力过，挺可惜的，他是我见过最聪明的人，暑假可以背下一本牛津词典，其实也不是背他就是无聊随便看看，英语150满分，他可以考147，前几年看到他已经去经商了，太可惜了,1,显性,,,
学霸,696b9746000000002202f371,comment,小时候学习感觉中国教育真是埋没人才，现在当了老师才发现，数理化真正强的，压根埋没不了。,1,显性,,,
学霸,696b9746000000002202f371,comment,可恶的数学射线今年考试考过原点的函数——比值关系，学生全写射线,1,显性,,,
学霸,68f0cb8d0000000003011ba9,comment,给个建议，把两个角色特点搞鲜明一点，单看语气不是很明显，看到人云里雾里的。比如说可以给灵活的那个姐们脖子上带个耳机，踏实那个姐们戴个眼睛/耳朵上别跟笔这种外貌差异,1,显性,,,
学霸,68f0cb8d0000000003011ba9,comment,接一下（我和crush成绩差不多）,1,显性,,,
卷王,67c433e8000000000b017eb3,title,原来这就是我们害怕卷王的原因,1,显性,,,
卷王,67c433e8000000000b017eb3,content,#拒绝内卷#真让我大开眼界了#反内卷#思想上的巨人#别卷了#这个世界就是个草台班子#内卷与躺平#打破信息壁垒#卷也卷得赢躺也躺得平#接受平凡并不代表摆烂,1,显性,,,
卷王,67c433e8000000000b017eb3,comment,我高中是衡水模式那种，有一个室友特别特别特别卷，然后高三时候她听到我们另一个室友在宿舍和家里打电话家里说高考考不好就去香港（那个室友也很厉害高考考不好是指考不上top985），然后和我们说“我不和她比我总比不努力考不上本科的自己强”，实际上背地里在厕所哭了很久，所幸她俩都是很善良的人，一个没有炫耀一个没有搞破坏，但是我当时真的觉得她真的好可怜,1,显性,,,
卷王,67c433e8000000000b017eb3,comment,我卷的是自己，我不介意别人学的比我好，我甚至还会拉一把荒废的人。努力和自私相关性没那么强，很多躺平的人也喜欢占别人便宜。,1,显性,,,
卷王,67c433e8000000000b017eb3,comment,我刚毕业进入的公司管理层好多关系户离谱的是，他们会在实习生里面选婿（很离谱但是真的），当时hr师哥面试我的时候就问我感情状况，是不是单身，后面到了部门，主管第一天介绍我的组长，比我小，长沙土著女，重点是开保时捷来上班，让我抓住机会抱大腿，我当时很懵，听着这话怪怪的，后面主管经常问我一些莫名其妙的问题，比如喜欢几个小孩，接不接受孩子和女方姓之类的，过了没多久，直接明牌让我去追我当时的组长我听到人完全蒙了脑子根本反应不过来，觉得又假又离谱，以至于第二天直接忘光了，主管和组长也因为我这个迷之操作生气了，后面排挤让我走了亏我当时那么努力工作，加班到九点半,1,显性,,,
卷王,67c433e8000000000b017eb3,comment,不羡慕卷王 也不羡慕天才 我只羡慕心态好的人不管在什么环境下都活的很好,1,显性,,,
卷王,69cf0e47000000002302454a,content,美国市场太卷了，一小哥刷题刷了 3000 道，快把题库刷完了 小哥的背景是 UC Berkeley 本科，行政管理专业 有人说他是印度人，看了一下他领英主页，上面语言是英语加上法语，所以不太确定 很多人天天聊国内的小镇做题家，美国这边的做题家也是一点都不少，好吧,1,显性,,,
卷王,69cf0e47000000002302454a,comment,Ishaan 是我的一个朋友。 统一回复一下 他是因为自己的病情所以才辞职的 不是完全没工作。然后他现在刷题纯属是当个爱好来刷，人家是真的喜欢做题的感觉 不是为了找工作,1,显性,,,
卷王,69cf0e47000000002302454a,comment,self-employed但是特别爱刷题,1,显性,,,
卷王,69bdf784000000001a02582a,comment,抽到p2当队友就完蛋了,1,显性,,,
卷王,694a78fa000000001e035d58,comment,可是我小蝴蝶全班倒数怎么办，我感觉这不准呢,1,显性,,,
卷王,694a78fa000000001e035d58,comment,我快乐小狗偏要证明给你看,1,显性,,,
卷王,68cf9e78000000000e031457,title,中国人全世界最累！最卷！工作就是生活！,1,显性,,,
卷王,68cf9e78000000000e031457,content,中国人的平均工作时长显著高出几倍于全球许多国家和地区，尤其是发达国家。 根据中国国家统计局发布的数据，近年来全国企业就业人员的周平均工作时间通常在48小时以上，远高于韩国，日本，这个还不包括外卖，滴滴等。 在一些经常与“过劳”文化联系的国家/地区中，中国的工作时长也名列前茅。“996”与加班文化特别是互联网科技、金融、制造业、媒体等行业的真实情况。在这些领域，“**996**”工作制（早上9点上班，晚上9点下班，每周工作6天）非常普遍，甚至被视为一种“潜规则”或“福报”，这种违反《劳动法》的行为，并明确其违法性，但隐形加班、变相强制加班的现象在许多公司依然存在，中国政府喊口号，感觉对此毫无办法！只要你加班够努力，老板喜提法拉利！ 企业文化与观念，在一些企业中，“奋斗”文化被推崇，将工作时长与工作态度、忠诚度直接挂钩。准时下班可能会被误解为是一种不努力，甚至让你觉得惭愧！员工想维权无处申诉，维权成本高，对企业毫发无伤！ 在高额的生活成本压力下，衣食住行都需要花钱，迫使许多人宁愿默默的做牛马直至倒下，据数据统计中国每年有60万人死于劳累！ 你们一周都工作多长时间？,1,显性,,,
卷王,68cf9e78000000000e031457,comment,如果全国遍地都是早上8点上班，下午5点下班，出公司门可以看到晴朗的天空，国民幸福感绝对会大大增加，而不是靠遍地大街小巷的各种口号,1,显性,,,
卷王,68cf9e78000000000e031457,comment,过年这么重要的节日，放一周假，完了上班后周六还要继续上班。特别是一些体制内的，真不知道这么做意义何在，明明一天能做完，非要安排两天,1,显性,,,
卷王,69e73fdb000000001b0208fd,content,北京是头部竞争（清北、c9）非常激烈，甚至会有很多头部考生去河南高考，因为上清北的竞争压力小，而且可以凭借北京的师资碾压河南考生。 在北京最舒服的是中不溜的考生，有个北工大托底，只要学习了保底是211。 话说回来，北京高考内卷的那帮人其实就是山河四省卷上来的人的后代，几乎没有本地土著。所以想高考不公平，不如想想为什么自己爹妈没拼命考到北京上海来。 #北京卷#高考#高三#北京人,1,显性,,,
卷王,69e73fdb000000001b0208fd,comment,保底211你也太会拉仇恨了，你让外地保底大专的咋看北京,1,显性,,,
卷王,65c9068a000000002c035f38,content,今天再次刷到DY的小谷教数学，最可怕的不是她解题思路，而是她像特级教师一样的说话语气和眼神，太厉害太卷了，期待她以后会变成什么样的人。#小谷数学课#数学#小学数学#初中数学#高中數學#大学数学#高考數學#考研数学,1,显性,,,
卷王,65c9068a000000002c035f38,comment,宝子们，别争啦，这个小女孩，一是喜欢数学，二是能挣钱，这年头能做自己喜欢的事情且挣到钱，很不容易啦。而且挣的钱以后估计也够给她后续教育发力提供帮助。,1,显性,,,
卷王,65c9068a000000002c035f38,comment,其实她能讲出来证明她掌握的更扎实。能做题掌握50%就行，但能清晰有条理讲述那得掌握90%以上才行。讲述也是重温知识的一种途径，康奈尔学习法呀！小朋友确实很优秀！只不过网络时代让她的视频被传播让她的优秀被看见。多了这么多酸溜溜的声音似乎也是必然。她火了，接下来就该考验她父母如何保护她了。,1,显性,,,
卷王,65c9068a000000002c035f38,comment,我也很喜欢这个小姑娘，人生做自己就行，我觉得她很enjoy其中，至于未来是未来的事情。她开心就好。如果她不开心就当我前面没说,1,显性,,,
卷王,65c9068a000000002c035f38,comment,每次看见她，我都特别害怕，我发誓我不是嫉妒，真的是害怕，感觉一个和我妹妹一样大的女孩子，脸上的动作神态有种我高中四五十岁数学老师的感觉就感觉怪怪的,1,显性,,,
卷王,67822cb5000000002002745c,comment,真学进去了就不焦虑了,1,显性,,,
卷王,67822cb5000000002002745c,comment,一样 真的很烦,1,显性,,,
卷王,67822cb5000000002002745c,comment,你管人家卷不卷，人家学习你焦虑 还偷偷起床学习，为什么偷偷要么怕吵醒你们，要么怕你这种把人挂网上的人,1,显性,,,
卷王,67822cb5000000002002745c,comment,自己稳不住自己的心性，为什么要怪别人？她想学与不想学都是她个人自由，你也可以选择不学。,1,显性,,,
卷王,66be87e7000000001e019595,comment,工贼比老板更无语 国内工贼是最多的,1,显性,,,
卷王,692ef91c000000001e028e22,title,舍友学习太狠，很恶心,1,显性,,,
卷王,692ef91c000000001e028e22,content,其实一直不懂为什么会恨别人学习太卷？刚看到个帖子说舍友学习太狠很恶心#大学精神状态 ……自己做不到就恨别人努力？我一直觉得努力的人很值得敬佩，取得成就也是ta们应得的 #大学是一个人的大学#舍友,1,显性,,,
卷王,692ef91c000000001e028e22,comment,因为她们自己不想学，也不希望别人学，感觉别人学习就跟自己亏了啥一样，我室友也是，她们只允许自己学习，别人学她们就会嘲讽。还有我们班长在备考计算机二级证，被她们知道了就一直在阴阳怪气,1,显性,,,
卷王,692ef91c000000001e028e22,comment,我也很钦佩他们，但是又觉得看着就好累，每天学到晚上一点多。我有时候还会觉得她们这样有点功利，总用成绩标榜自己。不过也可能因为我是有点理想主义吧,1,显性,,,
卷王,692ef91c000000001e028e22,comment,我觉得卷到影响别人真的很恶心，我们学校毕业论文以前要求没这么高，师姐说就是被同学卷起来的，本来做一种方法就可以，人家非要做三种，本来写六万字，人家非写八万字，后来集体被卷的模仿，卷王标准成了及格线,1,显性,,,
卷王,692ef91c000000001e028e22,comment,我觉得正常努力和卷不是一个概念内卷的人会影响到别人并且会散发焦虑情绪，而且有时候用不正当方式（比如和老师套近乎等）为了拿到更高的成绩，感觉如果是这样的讨厌很正常,1,显性,,,
卷王,692ef91c000000001e028e22,comment,因为有的人自己不想学习，但是深知学习的重要性，看到别人努力，会有压迫感紧迫感，可以理解为自己的利益受到威胁（自认为的）。两个人根本不在一个维度。是他自己以为和努力的同学在一个维度而已。还有，努力和卷是两回事。比如同样的学习任务，明明课堂上就可以完成了，回家正常作业。有的人要参加课外补习班提前学，但是中高考又只有一次机会，导致周围的人不得不跟着去补，破坏正常学习环境和进度，这种叫卷，自己努力的看书背书不能称之为卷。,1,显性,,,
卷王,692ef91c000000001e028e22,comment,那种自己不学还不让别人学的另说，我来说说我我是因为跟他们学习习惯不一样，他们每天从早八卷到晚十一，就算刚开学第一天什么都没讲他们也这样，比我高中都卷。。。我是那种前两个月疯玩，去图书馆只做做作业不自己拓展，后两个月才开始卷的人，最终我的绩点也是很高的比我们宿舍的卷王们都要高，但是在我疯玩的那两个月看到他们疯卷就很难受，很焦虑。。。主要是跟个人习惯不一样所以导致的分歧吧。再一个是他们的卷跟高中被灌输的“上大学就轻松了”形成了鲜明对比，一个人的固有认知被挑战时会产生严重的不安全感，也算是一种生物本能吧,1,显性,,,
卷王,692ef91c000000001e028e22,comment,讨厌就讨厌呗，没心思管那些小虾米，我卷我乐意,1,显性,,,
卷王,69f2ffea000000003501ff2f,title,别让 “躺平” 话术偷走你的斗志,1,显性,,,
卷王,69f2ffea000000003501ff2f,content,两天前，国家安全部披露的一则消息，让不少人惊出一身冷汗。那些在网上天天喊着 “努力没用”“不如躺平” 的网红，原来并非真的看破红尘，而是拿着境外组织黑钱的 “职业演员”。他们流水线式生产的消极内容，像精准投放的 “精神毒药”，悄悄消磨着年轻人的斗志。 这些被境外势力资助的网红，翻来覆去就那几句话术，刻意放大生活中的困难，把奋斗等同于 “被剥削”，把努力说成 “毫无意义”。他们的目标很明确：给年轻人洗脑，让大家觉得前途暗淡，干脆放弃进取。更讽刺的是，当他们拿着黑钱劝我们躺平时，背后的金主却在自己的国家卯足劲搞建设、抢人才，半分不肯松懈。 有人可能会疑惑，国家明明提倡反内卷，为什么又要打击这种 “躺平” 舆论？其实两者有着本质区别。国家倡导的反内卷，是反对无意义的内耗、不合理的竞争，让大家在更健康的环境里高效奋斗；而境外势力煽动的 “躺平”，是彻底否定努力的价值，试图摧毁年轻人的上进心，这是赤裸裸的思想渗透。 想想那些深夜刷到的视频，当你拖着疲惫的身体回到家，看到屏幕里的人告诉你 “普通人再努力也买不起房”，是不是瞬间觉得工作失去了意义？这正是他们想要的效果 —— 你的焦虑和懈怠，就是他们完成任务的 KPI。那些让你越刷越丧的内容，从来不是共情，而是精心设计的圈套。 如今国家已经出手整治这些 “假网红”，我们自己更要保持清醒。别把网络上的情绪垃圾当成人生真理，别让别人拿钱演的剧本，左右自己的人生。日子是自己过的，哪怕只是普通人，踏踏实实的努力，也远比被人当枪使有意义。别让 “躺平” 话术，偷走你本该闪闪发光的人生。 #躺平#热点#内卷与躺平,1,显性,,,
卷王,69f2ffea000000003501ff2f,comment,以后不躺了，我趴着还不行吗,1,显性,,,
卷王,69f2ffea000000003501ff2f,comment,这里所说的躺平，指的是哪种？包括这种嘛？,1,显性,,,
卷王,69f2ffea000000003501ff2f,comment,躺平给红码，疑似躺平和 无症状躺平 给黄码,1,显性,,,
卷王,69f2ffea000000003501ff2f,comment,躺平一时爽，一直躺一直爽,1,显性,,,
卷王,69f2ffea000000003501ff2f,comment,如果主动离职给失业金我想应该没人会躺平,1,显性,,,
卷王,69f2ffea000000003501ff2f,comment,躺平不至于，至少能挣的顾着自己生活，至于努力吗，一时的斗志，累了就休息，手里一直有钱就可以,1,显性,,,
卷王,69f2ffea000000003501ff2f,comment,45℃行不行，这不行那不行的,1,显性,,,
卷王,69f2ffea000000003501ff2f,comment,反正现在的人躺平怪不着网红，主要是开智了，知道人不休息可能会嘎,1,显性,,,
卷王,684500f90000000023011d95,content,"吃饱了再去卷！ 上本科的实分析，第一次随堂考试满分10分，估计最多3分。完全不会证明。礼拜四去office hour，下午1到3点，1点半点去的，三四个人在那里！！！老师一个个回答，还有问题没问完！昨天周五又有一次考试。明显比上次有进步。有两个概念记得比较模糊，另外一个题目是作业，自己证明出来了。还有一个题目a>b, c> d证明a+ c >b+d，考试没想出来，回来又想出来了 上一周过的比较辛苦。10点半就睡，第二天6点40起来。开始看书，写作业。每节课前都要提交阅读笔记，和作业！明显感觉特别充实。累了，一到床就睡！ 希望后续的学习能够延续这种状态。 第一次随堂最后一题，证明可逆函数的bijective性质，作业1，作业2，课堂slide都要弄懂！20号第一次考试！考到极限之前的内容 早上复习了二阶微分方程的几种常见形式，明天复习一阶微分方程，礼拜一考试，提前一个小时去图书馆，做一下计算，让自己的大脑热起来再去教室考试！希望一切都顺利吧！",1,显性,,,
卷王,69cfeb00000000002200c15f,content,没人告诉我读博了也要学这么疯啊… 高强度学习一周是什么体验，请看： #学习vlog#vlog#留学韩国#留学vlog#精神状态岌岌可危,1,显性,,,
卷王,69cfeb00000000002200c15f,comment,我靠看爽了小鱼姐姐！从高中看你的视频到现在我也在韩国读书真累啊是,1,显性,,,
卷王,69cfeb00000000002200c15f,comment,你在这个视频加了什么、、好累、、,1,显性,,,
卷王,69cfeb00000000002200c15f,comment,小鱼怎么28还在上学呀,1,显性,,,
卷王,69cfeb00000000002200c15f,comment,博主的MBTI是什么？感觉博主的学习状态跟我好像，仿佛看到了另一个我，但我感觉一周这么多任务，我不太行，会焦虑到睡不着,1,显性,,,
卷王,69cfeb00000000002200c15f,comment,背英语间隙刷小红书放松一下结果这个视频看得我好焦虑,1,显性,,,
卷王,69cfeb00000000002200c15f,comment,我初中很爱看 现在看觉得好累,1,显性,,,
卷王,671d83ba0000000021004eb7,comment,有研友还说啥啊，没有研友的你去看看，考的一点动力没有，没人给你加油打气，没人对你问候，也没人陪你说话，每天就是自己一个人学习，吃饭，到点睡觉。这样的生活已经完全脱离了社会了，不疯才怪。可能我真的很强大，面对这样的生活硬生生挺了快一整年了,1,显性,,,
卷王,671d83ba0000000021004eb7,comment,睡不着怎么办晚上十一点半就放下手机一点半才睡着,1,显性,,,
卷王,672733f9000000001b01062a,title,infj是不是都是讨厌竞争的卷王,1,显性,,,
卷王,672733f9000000001b01062a,content,本infj总是嘴上说着好烦好烦不想学了，不想工作了，只想摆烂，但又做不到心安理得地摆烂… 每次很累想躺下休息一会，但只要还有事情没做完，就无法睡的踏实，或者继续焦虑的玩手机… 而且摆烂太久就会产生内耗！ 所以总是给自己找事情做，手上根本停不下来 但其实又很讨厌跟别人跟自己比来比去，但有人硬要跟我们卷，也会奉陪到底… 而且infj完美主义也不允许自己做的不好，不允许自己失败，凡是自己想做的都想尽力做到最好！ #infj#infj的世界#infj的精神世界#mbti#mbti梗图#内容过于真实#卷王#深度思考#浪花waves高校排行#浪花waves排行榜 #你讨厌内卷吗[PK]#,1,显性,,,
卷王,672733f9000000001b01062a,comment,怎么说呢，我是讨厌内卷的高压环境，但我不允许自己做不到，不允许自己不优秀，就这样。,1,显性,,,
卷王,672733f9000000001b01062a,comment,不知道大家是否也有这样既讨厌内卷又无法真正摆烂的45度人生的感受呢欢迎大家一起讨论！,1,显性,,,
卷王,672733f9000000001b01062a,comment,老头可以卷可以不卷，卷就要做到最好。我现在小组作业，我可以做很多，但你不能往我作品上堆垃圾，不喜欢和没能力的人组队,1,显性,,,
卷王,672733f9000000001b01062a,comment,内心永远摆烂，永远向往田园，但永远忙在一线,1,显性,,,
卷王,672733f9000000001b01062a,comment,一阵一阵的，我卷起来我自己都怕,1,显性,,,
卷王,695297f00000000022009797,content,不要让晚上的自习室只剩我自己啊，一个人学习空荡荡的，有点害怕#自习室,1,显性,,,
卷王,695297f00000000022009797,comment,现在都没什么考试了，12月才可怕，考公和考研时间差不多，那时候晚上十点多我走的时候还有好多人,1,显性,,,
卷王,67d28c88000000000603b5c5,content,我要笑死了。。这一溜。。。#我是卷王穿越者的废物对照组,1,显性,,,
卷王,688e2cfe000000002203a7fd,content,每天卷工作 卷学习 卷身材 卷皮肤 卷各种奇奇怪怪的技能。。。关键是，还不觉得累，乐在其中 精力还超旺盛，晚睡早起不午睡 #INTJ的日常,1,显性,,,
卷王,688e2cfe000000002203a7fd,comment,谁说“不觉得累”？真的累……,1,显性,,,
小透明,67756717000000001300e333,content,还是我们两个人， 明明的脸上逐渐褪去了傻气哈哈哈！ 谢谢大家陪伴我们成长！ 2025年继续勇敢向前呀～ #百大#百大up主#小透明明,1,显性,,,
小透明,67756717000000001300e333,comment,小透衣服上是向日葵，明明领带上是星空。真情侣就是好磕，这次的穿搭特别有艺术气息!,1,显性,,,
小透明,67756717000000001300e333,comment,你们值得！！希望今年也有你们,1,显性,,,
小透明,67756717000000001300e333,comment,真的特别喜欢在B站看你们的艺术科普视频,1,显性,,,
小透明,69da26a70000000021010cc1,title,小透明你变了...,1,显性,,,
小透明,69da26a70000000021010cc1,content,关注了你这么久.你终于火起来了 #洛茨茵#温悠棠#2547_团队🌷#让我火一把#小透明#火火火起来#变化,1,显性,,,
小透明,69da26a70000000021010cc1,comment,那个根本不是小透明。,1,显性,,,
小透明,69da26a70000000021010cc1,comment,他刚开始和露脸的时候长得不一样吧，刚开始那个镜子里那个人和露脸之后的人根本不像一个人啊,1,显性,,,
小透明,69da26a70000000021010cc1,comment,嗯，你确定是真的小透明吗？,1,显性,,,
小透明,69da26a70000000021010cc1,comment,其实她怎么样我觉得都挺喜欢的，我就是看她我喜欢上爵士的她跳爵士很帅很好很好看，手势舞也很飒很酷很美很帅很好,1,显性,,,
小透明,69da26a70000000021010cc1,comment,第1个那个是他呀我的妈呀，我以为不是他,1,显性,,,
小透明,6992d97c000000001d013a19,content,这里说一下琦少未注入小红书 这里说一下小透明未注入小红书 这里说一下温柔小妈未注入小红书 这里说一下糖果味的婷🍬未注入小红书 这里说一下韩百万未注入小红书 这里说一下童谣妈咪（带娃中）未注入小红书,1,显性,,,
小透明,6992d97c000000001d013a19,comment,小透明真的很牛啊,1,显性,,,
小透明,6992d97c000000001d013a19,comment,虽然我不是他们，但我希望宝宝你好好学习,1,显性,,,
小透明,6985ae54000000001a01fd1b,content,我性格偏内向，有点怕生，也不太会主动找话题。刚进这个班的时候就感觉自己像“插不进去”，基本没人会主动跟我聊天。 班里有几个同学以前跟我同初中，但他们更多还是跟以前那拨朋友一起行动，同时也很快认识了新同学。我看他们和班里其他人相处都挺自然的，课间有人一起说笑、分组有人一起、吃饭也有人结伴。 但我这边就一直是一个人居多。现在的感受是：好像班里每个人都有固定搭子，只有我没有。也不是我不想融入，就是不知道从哪里开始，越久越尴尬，越尴尬越不敢开口。 想问问大家：在班级“存在感很低”一般是因为什么？是我太被动了吗，还是我想太多了？ #高中#同学关系#社交,1,显性,,,
小透明,6985ae54000000001a01fd1b,comment,边界感太强了吧，我发现我在和朋友讲话的时候陌生的同学听到感兴趣的话题总能很自然的加入进来，我当然也不会感觉有什么，就一起说说笑笑。但如果换成是我就不会这样，会感觉打断人家讲话了，人家俩都是朋友了我突然插一句嘴冷场了怎么办,1,显性,,,
小透明,6985ae54000000001a01fd1b,comment,也许是边界感太强了，太内向的话会让人觉得你很距离感，别人可能会想“你是不是更喜欢自己一个人静静地呆着”所以担心打扰到你。你可以试着向周围同学释放一些友好的信号，比如从走廊遇见时的一个微笑，或者先跟周围同学打好关系,1,显性,,,
小透明,6985ae54000000001a01fd1b,comment,我刚开始去一个班级也是小透明，直到第一次月考拿了第一名，之后朋友不断…,1,显性,,,
小透明,6985ae54000000001a01fd1b,comment,我初中在乡镇，成绩数一数二，在班上人缘超级好，高中去了县城尖子班，在班级垫底，还是农村来的，他们说的我都不懂，我又老实，在同学、老师那儿都是没存在感的，我高一还有一个搭子，但高二分开了，所以我也一般都是一个人，那时候感觉很孤单，后来上了大学，我也只跟室友玩，再后来我只跟同事玩，离开最初的同事后，就只有同事，没有朋友了，可我好像没有高中时的那种孤独感了,1,显性,,,
小透明,6985ae54000000001a01fd1b,comment,一般情况下，性格内向。然后成绩又中等。就没有什么存在感，因为我就是这样过来的。我一般和舍友玩的很好，就是我感觉搭子基本上都是从舍友转化过来的。但是咋说高二我跟舍友就没有一个合适的搭子。因为我们高中三年，每年都分一次班，所以我第一年的那个搭子到第二年跟我不在一个班了，我极其不适应，后面也没有交上合适的朋友，我就开启一个人的生活了，反正我感觉挺奇怪的，你成绩特别好的时候就会有人来找你，就是这样的，我后来就体会到了。,1,显性,,,
小透明,6985ae54000000001a01fd1b,comment,不用怕，你不知道别人怎么想你，别人也不知道你怎么想的。,1,显性,,,
小透明,6985ae54000000001a01fd1b,comment,其实真的无所谓我以前也是这样，就一定要拽一个人跟我一起走，生怕别人觉得我不合群很可怜啥的。读了研之后我最敬佩的就是我们办公室的一个男生同门，总是默默做自己的事情存在感不高，无论别人怎么玩都打扰不了他，每次他的进度都是最快最好的，各类成绩也是一流，我观察他很久了一直想学习他。他非常有边界感，平时你跟他说话他也会回应你，但是他一般不主动找别人说话。我想说，主要还得是好好学习，让自身实力变强大，这样别人都会真心尊重你，越长大越发现被别人尊重是最重要的。,1,显性,,,
小透明,69871a2d000000001b01f470,content,#求助前方实况#有事就问小红书#为什么这样#不懂就问系列#真让我大开眼界了#不懂我就问#家人们谁懂啊,1,显性,,,
小透明,69871a2d000000001b01f470,comment,我点你艾特小透明的时候是一个美妆博主……,1,显性,,,
小透明,69871a2d000000001b01f470,comment,可是他现在把所有的舞蹈视频都删了，以前我真的非常喜欢他去快手上看，心痛了。,1,显性,,,
小透明,69871a2d000000001b01f470,comment,小透明有抖音,1,显性,,,
小透明,687fa6010000000013010827,content,上了大学后 成为小透明有没有什么坏处？一定要独立独往？还是有一两个搭子？,1,显性,,,
小透明,687fa6010000000013010827,comment,成为透明老师有事会想不起来你，哪怕成绩不错，但是不咋在老师面前露面，有比赛都不一定记得叫你，出去玩，吃饭可以找搭子，但正经学习，还是自己一个去图书馆独自美丽吧,1,显性,,,
小透明,687fa6010000000013010827,comment,我建议不要做小透明，有好项目的话老师可以第一个想起你。我每次有项目有钱拿都会选择我的得意门生，毕竟其他学生我也不认识,1,显性,,,
小透明,695156d1000000002103e3b8,content,小透明我们来给你送纸了 #可是旷妈人是野生的#我是小透明#马丘比丘#苦难是文学的温床,1,显性,,,
小透明,695156d1000000002103e3b8,comment,哈哈哈哈哈哈哈哈哈哈哈哈哈哈，小透明：谢谢你,1,显性,,,
小透明,695156d1000000002103e3b8,comment,感动中国,1,显性,,,
小透明,69d5ea76000000001a0272ce,title,在学校是个小透明怎么办,1,显性,,,
小透明,69d5ea76000000001a0272ce,content,大家一般对班级里那个不爱讲话的女生是什么看法 我每天都窝在座位像个小透明 但是天天视奸和观察别人 我很羡慕那些可以嘻嘻哈哈和谁都能打成一片 交际能力很强的人 不是不爱讲话 只是会比较慢熟 也没人想和我聊天 感觉自己是不是脸太臭了 感觉好多人都是看看我 但是都可以主动和我身边的人聊起来 就是没人主动和我搭话 我都开始怀疑自己是不是自己的问题。#同学之间相处#交际#高中#自卑,1,显性,,,
小透明,69d5ea76000000001a0272ce,comment,我没有什么看法诶，其实我也算是这种人吧，但是后来一直跟很外向开朗的人做朋友我的人际圈也稍微扩大了一点，不至于没有人说话吧，我一看到那种很不爱说话的女生，我就会突然变得很外向，不知道为什么,1,显性,,,
小透明,69d5ea76000000001a0272ce,comment,我读书时候都不说话，因为也没人找我说话，而且我自卑也不敢跟别人说话,1,显性,,,
小透明,69d5ea76000000001a0272ce,comment,我感觉这个很看成绩，起码在我高中阶段是这样的情况。假如你成绩非常好，但不爱讲话，那么大家其实对你好奇心和好感度爆棚。假如你成绩不好，也不爱讲话，那么其实无人在意，即便你发表意见大多数人都不care。我觉得我高中时期遇到的人和事真的蛮势利的。,1,显性,,,
小透明,69d5ea76000000001a0272ce,comment,成绩好点可能没事，但是成绩一般或者差就会被骂,1,显性,,,
小透明,69d5ea76000000001a0272ce,comment,我会想 她内心真强大真稳定 她肯定有能自娱自乐的东西 希望她能主动来跟我玩～,1,显性,,,
小透明,68b436fd000000001d00e1d9,title,明天早点起去做个小透明,1,显性,,,
小透明,68b436fd000000001d00e1d9,content,明天早点起去做个小透明#琪琪坨睡不醒#抽象#精神状态belike#校园生活#学生时代,1,显性,,,
小透明,68b436fd000000001d00e1d9,comment,六号开学太好了,1,显性,,,
小透明,68b436fd000000001d00e1d9,comment,哇塞主播我今天在学校好像看到你了,1,显性,,,
小透明,67b961a9000000000903beee,content,🌿好久没登录它了，今天快开组会了好烦，就登录了一下，发现半个月前陌生人的留言，感觉好温暖诶。 ✨每发一条日记，用户昵称都会变成不同的有趣的名字，好喜欢这个app呀#日记app#小透明#生活随记📝 🌷p3放一个背影照哈哈，感觉有点符合我最近的心情,1,显性,,,
小透明,67b961a9000000000903beee,comment,怎么下载呀？,1,显性,,,
小透明,67b961a9000000000903beee,comment,但是这个软件我已经不玩了 有点恶心,1,显性,,,
小透明,67b961a9000000000903beee,comment,超喜欢小透明，它还无法查看主页，每次都会更换新名字,1,显性,,,
小透明,67c642db0000000029012ae9,title,大家怎么看待班里内向不太爱说话的同学,1,显性,,,
小透明,67c642db0000000029012ae9,content,大家怎么看待大学班上内向不爱说话的同学？ 最近看到学妹留言，她说自己在大学班上已经待了两个学期了，但依旧跟班上的人不熟。她总觉得自己在班里很不合群，因为平常不主动说话，也不参与聊天。每当一群人凑在一起聊得热火朝天时，她总是一个人安安静静的，只有别人找她，她才会正常沟通。她自己也觉得很无趣，觉得自己就像“透明人”，好像不太能融入。 - 我知道这种感受，内向的我也曾经历过类似的情况。和别人聊天，总是觉得自己没有话题，或者害怕说错话，常常在一旁安静地听着，心里也许有很多话想说，却总是没有勇气开口。每当大家聊得热烈时，我就开始觉得自己很孤单，也会有种被排除的感觉。每个看似轻松的笑话或是分享，都让我更加觉得自己好像是外人。 - 其实，大家怎么看待内向的同学呢？我觉得大部分人其实并不会因为一个人安静就觉得他很无趣，很多时候是我们自己对自己不够自信。或许，在某些瞬间，你能安静地观察到一些别人忽视的细节，或者在别人感到困扰时，你是最能静下心来倾听的那个人。只是，我们常常不自觉地低估了自己的价值，过于焦虑自己没有“合群”，没有参与到每一个话题中。 - 但实际上，内向并不等于无趣。很多时候，内向的人比外向的人更能深刻思考问题，看到事情的另一面，只是我们需要找到适合自己的方式去表达。每个人都有自己的节奏，强行去改变自己并不一定能获得真正的开心与满足。 - 而且，班上的同学或许并没有意识到你的安静有时并不是疏远，而是你内心的独特节奏。你可能只是还没有找到能真正和你心灵共鸣的人。所以，不必太焦虑，内向并不是缺点，找到适合自己的方式，逐渐融入，慢慢来就好。 - 我相信，最终总有一些人会欣赏你的安静和深思，愿意和你真正建立连接。只要你保持真实的自己，别人也会看到你最闪光的一面。#如何改变内向性格#内向#内向社恐#性格#大学#大学生#大学生活#i人#不会说话#同学之间相处,1,显性,,,
小透明,67c642db0000000029012ae9,comment,很可爱会找他们玩,1,显性,,,
小透明,67c642db0000000029012ae9,comment,因为内向被同学问是不是有自闭症,1,显性,,,
小透明,67c642db0000000029012ae9,comment,因为内向 同学觉得我太无聊不想跟我坐 老师天天换座位 但其实有另一个原因 就是他们想和自己好朋友坐 然后老师把问题都推我身上了 还让我要么一个人坐 要么和脾气暴躁爱蛐蛐别人的人一起坐,1,显性,,,
小透明,67c642db0000000029012ae9,comment,算了就这样吧 自己一个人挺好的 就是团队合作的时候很烦,1,显性,,,
小透明,67c642db0000000029012ae9,comment,每次看到那种迟迟顿顿 钝感力满满的女生都有种怜爱感。很多性格都会比较内向，但是每次我讲笑话的时候都会认真听然后对我笑，其实我看得出来她没有get到笑点……但是真的好萌啊……谁懂这种女生，特别喜欢，但是真的很害怕她被坏人欺负。,1,显性,,,
小透明,6996c86c0000000015021724,title,小透明被同事抓住把柄后（6）,1,显性,,,
小透明,6996c86c0000000015021724,comment,[完啦R][完啦R]我的天，越看越发现居然越看越刺激！,1,显性,,,
小透明,6996c86c0000000015021724,comment,哇塞这个姐姐,1,显性,,,
小透明,6996c86c0000000015021724,comment,太有天赋了，人设带感，而且剧情也带感，剧情没有给人设拖后腿，相辅相成，有一些就是人设特别好，但是文笔要差一些,1,显性,,,
小透明,65bd2ca6000000002c017587,title,如何在【小透明】中查看自己以前发表的瞬间,1,显性,,,
小透明,65bd2ca6000000002c017587,content,很简单，首页长按【写点什么】按钮，就能进入发表日历。如果过多，甚至还能搜索（当然只能搜自己的） #使用小技巧#喜欢藏功能,1,显性,,,
小透明,65bd2ca6000000002c017587,comment,我想知道小透明怎么盈利呢 还是说您就是到贴腰包,1,显性,,,
小透明,65bd2ca6000000002c017587,comment,今天刚发现这个APP，很简洁的蛮喜欢，希望坚持做下去，能越来越好。我用火柴盒当树洞只可惜去年就彻底凉了，我可以小小地帮一把，把小透明推荐给火柴盒的留守儿童们,1,显性,,,
小透明,69917bdb000000001a025fa2,content,谁知道小透明怎么了？#古风舞蹈#优美舞蹈,1,显性,,,
小透明,69917bdb000000001a025fa2,comment,我记得小透明，她以前有很多作品，但我今天一翻的时候就剩九个了，这是怎么回事？有宝子知道吗？,1,显性,,,
小透明,68431b54000000000f0391f3,title,摆脱小透明第一步：不要给自己贴小透明标签！,1,显性,,,
小透明,68431b54000000000f0391f3,content,在班里如何当小透明，本人是个大嗓门，成绩也不错，而且还是大高个，不想除理人际关系，还有一年就毕业了，想当小透明，有人可以分享分享怎么做嘛,1,显性,,,
小透明,68431b54000000000f0391f3,comment,嗯，当小透明不是很简单吗？ 不听八卦，不参加任何活动,1,显性,,,
小透明,6988a8ab000000001b014295,title,懦弱小透明被同事抓住把柄后（1）,1,显性,,,
小透明,6988a8ab000000001b014295,comment,小透明被同事抓住把柄后（2）,1,显性,,,
小透明,6988a8ab000000001b014295,comment,老师，我求你了，不要在车里点烟，这个好难受的,1,显性,,,
小透明,6766ef2c000000001300d6f2,title,小透明明最新一期视频有感,1,显性,,,
小透明,6766ef2c000000001300d6f2,content,在如今这种流水线短视频的狂轰乱炸下，真正有创作过程有思想有内容的作品到底应该怎么样更加集中或者直接的呈现在我们面前呢？作为商品，至少要让消费者能够看到商品链接啊。 几个主流视频平台，在良莠不齐的视频环境中建立“茧房”，又在“茧房”里给我一口一口的塞垃圾吃（骂的就是你啊阿b，明知我为女性用户且多次点击不感兴趣的情况下仍坚持不懈的给我推深夜主播！！！）。 大浪淘金实在是太难了，那么直接去金矿里挖呢？ 近两年来，明显感觉到大众在对情绪价值重视的同时对精神消费的接受度也越来越高，受众群体也日益庞大（例如我本人，入冬以来没有添过一件衣服，但60多元的漫画书，10多块钱的魔法杖这种“低消满足”倒是搞了不少）。 （注：每人情绪价值的来源不同，漂亮合适的衣服也是情绪价值的来源之一，懂这个意思就好，是我无法用简练的语言精准表达我的想法。） 在视频商业化的进程中，既然有深度有内涵的作品可能会被流量裹挟，被平台忽略；大量中段创作者的创作激情在面对“面包”时会被消磨掉。那么，当下是否存在或者应该出现一个对创作内容有一套有严格筛选系统的垂直平台呢？就是那种垂直的不能再垂直的，消费者粘性巨强的。 啊啊太晚了，最后写的乱七八糟，脑袋也浆糊了，就这样吧。 ———————————————— 如果有这样的平台，请多多推荐给我，我正在尝试打破我的“茧房”中~ #精神状态岌岌可危#小透明明,1,显性,,,
小透明,660a8ce2000000001a015ad1,content,#真实还原#内容过于真实#我是个小透明#自信最美#校园生活,1,显性,,,
小透明,660a8ce2000000001a015ad1,comment,真正的小透明都不会有人和你说话,1,显性,,,
小透明,660a8ce2000000001a015ad1,comment,突然就想变成小透明了这样和别人在纸条上吵的架，就不至于一个上午传遍全班了尴尬,1,显性,,,
小透明,660a8ce2000000001a015ad1,comment,我之前就是小透明，后来受班级友好氛围影响，彻底放飞自我,1,显性,,,
小透明,660a8ce2000000001a015ad1,comment,其实当小透明也挺好，我就是成绩中等，作业到位，上课从不举手也不作事的，跟几个朋友坐的比较远，也不会有人找我陪着上厕所，每天都能在学校写完好几科作业,1,显性,,,
小透明,660a8ce2000000001a015ad1,comment,不是小透明的时候盼着自己是小透明，真透明了又开始盼着自己被发现，然后不断循环,1,显性,,,
小透明,6a02dd070000000035026d32,title,微社恐+孩子气+呆萌=反差小透明,1,显性,,,
小透明,6a02dd070000000035026d32,content,初相识可能有点冷 越熟悉越热情 你如何待我 我就如何待你 #想说的如图所示#可爱是一种气质#他ta星球#语音厅日常#角色,1,显性,,,
小透明,68f678d00000000005010827,title,当你是公司小透明！,1,显性,,,
小透明,68f678d00000000005010827,comment,实力隐藏的太好了，怕把魅力发挥出来招蜂引蝶,1,显性,,,
班干部,69c8edd9000000001a024cfd,comment,怎么没有饭请点右侧按钮叫我回来！谢谢啦,1,显性,,,
班干部,69ea20060000000020007002,comment,我先大声说话让纪律委员骂我，下课再让心理委员哄我,1,显性,,,
班干部,6a054cd0000000003501ee70,comment,我觉得你也需要留意一下你的好朋友大概是个什么样的人，因为我是外宿的，之前有一个同桌就是她会经常跟我说，说宿舍的人会说我的坏话，我那个时候就在想，怎么这样啊，然后我就会跟她一起吐槽，后面发现她会将我吐槽她们的话也会跟宿舍里的人说，然后她和她们就会一起说我,1,显性,,,
班干部,6a054cd0000000003501ee70,comment,第一性原理，用其他方面的成就来对冲 来转移大家的注意力吧 现在开始选一门你喜欢的科目疯狂刷题吧,1,显性,,,
班干部,6a054cd0000000003501ee70,comment,青春期正是自我认同形成的关键期，可能你把同学的看法、排斥、比较等，过度解读成我是否被接纳、我是否足够好了，人在这个阶段特别容易通过他人眼光来定义自己，导致情绪容易被外部左右。这在学校很常见，因为大家都在集体环境中寻找归属感。所以正确看待学校人际关系的核心是：它很重要，但不是全部，也不是你价值的全部。它是一面镜子，帮助你认识自己、练习边界和勇气，而不是定义你是谁。,1,显性,,,
班干部,66cc88ef000000001d016b39,comment,我们专业有一个顶级学霸，什么干部都不是但是手里握着好几个国家级比赛项目，在大家分数差不多情况下谁能进他项目谁综合测评更高就能拿奖学金，包括评优名额变相全部掌握在他手里这种是什么级别,1,显性,,,
班干部,66cc88ef000000001d016b39,comment,我是美术课代表+组长+纪律委员(但我社恐),1,显性,,,
班干部,66b439e400000000090142d4,comment,其实班长现实中是个很讨厌冷暴力的人可不可以不冷暴力班长了,1,显性,,,
班干部,67416a9b00000000080050bd,content,班干部一生黑，避雷班干部泡面。 来姨妈又恰逢周末，就想着在宿舍吃个泡面凑合一下，结果给我拉了一坨大。就当一个可怜小女孩放完面饼和菜包，准备放粉包的时候，发现诶粉包和酱包中间有一个死黑虫子尸体，我的天，这商家也太好了吧，知道我姨妈来了亏气血，特地送我只死虫子补气血！ 现在食品安全问题都这么严重了吗，一个虫子就这么水灵灵的出现了，买它家泡面是因为一直刷到有帖子在安利，你家倒是挺有钱营销的，咋没钱管管你家工厂卫生问题。看也有不少小红书姐妹，吃出他家菜包发霉，商家还拒不赔偿。 大家快别吃他家了，说不定哪天他也送你几只虫子补补气血 #避雷#泡面#食品安全#姨妈,1,显性,,,
班干部,67416a9b00000000080050bd,comment,第一次买班干部系列 感觉每个都好难吃啊...,1,显性,,,
班干部,6742cfc4000000000201bbb4,content,月底了 日子有些艰难了，只能在吃上面抠搜了 还好之前趁活动囤了些泡面 1️⃣正面照 这是班干部家的酸汤面叶 净含量157g，属于大份量，一碗就能吃饱。 2️⃣配料照 ➼面片包（放进碗里能有一半） ➼醋包（味儿挺酸的） ➼粉包（不要全放进去，会咸） ➼蔬菜包（种类很少，只要就是葱片和少量的紫菜虾米） ➼油包（有两个，小的香油包很香，是芝麻油的味道，大的倒没啥感觉） 3️⃣成熟照 面叶的口感类似于安徽板面，也是要泡久一点的，不然会硬。 味道无功无过，就是填饱肚子的。 ⚠️⚠️这款泡面就胜在便宜量大，活动期买的，一桶两块钱不到，非常划算。无论是月底艰难度日还是当储备粮，都是一个不错的选择,1,显性,,,
班干部,66ed31b200000000120121b8,content,真的，好尴尬，上台直接红温，声音颤抖着说的，自以为已经很勇敢了，也做好了面对失败的心理建设，但在知道结果之后还是很难受，真的很内耗啊，再也不喜欢参加活动了#大一新生#竞选#班委竞选#准大一,1,显性,,,
班干部,66ed31b200000000120121b8,comment,选不上是你的福气,1,显性,,,
班干部,66ed31b200000000120121b8,comment,我也想开学竞选班委，而且完全没有经验还超社恐，但也想为自己争取一次机会,1,显性,,,
班干部,66ed31b200000000120121b8,comment,竞选学委 上台发言拿着手机的 因为害怕脱稿会忘词 然后念的时候整个手都在颤抖 抖了全程 差了两票 不过我还好 我特别i 站台上就已经战胜犹豫不决的自己了,1,显性,,,
班干部,66ed31b200000000120121b8,comment,我大学时是先当军训负责人，这个是要先竞选，是代班选出来。当时竞选的同学挺多，我一直不是很会讲话的人，感觉可能是自己比较真诚吧，而且也有很强烈的服务想法，竞选成功了。当时做军训负责人期间我负责“训练”学院的女生方队，教官负责男生方队，双方pk，都是女生方队胜利，也算给大家留下比较深刻的印象。之后竞选的班长就比较顺利。大学期间当了四年班长，也在帮助他人服务他人中感觉到了幸福，也很幸运遇到了很好很好的同学，后来分专业，大家都不在一个班，我生病住院的时候大家还要一起来看我。毕业后同学有什么心事情感问题也会跟我讲，二战三战读研的同学上岸后也会来报喜，真的感觉很幸福很幸运！,1,显性,,,
班干部,66ed31b200000000120121b8,comment,没关系的贝贝，我竞选学委班里大多数人投我，高票数选上了，结果导员公布结果我却什么职位也没有。原因是导员内定了我们班女军训负责人来当学委，尽管她参加竞选时没人投票什么也没选上，但是导员就是让人家做了学委,1,显性,,,
班干部,66ed31b200000000120121b8,comment,这有啥宝！！！！我面试了两次的那个部门以及竞选的两次班委全部都以失败告终就像网上说的一样，世界是一个巨大的草台班子这有啥？失败一次不能决定什么，失败一次我们就放弃，怎么能成为一个独当一面的大人呢我原本是一个很内向的人，跟你一样鼓起很大的勇气去面试和竞选，结果都失败了别灰心，真的别灰心，其实一回头发现这些没当上也不算什么，反而一身轻松,1,显性,,,
班干部,66ed31b200000000120121b8,comment,已经面试被刷了两次啦，明晚面试第三个学生组织，也是屡败屡面了，没关系的，大学嘛就要勇于挑战自己，就当积累经验了~~i人敢站上台已经很勇敢啦！,1,显性,,,
班干部,66ed31b200000000120121b8,comment,我本来特别紧张去竞选 结果班里团员特少只有我一个竞选团支书 直接全票通过……,1,显性,,,
班干部,66f7d726000000002a031047,title,此刻一个爱吃班干部的小女孩碎了,1,显性,,,
班干部,66f7d726000000002a031047,content,本就不富裕的我眼泪掉下来了没一个好吃😅😅#深夜食堂#方便又实用,1,显性,,,
班干部,66f7d726000000002a031047,comment,我买过，他家就酸辣粉和爆肚粉好吃，其他不咋地，甚至有些面类的巨难吃，还不是难吃，是巨巨巨难吃，但酸辣粉和爆肚粉非常非常好吃，爆肚粉我不放麻酱吃的，最近又想回购了，但看出了好几款新款的酸辣粉和爆肚粉，上来小红书搜搜有啥区别,1,显性,,,
班干部,69e0ce310000000021039530,title,浅浅避雷班干部这款酸辣粉！,1,显性,,,
班干部,69e0ce310000000021039530,content,真的没有人觉得它很咸吗？ 酸酸的，微微辣吧，但是麻麻的！ 它也不算便宜吧，但真不好吃！ 总结：没有粉蛋菜面好吃 #酸辣粉#班干部#泡面推荐#一点都不辣,1,显性,,,
班干部,699c5d90000000001d0252ec,comment,给一点参考可以猜一下 1 谁最少被老师批评 2谁朋友最少 3五个人里面的几对CP 4哪对CP在我们班磕的人多 5 谁谈过的恋爱最多 6谁谈过的恋爱最少,1,显性,,,
班干部,6a01b9040000000007011287,comment,学生会不就是汪汪队吗？有啥好怕的,1,显性,,,
班干部,6a01b9040000000007011287,comment,劳动委员是因为很会劳动才当上的，没人搞卫生就体委上啊，不然他当这个干嘛,1,显性,,,
班干部,66a22b83000000002701fd0f,title,班干部酸辣粉,1,显性,,,
班干部,66a22b83000000002701fd0f,content,有一阵子老刷到，好奇口味，买来尝尝 首先说一下这个酸辣粉的优点，泡出来巨多，很多牌子的酸辣粉做的量都不如这个，味道的话，我觉得是中规中矩的，吃起来会有麻油香味。 感兴趣的可以一试，无功无过,1,显性,,,
班干部,661c001f000000001a010083,content,标题党一下，我就是学委 大一刚开学，有节课下课老师告诉我她自己数了人数还差三个人没来，当时是两个人请假，剩下那个应该是旷课。老师就让我去把那个人找出来，但那时已经下课人都走光了，上课时也没签到，在群里问也不一定有人认。 我们学校的学委要做考勤表发给学习部，明天就得发，我咋找比较好，还有老师到时问起我又该怎么回答 //二编：已经解决了！我采用了网友的建议，私下找了各个舍长让他们在宿舍里问，然后那个同学直接找我了。没来是因为她痛经痛的实在走不动，找过老师以后老师让她补假条了。,1,显性,,,
班干部,661c001f000000001a010083,comment,我去 这么可怕吗 我也是刚当上学委[扶额R],1,显性,,,
班干部,68d011de00000000130136b6,content,紧张紧张#大学生活#青春#穿搭,1,显性,,,
班干部,68d011de00000000130136b6,comment,我们班班委都没什么人竞选，除了团支书有两个人竞选了一下，其他都只有一个人还有些职位都没人去[扶额R],1,显性,,,
班干部,68d011de00000000130136b6,comment,大家染完头发，新头发长出来颜色分层，大家心理都是怎么克服的我每次头发分层都感觉好难受,1,显性,,,
班干部,691d3a68000000001b021ced,content,班委总是把耗时间又没有用处的活动，让我们去参加，强制性的那种。最近出了一个活动，很有意义，以后用处好像挺大的，我们班分到了两个名额，他俩全占了#求助贴#我真的不理解#真的很着急#在线求助#班委#以权谋私#可恶,1,显性,,,
班干部,691d3a68000000001b021ced,comment,但是没有办法，但班委就是会提前收到这些信息。就是会有信息差,1,显性,,,
准初三,,comment,一是教孩子怎么学，而不是直接给答案，怎么规划时间、怎么整理错题、怎么高效复习，把学习方法理顺了，比补多少知识点都管用,1,隐含,焦虑,学业,medium
准初三,,comment,求推荐[亲一个R],1,隐含,无助,学业,high
准初三,,comment,我放假每天复习都按固定节奏来，不盲目乱学的，早上不用起太早（9点起来）用来背英语单词和古诗文和小四门基础知识点，晚上先列好三项核心任务，重点做数理化基础和错题，再简单复盘当天内容，只抓基础分，不钻难题，任务清晰不杂乱，效率会高很多,1,隐含,焦虑,学业,medium
准初三,,comment,上学的话白天跟着老师上课，自习课专攻薄弱科的基础题,1,隐含,焦虑,学业,medium
准初三,,comment,可以给你分享一些提分技巧,1,隐含,焦虑/正面,学业,high
准初三,,comment,跟我一样，我大城的，去机构补课，补数学化学，数学还两个月应该能提到80，化学很好学的，55不成问题，物理我是自己做课本的题，能到及格分，剩下的每天跟老师进度就行,1,隐含,焦虑,家庭,medium
准初三,,comment,我们学校不准带电子产品(つ﹏<,1,隐含,委屈,学校,high
准初三,,content,⏰ 时间轴全流程： 18:40-19:00 缓冲期｜切换状态，吃点东西缓一缓 19:00-19:45 攻坚期｜优先搞定错题、难点，趁记忆新鲜 19:45-19:55 休息期｜拉伸+远眺，快速回血 19:55-20:40 作业期｜主科优先，不卡题不纠结 20:40-20:50 补给期｜补充能量，活动肩颈 20:50-21:35 复盘期｜整理笔记+默写+预习 21:35-21:50 收尾期｜收拾书包+准备第二天物品 21:50+ 睡前期｜洗漱+阅读 💡 13个无痛专注技巧： • 杂念写在本子上，不跟着跑，给大脑“存起来”的安全感 • 手机调黑白，降低刷手机欲望 • 早睡是最高效的学习buff • 吃饭先菜肉后主食，避免饭后犯困脑雾 • 给手机上定时锁，减少碎片化打扰 • 咬舌尖/贴便利贴，强制拉回注意力 • 学习和睡觉设备分开，手机不上床 • 补充维D/B族/镁，改善注意力不集中 • 带学习设备出门，碎片时间利用起来 • 清理桌面/后台/负面情绪，减少干扰源 • 降低启动难度：把“学习”改成“看两眼书” • 陌生来电静音，拒绝无意义打扰 心流的充实感，真的比刷半天手机舒服太多 #学习计划表#时间管理#初中生#studywithme#不熬夜挑战#拖延#Adhd自救,1,隐含,焦虑/正面,学业/身体,high
准初三,,title,码住：中考一模、二模、三模这样学,1,隐含,焦虑,学业,medium
准初三,,content,#中考复习#初中学习方法#备战中考#一模#中考加油#中考数学#复习方法#中考英语#快速提分#中考,1,隐含,焦虑/正面,学业,high
准初三,,comment,求救，最后60天，作为家长，应该怎么帮助她,1,隐含,无助,学业,high
准初三,,content,很多家长以为要狂刷题、熬夜背，其实方向对了，提分真的很快,1,隐含,焦虑/正面,学业/身体/家庭,high
准初三,,content,我平时就抓两件事： 1. 完形阅读专项练到位 不盲目刷题，每一篇都按中考思路讲透：定位原文、逻辑分析、选项排除，贴合昆山本地考试方向，做一篇抵十篇,1,隐含,焦虑,学业,medium
准初三,,content,#昆山#昆山初三英语#昆山中考#中考提分#中考英语#中考#提分#提分秘籍,1,隐含,焦虑/正面,学业,high
准初三,,content,各位家长可以直接抄作业📚 ✅ 专业课提升技巧（分科目） 1. 素描：每天练20分钟线条，重点抠比例和明暗，错题画单独整理，每周找老师点评一次（我家孩子在水木源，老师每周都会针对性点评，进步特别快）,1,隐含,焦虑,学业,medium
准初三,,comment,来一个带一个， 提分技巧笔记 有需要的dd，直接分享不磨叽,1,隐含,焦虑/正面,学业,high
准初三,,comment,我觉得跟着老师的课听，把所有学校的作业都写了，薄弱的科目适当刷点题考上重高是没问题的,1,隐含,焦虑,学业,medium
准初三,,comment,我之前看过B站的课但是老师讲的我好像都会 感觉只能用于复习了 然后我们这边的补课班老师就是照着书念也没什么用,1,隐含,焦虑,家庭,medium
准初三,,comment,马上第二次月考了一点书没背数学也不会,1,隐含,焦虑,学业,medium
准初三,,content,八下拼命努力，掉发天天失眠，但取得不错成绩,1,隐含,焦虑/正面,身体/学业,high
准初三,,content,九上想好好调整心态放松自己，常上课走神，结果基础没打牢，尤其数理化无形之中退步，九上期末省考模拟班5,1,隐含,焦虑,学业,medium
准初三,,content,#备战中考#学习 #你目前的学习状态咋样,1,隐含,焦虑,学业,medium
准初三,,comment,（这个阿姨是当年的中考高考第一名，她的其他文章你也可以看看噢,1,隐含,焦虑,学业,medium
准初三,,comment,我从小学成绩就一直是班里比较考前的 经历过较大的打击就是小学没考上重点初中了 但是后来上了别的初中 成绩也是还可以班级前三年级前十五左右 但是自从八下以后我的学习虽然排名没怎么下来但是也是真真切切的感觉到自己做什么都心不在焉的很浮躁 看到以前比我少二三十分帝王同学们一个个现在超过我心里真的很不舒服,1,隐含,焦虑,学业,medium
准初三,,comment,首先上课那些背书时间必须抓紧，提高效率，保证答题卡前半部分基本没问题,1,隐含,焦虑,学业,high
准初三,,comment,就是比你小一届 最近状态特别不好属于开摆又摆不平 卷又卷不懂的大动作 如果姐姐要是出后续请踢踢我w,1,隐含,自卑,自我,high
准初三,,comment,咱俩一模一样,1,隐含,焦虑,学业,medium
准初三,,content,· 指标到校的关键依据：二诊成绩直接影响指标到校名额分配，各区权重极高——青羊区占比60%（全市最高），高新区和天府新区占50%，金牛区占45% · 中考“预演”：命题形式、题型、难度与中考高度接近，是中考前最重要的一次模拟 · 定位短板+锁定班型：精准暴露薄弱环节，成绩优异有机会提前锁定重点班、实验班 📊 历年命题难度参考 · 高难度组：青羊区（难度常年领跑，数学运算量大）、高新区（数学试卷灵活）、锦江区 · 适中难度组：金牛区、成华区、武侯区等，更注重基础考查 🎯 冲刺建议 · 回归课本：公式、定理先吃透，再谈拓展 · 错题复盘：分析错因（计算失误,1,隐含,焦虑/正面,学业,high
准初三,,content,），重做错题比盲目刷题更高效 · 研究真题：分析近年二诊真题会发现，数学几何综合题是“拉分王” 🔔 二诊后各校将陆续开放访校，抓紧时间去实地了解师资、班型、升学路径,1,隐含,焦虑,学业,medium
准初三,,content,#成都中考#初三二诊#初中数学#中考冲刺#成都升学,1,隐含,焦虑/正面,学业,high
准初三,,title,中考最后100天拼的到底是什么,1,隐含,焦虑,学业,medium
准初三,,content,#初三#中考#逆袭#学习方法#2026届中考生#努力,1,隐含,焦虑/正面,学业,high
准初三,,title,初中补弱｜精 准抓短板不内耗，家长必看,1,隐含,焦虑,学业,medium
准初三,,content,📌初三：冲刺高分，锁定理想学校 核心补弱：语文（作文+阅读拔高）、英语（完形+阅读拔高）、政治/历史（规范答题） 按需补弱：理科（尖子生拔高） ✨补充：初三校内节奏紧、提优有限，针对性补弱才能突破高分瓶颈,1,隐含,焦虑/自卑/正面,学业,high
准初三,,content,💡提醒：精 准抓短板，不盲目跟风，才能少走弯路不内耗,1,隐含,焦虑,学业,medium
准初三,,title,广东初三中考数学学习建议（下）,1,隐含,焦虑,学业,medium
准初三,,content,最后5分钟全局检查📋 中考只是一个站点，但数学给你的逻辑、耐心和突破力，会成为你一生的隐形翅膀🚀 现在“无用”的公式，未来可能就是解开某把锁的钥匙🔑 学习数学，就像在心里种树🌱——起初不见生长，直到某天抬头，才发现它已枝繁叶茂，为你撑起整片思考的阴凉🌳 最终寄语：这份地图是你的指南🧭但胜利靠每日行军👣 结合真题训练，将策略变成本能,1,隐含,焦虑,学业,medium
准初三,,content,祝你备考顺利，金榜题名🏆🎉#广东中考#中考数学,1,隐含,焦虑,学业,medium
准初三,,title,南昌初三一模试卷,1,隐含,焦虑,学业,medium
准初三,,content,南昌一模已考科目考情全拆解，考点、难度、命题趋势一次讲透,1,隐含,焦虑,学业,medium
准初三,,content,帮孩子找准薄弱点，帮家长看清升学方向，这份分析别错过,1,隐含,焦虑,学业,medium
准初三,,content,#江西南昌#南昌考试#中考#一模#中考物理#中考复习#试卷,1,隐含,焦虑,学业,medium
准初三,,content,#体考#体育中考#愿世间再无八百米,1,隐含,焦虑,学业,medium
准初三,,comment,说白了体育中考就该改我们这现在可以选跑800或者四分钟跳绳了 800满分是3分55 ，四分钟是584个 现在体育课舒服多了,1,隐含,焦虑,学业,medium
准初三,,comment,我身边有很多同学练体育练废了本来能考满分的，然后学校一直让练一直练，然后上学期期末快中考了，有的同学受伤了，然后几个月没练，好像满分不了了,1,隐含,焦虑,学业,medium
准初三,,title,2025.4.17浙江省嘉兴市中考一模数学答案,1,隐含,焦虑,学业,medium
准初三,,content,2025.4.17浙江省嘉兴市中考一模数学试卷及答案 #浙江数学#温州数学#数学试卷#中考数学#中考复习#中考一模#一轮复习#嘉兴中考#历年真题#初三,1,隐含,焦虑,学业,medium
准初三,,content,#家有初中生#初三#中考#学习日常#一切皆有可能你我皆是黑马#学习的动力#中考政策#陪读妈妈#任性去学,1,隐含,焦虑,学业,medium
准初三,,comment,还得是门头沟，中考考生没有海淀的零头多,1,隐含,焦虑,学业,medium
准初三,,comment,考进1+3就免中考，不看中考成绩了,1,隐含,焦虑,学业,medium
准初三,,comment,需要中考的，但是成绩在及格线上就行,1,隐含,焦虑,学业,medium
准初三,,comment,为不中考吗,1,隐含,焦虑,学业,medium
准初三,,comment,我娃说中考是给高考练兵，练练心理素质，也挺好哒,1,隐含,焦虑,学业,medium
准初三,,content,#初三#寒假#中考#学习#纯动力,1,隐含,焦虑,学业,medium
准初三,,content,我是整个八年级都没学，但是因为一些原因被迫要地生会考，在昨天之前是不知道的，所以都一点没学 七年级学了但是八年级没学 拿至少一个a的可能性有多大 #生地会考#会考#地理会考#中考地理#初中生物,1,隐含,焦虑,学业,medium
准初三,,comment,好牛!!!怎么学的,1,隐含,焦虑,学业,medium
准初三,,comment,我明天就要考了 生物还只能考44分 满分100分的啊天爷啊,1,隐含,自卑,学业,high
准初三,,comment,初二才开始学 初二的生地努努力都能A 6月底会考 现在补初一生地知识来得及吗,1,隐含,焦虑,学业,low
准高三,,comment,班主任批准我们班早上可以睡完早自习来，中午可以睡完第五或者第六节课才来，晚自习可以自行补课或者回家,1,隐含,焦虑,家庭,medium
准高三,,comment,可以问一下是哪个学校吗 现在转过来还来得及吗,1,隐含,焦虑,学业,high
准高三,,comment,我怎么感觉前段时间看过一模一样的帖子甚至置顶也一样,1,隐含,焦虑,学业,medium
准高三,,content,本人是北京朝阳的，现在刚结束一模，距离高考也只剩两个月了,1,隐含,焦虑,学业,medium
准高三,,content,一方面觉得全托更有针对性吧然后又可以提高效率（本人在家效率很低，在学校还可以，上课也会认真听）另一方面觉得我们学校老师教的都挺好的，我也能有所收获，平时经常考试可以知道自己的排名，但是全托就没有对比了,1,隐含,焦虑/正面,学业/生活,medium
准高三,,content,真心求过来人建议啊啊啊#高三#北京高考#朝阳一模#全托#一模,1,隐含,焦虑,学业,medium
准高三,,comment,你觉得全托的老师更了解高考出题动向还是学校老师更了解,1,隐含,焦虑,学业,medium
准高三,,comment,不要信全托广告，踏踏实实在学校跟着老师学，一模到高考还是有不小提升空间的，达到你目标不是啥大问题,1,隐含,焦虑,学业,medium
准高三,,comment,那就带着一模错题找各科老师聊聊，聊完自己回来也总结一下,1,隐含,焦虑,学业,medium
准高三,,comment,可以试一试一对一，把薄弱的科目补一补,1,隐含,焦虑,学业,medium
准高三,,title,放高考假突然觉醒的一天,1,隐含,焦虑,学业,medium
准高三,,comment,宝宝我和你是一个想法 但你要这样想 如果她们真的还有念及一丝旧情就不会在这个时候说出来 就算有多不满都会等到毕业之后 而且我们猜不透不正常人的脑子里是在想什么的,1,隐含,焦虑,未来,high
准高三,,content,虽然一切皆有可能，但那毕竟是少数，对于大多数人而言，高考能够正常发挥就算得上是一桩大喜事,1,隐含,焦虑,学业,medium
准高三,,content,高考出题整体是稳定的，但变化依然存在，有时候一个细小的变化可能打你个措手不及,1,隐含,焦虑,学业,medium
准高三,,content,#个人成长#学习经验#北京大学#高考倒计时#致高考#高考冲刺#高考生#学习#学习分享,1,隐含,焦虑/正面,学业,high
准高三,,comment,想问问你 市里面的模拟考试和联考 排名哪个参考性更大,1,隐含,焦虑,学业,medium
准高三,,comment,而且我们今年高考前不比去年，没有一次全省的模拟考 ，心里可惶恐,1,隐含,焦虑,学业,medium
准高三,,comment,哈哈哈哈宝宝你讲话有种淡淡的幽默感、说真的真学这么长时间我会晕过去的我高中当时兴趣也不多，主要看熬夜小说，现在想想有点魔怔,1,隐含,焦虑,身体,high
准高三,,content,2.不要用平时成绩来预估高考成绩,1,隐含,焦虑,学业,medium
准高三,,content,高考完可以爽玩,1,隐含,焦虑,学业,medium
准高三,,content,6:10-6:30起床 快速吃早点 6:30-7:10英语刷题/刷数学选择题 7:10-7:50语文/英语早读时间 语文专攻高中必背古诗词答题模板 英语专攻3500词+范文+高级句式 8:00-11:40上午上课时间 数学如果老师讲的压轴难题则整理错题 其他老师如果讲的知识点已经掌握则做该科练 11:40-12:10午饭一休息时间 12:10-12:50午休前自习时间 背诵文综/刷文综或理综选择题 12:50-13:30午休 (具体时间根据各学校时间调整) 13:40-17:40下午上课时间 如果有自习课则可以完成当日作业/英语刷题 课间可以复习当日背诵的古诗或者单词 17:40-18:10晚饭一休息 18:10-18:30 晚自习前时间 刷英语题/刷今日文综剩下的一科目选择题 18:30-18:50听力时间 18:50-20:00数理化刷题时间 20:00-20:20课间休息时间 20:20-21:00语文阅读练习 21:00-21:40文综背诵错题分析 21:40-22:10 晚自习放学洗漱时间 22:10-23:30整理当日错题 这样一天学下来效率直接拉满!劳逸结合的同时又兼顾各学科实在是太完美啦宝子们有什么不懂的可以在评论区问我哦,1,隐含,焦虑,学业,medium
准高三,,comment,然后下次写卷子的时候 服了,1,隐含,愤怒,社会,medium
准高三,,comment,我建立了一个高考群，都是高三生一起学习，分享学习资料，只聊高考学习，一起上岸，有人愿意来嘛,1,隐含,焦虑/正面,学业,high
准高三,,comment,真的一模一样 怎么回事,1,隐含,焦虑,学业,medium
准高三,,comment,服了,1,隐含,愤怒,社会,medium
准高三,,comment,啊啊啊 我服了,1,隐含,愤怒,社会,medium
准高三,,comment,可能因人而异吧对我来说最难熬的是高三上学期 天越来越黑越来越冷 超长学期补不完的知识漏洞考不完的试 现在随着春暖花开 作息也逐渐规律 经过上学期对心态和体能的双重锤炼 现在感觉特别专注自如 对很多事情也都有了更豁达的认识——大家一起加油吧,1,隐含,焦虑/正面,学业,medium
准高三,,comment,姐妹那是一模，二模还没有考,1,隐含,焦虑,学业,medium
准高三,,comment,还想冲一冲 但心有余力不足啊,1,隐含,焦虑,学业,high
准高三,,comment,宿舍一直在吵架虽然和我没关系但是听的力竭了,1,隐含,焦虑,生活,high
准高三,,content,#我的学习进化论#北京准高三#北京高三#高考冲刺#北京#北京高考#高考复习#家有高中生#高三牲的精神状态#做局,1,隐含,焦虑/正面,学业,high
准高三,,comment,宝，最近忙着一模，很久没有看手机了不好意思，我给你发官方号，您可以去体验看看，我的个人体验是很不错滴（画想）,1,隐含,焦虑,学业,medium
准高三,,comment,都高考了，单人单桌不是更方便认真学习吗,1,隐含,焦虑,学业,medium
准高三,,comment,倒计时了今天带手机被人举报了从前几天开始班上人演都不演了，班上十几个带手机就我被举报了班上内群人有意见能不能当我面说这个班真的是一天都待不下去,1,隐含,焦虑,学业,high
准高三,,comment,反正我们组织的毕业照我是不打算拍了，毕业典礼我也不参加，随便吧，学校里没有我想见的人（朋友要么在外地上辅导班，要么早就单招出去玩了）,1,隐含,孤独,人际,high
准高三,,comment,根本睡不着，这两天昼夜颠倒,1,隐含,焦虑,身体,high
准高三,,comment,外面都是高考前7天放假吗,1,隐含,焦虑,学业,medium
准高三,,comment,我好倒霉，5号的时候仍然还在学校上课高考的三天学校还让去学校上早自习,1,隐含,焦虑,学业,medium
准高三,,title,高三历史冲刺90+，每道题怎么去拿下,1,隐含,焦虑/正面,学业,high
准高三,,content,高三倒计时越往后你就会发现班里的违禁产品越来越多了#高三#学生时代#高三加油,1,隐含,焦虑/正面,学业,high
准高三,,comment,因为在高考前学校不会给高三学生批特别大的处分,1,隐含,焦虑,学业,medium
准高三,,content,封面是自己写的 这个配色怎么样#发一张你学习时的照片吧[PK]#,1,隐含,焦虑,学业,medium
准高三,,comment,这个这本我也做过 这块写的还不如你好哈哈哈,1,隐含,自卑,自我,high
准高三,,title,我去高考,1,隐含,焦虑,学业,medium
准高三,,content,再回过神来发现我居然要去高考了,1,隐含,焦虑,学业,medium
准高三,,comment,再来看看这个帖子的时候离高考只有个位数了原来大家都是一样的感受 好快好快好快高考居然就是下周的事了……,1,隐含,焦虑,学业,medium
准高三,,comment,高考加油,1,隐含,焦虑/正面,学业,medium
准高三,,comment,中考也是一样（我,1,隐含,焦虑,学业,medium
准高三,,comment,倒计时四天,1,隐含,焦虑,学业,high
准高三,,comment,人人都说高三会提分，只有我自己知道数学还那样,1,隐含,焦虑/正面,学业,high
准高三,,comment,距离高考剩28天的时候 外婆车祸去世 今天剩27天 我连她的脸都没看清 早上起来就浑浑噩噩的,1,隐含,焦虑,学业,medium
准高三,,comment,想问问高考可以带面包进吗,1,隐含,焦虑,学业,medium
准高三,,comment,一般人做导数压轴只能一类一类题型见呗，更何况总结题型的速度根本比不上题型更新的速度,1,隐含,自卑,自我,high
准高三,,comment,我们老师说是600，600就是基础分，只要非常非常努力并且高考时没什么意外600上下还是可以的,1,隐含,焦虑/正面,学业,medium
准高三,,content,③ 免疫调节：区分体液免疫和细胞免疫，过敏反应是免疫系统异常敏感,1,隐含,焦虑,身体,high
准高三,,content,#高三生物#生物大题技巧#高考生物#高三备考#生物提分#高三学习经验#生物答题规律#高考备考干货,1,隐含,焦虑/正面,学业,high
准高三,,comment,我跟她的时候是先把自己的薄弱点理清楚然后针对这些模块做专题突破，边学边总结解题思路，看到光合作用的图表题先判断考的是光反应还是暗反应过程，再对应分析影响因素,1,隐含,焦虑,学业,medium
准高三,,title,陪跑过来人：高三孩子最容易阵亡的三个阶段,1,隐含,自卑,自我,high
准高三,,content,现在是二轮复习收尾，距离高考只剩68天，很多家长以为只要孩子稳住就行，其实这时候最容易崩盘,1,隐含,焦虑,学业/家庭,high
准高三,,content,【家长应对】：①别只盯分数，先稳情绪：我跟她说“一模是找问题的，不是定结果的”，让她把错题分类复盘,1,隐含,焦虑,学业,medium
准高三,,content,③找伴学老师梳理薄弱点，制定专项补救计划，让她看到“问题有办法解决”,1,隐含,焦虑,学业,medium
准高三,,content,✅ 第二个阶段：五月冲刺期—节奏失控期 【崩盘原因】：离高考越来越近，孩子开始“拼命”，熬夜刷题、疯狂报班，结果越拼越乱,1,隐含,焦虑/正面,学业/身体/家庭,high
准高三,,content,”③精简任务：只保留薄弱专项突破，不做无用功,1,隐含,焦虑,学业,medium
准高三,,content,【典型症状】：失眠、食欲下降、反复确认考试时间、情绪敏感,1,隐含,焦虑,身体,high
准高三,,content,把孩子从无效的“拼命”中拉回来，高考才能真正发挥水平,1,隐含,焦虑,学业,medium
准高三,,content,#高中学习方法#陪读妈妈#家有高中生#家长收藏孩子受益#高中提分#陪读日常#高中学习规划#家长必读#高三冲刺,1,隐含,焦虑/正面,学业,high
准高三,,comment,"孩子高三最后阶段心态崩了、找不到节奏的家长，官+留""985""，我把伴学老师给我家孩子制定的""高三冲刺60天稳住方案""分享给你~",1,隐含,焦虑/正面,学业,high
准高三,,content,今天出一期保姆级教程： . 1️⃣优质题目 对于只剩70多天的备考时间，选对题目比刷多少题更重要,1,隐含,焦虑,学业,high
准高三,,content,2.新高考先行地区的真题 山东、北京、上海、浙江这些新高考先行地区的真题也很有价值,1,隐含,焦虑,学业,medium
准高三,,content,. 3️⃣有效复盘 （一）选择题复盘 1. 错因分类 每道错题问自己：考的是哪个知识点、我当时为什么选错、正确选项的依据是什么 把错因写下来，分类整理,1,隐含,焦虑,学业,medium
准高三,,comment,最后六十天冲政治真的还来得及吗,1,隐含,焦虑/正面,学业,high
准高三,,comment,政治其实是冲刺性价比很高的科目，答题套路掌握了提分很明显，我高三时除了选择题还行，大题和时政分析都拉胯，我就跳过基础部分听常迎老师的答题模板和时政专题把哲学、经济、政治生活几个大题板块过了一遍，赋分91,1,隐含,焦虑/正面,学业,high
准高三,,comment,我光是把他的哲学大题答题逻辑搞懂，就涨了快十分真的抓对方法政治提分比死记硬背快多了,1,隐含,焦虑/正面,学业,high
准高三,,comment,25年高考赋分95，没花大量时间背，也没盲目刷题我觉得关键是对核心逻辑的理解要透,1,隐含,焦虑,学业,medium
准高三,,comment,学姐，现快四月了，听他还来得及吗,1,隐含,焦虑,学业,high
准高三,,comment,其实我觉得政治是文综里提分相对容易的,1,隐含,焦虑/正面,学业,high
准高三,,comment,收藏了，我每次选择题都纠结得要鼠，在两个选项里反复横跳还老错，感觉知识点白背了，这听常迎还来得及吗,1,隐含,焦虑,学业,high
准高三,,title,2025年高考全年复习计划，准高三的你别玩了,1,隐含,焦虑,学业,medium
准高三,,content,#高考逆袭#高考冲刺#高考提分#高中学习方法#一轮复习#高中学习资料#快速提分#准高三,1,隐含,焦虑/正面,学业,high
初三党,,content,2.不要用平时成绩来预估中考成绩,1,隐含,焦虑,学业,medium
初三党,,content,⏰6:10-6:30起床快速吃早点 ⏰6:30-7:10英语刷题／刷数学选择题 ⏰7:10-7:50语文／英语早读时间语文专攻初中必背古诗词答题模板<←素材 英语专攻单词＋范文＋高级句式 ⏰8:00-11:40上午上课时间 数学如果老师讲的压轴难题则整理错题 其他老师如果讲的知识点已经掌握则做该科练⏰11:40-12:10午饭一休息时间 ⏰12:10-12:50午休前自习时间背诵政史地选择题 ⏰12:50-13:30午休 （具体时间根据各学校时间调整） ⏰13:40-17:40下午上课时间 如果有自习课则可以完成当日作业／英语刷题课间可以复习当日背诵的古诗或者单词 ⏰17:40-18:10晚饭一休息 ⏰18:10-18:30晚自习前时间 刷英语题／刷今日文综剩下的一科目选择题 ⏰18:30-18:50听力时间 ⏰18:50-20:00数理化刷题时间 ⏰20:00-20:20课间休息时间 ⏰20:20-21:00语文阅读练习 ⏰21:00-21:40文综背诵错题分析 ⏰21:40-22:10晚自习放学洗漱时间 ⏰22:10-23:30整理当日错题 这样一天学下来效率直接拉满,1,隐含,焦虑,学业,medium
初三党,,comment,为什么不要用平时成绩估中考成绩啊,1,隐含,焦虑,学业,medium
初三党,,content,#同学#中考#劝告,1,隐含,焦虑,学业,medium
初三党,,comment,初中物理挺简单的，你上课认真听，听不懂也要硬听，这样慢慢地就开窍了,1,隐含,焦虑,学业,high
初三党,,comment,哈哈跟我妈一样 初中的时候有人跟我妈表白我妈让他好好学习,1,隐含,焦虑,家庭,high
初三党,,comment,我真的觉得大家快到中考玩是因为自己都会了[呃R],1,隐含,焦虑,学业,medium
初三党,,content,#中考#初三#学习方法#开学,1,隐含,焦虑,学业,medium
初三党,,comment,祝我们2026届中考生都考上理想的高中，一起努力加油,1,隐含,焦虑/正面,学业,medium
初三党,,comment,为别人说了那么多次的中考加油 今年轮到我上战场了,1,隐含,焦虑/正面,学业,medium
初三党,,comment,再为自己说一遍吧 中考加油,1,隐含,焦虑/正面,学业,medium
初三党,,comment,加油 不是还想去大城市看看吗 不是想离豹猫更近些吗 不是想要未来活的自由自在无忧无虑吗 再坚持坚持 考上高中 考上高中就给自己铺好第一步路了 加油无论是为了豹猫亦或是自己 你可以的 等我中考完的假期一定要去成都看看停停和山牙子,1,隐含,焦虑/正面,学业,medium
初三党,,comment,还有一百多天中考，一起加油,1,隐含,焦虑/正面,学业,medium
初三党,,comment,多鼓励孩子，很多科目这几个月突击一下没问题的，寒假抓紧查漏补缺,1,隐含,焦虑,学业,high
初三党,,comment,你们平时补课不,1,隐含,焦虑,家庭,medium
初三党,,comment,你们是按中考分数，还有点参照性,1,隐含,焦虑,学业,medium
初三党,,comment,然后你就可以从她的话题知道她熬夜的原因,1,隐含,焦虑,身体,high
初三党,,comment,在她吃宵夜的时候表达关怀，然后说熬夜对身体不好，以后不要熬这么晚，好吗,1,隐含,焦虑,身体,high
初三党,,comment,我还刷到过一模一样的,1,隐含,焦虑,学业,medium
初三党,,comment,我妈嫌我学10多个小时不够,1,隐含,焦虑,家庭,high
初三党,,comment,我妈也是这样觉得凌晨学习不好，但是大家都在卷,1,隐含,焦虑,家庭,high
初三党,,title,给中考体育体考同学的一些一些建议,1,隐含,焦虑,学业,medium
初三党,,content,#中考#初三#备战中考#我的学习进化论,1,隐含,焦虑,学业,medium
初三党,,title,体育中考完结,1,隐含,焦虑,学业,medium
初三党,,comment,26届高考生吗,1,隐含,焦虑,学业,medium
初三党,,content,实在不听写不下去就听一些舒缓的音乐，白噪音也可以,1,隐含,焦虑,生活,high
初三党,,title,中考最后三个月一定不能碰的几个禁忌,1,隐含,焦虑,学业,medium
初三党,,content,#考试技巧#考试技巧#学霸#神奇学习方法在这里#中考加油#学霸秘籍#中考复习#学习技巧#中考#致高考,1,隐含,焦虑/正面,学业,medium
初三党,,comment,果果我们中考顺利,1,隐含,焦虑,学业,medium
初三党,,content,#初三#中考加油#日常plog#日常#学习#study#学习日常,1,隐含,焦虑/正面,学业,medium
初三党,,content,给9年级学生演示一下初三最后62天要努力到什么程度#中考复习#学习技巧#学习规划#学习方法很重要#初三#复习方法#学习方法#中考#初中生#学习更高效,1,隐含,焦虑/正面,学业,medium
初三党,,content,中考历史材料题占比40%-50%，吃透这份，答题规范不丢分，轻松逆袭历史学霸,1,隐含,焦虑,学业,high
初三党,,content,#初中历史#历史学习#中考历史#初中学习#历史材料题#初三复习#学习方法#中考复习,1,隐含,焦虑,学业,medium
初三党,,comment,也没有什么学习方法就是跟着老师刷题和反复做错题,1,隐含,焦虑,学业,medium
初三党,,comment,上学期期末考我全班第二，年级第三，这学期我得加把劲了考上我理想的初中,1,隐含,焦虑,学业,medium
初三党,,comment,往死里刷题，然后反复写错题,1,隐含,焦虑,学业,medium
高三党,,content,#内容过于真实#女生必看#高三精神状态#高考,1,隐含,焦虑,学业,medium
高三党,,comment,高考顺利加油,1,隐含,焦虑/正面,学业,medium
高三党,,comment,高考顺利,1,隐含,焦虑,学业,medium
高三党,,comment,中考生在这里祝你高考成功,1,隐含,焦虑,学业,medium
高三党,,comment,高考加油，一定可以的,1,隐含,焦虑/正面,学业,medium
高三党,,comment,作文没写完还有1行，就这样吧....19分我花40分钟写18分，我花4分钟写60分我花25分钟写我真的是服了我自己了,1,隐含,愤怒,社会,medium
高三党,,comment,问问今天英语难不难 我要中考了,1,隐含,焦虑,学业,medium
高三党,,comment,眼下先中考过关了先,1,隐含,焦虑,学业,medium
高三党,,comment,因为我七号高考,1,隐含,焦虑,学业,medium
高三党,,comment,说实话，现在就高三，马上高考，以前还不信，现在…信了,1,隐含,焦虑,学业,medium
高三党,,content,我亲手杀死了我的人生——在每一个凌晨，在每一道重复做错的题面前，在每一次排名更新时,1,隐含,焦虑,学业,medium
高三党,,content,谁能告诉我，这一切都结束后，生活会变好吗 #高中#高三#高考#随笔#高考加油,1,隐含,焦虑/正面,学业,medium
高三党,,comment,哎呀，老大好年轻，会的，一切都会更好的，高考加油呀，毕业之后无论是打游戏还是出去玩都很好,1,隐含,焦虑/正面,学业/未来,high
高三党,,comment,我和老师一样是本届高考生,1,隐含,焦虑,学业,medium
高三党,,comment,在此祝所有中考高考生考试顺利上岸,1,隐含,焦虑/正面,学业,high
高三党,,comment,一模一样,1,隐含,焦虑,学业,medium
高三党,,content,（纯人类智能，无ai写稿） 下面是一些我自己的信息供大家参考🥰 我是25届北京考生，选科全文，高中是普高，离校前成绩520-540 7月20号左右进的画室，联考256分 校考时间超超超长，参加了大部分美院的校考初试、传电三试、一直到清华美院三试后才回校，此时距离高考约70天，集训后回原高中 没有报培训机构 一模成绩521,1,隐含,焦虑,学业,medium
高三党,,content,二模570,1,隐含,焦虑,学业,medium
高三党,,content,高考617 语文125 数学100 英语140/历史82 政治82 地理88 ✨为了能够帮到和我一样选择艺考的同学们，做了这样一个学习经验分享系列,1,隐含,焦虑,学业,medium
高三党,,comment,还真是……英语简单 数学好提分,1,隐含,焦虑/正面,学业,high
高三党,,comment,是这样的，数学严重偏科考试的时候数学一个个位数，另外两门三位数分数也还算好看,1,隐含,焦虑,学业,high
高三党,,comment,我操我也是这两个校排名都几百名开外,1,隐含,焦虑,学业,medium
高三党,,comment,简单的我会直接回，有关“怎么学英语”“怎么增加题目理解”这种比较普遍的问题我会再发帖来讲,1,隐含,焦虑,学业,medium
高三党,,comment,求助，现在已经到了集训的时候了，但家里没有能力报画室，虽然学校安排了暑假集训，但加起来也只有十几天，期间有十几天的文化课和十几天的自主集训时间，而且不能进行针对性的训练，每天不到五点就放学了（这时候其他同学会去自己报的画室一直学到九点）,1,隐含,无助,学业,high
高三党,,comment,想知道数学英语怎么学,1,隐含,焦虑,学业,medium
高三党,,comment,老师我是27届纯文美术生我现在是没复习过高一高二上没学过高二下开始学习然后现在大概410分左右 我们8月开始集训 我不准备校考想考好的92 数学偏科只能考50分左右 我从现在开始学习高考560是可以达到的分数吗 心里特别没底,1,隐含,焦虑/自卑,学业,high
高三党,,comment,不是，我还以为有人推荐解压小玩具呢，求推荐,1,隐含,无助,学业,high
高三党,,content,怎么还不高考,1,隐含,焦虑,学业,medium
高三党,,comment,刚刚看到距春考84天的倒计时 感慨时间好快 距高考已经没有60天了,1,隐含,焦虑,学业,high
高三党,,comment,还有400多天才高考，我也飘了,1,隐含,焦虑,学业,medium
高三党,,content,一张图扎心了#扬州教育资讯#私立高中#中考#职高#备战中考#新高考选科#中考成绩#初中#理科生#高三文科 #普高要上吗,1,隐含,焦虑,学业,medium
高三党,,comment,不上的话，我中考白考了,1,隐含,焦虑,学业,medium
高三党,,content,#家长必看#极简学习法#高考冲刺#神奇学习方法在这里#邪修学习#我的学习进化论,1,隐含,焦虑/正面,学业,high
高三党,,content,✅北京各区校区分布一览 🏙️ 朝阳区 国贸CBD｜望京SOHO｜亚运村 青年路｜双井｜三里屯 太阳宫｜安贞｜北苑 管庄｜垡头｜潘家园 🎓 海淀区 五道口｜中关村｜苏州桥 西二旗｜清河｜马连洼 田村｜八里庄｜甘家口 北太平庄｜学院南路｜西土城 🏫 西城区 金融街｜德胜门｜月坛 阜成门｜西四｜南锣鼓巷 牛街｜白纸坊｜广安门外 📍 东城区 东单｜建国门｜朝阳门 安定门｜和平里｜北新桥 东四｜崇文门 🌉 通州区 运河商务区｜宋庄｜台湖 马驹桥｜张家湾｜漷县 🚀 大兴区 亦庄｜黄村｜西红门 旧宫｜礼贤｜榆垡 🏞️ 昌平区 沙河｜南口｜马池口 小汤山｜百善｜阳坊 💼 丰台区 丰台科技园｜丽泽商务区｜马家堡 方庄｜卢沟桥｜花乡｜大红门 🏭 石景山区 首钢园｜八角｜古城｜五里坨 ✈️ 顺义区 空港｜后沙峪｜天竺 高丽营｜李桥 🏘️ 房山区 窦店｜阎村｜周口店｜长沟 #高中集训 #全日制 #高三全日制 #封闭式 #暑假班#高中全托#北京中考全日制#高三全托#初三全日制#北京高三#北京暑期#艺考文化课#北京中考#北京高考,1,隐含,焦虑,学业,medium
高三党,,comment,我是超级无敌偏科的那种，其实也可以说是稳定在130了那两科，就是说的谦虚一点点哈哈哈，但是数学我还是有点迷惑，现在是要读课本然后做专题练嘛,1,隐含,焦虑,学业,high
高三党,,comment,找人带你是最好最快的，如果实在没有条件，就先保证课本上的例题和课后题自己能做出来，然后去刷高考题,1,隐含,焦虑,学业,medium
高三党,,comment,市面上有些资料是把历年高考题按章节编排的，而且分了题目难度，这种最好，由易到难去做,1,隐含,焦虑,学业,medium
高三党,,title,高三苦命倒计时,1,隐含,焦虑,学业,high
高三党,,content,#高三文科#早起学习#学习动力#高考倒计时#高考逆袭#高中学习#高考冲刺#一轮复习#高考,1,隐含,焦虑/正面,学业,high
高三党,,comment,当时老师跟我说你毕业之后会怀念这里的，我还想怎么可能,1,隐含,焦虑,未来,high
高三党,,comment,求推荐国际高中,1,隐含,无助,学业,high
高三党,,comment,你们二模好早我们还有20天才一摸嘞,1,隐含,焦虑,学业,medium
复读生,,content,邻近高考，学神向着省状元发起一段冲锋，并同时随手拎起校霸试图carry一段,1,隐含,焦虑/正面,学业,medium
复读生,,content,再艺考流程：统考→校考→高考，节奏全变 统考：应届生从零开始，复读生有底子，但容易“轻敌”,1,隐含,焦虑,学业,medium
复读生,,content,12月就要把所有意向院校的简章下载下来，自己做倒计时表,1,隐含,焦虑,学业,high
复读生,,content,高考体检：复读生通常是3月单独通知，比应届生晚两周,1,隐含,焦虑,学业,medium
复读生,,comment,我服了哈哈哈哈哈哈哈,1,隐含,愤怒,社会,medium
复读生,,comment,被拽蛋吵得精神力下降，变得暗淡了许多（不是）,1,隐含,焦虑,生活,high
复读生,,title,高三300分逆袭之路✨,1,隐含,焦虑,学业,high
复读生,,content,求推荐#百万up学神天天演我#英中四部曲小霄,1,隐含,无助,学业,high
复读生,,content,#复读生#高考冲刺#高考提分#高考改变人生#安徽高考#合肥高考#高考复读,1,隐含,焦虑/正面,学业,high
复读生,,title,高三生的出路‼️💡这些公办本科你都能上,1,隐含,焦虑,未来,high
复读生,,content,👉即使不需要高考成绩,1,隐含,焦虑,学业,medium
复读生,,content,在高考前申请不看高考成绩,1,隐含,焦虑,学业,medium
复读生,,content,高考后申请条件会变高 - 💞根据每个孩子的情况，家庭预算不同，择校不同 ⚠️⚠️家长及学生一点要谨慎选择#当然要记录啊#名校#本科#出国留学咨询#理工科院校#免试入学#国际部#报考指南#中央财经大学#中国传媒大学,1,隐含,焦虑,学业/家庭,high
复读生,,title,南京往届生中考,1,隐含,焦虑,学业,medium
复读生,,content,2009年1月27日出生 然后南京往届生要求18周岁以下 想报名27年中考 那在2026年11月份还是17岁可以报名吗 有没有大佬知道#南京#往届生中考#南师附中,1,隐含,焦虑,学业,medium
复读生,,content,有🈚收过的老师说说呀 #小霄#复读生by小霄#求助,1,隐含,无助,学业,high
复读生,,content,2. 在家自学，以社会考生身份报名高考,1,隐含,焦虑,学业,medium
复读生,,content,② 资格预审：报名前登录江苏省普通高考考生服务平台（gk.jseea.cn），上传身份证、户口本、毕业证,1,隐含,焦虑,学业,medium
复读生,,content,3. 选科调整：新高考选科可调整，但需重新备考调整后的科目，提前规划适配,1,隐含,焦虑,学业,medium
复读生,,content,#江苏复读#2026高考#正则高复#江苏复读学校#复读生#多元升学途径#南京复读学校#南京正则复读学校#江苏高考复读学校推荐,1,隐含,焦虑,学业,medium
复读生,,comment,距离台湾中考13天,1,隐含,焦虑,学业,medium
复读生,,comment,“呜啊～珍的是你啊哈”笑死我了,1,隐含,愤怒,人际,low
复读生,,title,2022高考复读,1,隐含,焦虑,学业,medium
复读生,,comment,没关系的 复读没上岸很正常的 除了高考还有很多条路可以走 可以考研考公考编呢,1,隐含,焦虑/正面,学业,high
复读生,,comment,说实话教材改版真不是问题，只要你想学怎样都可以，我朋友第一年高考失利也是遇到下一届高考教材改版，她还是复读了，第二年高考从民办二本到985,1,隐含,焦虑,学业,medium
复读生,,comment,还是得看排名,1,隐含,焦虑,学业,medium
住校生,,comment,我爸妈要上班 我自己上下学,1,隐含,焦虑,家庭,high
住校生,,comment,我们放学早 走读五点四十就放了我爸有空会来接我 上学就都是我自己早起坐地铁和公交,1,隐含,焦虑,家庭,high
住校生,,comment,我睡眠不好 但是如果能回家 就算睡的时间晚我是可以克服的 毕竟对我来说在家里好好睡两个小时 比在外面睡不好睡五个小时都有用,1,隐含,焦虑,身体/生活,high
住校生,,content,1️⃣物理隔绝噪音和光线 备一副软硅胶耳塞+遮光眼罩，把室友的键盘声、走廊的灯光都挡在外面,1,隐含,焦虑,生活,high
住校生,,content,（实在劝不动） 2️⃣用白噪音盖过杂声 手机放枕边，播放雨声、风扇声或白噪音歌单,1,隐含,焦虑,生活,high
住校生,,content,#宿舍关系#睡不着#舍友#宿舍#睡觉#室友#人为什么要睡觉#睡不着一点#想好好睡觉#晚上睡不着白天睡不醒,1,隐含,焦虑,身体,high
住校生,,comment,真的服了，就一直翻身，这床老响了,1,隐含,愤怒,社会/其他,medium
住校生,,comment,我也不知道，当初身体是真好啊，这么熬都不生病,1,隐含,焦虑,身体,high
住校生,,title,一代人的集体宿舍创伤：被忽略的沉默伤痕,1,隐含,委屈,人际,high
住校生,,comment,反正我大学时期矛盾最大的就是睡觉，你们那时候会注意自己的举止，不吵醒对方吗,1,隐含,焦虑,生活,high
住校生,,comment,年轻的时候基本没有听说谁睡不好啊，那会儿好像什么也不发愁，白天就是上课，玩，晚上到点了大家就熄灯睡觉,1,隐含,焦虑,身体/生活,high
住校生,,comment,我妈（跟我分享的）宿舍生活以前也这样，,1,隐含,焦虑,家庭,high
住校生,,comment,远不如现在的普及率和热度,1,隐含,自卑,自我,high
住校生,,comment,我妈说他们读大学的时候都宿舍里都要排个姐妹，大姐二姐的，平时老乡会的也会互相帮扶，出来大学就包分配,1,隐含,焦虑,家庭,high
住校生,,comment,还有那种外向的擅长从社交里吸取能量的,1,隐含,焦虑,人际,high
住校生,,comment,做小三还是因为要保住工作不被裁员，才去做小三，还要上班，吾腹腹,1,隐含,委屈,学校,medium
住校生,,comment,我旅不起游，换不起手机，拿不出材料，也收不到钱，还得给比我过的好的同学们审材料,1,隐含,自卑,自我,high
住校生,,comment,我不知道怎么评价我大学当班级团支书，助学金这种一般都经过我的手，有很多不是很需要的同学上报我也就睁一只眼闭一只眼，基本报多少都能给，有时候没有必要这么绝对的正义，他也没有侵犯谁的利益，谁知道他是不是不吃饭的钱用来喝咖啡了，又不是特别奢侈的事情，所以这事别掺和，而且还是室友,1,隐含,焦虑,学业,medium
住校生,,comment,确实，多一事不如少一事，反正也和自己没关系,1,隐含,自卑,自我,high
住校生,,comment,我经常看到她笑死我了 这四小龙一直不还钱,1,隐含,愤怒,人际,low
住校生,,comment,我刷到过这人笑死了卧槽,1,隐含,愤怒,人际,low
住校生,,comment,我真服了,1,隐含,愤怒,社会,medium
住校生,,comment,精神衰弱本来就是有病啊凭啥我迁就她而且本来就是宿舍的床摇我就爬床睡觉还说我吵醒她了,1,隐含,焦虑,生活,high
住校生,,comment,万一床不好突然翻一下试试真的吵,1,隐含,焦虑,生活,high
住校生,,comment,真的、我还搬床了、服了,1,隐含,愤怒,社会,medium
住校生,,comment,人家说你吵，你注意，但是你说人家吵的时候，人家就说你说他,1,隐含,焦虑,生活,high
住校生,,comment,就是 千万不能沙 他说你吵你也说他吵,1,隐含,焦虑,生活,high
住校生,,comment,我被说写字的声音,1,隐含,委屈,人际,high
住校生,,comment,对啊真离谱了我想知道他们这些人在什么环境下才能睡着,1,隐含,愤怒,社会,medium
住校生,,comment,一模一样，我是男生，我下铺那个室友也是找我茬说我翻身动静大,1,隐含,焦虑,学业,medium
住校生,,comment,我这个也怪抽象的，说我晚上和别人聊天打字声音吵,1,隐含,焦虑,生活,high
住校生,,comment,找导员调解的话会不会被他说更多琐事啊,1,隐含,委屈,人际,high
住校生,,comment,不止我们班，整整27个班几乎都被偷了 据说是偷了1w,1,隐含,委屈,人际,high
住校生,,comment,我妈也一直教育我离开过视线的水不要喝,1,隐含,焦虑,家庭,high
住校生,,comment,笑死了,1,隐含,愤怒,人际,low
住校生,,comment,笑死我了,1,隐含,愤怒,人际,low
住校生,,title,大学宿舍求助,1,隐含,无助,学业,high
住校生,,content,大学宿舍求助： 怎么能尽量少发出声音,1,隐含,无助,学业,high
住校生,,comment,自己做事情的时候就感觉奇吵无比,1,隐含,焦虑,生活,high
住校生,,comment,首先，如果你不是那种很吵很吵的不好的习惯，我觉得没必要改，如果以后还遇见这种情况你难道碰到一次改一次吗,1,隐含,焦虑,生活,high
住校生,,comment,元旦玩完回来凌晨了但是第二天还要出去玩，想洗个头但是肯定会吵到舍友，有没有什么补偿她们的办法,1,隐含,焦虑,生活,high
住校生,,comment,（但我开关门一直很吵[完啦R]）然后牙刷不要猛一下丢进牙杯里，轻轻放回去,1,隐含,焦虑,生活,high
住校生,,comment,如果涮牙膏沫沫实在吵，开小流水冲也可以,1,隐含,焦虑/正面,生活/学业,high
住校生,,content,你成绩有点不如人意，但是好在最后努力了半年，也算是考上了一个别人嘴里不错的私立,1,隐含,自卑/正面,自我/学业,high
住校生,,content,#遇见美好#生活记录#与美好不期而遇#老师同学在天堂#河北高中#我打死你#没到点不许去#便秘#我服了#我下床上厕所不走动拉你头上啊,1,隐含,愤怒,社会,medium
住校生,,comment,放假时间跟十七中一模一样诶，，，,1,隐含,焦虑,学业,medium
住校生,,comment,吗蛋我笑死了,1,隐含,愤怒,人际,low
住校生,,comment,人家干自己的关你啥事啊,1,隐含,愤怒,人际,high
住校生,,content,#大学宿舍#室友#大学生哪有不疯的#这个宿舍终还是选对了,1,隐含,委屈,人际,high
住校生,,comment,好奇这个博主那个学校 宿舍好棒啊（无恶意今年高考,1,隐含,焦虑,学业,medium
住校生,,comment,直接上去和她们说吧大部分态度应该都会挺好的昨天我们就去和她们说了 都不怎么吵了态度也很好,1,隐含,焦虑/正面,生活,high
住校生,,content,住校生怎么去养耳洞（耀文同款），打完后带那种耳钉不容易发炎,1,隐含,焦虑,身体,high
住校生,,comment,学校不让带耳钉的话，就买那种透明的,1,隐含,委屈,人际/学校,high
住校生,,comment,耳垂手穿带钛合金的话基本不用怎么护理 用生理盐水冲冲就可以了 发炎的话滴点左氧氟沙星,1,隐含,焦虑/正面,身体/学业,high
住校生,,comment,宝宝手穿比较好 钛合金好养 找个大店打 不要贪图几十块钱便宜 平时没事就别管它 有分泌物了再用生理盐水 发炎红肿可以用左氧氟沙星 淤青和痒都正常 打耳洞开始的两周不建议换耳钉哦不要学耀文 还有钛合金耳饰要注意不要被骗哦,1,隐含,焦虑,身体,high
住校生,,comment,打手穿的，我打的120一对，技术很好，恢复特别快，耀文那家应该更贵一点，戴钛合金内螺旋耳钉，最好就在穿孔店买，消过毒的安心一点，每天用生理盐水冲洗一下，然后擦干吹风机吹干，发炎的话滴后面那个眼药水，就买下面这两个就能养好,1,隐含,焦虑/正面,身体/学业,high
住宿生,,comment,听说工作以后，同事也跟集体一模一样,1,隐含,焦虑,学业,medium
住宿生,,comment,不了，住集体宿舍比住在家里香，因为室友是真的完全不care你在干什么但是家人随时会sj你,1,隐含,委屈,人际,high
住宿生,,comment,首先就是隐私，其次熬夜可以不干扰别人，看剧的氛围也好得多,1,隐含,焦虑,身体,high
住宿生,,content,第一次住青旅个人感觉还行，除了那个门开关有点吵，其实其他的都和宿舍没啥区别，睡觉的时候就在思考🤔为什么学校宿舍的床不像青旅的床这样设计呢，床头既有储物的地方，帘子一拉也有私密空间，侧边的灯也可以想关就关，帘子的遮光性很好也不会打扰别人,1,隐含,焦虑,生活,high
住宿生,,comment,裤兜里吧 裤裆什么鬼啊,1,隐含,愤怒,社会,high
住宿生,,comment,我十年前上大学的时候虽然是上床下桌独立卫生间，但是连空调都不装，夏天热到长痱子，一个宿舍都在涂痱子粉,1,隐含,焦虑,生活,medium
住宿生,,comment,每天抢着冲回宿舍洗澡洗头 又冲去饭堂吃饭 洗完澡去饭堂也只能吃剩饭剩菜 回到宿舍楼层低又暗还很潮湿 舍友也挺邋遢的 每次洗完头洗完澡地板很湿还有头发 看着根本下不了脚,1,隐含,焦虑,学业,high
住宿生,,comment,正常人在哪个宿舍都会待的很好，因为正常人具有正常的社交能力、正常的情绪控制能力、正常的同理心,1,隐含,焦虑,人际,high
住宿生,,comment,我这破学校不让，家就在大学对面也得住宿[完啦R],1,隐含,委屈,学校,high
住宿生,,content,⭐️有了这个视频，至此才有了石头的一份检讨书兼道歉信，但我女儿将近初一整个学年去了几次心理咨询还没有解决的心理创伤是无法弥补的，她寡言少欢，有时在课堂上都仿佛听到她们背后阴阳她or言语讽刺她or被班里男生围堵盘讯隐私or想到自己被砸她们三个人哄然大笑…她常深更半夜睡不着，偶尔会做噩梦，严重时需要助睡眠的药，还是经常失眠，现在还在寻求心理医生的帮助，心理医生说后续还需要几个疗程 ⭐️之前是偶尔的背地里冷嘲热讽，自从我女儿告老师后，石头她现在都不装了，越来越明显的欺负我女儿了，这不温不火的伤害是挺折磨人的 ⭐️法院工作人员目前都拿不出什么好办法 ⭐️统一学校就在我们家门口的本地人 我们是普通老百姓 ⭐️ 今天我选择写下这篇文章，坦白说，就是为了流*量，为了她的公开道歉，我们要让我女儿知道，善良是要带锋芒的,1,隐含,焦虑,身体,high
住宿生,,comment,从小我爸妈就说如果有人欺负你你就狠一点打回去,1,隐含,焦虑,家庭,high
住宿生,,comment,对我爸从我小时候就说 你手劲大 谁打你你打回去,1,隐含,焦虑,家庭,high
住宿生,,comment,我爸来了之后，直接当着对方父母说打的好，下次他还打我闺女，就用砖头砸他头,1,隐含,焦虑,家庭,high
住宿生,,comment,甚至我爸妈都不知道我现在在咨询在吃药，不过初中的时候他们已经想过我休学或者退学不读了,1,隐含,焦虑,家庭,high
住宿生,,comment,真是真勇士啊 我八人寝 十二人得吵死吧,1,隐含,焦虑,生活,high
住宿生,,comment,八人寝我也呆过，十二人寝完全地狱级别，吵的此起彼伏,1,隐含,焦虑,生活,high
住宿生,,comment,我服了,1,隐含,愤怒,社会,medium
住宿生,,comment,韩国练习生的话听说手机之类的电子产品确实不让用，饭都得限制着吃,1,隐含,委屈,人际,high
住宿生,,comment,不要只看那些光鲜亮丽的团 你要是去了不一定有他们那样的成绩和公司 我爸朋友的孩子就去当了 感觉还没他在家待着舒适,1,隐含,焦虑,家庭,high
住宿生,,title,大晚上的睡不着，开一个宿舍吐槽帖,1,隐含,焦虑,身体,high
住宿生,,comment,要是真的热得不得了，浑身冒汗就对自己吹一下下，别吹太久，生病吹风吹太久不好，调小风档稍微降一下温,1,隐含,焦虑,身体,high
住宿生,,content,和室友作息非常不和，室友熄灯后不睡觉，在底下翻书写作业特别吵，还有一个小声外放电视剧的 #噪音困扰#楼上楼下噪音#隔音棉#大学寝室#大学寝室矛盾#隔音#寝室关系,1,隐含,焦虑/委屈,生活/人际,high
住宿生,,content,按下冲水键的难度不亚于核武发射，那惊天动地的冲水声,1,隐含,愤怒,学业,low
住宿生,,comment,抽水声真的很大声 在我这边确实是可以慢慢摁的 之前我室友6点多直接摁那个按钮 在我给吵醒了 woc 吓我一跳,1,隐含,焦虑,生活,high
住宿生,,comment,连心理活动都一模一样,1,隐含,焦虑,学业,medium
住宿生,,comment,我如果半夜睡不着必须起夜上厕所，我的床还吱吱呀呀的，每天半夜起夜都很折磨,1,隐含,焦虑,身体,high
住宿生,,comment,跟个人睡眠也有关系，有可能你睡得比较沉，室友小心翼翼别人还是容易被吵醒，有可能是睡眠浅,1,隐含,焦虑,生活,high
住宿生,,comment,我对声音很敏感，被之前的舍友早起吵醒过,1,隐含,焦虑,生活,high
住宿生,,comment,我的睡眠不好，大部分时候睡前室友有小动静，只要寝室没完全安静下来我就睡不着，但是我其他室友睡眠都特好哈哈哈哈，入睡容易，也不容易被吵醒,1,隐含,焦虑/正面,身体/生活/人际,high
住宿生,,comment,我早上起来也基本没声音 就是动作要慢 衣服提前准备好 早上要用的也提前准备好，出门拿钥匙慢慢关门 我室友都不知道我早上起来了,1,隐含,委屈,人际,high
住宿生,,comment,声音这个东西其实无解，有的人对声音敏感，有的人睡觉沉有的人睡眠浅，我就是睡眠浅的那种人，一点点轻微动静我都能醒，我睡觉所以会戴耳塞，但是有时候还是难以避免被吵醒,1,隐含,焦虑,生活,high
住宿生,,comment,高中考到厦门一中之后，就回到市区上学了,1,隐含,焦虑,学业,medium
住宿生,,content,======以下是实际使用场景： 目前住的不同房子各有各的吵点,1,隐含,焦虑,生活,high
住宿生,,content,一套房子的吵点是楼上早起的走动和拖拽桌椅声，不影响晚上入睡，换了个房间动静也小了点，所以就啥都不带，早上被吵醒了就掏出5号耳罩带上，继续秒睡,1,隐含,焦虑,生活,high
住宿生,,content,一套房子的吵点是最近楼上换了个做直播的住户，下班到家晚，走动+偶尔掉落东西，凌晨3点多才休息,1,隐含,焦虑,生活,high
住宿生,,comment,我男友打呼嚕有60分貝，用耳塞+頭戴降噪耳機+放白/粉紅噪音 我可以一睡到天亮,1,隐含,焦虑,生活,high
住宿生,,comment,耳机+耳塞，不是特别响的都能隔绝掉，而且耳机开降噪外还能再放白噪音，可进可退，舒适度也强多了,1,隐含,焦虑,生活,high
住宿生,,comment,但耳罩的舒适程度是远比不上头戴式耳机的,1,隐含,自卑,自我,high
住宿生,,comment,我也是经常戴耳机，咽鼓管发炎感觉还是跟鼻炎有关吗,1,隐含,焦虑,身体,high
住宿生,,content,舍友对话声和尖声不能100%消除，但已经降到听不清在说什么的程度，变成了白噪音和asmr混在一起很好睡( ´▽｀)，冲马桶声和水龙头声音也可以消除掉,1,隐含,焦虑/正面,生活/学业,high
住宿生,,content,本人高一住宿生，想从120瘦到100斤，但是在学校没什么时间可以运动，该怎么通过饮食减肥#求助贴#高中#减肥,1,隐含,无助,学业,high
住宿生,,comment,但是我不知道为什么我一个学期如果不这样控制的吃的话，可以胖将近十斤,1,隐含,委屈,人际,medium
走读生,,content,温故而知新 heuristic teaching——启发式教学 好记性不如烂笔头，欢迎大家在评论区打卡学习~ 关🐷我，一起学习翻译 #MTI#MTI翻译硕士#catti翻译专业资格证#英语#英语翻译#翻译学习#专八翻译#四六级备考#英语四六级翻译预测#词条#英汉互译词条#词条翻译#MTI复试#六级翻译#人工翻译#四六级翻译#单词#英语单词#MTI词条翻译#每日翻译练习#每日翻译#翻译#翻硕真题,1,隐含,自卑,自我,high
走读生,,comment,谁懂我们学校不让穿短裤的救赎感,1,隐含,委屈,人际/学校,high
走读生,,comment,我学校还不让穿牛仔裤呢,1,隐含,委屈,人际/学校,high
走读生,,comment,我之前头上别了一个卡子，为了别刘海，就被她说了,1,隐含,委屈,人际,high
走读生,,comment,宝宝求求推车链接,1,隐含,无助,学业,high
走读生,,comment,我放学十点钟回家我会被我妈打成牛杂,1,隐含,焦虑,家庭,high
走读生,,comment,确实，我感觉我妈可能都会报警,1,隐含,焦虑,家庭,high
走读生,,comment,食堂不好吃,1,隐含,焦虑,生活,medium
走读生,,comment,对 我大一的时候也是 我爸爸也在附近做生意（开共享月卡，每天往返）,1,隐含,焦虑,家庭,high
走读生,,comment,很舒服了，我们的课还算多，有时候我晚上也要留在学校吃饭家长还不给生活费，主打一个花自己的钱,1,隐含,愤怒,社会,medium
走读生,,comment,还有挺多的 竞选班干部或者积极分子的时候比较少人投你 综评也比较容易给你打低分 期末复习重点你可能比较晚才拿到,1,隐含,焦虑,学业,medium
走读生,,comment,那你也不能不考试吧 有时候舍友认识上届会问他们期末重点 很多都是原题,1,隐含,焦虑,学业,medium
走读生,,comment,我跟她都不熟，懒得跟你说了，她也就是试着问，我们学校考试不严，打印店会留有别人打印期末题的复印件，直接买就行,1,隐含,焦虑,学业,medium
走读生,,comment,为什么会失败我正在申请中,1,隐含,委屈,人际,medium
走读生,,content,周日我要是交手机了他就发现我拿了模型机 我要不交那更说不过去#学生#家庭 手机 #手机没收#模型机#求助#学校#万能的小红书,1,隐含,无助,学业,high
走读生,,comment,这就必须要交真机了 我之前买过好多模型机 后来有一次给我妈发现了 周日他们要检查我手机 所以现在买了个备用机,1,隐含,焦虑,家庭,high
走读生,,comment,学校家单趟四十五十分钟左右我妈咪每天早六晚十开车送,1,隐含,焦虑,家庭,high
走读生,,comment,但是家长不让主要是,1,隐含,焦虑,家庭,high
走读生,,comment,我天啊，我也是这样，而且他们都是那种以自我为中心的，就是完全不考虑任何人的感受，而且都熄灯了，还在那里大声说话，因为我想走读的事情，我已经跟父母吵两回了，不是因为安全问题，就是因为经济问题，,1,隐含,焦虑/委屈,生活/家庭,high
走读生,,comment,除非你愿意花时间和她们社交,1,隐含,焦虑,人际,high
走读生,,comment,我想问评论区，除了重庆四川，川渝人，还有外地的川渝人，真的有外地的朋友能懂我们周老师多搞笑吗...哈哈哈哈哈哈，每天被他笑死,1,隐含,愤怒,人际,low
走读生,,comment,江苏人 天天听的笑死,1,隐含,愤怒,人际,low
走读生,,comment,被他笑死，不用怀疑，没地域限制,1,隐含,愤怒,人际,low
走读生,,comment,而且超级吵，我每次都开得多小声,1,隐含,焦虑,生活,high
走读生,,comment,免得家里人以为我在看那些吵架视频,1,隐含,焦虑,生活,high
走读生,,comment,给我快笑死了,1,隐含,愤怒,人际,low
走读生,,comment,贵阳勒每天要遭笑死,1,隐含,愤怒,人际,low
走读生,,comment,河南人天天刷到笑死，就是这个口音听起来更好玩,1,隐含,愤怒,人际,low
走读生,,comment,我们住了两个月，过敏鼻炎哮喘引发肺炎，直接改走读了,1,隐含,焦虑,身体,high
文科生,,comment,要是普通本科出来的，更不如其他工科，基本月薪3000-5000，看区域来，大学期间还要过法考证，但是很多理工科有个毕业证就能找个比法学有法考证还多的薪资了,1,隐含,自卑,自我,high
文科生,,comment,笑死，你吹医学还能理解,1,隐含,愤怒,人际,low
文科生,,comment,至于现在，文科式微，文科土壤薄弱，这种情况下，还想产生大思想家，太异想天开,1,隐含,焦虑,学业,medium
文科生,,comment,but现在就业氛围其实就是轻文重理，学一门文科可以去走金融，学纯文能干啥（史政地），去盗墓吗,1,隐含,焦虑,未来,high
文科生,,comment,需要能熬夜的大专生,1,隐含,焦虑,身体,high
文科生,,comment,数据标注是最底层的牛马,1,隐含,自卑,自我,high
文科生,,comment,数据标注不就纯电子牛马跟进厂没区别,1,隐含,自卑,自我,high
文科生,,title,无人关心文科生比就业难更复杂的精神问题,1,隐含,焦虑,未来,high
文科生,,comment,出了社会后，老板反而会利用这个pua员工并压薪，我真的服了,1,隐含,愤怒,社会/其他,medium
文科生,,comment,哈哈哈那就不是我所关心的啦 仅代表我普通学校人文社科出身学生的想法 人“上等马”前途和俺们不一样,1,隐含,焦虑,未来,high
文科生,,title,揭秘5条文科生黄金出路,1,隐含,焦虑,未来,high
文科生,,content,"当年选哲学专业被亲戚说""毕业即失业""，如今身边同学却遍布Meta、联合国、顶级咨询...今天用真实案例打破文科生就业偏见",1,隐含,委屈/焦虑,人际/未来,high
文科生,,content,🚀 5个你没想到的高薪出路 1️⃣ ESG咨询（年薪40W+） - 可持续发展是未来,1,隐含,焦虑,未来,high
文科生,,content,"关键是——要会包装自己的核心竞争力"" #文科就业#社科转码#留学生求职#高薪职业#人文社科",1,隐含,焦虑,未来,high
文科生,,content,#北京高考,1,隐含,焦虑,学业,medium
文科生,,comment,如果在北师大学人文类的专业感觉就业情况会不会不太好,1,隐含,焦虑,未来,high
文科生,,comment,（因为感觉人文类就业本身就很困难了，北师大的名头好像又没有清北人响亮）,1,隐含,焦虑,未来,high
文科生,,comment,如果本科后就就业可以选择应用性较强的专业，如果打算深造，北师大的优势学科是很不错的选择,1,隐含,焦虑,未来,high
文科生,,comment,历史是赋分的原因，但是数学我个人认为应该是你的短板,1,隐含,焦虑,学业,medium
文科生,,comment,我家选历政生，怎么劝也不肯学地理……当然，你的全科都很棒,1,隐含,焦虑,学业,medium
文科生,,comment,赋分制啊，三分一档看排名,1,隐含,焦虑,学业,medium
文科生,,comment,等会儿就删，服了，get不到有什么能吵的,1,隐含,愤怒/焦虑,社会/生活,high
文科生,,comment,坐高铁查准考证发现我是文科生 把我的站票改成了跪票 被乘务员拉去分尸 幸好室友吃拼好饭吃到我了 把我拼回来了 不过室友用了膨胀神券 又把我炸碎了,1,隐含,正面/委屈,人际,high
文科生,,comment,其实就是一堆牛马给有钱人打工卖身 不分文科理科哈,1,隐含,自卑,自我,high
文科生,,comment,最近发现Gemini 写的还不如我自己写的,1,隐含,自卑,自我,high
文科生,,comment,我真服了哈哈哈,1,隐含,愤怒,社会,medium
文科生,,comment,我现在不明白他来我家跟我吵架让我滚出去是什么意思,1,隐含,焦虑,生活,high
文科生,,content,​ 4. 所谓“文科不好找工作”，全是道听途说的想象，没真正接触社会、做过实际考量，只是把别人的话当成自己的观点,1,隐含,焦虑,未来,high
文科生,,content,#大学生社会#文科生#树立正确就业观#人类学#历史学#讨论#中文系#反向文化冲击#社科#社会学,1,隐含,正面/焦虑,学业/未来,high
文科生,,comment,但是文科在就业市场不重要，因为是上层建筑,1,隐含,焦虑,未来,high
文科生,,comment,所以普通本科教育根本不需要开设文科类，高考只需要考理科即可,1,隐含,焦虑,学业,medium
文科生,,comment,说打压不如说是智商碾压,1,隐含,自卑,自我,high
文科生,,comment,因为理科跨考法考的人太多而且通过率不低压制文科就业，法考都不许跨考了,1,隐含,焦虑,未来,high
文科生,,comment,文科就业难很大原因是理科生溢出,1,隐含,焦虑,未来,high
文科生,,comment,毕竟文科就业岗位没什么避雷,1,隐含,焦虑,未来,high
文科生,,comment,你看评论区，还在不停的贬低，我记得我当年高考文科分要高5.60分才能和理科进同等学校，相当于理科考不进大学都是猪，他们低分也能进，没想到现在理科生大放厥词说文科是混子,1,隐含,焦虑,学业,medium
文科生,,comment,实际大家都觉得文科重要，但不妨碍大家高考不选文科,1,隐含,焦虑,学业,medium
文科生,,comment,文科不好找工作是一定的，我就是文科生，其实本就不应该把文理对立起来，文科只应该是极少数的专业人士去学，并且同时成为一种基础性的常识，让大众去掌握，我们理所应当的知道我们的历史，知道我们的社会运行规律,1,隐含,焦虑,未来,high
文科生,,comment,不是抨击文科怎么样，而是在现在这个时代我感觉理科学习更成体系，就算有ai也无法完全取代，虽然有产教不融合的现象，但是也十几年了没有改变，文科的话自从ai出现，体系有点打乱了，老师不知道怎么教，不知道怎么给作业打分，学生依赖ai，学出来的文科都一股ai味了,1,隐含,焦虑,学业,medium
文科生,,comment,4、好不好找工作难以量化，但就岗位来看，理工科兜底的岗位更多一些,1,隐含,焦虑,未来,high
文科生,,comment,有少数几个老师教得好的，也会进行一些课外活动，让我们改编文学原著再拍摄微电影，有去外地参加过一次研学活动，但是像旅游一样，回去后写了一些报告、会议记录之类的东西，好像也没怎么把学的东西用上,1,隐含,焦虑,学业,medium
文科生,,comment,如果不考虑考试和就业，非常完美,1,隐含,焦虑,未来,high
文科生,,comment,但是文院也是超乎想象的官僚主义最重要的是毕业找工作简直是难上加难地狱模式,1,隐含,焦虑,未来,high
文科生,,content,大概就是我上网课补课班，推课老师跟我爸打电话问我成绩咋样，说完分数和想补的科目后老师就说“唉正常嘛，小女生理科都不好……”我请问呢,1,隐含,焦虑,家庭,high
文科生,,content,这话何意味，我就是因为理科不好来补课的啊，还要歧视一下我的性别,1,隐含,焦虑,家庭,medium
文科生,,content,我停留的时间比较久，我妈就说“诶呀这么多线乱七八糟的，咱女生肯定看不懂,1,隐含,焦虑,家庭,high
文科生,,content,现在听到对我女生身份的刻板印象频率变高也有可能是因为初三要提分的原因,1,隐含,焦虑/正面,学业,high
文科生,,comment,高考数学150，来支持小妹妹，中考加油呀,1,隐含,焦虑/正面,学业,medium
文科生,,comment,（英语78请忽略，我比较偏科）,1,隐含,焦虑,学业,high
文科生,,comment,不过相信一切都越来越好了!我们中考加油 姐姐们高考也加油,1,隐含,焦虑/正面,学业,medium
文科生,,comment,我以前听到我妈安慰别人妈妈说“没事男生后劲大”，有一种诡异的感觉,1,隐含,焦虑,家庭,high
文科生,,comment,我们初中中考状元是女生，高中理科高考状元和班级第一都是女生，大学计算机专业第一也是女生,1,隐含,焦虑,学业,medium
文科生,,content,高中什么情况下可以选文科 提前叠甲，任何选择最终看的是自己的想法，他人的意见永远只是意见，不能让任何人代替你的选择 作为一名高中三年学文，并且取得不错成绩的高中毕业生（湖南省25届35名），以下为个人一点看法 不利方面 1.发展前景：从目前情况来看社会对文科的需求较小，文科普遍存在不受重视及就业困难的问题,1,隐含,焦虑,未来,high
文科生,,content,2.文科特点：文科普遍存在着成绩波动较大的问题（在我们实验班会有这样的问题，猜想其他文科生也是如此），保不准高考会被哪一门给背刺,1,隐含,焦虑,学业,medium
文科生,,content,以我个人举例，高一分班时全校排名50左右，理科实验班和文科实验班都可以进,1,隐含,焦虑,学业,medium
文科生,,content,选择文科后，历政地相对比物化生花的时间更少，便有更多时间投入到语数英特别是数学上（数学130，对文科生来说应该挺好的），毕竟主三科是高考得分的重点,1,隐含,焦虑/正面,学业/生活,medium
文科生,,content,#文科生#新高考选科#新高考#我的学习进化论,1,隐含,焦虑,学业,medium
文科生,,comment,中考成绩是地理68.6/70，生物65.8/70，都是发挥失常的水平，我们那年考卷不难,1,隐含,焦虑,学业,medium
文科生,,comment,平时模拟卷培优卷地理普遍会比生物高5～10分，但两科排名都略靠前（但我们是小地方重点班,1,隐含,焦虑,学业,medium
文科生,,comment,已经不是摸到门路的问题了，我感觉选地理指定不及格，但是学校不仅没有政史生分班甚至有一些“歧视”情节，基本就是强迫你不准选这个，想问问这种情况执意选择能否成功（或者能不能举报学校强行干扰报考意愿），以及如果我在分班前在所选科中拿到年段前三的成绩学校会不会提供一些照顾,1,隐含,焦虑,学业,high
文科生,,comment,支持，地理成绩非常不稳定，谁也不能保证自己高考那次就一定会考好,1,隐含,焦虑,学业,medium
文科生,,comment,我儿子理科成绩平时不错，但是文科也很好，而且文科学起来不费劲，很轻松，但是理科学起来费劲，现在不知道怎么选,1,隐含,无助,自我,medium
文科生,,comment,学长，我是一个准高一，这是我的中考成绩，我朋友叫我选理，但是我物理化学不太好，是不是只能选文,1,隐含,焦虑,学业,medium
文科生,,comment,我的语文在我们这一直算拔尖的，九下包括中考时没有下过110（我们这里语文压分），暑假自学只看了几篇议论文范文把必修一必背背了，以后应该注重哪些呢,1,隐含,焦虑,学业,medium
文科生,,comment,重点班（全市语数英物前180，偏理）中游，数学发挥不稳定，好的时候前十，坏的时候倒数前十，物理十五到三十五，化学倒数前十，政治历史都在五到二十名，想考警校或金融，学校只开大文大理，选文还是理,1,隐含,焦虑,学业,medium
文科生,,comment,这个是不是之前上过高考阅读还是什么，高中做题的时候见到过,1,隐含,焦虑,学业,medium
文科生,,comment,故事新编很厉害理水yyds，高考后就去读了,1,隐含,焦虑,学业,medium
文科生,,title,偏科数学不好没关系，118也够上北大了,1,隐含,焦虑,学业,high
文科生,,content,🥰 祝大家高考都能超常发挥,1,隐含,焦虑,学业,medium
文科生,,comment,语文学习方法 等我考完期末应该会出的，预祝同学们2025高考蟾宫折桂金榜题名,1,隐含,焦虑,学业,medium
文科生,,comment,蹲语文学习方法，一位小学生家长真的很需要,1,隐含,焦虑,家庭,high
文科生,,comment,巧了我高考数学也118,1,隐含,焦虑,学业,medium
文科生,,comment,那天刷到个数学考30几，语文144，那真是文曲星下凡了，其他英语政史地都接近于满分，相对于数学没怎么学，但是其他科好到满分最后考了620，什么时候让我语文也能考140,1,隐含,焦虑,学业,medium
文科生,,comment,新高考为什么每个人副科都能90➕啊，考580的也九十多，这么容易高分吗,1,隐含,焦虑,学业,medium
文科生,,comment,我妈妈曾经跟我讨论，说现在社会为何如此乱，各类犯罪事件层出不穷，就是因为文科的地位被逐渐弱化，人们的良知和共情能力没有得到很好的教育，我觉得也挺有道理的,1,隐含,焦虑,家庭,high
文科生,,title,高考文科629｜文科生高效24h时间安排法🥳,1,隐含,焦虑,学业,medium
文科生,,content,我终于马上要忙完毕业论文啦 今天给大家分享一期高中生时间安排方法 #文科生#高三文科#高中学习#学习效率#学习经验#高考提分#高效利用时间#高考冲刺,1,隐含,焦虑/正面,学业,high
文科生,,comment,嗯嗯慢慢来祝你也祝我（笑死我也是学文学的,1,隐含,愤怒,人际,low
文科生,,content,2. 行业需求：考虑未来就业市场的需求，选择那些就业前景好的科目,1,隐含,焦虑,未来,high
理科生,,comment,祝你们高考加油～,1,隐含,焦虑/正面,学业,medium
理科生,,comment,中考完后信誓旦旦说要物化生,1,隐含,焦虑,学业,medium
理科生,,comment,我中考后说要历政地,1,隐含,焦虑,学业,medium
理科生,,comment,这组合咋就业,1,隐含,焦虑,未来,high
理科生,,comment,我继承我爸公司 又不要考虑这个 想咋学咋学,1,隐含,焦虑,家庭,high
理科生,,comment,加一，因为比较容易报到学校和相对好找工作,1,隐含,焦虑,未来,high
理科生,,comment,哈哈哈哈哈哈哈哈哈哈哈哈哈老子服了,1,隐含,愤怒,社会,medium
理科生,,comment,啊啊啊啊啊啊啊啊啊笑死我了,1,隐含,愤怒,人际,low
理科生,,comment,笑死了我高中就长这样,1,隐含,愤怒,人际,low
理科生,,title,不同MBTI适合的专业以及就业方向推荐,1,隐含,焦虑,未来,high
理科生,,comment,绿人的大部分职业没出路啊,1,隐含,焦虑,未来,high
理科生,,comment,因为绿人都是比较温和的 而大部分所谓“有好的出路”的职场都很尖锐,1,隐含,焦虑,未来,high
理科生,,comment,^ 我想学心理啊 我是intj 但是没出路唉,1,隐含,焦虑,未来,high
理科生,,comment,: 是的，初中考不到100以上高中就更不一定了,1,隐含,焦虑,学业,medium
理科生,,comment,初中110以上 细心一点 课上认真听讲都能做到吧我中考理综满分来着 数学116,1,隐含,焦虑,学业,medium
理科生,,comment,这里说的是高中的，高中和初中难度不一样，我中考没考上高中，花钱去私立的，数学中考都能考106一般初中不分文理,1,隐含,焦虑,学业,medium
理科生,,comment,你最好现在是高一，上一年参加过中考中考成绩考个理科满分，这样才足以彰显你的优越感，不是吗,1,隐含,焦虑,学业,medium
理科生,,content,#新高考#选专业#高考报考#法学生,1,隐含,焦虑,学业,medium
理科生,,comment,我记得我高考那两年西子在我省理科得排5000以内才能学到法学，说实话真感觉现在这个就业挺对不起这个位次的（没有恶意🙏🙏🙏）,1,隐含,焦虑,学业/未来,high
理科生,,comment,哈哈哈哈哈，那个令人心动的 offer，把律师包装成啥样了，实际上大部分律师都是牛马把高考生骗去学法,1,隐含,焦虑/自卑,学业/自我,high
理科生,,comment,建议各个高中能邀请各个专业参加完春招秋招的大学生回去做宣讲，真实的面对一下现在的就业情况，我真的发现好多学生和家长根本不了解去向问题，甚至有好多报考老师也是离开实践的理论，简直是空中楼阁,1,隐含,焦虑,未来,high
理科生,,comment,我当时高考完真的啥也不懂，就盲目报了法学，真的是一窍不通啊，不过这些帖子高中生是刷不到的我是大一了才知道法学就业不好的，刚高考完哪能刷到这些帖子啊，我要是能刷到我绝对不报法学了,1,隐含,焦虑,学业/未来,high
理科生,,comment,唉，是这样的，高考生真的刷不到，有互动的也都是已入坑的法学生,1,隐含,焦虑,学业,medium
理科生,,comment,编程能力也很弱，自学能力很一般，没有自制力，但是背诵理解能力很强，高中政治英语啥的不怎么学都能考个140.90这样,1,隐含,焦虑,学业,medium
理科生,,content,你用理科专业的前途说服自己暂且放下文学，每天绞尽脑汁和大量张牙舞爪的公式斗智斗勇,1,隐含,焦虑,未来,high
理科生,,comment,在理科班里，文科好理科平庸甚至是一个被嘲笑的点,1,隐含,委屈,人际,high
理科生,,comment,我都还是不知道选什么科,1,隐含,无助,自我,medium
理科生,,comment,当然是大环境影响……高一的时候选科，其实大家都只是十几岁的孩子而已啊，没那么深远的考虑，前途一片渺茫,1,隐含,焦虑,未来,high
理科生,,comment,说到心上了现在就开始填意向表了还是不知道选什么,1,隐含,无助,自我,medium
理科生,,comment,现在的我也依然不知道以后又会怎样,1,隐含,无助,未来,medium
理科生,,comment,我没有学理的天赋，可是学文不学到顶尖就没出路,1,隐含,焦虑,未来,high
理科生,,comment,转，我其实舍不得……考进尖子班我爸我妈也不会想让我转的,1,隐含,焦虑,家庭,high
理科生,,comment,等我这三天期末周考完试了就去找你,1,隐含,焦虑,学业,medium
理科生,,comment,笑死了，那那些中游的理科生，怎么不去学文从而去一个更好的学校呢,1,隐含,焦虑/愤怒,学业/人际,medium
理科生,,comment,因为对于大多数人而言读书是为了就业，然而现状是一本理科生就业情况由于中游211文..,1,隐含,焦虑,未来,high
理科生,,comment,笑死，到底是你的例子极端还是我的例子极端，211工科和末九更能代表大多数还是你所谓的北大考古系和人大金融更能代表大多数呢,1,隐含,愤怒,人际,low
理科生,,comment,作者说，理科生聪明，如果去学文科往往排名更高，学理是因为专业好，你举了一个分数一样，但是选择不一样的例子,1,隐含,焦虑,学业,medium
理科生,,comment,笑死了，你真是不懂装懂,1,隐含,愤怒,人际,high
理科生,,comment,之前就有学生这样，但只有一例，出于就业考虑吧,1,隐含,焦虑,未来,high
理科生,,comment,文科就业好的专业几乎等于没有,1,隐含,焦虑,未来,high
理科生,,comment,就业大专理科＞一本文科,1,隐含,焦虑,未来,high
理科生,,comment,社会不止不需要那么多文科生，也不需要那么多理科生社会根本不需要这么多人，但是牛马越多越好,1,隐含,自卑,自我,high
理科生,,comment,北大文史哲是很强，但从就业来说，同是北大的理工科薪水就是比文科高,1,隐含,焦虑,未来,high
理科生,,comment,就业来看那妥妥儿理科生行当了，不是随便拎个理科生就能搞的清楚奥数题的，起码我单位不少985硕博们看着四五年级的奥数题也挠头,1,隐含,焦虑,未来,high
理科生,,comment,我在山大数院，周围全是省一和省二，他们一边哀叹自己竞赛考得不够好不够进北大，一边瞧不起普通高考考进来数学学院的学生,1,隐含,焦虑,学业,medium
理科生,,comment,就是高考的内容啊 酷酷背书 一度背到随便一个知识点我能说出哪本书哪一章具体位置,1,隐含,焦虑,学业,medium
理科生,,comment,历政生的我不知道以后出来干嘛,1,隐含,无助,未来,medium
理科生,,comment,河北高考,1,隐含,焦虑,学业,medium
理科生,,comment,很多都是知识点演化的啊 背书加做题 生物提分真的很简单啊,1,隐含,焦虑/正面,学业,high
理科生,,comment,高考和考研的时候我都,1,隐含,焦虑,学业,medium
理科生,,comment,你这说的工科好像都这样，工科的就业范围很广的啊,1,隐含,焦虑,未来,high
理科生,,comment,我不知道别人觉得只要是文科收入都不如土木是怎么觉得的,1,隐含,自卑,自我,high
理科生,,content,🏔️ #马来西亚学生#spm成绩#理科生#逆袭#我的成长日记#08,1,隐含,焦虑,学业,high
理科生,,comment,我可以给的建议就是上课真的要专心我之前form4有段时间真的很想drop 觉得华文很难score啊 然后地位不如英文啊 学起来又很无趣这样 文言文古诗全都看不懂 不过后来调整好心态之后发现其实华文作答是有技巧的 老师教师一定要认真听,1,隐含,自卑,自我,high
理科生,,content,又跟我了解的不一样，这玩意不是很难找工作吗,1,隐含,焦虑,未来,high
理科生,,comment,真的假的啊，哪个公司要这种，这不就是学术界水水吗,1,隐含,愤怒,社会,high
理科生,,content,#女高中生#高三#理科生#物理#2025届高考,1,隐含,焦虑,学业,medium
理科生,,comment,关键就是要有错题本,1,隐含,焦虑,学业,medium
美术生,,comment,中考还是高考,1,隐含,焦虑,学业,medium
美术生,,comment,或许经历过了一些重要的事情才能豁然开朗，我就是第一年画不动了高考完落榜之后复读豁然开朗考上了一本,1,隐含,焦虑/正面,学业,high
美术生,,comment,我现在是在集训 但是学校月考必须去,1,隐含,焦虑/委屈,学业/学校,high
美术生,,comment,姐姐文化分高考多少分啊参考一下 好厉害,1,隐含,焦虑,学业,medium
美术生,,comment,姐姐文化后期是自己在学校学没有去补课之类的吗,1,隐含,焦虑,家庭,medium
美术生,,comment,我现在在犹豫要不要艺考，中考考的还可以，文化艺考我都行,1,隐含,焦虑,学业,medium
美术生,,comment,文化生的就业范围基础上会比服设广，如果你舍弃不了自己的文化成绩，继续努力也好,1,隐含,正面/焦虑,学业/未来,high
美术生,,comment,我中考的成绩在我现在这个学校是年级第三，我一直在想我要不要去画画,1,隐含,焦虑,学业,medium
美术生,,comment,问一下这行业的前途怎么样,1,隐含,焦虑,未来,high
美术生,,comment,高考双非本科，考研美院，越走越偏，本意是想继续画画，结果给我干到工科来了,1,隐含,焦虑,学业,medium
美术生,,comment,不是怎么干那去了，美术生下岗再就业是吗,1,隐含,焦虑,未来,high
美术生,,comment,后来高考之后，我一个学琵琶的朋友跟我说了女主是谁谁谁，是跟我关系挺好的一个女同学，我一下子震惊了，因为那个同学给我一种感觉，就是那种很老实很内向的女孩子，至少3p这个词，我怎么跟这个女孩都联想不到一起去，但是确实是真真实实发生的事,1,隐含,焦虑/正面,学业/生活,medium
美术生,,comment,像浙江风格，跟我背的联考模版一模一样,1,隐含,焦虑,学业,medium
美术生,,comment,梅花山再不让我过我就这样了,1,隐含,委屈,人际,high
美术生,,comment,联考85-90水平，但是联考色彩基本上看起来一模一样，没什么好看的,1,隐含,焦虑,学业,medium
美术生,,content,#美术中考 #美术生集训 #广州 #绘画日常 #画室集训 #画室推荐 #集训画室 #美术联考 #美术艺考,1,隐含,焦虑,学业,medium
美术生,,comment,笑死我了呀蟑螂po文,1,隐含,愤怒,人际,low
美术生,,comment,而且我爸认为所有动漫都不教小孩好,1,隐含,焦虑,家庭,high
美术生,,comment,笑死我室友天天说要谈体育生谈了个满脸痘的，笑死,1,隐含,愤怒,人际,low
美术生,,content,#艺术类大学#美术学#美术高考#艺术生文化课#美术生#艺术生上岸#艺术生#美术生审美#美术生的精神状态,1,隐含,焦虑/正面,学业,high
美术生,,comment,学校的艺术氛围薄弱，就是985也一样，我和上海的几所92高校的同学也沟通，横向对比国美就十分明显了,1,隐含,焦虑,学业,medium
美术生,,comment,但是在综合类大学学生普遍厌学的情况下，这种激励的氛围也会薄弱很多，那么这种热情的产生就需要来自自己的肯定,1,隐含,焦虑,学业,medium
美术生,,comment,我这几年的努力就都不重要了,1,隐含,抑郁,学业,high
美术生,,comment,努力一词是抽象的,1,隐含,不赞同,学业,high
美术生,,comment,你要说明白，你眼中的努力是什么,1,隐含,不赞同,学业,low
美术生,,comment,你是怎么努力的，在哪些方向做出了努力，用明确的语言表述出你的绘画基础掌握程度,1,隐含,不赞同,学业,low
美术生,,comment,总有人在底下说努力,1,隐含,不赞同,学业,high
美术生,,comment,这根本不是努不努力的事吧,1,隐含,不赞同,学业,high
美术生,,comment,做好自己就行要不然内耗给你干废，相反，这种天赋怪有些作品都是很直白的，应该能学到点东西,1,隐含,自卑,自我,high
美术生,,comment,本科生意味着还没有进入社会，见识肯定不如某些摸爬滚打很多年的人，很多东西都是理想化的/在象牙塔中的,1,隐含,自卑,自我,high
美术生,,content,为什么总有人说美术生阴暗不阳光啊，我爸之前还说美术生就精神病多，不如体育生阳光，不是，我画个画怎么你了,1,隐含,自卑/焦虑,自我/家庭,high
美术生,,comment,想开就好，我学校纯文化班的，总是被议论大专分上一本，那咋了，决得我走捷径的有这个本事你们也去走呗，不是说走捷径轻松吗,1,隐含,委屈,人际,high
美术生,,comment,但是感觉完全重画也来不及了,1,隐含,焦虑,学业,high
美术生,,comment,高考总分不靠美术也能裸考浙大,1,隐含,焦虑,学业,medium
美术生,,comment,110的…新高考I卷,1,隐含,焦虑,学业,medium
美术生,,comment,我也是新高考1卷的,1,隐含,焦虑,学业,medium
美术生,,comment,我这句话没歧义啊，怎么有两个同学都跑来强调中传是校考啊,1,隐含,焦虑,学业,medium
美术生,,comment,对 说我怎么都是线条 福建揉的特别匀 在杭州要被屌死 说腻,1,隐含,委屈,人际,high
美术生,,comment,左边哪张卷子造型准，结构准但不如右边清晰，效果也不如右边抓眼,1,隐含,自卑,自我,high
体育生,,comment,只要不拉排名的情况下,1,隐含,焦虑,学业,medium
体育生,,comment,厕所必沉淀，女友必共享，见妹吹口哨，烧烤吹一箱，文化课分250，大雨毁了它们的高考梦,1,隐含,焦虑,学业,medium
体育生,,content,#我的运动日常#体育生#排球#北京师范大学#运动季 期末结束后，我一定要找搭子们大玩特玩！,1,隐含,焦虑,学业,medium
体育生,,comment,我穿拖鞋去健身房，被教练说了,1,隐含,委屈,人际,high
体育生,,comment,“我一整个就可以给你攥起来”谁懂啊，我想起前段时间群里看到的消息：一女的和她体育生男朋友吵架，那男的把女的扔下楼了…,1,隐含,焦虑,生活,high
学渣,,comment,我爸妈！,1,隐含,焦虑,家庭,high
学渣,,comment,抄我爸妈的,1,隐含,焦虑,家庭,high
学渣,,comment,更新vlog啦！高考生 爆改到底需要花多少呢？,1,隐含,焦虑,学业,medium
学渣,,comment,评论区好多泼冷水的..我看了你最早发的只有400分，到后来469分，最后高考520分，可能确实算不上高，但一直在进步就好了！未来继续加油～,1,隐含,焦虑/正面,学业,medium
学渣,,comment,很好了，比之前说高考没有挑战，没有一点难度的，说能考600多，却出分前注销的那个好多了,1,隐含,焦虑,学业,medium
学渣,,comment,为什么我想到的是邵湛和许盛？,1,隐含,委屈,人际,medium
学渣,,comment,你的生活我的梦。我感觉这种高考超常进入好大学 然后大学里不摆不卷的擦边日子最爽了。。。。,1,隐含,焦虑,学业,medium
学渣,,title,Q's talk｜高考失利并不会让你的薯条变难吃,1,隐含,焦虑,学业,medium
学渣,,content,﻿#mbti是cute﻿ ﻿#高考出分时刻﻿ ﻿#girltalk﻿,1,隐含,焦虑,学业,medium
学渣,,comment,妈咪能不能出一期安慰考完期末周的,1,隐含,焦虑,学业,medium
学渣,,comment,重点学校重点班倒数11，成绩还是很好的，问题出在家长身上，普通班第一名也没重点班倒数11好，重点班倒数五名和普通班前五名倒是有交集。,1,隐含,焦虑,学业,medium
学渣,,comment,有没有一种可能，有些省份是高考地狱，题目难的要命，五百多分都不一定能考上本科，有些孩子刚过本科线家里条件上不起学费五位数的民办本科，只能去上学费四位数的公办专科，这能怪他们吗？,1,隐含,焦虑,学业,medium
学渣,,comment,人生就是筛选老百姓都是牛马哦错了，牛马不如,1,隐含,自卑,自我,high
学渣,,comment,这只是在筛牛马，而不是因材施教培育未来,1,隐含,自卑,自我,high
学渣,,comment,初三开始学习就跟不上了，从还不错变成了中上一点高中还没感觉自己是adhd，只是觉得数学生物这种实在难以理解。大学放飞自我之后更是一点都学不进去了，每天上课玩手机，期末临时抱佛脚。毕业出来去刷考公题目直接怀疑人生根本看不进去，然后就赛博确诊了，也有可能是双a,1,隐含,焦虑/正面,学业/生活,high
学渣,,comment,我记得我数学从100-110左右，学到了高考85,1,隐含,焦虑,学业,medium
学渣,,comment,你知道吗数学我只能考9.6分因为我有1.4了,1,隐含,自卑,学业,high
学渣,,comment,数学就像金针菇。。就算人类把它灭绝，吃掉它会跟你明天再见，烧了它会变成美味的烤金针菇。交给工厂，会被资本做局变成袋装爆辣金针菇，它的命运是，被人吃掉，即使戴牙套的人吃了，它会半拉在喉咙里，半拉在牙套里噎的生死，不如进退。数学还是会像金针菇一样顽强的生存下去，渗透进生活的点点滴滴中,1,隐含,自卑,自我,high
学霸,,title,高中那个高考650+的理科战神上大学后？,1,隐含,焦虑,学业,medium
学霸,,title,是那种高考数学140长相吗？,1,隐含,焦虑,学业,medium
学霸,,comment,这个，高考数学147，一点都看不出来,1,隐含,焦虑,学业,medium
学霸,,comment,高考数学143，但我长这样,1,隐含,焦虑,学业,medium
学霸,,comment,右1高考数学145,1,隐含,焦虑,学业,medium
学霸,,comment,我正在给儿子留头发，高考前都不剪了，要不然就你这样,1,隐含,焦虑,学业,medium
学霸,,comment,国内教育 学历只能代表适合当社会牛马的服从程度！跟智商关系真不大！,1,隐含,自卑,自我,high
学霸,,title,高考数学满分的3位天之骄子，谁更厉害？,1,隐含,焦虑,学业,medium
学霸,,comment,每次一刷到这个帖子就想到师兄啊哈哈哈哈哈笑死我了,1,隐含,愤怒,人际,human
学霸,,comment,可是为什么科大少年班女生那么少呢。。还有人能说这种话我甚至找不到话反驳他，我自己就是个理科极其薄弱的人,1,隐含,焦虑,学业,medium
学霸,,content,很多好学校的都认为自己学习好是因为自己的努力超群，都很别人说自己资质平庸，其实是老天爷赏饭吃而已，天赋好而已，在后面的人未必没有你努力。 有人说是学习方法的问题，但是好马配好鞍，比如好学生计划半个小时背50个单词，普通人也用不来，你的方法是你的天赋决定的。 还有人说大多数人的努力程度根本轮不到拼天赋，但是天赋并不是努力到极致才会提现的，而是随时都会体现，不要总以为勤能补拙，如果能，高考就筛选失败了，要筛选的是人才，是脑子好使的人。 还有人说努力本来就是天赋，笑死了，自我安慰一下得了 现在很少人能承认这个问题，就算是有的老师也不想承认天赋的重要性。 #天赋和努力,1,隐含,焦虑/愤怒/正面,学业/人际,medium
学霸,,comment,真的我两个弟弟天天一起打游戏也不学习。一个上了211，1个上了专科，还有我哥同事的孩子清华的，据说天天打球也不咋学习。（河北高考）,1,隐含,焦虑,学业,medium
学霸,,comment,我也发现了，学霸不会在社交或别的什么乱七八糟的事上浪费精力，非常专注，目标性强，非常了解自己，知道自己想要什么，这些其实也是高智商的体现,1,隐含,焦虑,人际,high
学霸,,comment,我觉得这样，那些说自己同学多么多么聪明的，把成果拿出来，诺贝尔奖，图灵奖，菲兹奖什么的，高考到底能说明什么只能说明你没有看到他努力的样子,1,隐含,焦虑/正面,学业,medium
学霸,,comment,我认识的学霸，听老师讲一遍就会做题了，我听都听不懂。,1,隐含,焦虑,学业,high
学霸,,comment,非常赞同！ 我读北大时年级第一那个女生，应该算是学霸中的人学霸了（北大理科院系成绩年级第一），学习时候全神贯注，感觉整个世界和她无关，但她从不熬夜，每天11点睡觉，7点准时起床，平常也经常打羽毛球，待人温文尔雅，情绪非常平稳。 我大三时候就看了她一眼学习的状态，就知道为什么她可以常年霸占年级第一了,1,隐含,焦虑,身体,high
学霸,,content,#课间十分钟#学霸日常#校园随拍#高三#理科生#学霸#广州立行学校#广州艺考文化课冲刺#广州立行学校艺考文化课,1,隐含,焦虑/正面,学业,high
学霸,,comment,你对高考压轴题一无所知,1,隐含,焦虑,学业,medium
学霸,,comment,这不算压轴题高考压轴是函数导数，圆锥曲线,1,隐含,焦虑,学业,medium
卷王,,comment,离谱 原来这么多人看不起“卷人”但是在卷这个词流行起来之前这叫努力啊,1,隐含,愤怒/正面,社会/学业,medium
卷王,,comment,我对P2过敏，看到P2就浑身难受想远离,1,隐含,焦虑,身体,high
卷王,,comment,难怪我enfp和entj合不来，死对头嘛，终于悟了,1,隐含,孤独,人际,high
卷王,,comment,两个ISFJ什么鬼,1,隐含,愤怒,社会,high
卷王,,title,北京高考其实没你想的容易,1,隐含,焦虑,学业,medium
卷王,,comment,这是真的，我以前也以为北京高考容易，后来看周围同事邻居的亲身经历才知道，北京竞争分布是锥子形。。。,1,隐含,焦虑,学业,medium
卷王,,content,寝室内卷到底何时是个头 半夜听到室友偷偷起床学习，本来也不想卷，但是一想到她还在学习就根本睡不着，第二天上课又困得要死 #寝室内卷#女生寝室,1,隐含,焦虑/委屈,身体/人际,high
卷王,,comment,律所24小时待命，更别提熬夜和周末加班的...,1,隐含,焦虑,身体,high
卷王,,comment,因为我被吵得睡不着……本来睡眠也不好,1,隐含,焦虑,身体/生活,high
卷王,,comment,晚上早睡半小时后被翻书声吵醒了，然后人家学完躺下了，我失眠俩小时,1,隐含,焦虑,身体/生活,high
卷王,,comment,大概就是因为想换手机，期末最后一星期从30多名冲到15名了,1,隐含,焦虑/正面,学业,medium
小透明,,comment,被别人说成是人机,1,隐含,委屈,人际,high
小透明,,comment,为什么老是要叫我的学号！！！,1,隐含,委屈,人际,medium
班干部,,content,起因是刷到一个小学老师说 自己的班长不给力，管不了班，交代的工作落实不了，想评论区支招怎么撤换。 有一个评论说 他家的小孩说“班干部就是牛马他才不想当牛马”，很多高赞回复都是暗讽这条评论的，例如“想爬上高位必须从牛马做起，否则看似不是牛马实则真牛马。”“我有一个堂哥从小就不想当班干部做牛马现在大龄还没婚没房。” 突然发现似乎我们从小学到大学，都有班干部。班干部需要帮助老师收作业批改试卷点名管理纪律转达通知收集资料等等，就相当于老师的助理。 好奇这是我们的独特设置吗？国外的学校有这种设置吗？ #人人都是班干部#同学#班干部竞选#外国#国际学校#留学生,1,隐含,自卑,自我,high
班干部,,comment,有，我孩子之前国外念书是有班级分工，各项班务平均分配给每个小朋友，且定期轮换，相对公平。国内所谓的“班干部”容易给孩子制造优越感和等级观念，成绩好的孩子才有班级职务，成绩下滑的还有被撤职的,1,隐含,焦虑,学业,high
班干部,,comment,怎么感觉心理委员比我心理还不好？,1,隐含,自卑,自我,high
班干部,,content,一直被班里女生议论 那些女生还是班干部 我该怎么调理,1,隐含,委屈,人际,high
班干部,,comment,这是命运在告诉你，快高考了要心无杂恋，你看那些烂人烂事提前暴露出来了，起到个物理隔离的作用加油💪,1,隐含,焦虑/正面,学业,medium
班干部,,comment,我刚拆的 赶紧来搜 我服了,1,隐含,愤怒,社会,medium
班干部,,comment,温馨小提示🔔争取当军训负责人然后要负责点名的那部分这样军训那几天你就跟全班混熟了，然后去竞选不管是哪一个职位都无人能敌我就是直接上台竞选班长全票通过，别人都不会上来,1,隐含,自卑,自我,high
班干部,,comment,我们旷课的就是给ta发消息，确认安全就行了，怎么还要人出去找哦，离谱。,1,隐含,愤怒,社会,medium
准初三,,title,给准初三的建议（无广不卖课）,0,隐含,中性,无,low
准初三,,comment,其实不用一直硬塞知识点，找个靠谱的 985、211学长学姐 陪着孩子就很好,0,隐含,中性,无,low
准初三,,comment,慢慢让孩子自己会学、愿意学,0,隐含,中性,无,low
准初三,,comment,二是像朋友一样陪着，不摆架子,0,隐含,中性,无,low
准初三,,comment,弱科慢慢补，强项往上提，好习惯一点点养起来,0,隐含,中性,无,low
准初三,,comment,学习的动力从来不是逼出来的，是被优秀的人带着、陪着、慢慢影响出来的,0,隐含,中性,无,low
准初三,,comment,能帮我介绍一个学霸吗,0,隐含,中性,无,low
准初三,,comment,我家需要,0,隐含,中性,无,low
准初三,,comment,我家也要，直接给你发个信息就可以吗,0,隐含,中性,无,low
准初三,,comment,帮我介绍一个可以吗,0,隐含,中性,无,low
准初三,,comment,给你发信息了,0,隐含,中性,无,low
准初三,,comment,语文也很好提，就是背古诗之类的，文言文考得多的,0,隐含,中性,无,low
准初三,,comment,wo p p,0,隐含,中性,无,low
准初三,,comment,hello我想问问你学习的时候每天的计划大概是个什么样的，现在感觉跟无头苍蝇一样这复习一下那复习一下,0,隐含,中性,无,low
准初三,,comment,就赶紧学基础遗漏点，然后背，做套卷，别只刷练习册类型的题,0,隐含,中性,无,low
准初三,,comment,化学25没学吧😂,0,隐含,中性,无,low
准初三,,comment,政史天才,0,隐含,中性,无,low
准初三,,comment,主科 特别好提,0,隐含,中性,无,low
准初三,,comment,地理生物实验微机104 我们这边重点去年666 普高650左右 满分八百,0,隐含,中性,无,low
准初三,,comment,英语的话宝宝你能看懂文章吗,0,隐含,中性,无,low
准初三,,comment,政治历史哪里错的多呀 我觉得上50没问题,0,隐含,中性,无,low
准初三,,comment,310分的我从未想过能有这样的突破，70天咬牙坚持，真的实现了566分的目标,0,隐含,中性,无,low
准初三,,comment,hello想问问你复习的时候每天的计划大概是什么样的,0,隐含,中性,无,low
准初三,,comment,我有好方法,0,隐含,中性,无,low
准初三,,comment,多看看基础吧 如果有试卷理科就注重前三大题看看结果 如果有不会 可以问问我,0,隐含,中性,无,low
准初三,,comment,我可以问你吗,0,隐含,中性,无,low
准初三,,comment,我自己整理了一些学习biji 和方法技巧，不嫌弃可以给你,0,隐含,中性,无,low
准初三,,comment,hello能发给我看看吗👀,0,隐含,中性,无,low
准初三,,title,初三有没有啥必干的事,0,隐含,中性,无,low
准初三,,content,大家有什么建议吗（什么方面都可以） #中学生#初中#建议#高中,0,隐含,中性,无,low
准初三,,comment,只有早读背诵六点四十五到校到正式早读要二十五分钟，把一些政治背完（或者前一天不太扎实的学科）历史我是认真上完课就不会忘掉了,0,隐含,中性,无,low
准初三,,comment,我们政历都是开卷但是背诵的话，可以当场讲过，就记住一部分，然后写作业的时候再巩固一遍，周末放假的时候再记一遍（个人观点）,0,隐含,中性,无,low
准初三,,comment,睡前和早读的时候吧,0,隐含,中性,无,low
准初三,,comment,我平时睡前会读10分钟，不管多晚都会读10分钟，然后早起来吃饭的时候看两眼，到学校再稍微复习一下就可以背下来了,0,隐含,中性,无,low
准初三,,comment,早上到学校极限背，只能说绝境激发潜能,0,隐含,中性,无,low
准初三,,comment,我11点半吃完饭背到1点左右，中午睡觉前看一遍，课上背一遍,0,隐含,中性,无,low
准初三,,comment,自习课或者下课的时候,0,隐含,中性,无,low
准初三,,comment,那当然是违纪啊,0,隐含,中性,无,low
准初三,,comment,都快毕业了必须把必玩榜玩一遍,0,隐含,中性,无,low
准初三,,comment,小处分好像可以销的吧,0,隐含,中性,无,low
准初三,,comment,我不清楚，但是这句话九年义务教育我听了十年,0,隐含,中性,无,low
准初三,,comment,Caspian（限流回家）,0,隐含,中性,无,low
准初三,,comment,毕业就消掉了,0,隐含,中性,无,low
准初三,,comment,嘿嘿,0,隐含,中性,无,low
准初三,,comment,赶紧睡觉吧大姐,0,隐含,中性,无,low
准初三,,comment,初一初二没入团，初三还要考虑吗,0,隐含,中性,无,low
准初三,,comment,入团不是只能成绩好的入吗,0,隐含,中性,无,low
准初三,,comment,初三最没必要纠结的就是入不入团,0,隐含,中性,无,low
准初三,,comment,确实，初二就入了,0,隐含,中性,无,low
准初三,,comment,我们学校那个石榴我馋很久了，毕业就去摘,0,隐含,中性,无,low
准初三,,comment,我们啥必也有要干事的,0,隐含,中性,无,low
准初三,,comment,当然啦，我们啥必也是要干事的,0,隐含,中性,无,low
准初三,,comment,有的有的，我们啥必也是要干事的,0,隐含,中性,无,low
准初三,,comment,多拍点照片吧嗯,0,隐含,中性,无,low
准初三,,comment,这个是真心动,0,隐含,中性,无,low
准初三,,comment,这是圣经,0,隐含,中性,无,low
准初三,,comment,刚想说哈哈哈哈哈,0,隐含,中性,无,low
准初三,,comment,哈哈哈哈哈哈哈哈哈哈,0,隐含,中性,无,low
准初三,,comment,骗你的，初中生不上晚自习7点多才到家,0,隐含,中性,无,low
准初三,,comment,初中生不是九点五十放学吗,0,隐含,中性,无,low
准初三,,comment,初中放学怎么早嘛,0,隐含,中性,无,low
准初三,,comment,姐姐能不能出一个8:30回家6:10起床的,0,隐含,中性,无,low
准初三,,comment,姐姐可不可以蹲个7:30开始的 7:30才放学回家,0,隐含,中性,无,low
准初三,,comment,求高二学生,0,隐含,中性,无,low
准初三,,comment,已关注，初三,0,隐含,中性,无,low
准初三,,title,初三英语周考一次比一次高，我只抓了两件,0,隐含,中性,无,low
准初三,,content,带的昆山初三孩子，最近周考一次比一次好，分数肉眼可见往上走,0,隐含,中性,无,low
准初三,,content,2. 周末单词集中狠背过关 初三词汇量大，平时碎片记容易忘,0,隐含,中性,无,low
准初三,,content,周末集中时间默写+循环巩固，词汇底子稳住，阅读完形基本不丢分,0,隐含,中性,无,low
准初三,,content,初三英语不用拼苦熬，拼的是方法准、抓得紧,0,隐含,中性,无,low
准初三,,content,昆山初三家长如果孩子阅读完形弱、单词记不牢，可以一起交流,0,隐含,中性,无,low
准初三,,comment,阅读理解 完形填空,0,隐含,中性,无,low
准初三,,title,陪初三美术生备考一年，我的真实总结,0,隐含,中性,无,low
准初三,,content,陪我家孩子备考一年，踩过很多坑，也总结了很多实用的备考技巧，今天全部分享给大家,0,隐含,中性,无,low
准初三,,content,一定要画完找专业老师批改,0,隐含,中性,无,low
准初三,,content,要不然也不知道自己的弱点在哪,0,隐含,中性,无,low
准初三,,content,3. 速写：抓准人物动态，每天练3-5张，重点练线条流畅度，不用追求细节，先保证动态准确,0,隐含,中性,无,low
准初三,,content,✅ 文化课兼顾技巧 1. 优先抓主科（语数英），每天留2小时补文化课，副科挑重点背，不贪多，每天进步一点点,0,隐含,中性,无,low
准初三,,content,2. 利用碎片时间：孩子练画间隙，让她背几个单词、记一个知识点，积少成多,0,隐含,中性,无,low
准初三,,content,另外提醒一句，备考期间，画材不用买太多、太贵，够用就好，很多高价画材其实没必要，别花冤枉钱,0,隐含,中性,无,low
准初三,,content,#水木源419,0,隐含,中性,无,low
准初三,,title,初中这九点还不改，那大概与高中无缘了,0,隐含,中性,无,low
准初三,,comment,"9【一键复制，小红书等你】 1月28日前有效，""📚这里领完整电子梓料15群""邀你一起聊 HU7436 :/#v🥩🍆😎🥝🐭😜🍰🍟🍓🍊🍙😎",0,隐含,中性,无,low
准初三,,comment,最新成绩语文100 数学105 英语92 物理46（折后）化学34.25（折后）历史70+（折后16）道法60+（折后12）,0,隐含,中性,无,low
准初三,,comment,只要找对方法，一切皆有可能,0,隐含,中性,无,low
准初三,,comment,建议找1对1,0,隐含,中性,无,low
准初三,,comment,回复 lululu,0,隐含,中性,无,low
准初三,,comment,: 找平台，1对1可以提的快,0,隐含,中性,无,low
准初三,,comment,可以看看你同学小班在哪上的,0,隐含,中性,无,low
准初三,,comment,班上同学都是上补习班 你有推荐的一对一吗,0,隐含,中性,无,low
准初三,,comment,: 我天津这边的话你们这边没有，我建议你可以找在职老师,0,隐含,中性,无,low
准初三,,comment,便宜点大学生的效果可能会不止一点（除非捡漏）,0,隐含,中性,无,low
准初三,,comment,你是成都的吗,0,隐含,中性,无,low
准初三,,comment,你语文这么好呀,0,隐含,中性,无,low
准初三,,comment,我平时都考80分,0,隐含,中性,无,low
准初三,,comment,历史的话还是要背，实在不想背的话，平时没事就翻翻书，就当小说看了，多少有个印象，总结一下选择题在哪个知识点错的比较多，把那一块的知识点多读两遍就行,0,隐含,中性,无,low
准初三,,comment,历史大题的话就是一定要好好看答案给的语句，不用背下来，看得多了考试自然就写出来了,0,隐含,中性,无,low
准初三,,comment,历史的选择呢选择扣八分,0,隐含,中性,无,low
准初三,,comment,[亲一个R],0,隐含,中性,无,low
准初三,,comment,我成绩其实还行 但再这个态度我大概能看到自己以后的成绩了,0,隐含,中性,无,low
准初三,,comment,上课不会然后就会不感兴趣不感兴趣就会有点犯困一直死循环 刷题也这样 题目一点都不会 根本就没有刷下去的欲望,0,隐含,中性,无,low
准初三,,comment,想找一个每个周末监督写作业的初三宝宝本人,0,隐含,中性,无,low
准初三,,comment,本人住宿 周末会拖延作业 想要一个可以一起监督学习的同学,0,隐含,中性,无,low
准初三,,comment,无非就是刷试卷上小课呗,0,隐含,中性,无,low
准初三,,comment,我想找一个一起学习的搭子 可以互相讲题 监督的那种,0,隐含,中性,无,low
准初三,,comment,真的会这样,0,隐含,中性,无,low
准初三,,content,九年级就没有给自己定明确的目标,0,隐含,中性,无,low
准初三,,content,老实说我之前还是个学博哈哈哈，当时自以为明白学习的重要性，为成绩打下不错基础,0,隐含,中性,无,low
准初三,,content,我有时感觉是在给别人学，很在乎别人眼光,0,隐含,中性,无,low
准初三,,content,总结：我想变得更好,0,隐含,中性,无,low
准初三,,content,求求善良的大家给我一点advice吧我真的xN很需要我会很用心去看的,0,隐含,中性,无,low
准初三,,comment,很有启发的噢,0,隐含,中性,无,low
准初三,,comment,但是阿姨你发的这篇我好像没找到 可能删除了……,0,隐含,中性,无,low
准初三,,comment,我认真看了几篇 蛮有道理的,0,隐含,中性,无,low
准初三,,comment,截图看不清，求原图,0,隐含,中性,无,low
准初三,,comment,你好求那张图片的原图 那张截图是糊的看不清 感激不尽,0,隐含,中性,无,low
准初三,,comment,能求个原图么,0,隐含,中性,无,low
准初三,,comment,阿姨求一下原图,0,隐含,中性,无,low
准初三,,comment,重新发了图片，看看这次的是不是清晰 祝大家都顺利哈,0,隐含,中性,无,low
准初三,,comment,啊啊啊宝宝世另我,0,隐含,中性,无,low
准初三,,comment,而且自己真的有很严重的拖延症 很懒惰 觉得自己之前的成绩也是在用小学打好的基础和上课效率在撑,0,隐含,中性,无,low
准初三,,comment,年级前20掉到250开外只需要三年,0,隐含,中性,无,low
准初三,,comment,后面的阅读 重在答题技巧，它是有一个答题模板的，你可以在网上搜下自己理解性记忆,0,隐含,中性,无,low
准初三,,comment,还有分条作答很重要，阅卷老师没有那么多时间看,0,隐含,中性,无,low
准初三,,comment,另外是作文还有小练笔那类，我推荐一个软件，纸条,0,隐含,中性,无,low
准初三,,comment,ww宝宝我和你好像,0,隐含,中性,无,low
准初三,,comment,没问题祝你地生会考顺利哈,0,隐含,中性,无,low
准初三,,comment,班2年12,0,隐含,中性,无,low
准初三,,comment,地区不同,0,隐含,中性,无,low
准初三,,comment,是啊没有动力,0,隐含,中性,无,low
准初三,,title,2026成都初三二诊时间汇总,0,隐含,中性,无,low
准初三,,title,备考建议,0,隐含,中性,无,low
准初三,,content,📢 敲黑板,0,隐含,中性,无,low
准初三,,content,2026年成都各区初三二诊时间已定,0,隐含,中性,无,low
准初三,,content,小编整理了最新家长分享的时间安排，按区划分，一目了然： 青羊区 4月27日 - 28日 成华区 4月28日 - 29日 金牛区 4月23日 - 24日 武侯区 4月23日 - 24日 双流区 4月23日 - 24日 锦江区 4月28日 - 29日 高新区 4月27日 - 28日 龙泉驿区 4月15日 温江区 4月28日 - 29日 ⚠️ 以上信息来自热心家长分享，仅供参考，具体以学校通知为准,0,隐含,中性,无,low
准初三,,content,💡 二诊为什么重要,0,隐含,中性,无,low
准初三,,content,概念混淆,0,隐含,中性,无,low
准初三,,content,方法不对,0,隐含,中性,无,low
准初三,,comment,2,0,隐含,中性,无,low
准初三,,comment,^,0,隐含,中性,无,low
准初三,,content,家有初中生集合🙋‍♀️ 娃越学越吃力,0,隐含,中性,无,low
准初三,,content,报课没效果,0,隐含,中性,无,low
准初三,,content,关键是找对补弱重点,0,隐含,中性,无,low
准初三,,content,理科校内基础足够，重点补文科即可,0,隐含,中性,无,low
准初三,,content,收藏对照规划，聊聊你家娃哪科拖后腿👇 #初中学习#初中生家长#初中补弱#初一初二初三学习#学习规划,0,隐含,中性,无,low
准初三,,content,目标：35-45分钟，抢下25+分🔥 【圆综合⭕️】 考点：切线判定（连半径，证垂直）、阴影面积计算（割补法）,0,隐含,中性,无,low
准初三,,content,辅助线口诀：见切线，连切点圆心,0,隐含,中性,无,low
准初三,,content,见直径，连圆周角,0,隐含,中性,无,low
准初三,,content,求弦长，作弦心距🎯 【函数综合📈】 深度考点： (1)问：求解析式（待定系数法，必拿,0,隐含,中性,无,low
准初三,,content,）🎯 (2)问：线段/周长最值（设坐标➡️距离公式➡️化二次函数顶点式）📉 (3)问：存在性问题（等腰/直角/平行四边形，先分类，再代数化列方程）,0,隐含,中性,无,low
准初三,,content,铁律：第(1)问快准稳,0,隐含,中性,无,low
准初三,,content,后面问写对步骤就有分，把设出的坐标、列出的方程工整写下✍️ 【几何探究🧩】 深度考点： 旋转型：必有全等，找旋转角，用 “SAS” 翻折型：利用对称性，对应边角相等,0,隐含,中性,无,low
准初三,,content,类比探究：第(3)问找 “变中的不变”，推广前两问方法,0,隐含,中性,无,low
准初三,,content,模型：高频考 “手拉手模型”🤝、 “对角互补模型” 考前必熟📘 【综合创新💎】 题型：可能是 “新定义阅读”或 “代数几何大综合” 破题三步： 1. 解码🔓：逐字理解新定义，用示例验证,0,隐含,中性,无,low
准初三,,content,2. 迁移🚶：第(2)问直接套用第(1)问方法,0,隐含,中性,无,low
准初三,,content,3. 攻坚🧗：第(3)问可 “猜想+部分验证”写下能推导的步骤,0,隐含,中性,无,low
准初三,,content,⏳考场时间精细化管理表 时段 ：0-10分钟 目标题号： 第1-8题 时间预算：10分钟⏱️ 核心任务与心态：快速启动🚀，进入状态，简单题绝对正确✅ 时段 ：10-35分钟 目标题号：第9-16题 时间预算： 25分钟⏱️ 核心任务与心态：稳扎稳打，攻克小压轴，检查填空书写🔍 时段 ：35-75分钟 目标题号：第17-22题 时间预算：40分钟⏱️ 核心任务与心态：规范书写✍️，步步为营，这是“定心丸”💊 时段 ：75-110分钟 目标题号：第23-25题 时间预算：35分钟⏱️ 核心任务与心态：策略抢分🎯先做所有题第(1)问，再按把握度攻坚,0,隐含,中性,无,low
准初三,,title,我快被体考碾死了,0,隐含,中性,无,low
准初三,,comment,3分55?我申请转学!,0,隐含,中性,无,low
准初三,,comment,我这边3分40满 况且是1000m,0,隐含,中性,无,low
准初三,,comment,不是3分55秒吗我也是江苏的,0,隐含,中性,无,low
准初三,,comment,浙江3:25,0,隐含,中性,无,low
准初三,,comment,福建也是,0,隐含,中性,无,low
准初三,,comment,我去我们是3：23……,0,隐含,中性,无,low
准初三,,comment,我们广东的3.13满分[完啦R],0,隐含,中性,无,low
准初三,,comment,女生跑1000吗,0,隐含,中性,无,low
准初三,,comment,坐标浙江杭州，800满分三分25,0,隐含,中性,无,low
准初三,,comment,已经跑死了,0,隐含,中性,无,low
准初三,,comment,济南800m3分25满分，还必须选中长跑,0,隐含,中性,无,low
准初三,,comment,四分钟584,0,隐含,中性,无,low
准初三,,comment,广东800米3.06满分,0,隐含,中性,无,low
准初三,,comment,我们这边满分是三分二十五,0,隐含,中性,无,low
准初三,,comment,回复 啊,0,隐含,中性,无,low
准初三,,comment,: 啥意思啊不是3:25,0,隐含,中性,无,low
准初三,,comment,我们800米满分是3分25秒,0,隐含,中性,无,low
准初三,,comment,我们306怎么说,0,隐含,中性,无,low
准初三,,comment,我们3分20秒满分,0,隐含,中性,无,low
准初三,,comment,我们这四分钟450以上就满分了，因为是带摇柄的绳子,0,隐含,中性,无,low
准初三,,comment,徐州4分10（女生）,0,隐含,中性,无,low
准初三,,comment,什么三分五十五吗，我们这好像是三分三十左右,0,隐含,中性,无,low
准初三,,comment,武汉四分钟跳绳女生395就满了,0,隐含,中性,无,low
准初三,,comment,满分夺少,0,隐含,中性,无,low
准初三,,comment,干脆把800m改成自由搏击吧,0,隐含,中性,无,low
准初三,,comment,只有活下来的人才配上高中,0,隐含,中性,无,low
准初三,,comment,我也每天跟学校练的，实在跑不动也没敢停，坚持了一学期，最后体测反倒是那些平时偷懒但是有天赋的同学考的好,0,隐含,中性,无,low
准初三,,comment,愿世间再无800,0,隐含,中性,无,low
准初三,,comment,而且不在少数，光我知道我身边的至少有三四个,0,隐含,中性,无,low
准初三,,comment,我们这边800 3分25 每天跑死,0,隐含,中性,无,low
准初三,,comment,生理期快来了直接就是一粒避孕药,0,隐含,中性,无,low
准初三,,comment,这个东西不是练就能出来的，我800米3分30多已经在我们班排中后了，完全是要靠拼命，每天早上7点跑三圈，大课间跑1000，有体育课也要跑，没体育课下午小自习还要跑1000，一直跑一直跑我的成绩也没有提高，我的小腿已经严重磨损了，每天非常痛但是我还是要跑，但是我们班满分的那些女生平时却没有怎么练，所以这东西真的是要靠天赋，还有最重要的是体重，超过120斤跑起来就很吃力了，我已经120多斤了跑不了满分的,0,隐含,中性,无,low
准初三,,comment,四川3分20还是3分10满分来着我忘了，反正我3分40左右扣了一两分[完啦R],0,隐含,中性,无,low
准初三,,comment,+1扔了将近三年，才五米一样的起点，别人已经扔了六米七米,0,隐含,中性,无,low
准初三,,comment,16.五分之二根号五,0,隐含,中性,无,low
准初三,,comment,还有大题目最后一个,0,隐含,中性,无,low
准初三,,comment,应该是根5/2,0,隐含,中性,无,low
准初三,,comment,方法对的，计算错误，应该是二分之根号五,0,隐含,中性,无,low
准初三,,comment,可以给剩下的科目,0,隐含,中性,无,low
准初三,,comment,10.D,0,隐含,中性,无,low
准初三,,comment,还有答案吗,0,隐含,中性,无,low
准初三,,comment,我随便做做最后一题，不都说最后一题难嘛,0,隐含,中性,无,low
准初三,,title,1+3我们班只走了一个,0,隐含,中性,无,low
准初三,,content,今天开了班会，我们班1+3就走了一个孩子,0,隐含,中性,无,low
准初三,,content,本着做人做事要靠谱的原则 知道结果了以后， 觉得要给上一篇1+3的笔记写个续,0,隐含,中性,无,low
准初三,,content,看来初三真是一场硬仗， 不仅是体力、脑力、更是心理素质的比拼,0,隐含,中性,无,low
准初三,,comment,我们班走了一半1+3,0,隐含,中性,无,low
准初三,,comment,应该不是郊区吧,0,隐含,中性,无,low
准初三,,comment,全区快一半的孩子都上1+3了,0,隐含,中性,无,low
准初三,,comment,能走那么多,0,隐含,中性,无,low
准初三,,comment,本校招100个，外校招挺多,0,隐含,中性,无,low
准初三,,comment,求教一下 1+3是这个暑假就定了吗,0,隐含,中性,无,low
准初三,,comment,是初二暑假定，初三就去高中上了,0,隐含,中性,无,low
准初三,,comment,还是什么时间怎么申报,0,隐含,中性,无,low
准初三,,comment,等着学校会通知的，报名时间应该是考试前报名,0,隐含,中性,无,low
准初三,,comment,我们班2个附中,0,隐含,中性,无,low
准初三,,comment,我们班没有，班二区排就好几百了，有去别的学校的，这个1+3的都得军训么,0,隐含,中性,无,low
准初三,,comment,还挺正式的,0,隐含,中性,无,low
准初三,,comment,首师集团,0,隐含,中性,无,low
准初三,,comment,我们海淀的，小升初就瞄准了有1+3的初中，我们学校招160，本校给120左右，基本前150可以进,0,隐含,中性,无,low
准初三,,comment,为啥瞄1+3,0,隐含,中性,无,low
准初三,,comment,请问什么叫1+3啊,0,隐含,中性,无,low
准初三,,comment,亲，就是初三去高中上一年，这么个1+3,0,隐含,中性,无,low
准初三,,comment,我们认识的朋友走了2个1+3,0,隐含,中性,无,low
准初三,,comment,都是学习一般的孩子,0,隐含,中性,无,low
准初三,,comment,学习一般可能就提前布局了,0,隐含,中性,无,low
准初三,,comment,推给我一定有原因，是FS的不,0,隐含,中性,无,low
准初三,,comment,哈哈哈，是,0,隐含,中性,无,low
准初三,,comment,聪明如你,0,隐含,中性,无,low
准初三,,comment,1+3没有好学校啊，为啥要去,0,隐含,中性,无,low
准初三,,comment,我们郊区，好学校才有1+3,0,隐含,中性,无,low
准初三,,title,初三生晚间纯动力学习,0,隐含,中性,无,low
准初三,,comment,我也是初三生，但是我没有你那么强的动力,0,隐含,中性,无,low
准初三,,comment,我觉得也是，好近啊,0,隐含,中性,无,low
准初三,,title,不开玩笑，12天学完地生会考有没有可能,0,隐含,中性,无,low
准初三,,content,不是引流,0,隐含,中性,无,low
准初三,,comment,宝宝你是怎么做得到的 现在一科b一科c还有救吗,0,隐含,中性,无,low
准初三,,comment,好，生物知识点是必须背嘛还是理解意思就行，感觉现在生物找不到之前做题的感觉了,0,隐含,中性,无,low
准初三,,comment,理解完也要背诵,0,隐含,中性,无,low
准初三,,comment,回复 喵,0,隐含,中性,无,low
准初三,,comment,雨中念 : 之前评论有说哦，还有救的,0,隐含,中性,无,low
准初三,,comment,具体是背哪呢,0,隐含,中性,无,low
准初三,,comment,老师没画什么重点,0,隐含,中性,无,low
准初三,,comment,满分50的生物我只能做到30,0,隐含,中性,无,low
准初三,,comment,抓紧时间做试卷，做到不会的就背，这样挺高效的不过你们明天就要会考了吗,0,隐含,中性,无,low
准初三,,comment,我们生物改成开卷了 我考44分是闭卷的模考考的 现在就是先在过一遍四本书,0,隐含,中性,无,low
准初三,,comment,什么，生物开卷啊,0,隐含,中性,无,low
准初三,,comment,是啊是啊 但只是苏州 也不加入总成绩,0,隐含,中性,无,low
准初三,,comment,姐妹你是今年的考生吗,0,隐含,中性,无,low
准初三,,comment,怎么了吗,0,隐含,中性,无,low
准初三,,comment,你们什么时候考,0,隐含,中性,无,low
准初三,,comment,我也还剩12天了，请问你那段时间是课上课下都在学地生吗,0,隐含,中性,无,low
准初三,,comment,如果刷题都不会的话还是先看书吧，什么时候会做题了就开始刷题,0,隐含,中性,无,low
准高三,,comment,你的心态很好，请继续保持每天都有收获的正向状态，祝你好运,0,隐含,中性,无,low
准高三,,comment,点进评论区第一眼一个风姿就扣我脑袋上给我吓晕了（）,0,隐含,中性,无,low
准高三,,comment,[抽泣R],0,隐含,中性,无,low
准高三,,comment,吃5天肠胃炎3天…我是非常忌讳重油,0,隐含,中性,无,low
准高三,,comment,哦不这么坏…,0,隐含,中性,无,low
准高三,,comment,当你刚上高中时也是这么想初中的,0,隐含,中性,无,low
准高三,,comment,初中就算了（,0,隐含,中性,无,low
准高三,,comment,真的吗这么好吃吗我们学校的饭我根本吃不下,0,隐含,中性,无,low
准高三,,comment,我怎么每一行字都看不懂,0,隐含,中性,无,low
准高三,,comment,因为不是每个人都这么过的,0,隐含,中性,无,low
准高三,,comment,便秘真实哎,0,隐含,中性,无,low
准高三,,comment,我高三真的很轻松啊,0,隐含,中性,无,low
准高三,,comment,高中作业也可以自己情况选择性不做 大学有一大堆作业，不做就扣分,0,隐含,中性,无,low
准高三,,comment,好想时间再慢一点,0,隐含,中性,无,low
准高三,,content,全托该不该上,0,隐含,中性,无,low
准高三,,content,现在特别纠结要不要上全托,0,隐含,中性,无,low
准高三,,comment,可以半托,0,隐含,中性,无,low
准高三,,comment,课外稍微加课，暂时先不全,0,隐含,中性,无,low
准高三,,comment,语文和数学可以再提提,0,隐含,中性,无,low
准高三,,comment,嗯呢 我也觉得,0,隐含,中性,无,low
准高三,,comment,语文数学物理再提一下,0,隐含,中性,无,low
准高三,,comment,学校老师挺好，干嘛去全托,0,隐含,中性,无,low
准高三,,comment,下半学期就是多总结多查漏补缺,0,隐含,中性,无,low
准高三,,title,准高三生vlog,0,隐含,中性,无,low
准高三,,comment,我现在也是这个状态虽然道理我都懂，但是我是住宿生，每天上学回宿舍都是这种被嘲讽阴阳，含沙射影，心里还是很难受,0,隐含,中性,无,low
准高三,,comment,换宿舍或者走读,0,隐含,中性,无,low
准高三,,comment,走读基本不可能,0,隐含,中性,无,low
准高三,,comment,抱抱你我以前也是然后复读了,0,隐含,中性,无,low
准高三,,comment,如果你本身没有错，不用在意他人的看法，如果他们的行为影响到了你做某事，你可以直接当面跟他们说,0,隐含,中性,无,low
准高三,,comment,如果他们还是继续这样的话，你就可以正面刚了,0,隐含,中性,无,low
准高三,,comment,寒窗十二年了，你的路都已经铺好了，最后几天被几个人打乱,0,隐含,中性,无,low
准高三,,comment,可以尝试买mp3带去听音乐不要听他们说话或者有条件学校附近租房子吧,0,隐含,中性,无,low
准高三,,comment,我尽量试试，但是我那几个室友会在我回宿舍洗漱的时候在那阴阳，或者是回到床上睡觉的时候在那里阴阳，或者彼此之间大声的开玩笑聊天，就字里字外就经常是在阴阳我，我很难做到听不到啊但我会尽量试试戴耳机这个方法的,0,隐含,中性,无,low
准高三,,comment,只是每天去学校感觉就要接受那么多人的审视，心里特别不爽,0,隐含,中性,无,low
准高三,,comment,你读书是为了你自己，你自己最重要啊,0,隐含,中性,无,low
准高三,,comment,可能等你考上大学了，你们都不会怎么接触了,0,隐含,中性,无,low
准高三,,comment,如果你真的很想好好学习那坐在所谓的雅座也是一个很好的选择，怎么选看你，你描述的这个状态我认为你自己单座会更好,0,隐含,中性,无,low
准高三,,comment,一想到回宿舍碰到他们就难受,0,隐含,中性,无,low
准高三,,comment,毕竟现在高三，我很在意睡眠,0,隐含,中性,无,low
准高三,,comment,可以试试走读,0,隐含,中性,无,low
准高三,,comment,人生最重要的时刻，寒穿苦读12年别为了鸡毛蒜皮的事影响自己啊,0,隐含,中性,无,low
准高三,,comment,我也是，还有六十多天现在几乎全班女生都跟我掰了，上一次和男生坐还是在初中,0,隐含,中性,无,low
准高三,,title,省前十/给高三生的四个真诚建议,0,隐含,中性,无,low
准高三,,content,过年期间收到一些私信，其中有人问高三学生怎么把握剩下的三个月,0,隐含,中性,无,low
准高三,,content,所以不用为自己今天迟到或者作业没写完而懊悔，人和人是非常不一样的，你只要在自己的节奏里进步就好,0,隐含,中性,无,low
准高三,,content,2.快速定位自己,0,隐含,中性,无,low
准高三,,content,到了高三这个阶段就不要再幻想三个月暴涨二百分了,0,隐含,中性,无,low
准高三,,content,最后三个月主要是复习、考试，因此必须快速定位自己，找到弱点（越细越小越好），集中训练,0,隐含,中性,无,low
准高三,,content,3.没必要当一个“乖”学生,0,隐含,中性,无,low
准高三,,content,在2的基础上，你没必要对每一门课的作业全部认真对待,0,隐含,中性,无,low
准高三,,content,能够平衡全部学科当然很好，但是全面发展是件很难的事情,0,隐含,中性,无,low
准高三,,content,可以应付的就赶紧应付，不要丢掉宝贵时间,0,隐含,中性,无,low
准高三,,content,不到最后一刻你永远不知道自己可以做到什么程度,0,隐含,中性,无,low
准高三,,content,永远永远对自己有信心,0,隐含,中性,无,low
准高三,,content,这是我最想说的话,0,隐含,中性,无,low
准高三,,comment,学姐每周六晚上回家周天中午去学校 周末在家完全不搞学习可以吗 总是因为狠不下心让自己在这么短暂的休息时间学习而愧疚,0,隐含,中性,无,low
准高三,,comment,想问问学姐的周末安排,0,隐含,中性,无,low
准高三,,comment,姐姐，我也是河南文科高三生，就是我们市在河南文科教育质量不算高,0,隐含,中性,无,low
准高三,,comment,联考要看跟谁连，好的学校肯定借鉴程度更大一些，但是也有的联考题目为了难而难，这种就没必要相信了,0,隐含,中性,无,low
准高三,,comment,市里面如果一直出题水平比较稳定，还是可以参考的,0,隐含,中性,无,low
准高三,,comment,也在犹豫要不要报4月的强基 就是人大的或者北大,0,隐含,中性,无,low
准高三,,comment,回复 all too well : 强基直接报，我当时也报了，主要还是为了心理有个安慰,0,隐含,中性,无,low
准高三,,comment,但是我最后没参加强基考试,0,隐含,中性,无,low
准高三,,comment,报了会在学校公示吗 学校需要提供什么材料吗,0,隐含,中性,无,low
准高三,,comment,学姐 你初中时候是不是就很努力呀天天刷很多套卷子那样,0,隐含,中性,学业,low
准高三,,comment,我还以为开学了没什么人看哈哈,0,隐含,中性,无,low
准高三,,comment,河南还没开学,0,隐含,中性,无,low
准高三,,comment,非常中肯的建议!,0,隐含,中性,无,low
准高三,,comment,很好的建议❤️❤️❤️,0,隐含,中性,无,low
准高三,,comment,学姐，我每天晚上都弄了补习，但只从10:20~11:50，每天六小时睡眠加上黑咖啡提神可以吗,0,隐含,中性,无,low
准高三,,comment,看你个人精力，我没有学到过11：50不然我会很困很困,0,隐含,中性,无,low
准高三,,comment,天啊一定注意身体呀，白天有效利用就好,0,隐含,中性,无,low
准高三,,comment,寒假没高效学习，感觉花了不少钱，现在头发白了还脱发,0,隐含,中性,无,low
准高三,,comment,我还好，因为兴趣太少，买玩偶买了许多就觉得没意思了,0,隐含,中性,无,low
准高三,,comment,一周就放三小时，所以也就习惯了，其实多喝咖啡也行，本人难杀,0,隐含,中性,无,low
准高三,,comment,要不试试说脱口秀吧，有一种平静的疯感哈哈哈哈哈,0,隐含,中性,无,low
准高三,,title,既然是准高三了，这些大忌不要碰,0,隐含,中性,无,low
准高三,,content,1.不要暑期在家复习,0,隐含,中性,无,low
准高三,,content,"留校,去图书馆,自习室都是学习的好去处",0,隐含,中性,无,low
准高三,,content,3.不要在自习课耗时长,0,隐含,中性,无,low
准高三,,content,效率远比时长更重要,0,隐含,中性,无,low
准高三,,content,4.不要追剧、刷视频、打游戏,0,隐含,中性,无,low
准高三,,content,没有强大的毅力这些电子产品尽量少碰,0,隐含,中性,无,low
准高三,,content,5.不要在备考资料方面花费太多心思,0,隐含,中性,无,low
准高三,,content,"一般学校发的就已经够用的,如果学有余力再去考虑买专项训练去练",0,隐含,中性,无,low
准高三,,content,"6.不要把同学当做自己的竞争对手,你只需要跟自己比 7.不要等到临考才开始背作文模板",0,隐含,中性,无,low
准高三,,content,英语也是一样的,0,隐含,中性,无,low
准高三,,content,"8.不要总怀疑自己""现在""开始晚不晚!种一棵树最好的时间是十年前,其次就是现在",0,隐含,中性,无,low
准高三,,content,干就完事了! 9.不要和同学比学习时长,0,隐含,中性,无,low
准高三,,content,"每个人情况不一样,报考学校专业也不一定一样,把握好自己的速度就好",0,隐含,中性,无,low
准高三,,content,10.不要在备考期间节食减肥,0,隐含,中性,无,low
准高三,,content,"身体健康永远 是第一位的,好好吃饭才能保证你每天拥有充 沛的学习精力",0,隐含,中性,无,low
准高三,,content,每个人的精力真的是有限的,0,隐含,中性,无,low
准高三,,content,"有懵懂的想法先埋藏在心里,作为激励自己的动力",0,隐含,中性,无,low
准高三,,content,#高三#高中生心理状态,0,隐含,中性,无,low
准高三,,comment,老师讲卷子的时候 感觉不服只考那么点分,0,隐含,中性,无,low
准高三,,comment,宝宝我愿意来,0,隐含,中性,无,low
准高三,,comment,宝宝拉我一下 里面可以问题吗,0,隐含,中性,无,low
准高三,,comment,我也要进,0,隐含,中性,无,low
准高三,,comment,宝宝我也想进,0,隐含,中性,无,low
准高三,,comment,完全是我…,0,隐含,中性,无,low
准高三,,comment,能邀我吗,0,隐含,中性,无,low
准高三,,comment,对我也是,0,隐含,中性,无,low
准高三,,comment,贝贝，我,0,隐含,中性,无,low
准高三,,comment,哈哈哈哈哈哈哈哈是这样的,0,隐含,中性,无,low
准高三,,comment,我就这样,0,隐含,中性,无,low
准高三,,comment,和出题人抢分🙃,0,隐含,中性,无,low
准高三,,comment,我也想去,0,隐含,中性,无,low
准高三,,comment,宝宝我来,0,隐含,中性,无,low
准高三,,comment,我有自己总结的知识点考点笔记 有人要看嘛,0,隐含,中性,无,low
准高三,,comment,你的人生才刚开始,0,隐含,中性,无,low
准高三,,comment,我已经麻木了,0,隐含,中性,无,low
准高三,,comment,我上次考试直接掉了100多分,0,隐含,中性,无,low
准高三,,title,包括我自己,0,隐含,中性,无,low
准高三,,comment,祝愿大家都能考上理想的大学,0,隐含,中性,无,low
准高三,,comment,一定可以的,0,隐含,中性,无,low
准高三,,comment,说的挺对的,0,隐含,中性,无,low
准高三,,comment,如此才能使自己的前行脚步更加坚定,0,隐含,中性,无,low
准高三,,comment,我们都会如愿的,0,隐含,中性,无,low
准高三,,comment,有负面的时候尽量去调节,0,隐含,中性,无,low
准高三,,comment,所有人都变得诡异,0,隐含,中性,无,low
准高三,,comment,人际关系开始变得莫名其妙,0,隐含,中性,无,low
准高三,,comment,无论发生什么都安慰自己快毕业了,0,隐含,中性,无,low
准高三,,comment,那就释放,0,隐含,中性,无,low
准高三,,comment,有很强的物欲 但又不知道买什么,0,隐含,中性,无,low
准高三,,comment,我前两天还是在跟我同学说“好想买东西，但不知道要买什么”,0,隐含,中性,无,low
准高三,,comment,敢上课玩手机,0,隐含,中性,无,low
准高三,,comment,我就这样,0,隐含,中性,无,low
准高三,,comment,等我毕业了我要谈十个,0,隐含,中性,无,low
准高三,,comment,我的食欲物欲消费欲得到了前所未有的增长,0,隐含,中性,无,low
准高三,,title,北京高三生被全托做局的一天,0,隐含,中性,无,low
准高三,,content,一进来就止不住的学,0,隐含,中性,无,low
准高三,,comment,您好想咨询,0,隐含,中性,无,low
准高三,,comment,什么机构,0,隐含,中性,无,low
准高三,,comment,老师留个联系方式,0,隐含,中性,无,low
准高三,,comment,位置价格,0,隐含,中性,无,low
准高三,,comment,才下课看到现在发您,0,隐含,中性,无,low
准高三,,comment,妈啊呀单人单桌超爽有自己节奏学习不用受同桌干扰，但是e人可能要忍一忍了,0,隐含,中性,无,low
准高三,,comment,我是ENFP 我主动要求单人单桌的我还求了老师好久,0,隐含,中性,无,low
准高三,,comment,老师说小组讨论 我一般马上拿起卷子站起来走动去找自己的朋友 不去凑那种会被围一大圈的大佬（纯粹因为挤不进去 所以每次讨论我都有很固定的搭子 然后如果是前后桌这样的小组讨论我都是组长 我会选择抛问题然后旁观 因为我会下意识把自己的想法强压别人的想法 这样的我会闭嘴 一对一或者一对二的讨论我就会一直说一直说一直说,0,隐含,中性,无,low
准高三,,comment,哎我们没有小组大部分都是同桌讨论而且还不让下位,0,隐含,中性,无,low
准高三,,comment,也不是单桌吧就是我同桌出去全托惹,0,隐含,中性,无,low
准高三,,comment,单桌是天堂好不好，我们每次换桌我都死盯着单桌那个位置,0,隐含,中性,无,low
准高三,,comment,我是从单桌变为双桌的,0,隐含,中性,无,low
准高三,,comment,诶我操爽了啊,0,隐含,中性,无,low
准高三,,comment,那你也举报呗,0,隐含,中性,无,low
准高三,,comment,咋能自己吃亏呢,0,隐含,中性,无,low
准高三,,comment,宝宝有火就快发,0,隐含,中性,无,low
准高三,,comment,那就好 祝你前程似锦后遇良人,0,隐含,中性,无,low
准高三,,comment,一般这种情况被举报了老师都不会怎么管的吧[呃R]我朋友的老师还叫她关注一下班上的小情侣让这段时间别分手了（我朋友是班长）,0,隐含,中性,无,low
准高三,,comment,跟所有人说永远不见,0,隐含,中性,无,low
准高三,,comment,对啊[呃R]这不相当于以后只有咱们对着照片蛐蛐别人的份了吗哈哈哈哈哈，直接一个退居幕后，上帝视角了真的很微妙欸,0,隐含,中性,无,low
准高三,,comment,是滴是滴,0,隐含,中性,无,low
准高三,,comment,哈哈哈哈哈,0,隐含,中性,无,low
准高三,,comment,我也一样,0,隐含,中性,无,low
准高三,,comment,裸考+1，全科只有语文能看（写完100+）,0,隐含,中性,无,low
准高三,,comment,我也是，，,0,隐含,中性,无,low
准高三,,comment,终于能离开这个鬼地方了,0,隐含,中性,无,low
准高三,,comment,终于就要结束了,0,隐含,中性,无,low
准高三,,comment,鬼知道我等这一天等了多久,0,隐含,中性,无,low
准高三,,comment,哈哈哈哈哈你也没睡啊,0,隐含,中性,无,low
准高三,,comment,补药啊啊啊啊——你也给我回来吃一遍,0,隐含,中性,无,low
准高三,,comment,像一般这样的都是能考好的,0,隐含,中性,无,low
准高三,,comment,我上课的时候一直在想和我亲友面基要干啥 根本控制不住,0,隐含,中性,无,low
准高三,,comment,异地亲友跟远走他乡有什么区别好好亲友，你的Riiin来啦👊🏻👊🏻👊🏻过来,0,隐含,中性,无,low
准高三,,comment,☝🏻️坐下,0,隐含,中性,无,low
准高三,,comment,我们学校刚通知的明天回家周，然后六月一号返校，我们好像是前三四天清学校布置考场吧,0,隐含,中性,无,low
准高三,,comment,原来大家精神状态都这样,0,隐含,中性,无,low
准高三,,comment,那很放心了😌那很有集体意识了😌那很好了，烤,0,隐含,中性,无,low
准高三,,comment,考他个惊天动地，考他个天崩地裂，考他个神号鬼泣，考他个虎虎生威,0,隐含,中性,无,low
准高三,,comment,今天才用探测仪查违禁品…我现在就一心一意地想着整容,0,隐含,中性,无,low
准高三,,comment,看成整理仪容仪表了……我也……做头发，双眼皮，脱毛……一条龙我来力,0,隐含,中性,无,low
准高三,,comment,好真实啊,0,隐含,中性,无,low
准高三,,comment,超级啊真的超级真实,0,隐含,中性,无,low
准高三,,comment,已知我今天带了手机,0,隐含,中性,无,low
准高三,,comment,真的?,0,隐含,中性,无,low
准高三,,comment,是的，真的,0,隐含,中性,无,low
准高三,,comment,我记得之前好像每周都有人被抓到,0,隐含,中性,无,low
准高三,,comment,都是从轻处理,0,隐含,中性,无,low
准高三,,comment,不知道欸 反正我现在初二 我们班里就有人带了 别的班也是一样滴,0,隐含,中性,无,low
准高三,,comment,所以是为啥,0,隐含,中性,无,low
准高三,,title,60小时学习实拍合集,0,隐含,中性,无,low
准高三,,content,#studyaccount#学习动力向#高三#渔馆文学 小合集,0,隐含,中性,无,low
准高三,,comment,我有点坚持不下去了,0,隐含,中性,无,low
准高三,,comment,字好工整唉,0,隐含,中性,无,low
准高三,,comment,"Believe in yourself, you can do it!",0,隐含,中性,无,low
准高三,,comment,先从抄写的作业开始进入状态 然后再学动脑子的 ，前提是你得坚持下去,0,隐含,中性,无,low
准高三,,comment,作业不会,0,隐含,中性,无,low
准高三,,comment,作业前面几题都是基础题吧 不会是不是课没听好啊,0,隐含,中性,无,low
准高三,,comment,姐妹 在飘窗这里学习 腿怎么放,0,隐含,中性,无,low
准高三,,comment,放桌子下面,0,隐含,中性,无,low
准高三,,comment,这下面不是实心的吗,0,隐含,中性,无,low
准高三,,comment,数学破如防,0,隐含,中性,无,low
准高三,,comment,高一的吗,0,隐含,中性,无,low
准高三,,comment,我做过这个，对于初学者来说很难啊,0,隐含,中性,无,low
准高三,,comment,想问下这个草稿纸是在哪买的,0,隐含,中性,无,low
准高三,,comment,看着很爽,0,隐含,中性,无,low
准高三,,comment,这是好久之前的了,0,隐含,中性,无,low
准高三,,comment,我要是有这桌子 我愿意学一天,0,隐含,中性,无,low
准高三,,comment,我靠，这是什么的证明过程吗,0,隐含,中性,无,low
准高三,,comment,wbxl没抢到,0,隐含,中性,无,low
准高三,,comment,求时钟链接,0,隐含,中性,无,low
准高三,,content,真的假的,0,隐含,中性,无,low
准高三,,content,居然只剩四周了，这种感觉好不真实,0,隐含,中性,无,low
准高三,,comment,OMG，5天了[呃R],0,隐含,中性,无,low
准高三,,comment,一举高中,0,隐含,中性,无,low
准高三,,comment,四天后就上战场了，你准备好了吗,0,隐含,中性,无,low
准高三,,comment,哈哈哈哈哈哈哈哈哈哈哈我已经大一啦，这句话是鼓励帖主的啦,0,隐含,中性,无,low
准高三,,comment,我也有这种感觉,0,隐含,中性,无,low
准高三,,comment,明明死到临头还没有紧迫感，更觉得恍惚,0,隐含,中性,无,low
准高三,,comment,ip正确想法正确,0,隐含,中性,无,low
准高三,,comment,是这样了,0,隐含,中性,无,low
准高三,,comment,这是真的,0,隐含,中性,无,low
准高三,,comment,对的对的我现在的头像还是有村架纯,0,隐含,中性,无,low
准高三,,comment,真的 读了那么久该是什么样还是什么样,0,隐含,中性,无,low
准高三,,comment,感觉我们25届高三有一种独特的松弛感……是因为我们属猪属狗吗,0,隐含,中性,无,low
准高三,,comment,平静就是最好的状态,0,隐含,中性,无,low
准高三,,comment,真的吗 但是凭自己平时的发挥根本达不到理想分数,0,隐含,中性,无,low
准高三,,comment,还有三周只顾着玩光夜趁着难度降低,0,隐含,中性,无,low
准高三,,comment,好真实，同河南考生，老农民天天在肝星露谷,0,隐含,中性,无,low
准高三,,comment,不可以的吧,0,隐含,中性,无,low
准高三,,comment,看你能不能遇到贵人吧,0,隐含,中性,无,low
准高三,,comment,如果方向正确，上限可以很高,0,隐含,中性,无,low
准高三,,comment,是的 很多袋鼠 还有大蜘蛛…,0,隐含,中性,无,low
准高三,,comment,但是专注力也可以通过练习提升,0,隐含,中性,无,low
准高三,,comment,人的精力是有限的有天赋的人做导数压轴可以触类旁通，三小时顶得上一般人三天的学习量,0,隐含,中性,无,low
准高三,,comment,应试教育如此，其他方面亦如此,0,隐含,中性,无,low
准高三,,comment,今天的自己比昨天的自己强一点就可以了,0,隐含,中性,无,low
准高三,,comment,一定可以的，宝宝相信自己,0,隐含,中性,无,low
准高三,,comment,有可能大智若愚,0,隐含,中性,无,low
准高三,,comment,暖归暖不烫人就行,0,隐含,中性,无,low
准高三,,comment,祝你生活愉快,0,隐含,中性,无,low
准高三,,comment,安顺一中吗，感觉遇到校友了,0,隐含,中性,无,low
准高三,,comment,不是不是 毕节一中哈哈哈哈哈哈,0,隐含,中性,无,low
准高三,,comment,只要你认真学 考的分数就值得相信自己 不用管什么上限不然只会给自己退缩找借口,0,隐含,中性,无,low
准高三,,title,总结一下超好记的高三生物大题答题规律,0,隐含,中性,无,low
准高三,,content,. 📚代谢类大题 📍核心规律：先写“原料→产物+能量”，再补影响因素,0,隐含,中性,无,low
准高三,,content,. 📚遗传类大题 📍核心规律：先判显隐性，再推基因型，最后算概率，一步都不能少,0,隐含,中性,无,low
准高三,,content,🔍具体操作： ① 判显隐性：看无中生有、有中生无，不确定就写大概率为××性,0,隐含,中性,无,low
准高三,,content,② 推基因型：先写已知基因，未知用“_”代替，再根据子代性状反向推，比如子代有隐性性状，亲代一定各带一个隐性基因,0,隐含,中性,无,low
准高三,,content,③ 算概率：分情况算，记住“杂合子自交3:1，测交1:1”，多对基因分开算，最后相乘,0,隐含,中性,无,low
准高三,,content,. 📚调节类大题 📍核心规律：先判调节类型，再写“感受器→传导→效应器”（神经）或“激素分泌→作用靶器官→反馈调节”（体液）,0,隐含,中性,无,low
准高三,,content,② 体液调节：写清激素名称+靶器官+作用，比如甲状腺激素→全身细胞→促进新陈代谢、促进生长发育，别忘了反馈调节,0,隐含,中性,无,low
准高三,,content,. 📚实验类大题 📍核心规律：遵循“分组→处理→观察→结论”，变量唯一，无关变量相同且适宜,0,隐含,中性,无,low
准高三,,content,🔍具体操作： ① 分组：分对照组和实验组，每组样本量要多,0,隐含,中性,无,low
准高三,,content,② 处理：对照组正常处理，实验组只改变一个自变量，其他无关变量都相同,0,隐含,中性,无,low
准高三,,content,③ 观察：写清观察指标,0,隐含,中性,无,low
准高三,,comment,感觉自己像在雾里看花，能量流动、物质循环、信息传递这几个词摆在一起我大脑就一片空白更别提后面那些图表和计算了，现在看季琼还能把我捞出来吗,0,隐含,中性,无,low
准高三,,comment,早点开始学,0,隐含,中性,无,low
准高三,,comment,你这样子学下来能提升多少啊,0,隐含,中性,无,low
准高三,,comment,看个人投入，我是从六十多提到八十五了，光合作用这块基本不丢分了,0,隐含,中性,无,low
准高三,,comment,我也没看多久，这个月才开始听，上次周考生物比之前涨了十五,0,隐含,中性,无,low
准高三,,content,②每天饭后陪散步15分钟，只聊轻松话题,0,隐含,中性,无,low
准高三,,content,【家长应对】：①强制作息：固定23点睡、6点40起，雷打不动,0,隐含,中性,无,low
准高三,,content,②每周日晚花1小时复盘，只问“本周哪块最稳,0,隐含,中性,无,low
准高三,,content,哪类题还丢分,0,隐含,中性,无,low
准高三,,content,下周重点补哪块,0,隐含,中性,无,low
准高三,,content,②营造轻松氛围：少问“准备好了吗”，多问“今天有啥好玩的事”,0,隐含,中性,无,low
准高三,,content,③睡前聊10分钟不聊学习，帮她放松入睡,0,隐含,中性,无,low
准高三,,content,我见过太多孩子本末倒置地拼命，最后在关键时刻“阵亡”,0,隐含,中性,无,low
准高三,,title,演示一下最后78天高三政治刷题的顶级方法,0,隐含,中性,无,low
准高三,,content,发了上一篇笔记后，很多宝子问我政治怎么刷题、刷完怎么复盘,0,隐含,中性,无,low
准高三,,content,1. 近三年全国卷真题 全国卷是风向标，无论你在哪个省份，全国卷都有极高的参考价值,0,隐含,中性,无,low
准高三,,content,它们往往在题型创新上走在前列，比如开放性试题、辨析类试题、情境化试题等,0,隐含,中性,无,low
准高三,,content,做这些题可以帮你打开思路，提前适应新考法,0,隐含,中性,无,low
准高三,,content,. 2️⃣正确思维 （一）选择题 1. 考点定位意识 拿到一道题，先看考的是哪本书、哪个模块，定位准确了，选项才能对得上,0,隐含,中性,无,low
准高三,,content,2. 材料解读意识 刷题是求准,0,隐含,中性,无,low
准高三,,content,高质量的标准是你有没有真正读懂材料,0,隐含,中性,无,low
准高三,,content,一是仔细,0,隐含,中性,无,low
准高三,,content,题干里的每一个词都可能有信息量,0,隐含,中性,无,low
准高三,,content,主体是谁、行为是什么、时间节点有没有暗示,0,隐含,中性,无,low
准高三,,content,二是全面,0,隐含,中性,无,low
准高三,,content,有时候选项里有一个词和你看到的材料关键词很像，但整体意思不对，那就是干扰项,0,隐含,中性,无,low
准高三,,content,把材料主旨和课本原理连起来，才是正确答案,0,隐含,中性,无,low
准高三,,content,3. 陷阱识别意识 政治选择题的坑就那么几种：主体混淆、概念偷换、绝对化表述、因果颠倒,0,隐含,中性,无,low
准高三,,content,刷题时多留个心眼,0,隐含,中性,无,low
准高三,,content,. （二）主观题 1. 题型判断意识 先看设问是什么类型,0,隐含,中性,无,low
准高三,,content,原因类就调理论+现实+意义，措施类就调主体分析法，体现类就调材料词→学科术语，评析类就调合理+不足+结论,0,隐含,中性,无,low
准高三,,content,"2. 材料分层意识 读材料的时候顺手用斜杠分层，一个句号一层,每层在旁边概括核心意思，然后把每层和课本原理对上号 3. 术语调用意识 同一个意思，用课本术语写和用大白话写，得分完全不同",0,隐含,中性,无,low
准高三,,content,2. 正确选项分析 不仅要看自己为什么错，还要看正确选项为什么对,0,隐含,中性,无,low
准高三,,comment,其实还好，各科都得安排我当时每天就学政治一个小时左右坚持了二十多天，大题能稳在得分点上了之后主要是刷题保持手感,0,隐含,中性,无,low
准高三,,comment,不理解的部分我把常迎对应的讲解认真过一遍，不然做题慢，难题也啃不动,0,隐含,中性,无,low
准高三,,comment,我政治在及格线边缘，大题总是写不完,0,隐含,中性,无,low
准高三,,comment,来得及，我大概学了一个月左右，文科主观题也要讲效率理解快了答题就快,0,隐含,中性,无,low
准高三,,comment,听完常老师，基础题能速战速决，省下时间琢磨难题,0,隐含,中性,无,low
准高三,,comment,另外别在完全不懂的题上硬耗,0,隐含,中性,无,low
准高三,,comment,我看了不到三十天，进步了快二十,0,隐含,中性,无,low
准高三,,comment,通过刷题来搞懂知识点效率低先理解再练题，刷题的本质是巩固理解，不是代替理解,0,隐含,中性,无,low
准高三,,comment,哪个老师呀,0,隐含,中性,无,low
准高三,,comment,学姐，我总是审题审偏，请问你有什么审题答题的办法吗,0,隐含,中性,无,low
准高三,,comment,其实线上也有好老师的,0,隐含,中性,无,low
准高三,,comment,我已经准备换线上了,0,隐含,中性,无,low
准高三,,comment,主观题可以拿 35 分 选择题只能拿 18 分,0,隐含,中性,无,low
准高三,,comment,大题怎么拿的,0,隐含,中性,无,low
准高三,,comment,你得分清选择题的题型和陷阱，我学了两个月把经济、哲学、政治这几类选择题的设误套路和关键词对应都搞透了，现在看到题干能快速判断是考概念理解、材料对应还是逻辑推理而不是凭感觉瞎猜了,0,隐含,中性,无,low
准高三,,comment,应该怎么背诵，背诵顺序是按照学的顺序来吗,0,隐含,中性,无,low
准高三,,comment,背诵顺序建议按照学校一轮复习进度来 ，政治课本上知识点先背诵并理解重难点,0,隐含,中性,无,low
准高三,,comment,建议整理思维导图然后背诵哦，重点整理和背诵必修二必修三必修四和选修二,0,隐含,中性,无,low
准高三,,comment,学姐，我想问一下，政治要背到哪种程度才算过关呢，是必须每一条一字一字的背完吗,0,隐含,中性,无,low
准高三,,comment,还是说把重点80%都记住就可以了,0,隐含,中性,无,low
准高三,,comment,政治背到过关是看到题目就能立刻从脑子里调出正确的核心结论和关键词而不是背下全文，选择题要能一眼辨出选项表述的对错，大题要能默写出对应的原理骨架，考场上再结合材料填充,0,隐含,中性,无,low
准高三,,comment,常老师👨‍🏫在哪看的呀啊啊,0,隐含,中性,无,low
准高三,,comment,这种学习方法也适用别的科目吗，比如历史,0,隐含,中性,无,low
准高三,,content,地理主观题从来不是写得多，而是答得准、写得规范、逻辑踩对点,0,隐含,中性,无,low
准高三,,comment,那你地理提上来了吗,0,隐含,中性,无,low
准高三,,title,准高三｜高中三年大事年表🔥,0,隐含,中性,无,low
准高三,,content,#家长必读#学习经验#神奇学习方法在这里#初高中#学习方法#高效学习#学习规划#高效学习技巧,0,隐含,中性,无,low
准高三,,comment,已关 求,0,隐含,中性,无,low
准高三,,comment,guan我,0,隐含,中性,无,low
准高三,,comment,学校的英语一轮都复习啥啊,0,隐含,中性,无,low
准高三,,comment,记得回我,0,隐含,中性,无,low
准高三,,comment,已关注，求资料,0,隐含,中性,无,low
初三党,,content,到低哪里能看未删减的《初三的六一儿童节》啊,0,隐含,中性,无,low
初三党,,comment,宝 找到了可以分享一下吗,0,隐含,中性,无,low
初三党,,comment,我到🫘音买了 1.48元而已，你可以去搜哦，我保存不到百度网盘 ，分享不了，不好意思,0,隐含,中性,无,low
初三党,,comment,我有txt未删 广播剧 漫画 电视剧,0,隐含,中性,无,low
初三党,,comment,我是微群，我们群什么类型都更新，耽美更新的比较多，人工找书,0,隐含,中性,无,low
初三党,,comment,冷热门都可以,0,隐含,中性,无,low
初三党,,comment,欢迎小宝们的加入还有类型文更新,0,隐含,中性,无,low
初三党,,comment,可指定类型,0,隐含,中性,无,low
初三党,,comment,嗯 🧣看到一些人家发出来好像是未删减的章节，不懂哪里看,0,隐含,中性,无,low
初三党,,comment,宝宝 你是在哪看的呀,0,隐含,中性,无,low
初三党,,title,既然是准初三了，这些大忌不要碰,0,隐含,中性,无,low
初三党,,content,#浪漫生活的记录者1.不要暑期只在家复习,0,隐含,中性,无,low
初三党,,content,去图书馆，自习室都是学习的好去处,0,隐含,中性,无,low
初三党,,content,5.不要把同学当自己的竞争对手，你只需要跟自己比,0,隐含,中性,无,low
初三党,,content,6.不要等到临考才开始背作文模板,0,隐含,中性,无,low
初三党,,content,7.不要总怀疑自己“现在”开始晚不晚,0,隐含,中性,无,low
初三党,,content,8.不要和同学比学习时长，每个人情况不一样 9.不要在备考期间节食减肥,0,隐含,中性,无,low
初三党,,content,身体健康永远是第一位的，好好吃饭才能保证你每天拥有充沛的学习精力,0,隐含,中性,无,low
初三党,,content,回顾时间 该学习的时候学，该休息的时候休息劳逸结合的同时又兼顾各学科实在是太完美啦,0,隐含,中性,无,low
初三党,,comment,官和“我需要”，带30名准初三的宝子学习，成绩分析、暑期学习规划、全科复习方法都可以，要就给，直接发,0,隐含,中性,无,low
初三党,,comment,已官～我需要,0,隐含,中性,无,low
初三党,,comment,回复 啊文同志,0,隐含,中性,无,low
初三党,,comment,: OK官我,0,隐含,中性,无,low
初三党,,comment,好了好了,0,隐含,中性,无,low
初三党,,comment,老师，我需要,0,隐含,中性,无,low
初三党,,comment,官我宝贝,0,隐含,中性,无,low
初三党,,comment,我下学期就是初三了,0,隐含,中性,无,low
初三党,,comment,我也需要啊,0,隐含,中性,无,low
初三党,,comment,（单纯好奇问问）,0,隐含,中性,无,low
初三党,,comment,问一下姐姐语文背答题模板是背古诗文的还是阅读理解的有用,0,隐含,中性,无,low
初三党,,title,同学的劝告,0,隐含,中性,无,low
初三党,,comment,背完就忘的话，就通过做题来巩固，刚开始记不住就翻书，后面慢慢就好了,0,隐含,中性,无,low
初三党,,comment,同学是好人，虽然有点正得发邪,0,隐含,中性,无,low
初三党,,comment,这个文案像我初中会抄在作文本里的,0,隐含,中性,无,low
初三党,,comment,毕竟确实是初中生呀,0,隐含,中性,无,low
初三党,,comment,像老式同学（非贬义）,0,隐含,中性,无,low
初三党,,comment,倒也没有邪，ta没有指名道姓，只是提到了博主,0,隐含,中性,无,low
初三党,,comment,真的人很好了,0,隐含,中性,无,low
初三党,,comment,因为正青春啊,0,隐含,中性,无,low
初三党,,comment,以前我也是这样的,0,隐含,中性,无,low
初三党,,comment,初中生，很正常吧,0,隐含,中性,无,low
初三党,,comment,只要是正，再邪都无所谓,0,隐含,中性,无,low
初三党,,comment,确实很正,0,隐含,中性,无,low
初三党,,comment,哈哈哈哈哈哈哈哈 好正义啊,0,隐含,中性,无,low
初三党,,comment,初中这样很正常,0,隐含,中性,无,low
初三党,,comment,我滴妈，感觉穿越了,0,隐含,中性,无,low
初三党,,comment,回复 367 Amicitia : 赞同,0,隐含,中性,无,low
初三党,,comment,你别说，这种话我以前肯定也会记,0,隐含,中性,无,low
初三党,,comment,她是大好人，一般而言你的竞争对手巴不得你天天玩,0,隐含,中性,无,low
初三党,,comment,是我几个朋友都让我该玩就玩，说有的是时间学习,0,隐含,中性,无,low
初三党,,comment,对方是好同学,0,隐含,中性,无,low
初三党,,comment,这个时候还这样提醒你 真的人很好了,0,隐含,中性,无,low
初三党,,comment,没那么夸张 稳的话可以考我们能报的范围内第二所高中,0,隐含,中性,无,low
初三党,,comment,宝宝你现在不懂是正常的 但是我想跟你说真的要好好学习（感觉自己现在变成了初中高中最不愿意听到的老顽固大人了）,0,隐含,中性,无,low
初三党,,comment,后来我才反应过来 不兑 我还啥也不会也跟着玩…,0,隐含,中性,无,low
初三党,,comment,對vx 有些功能不太清楚 想請問一下這個提到了功能 是只有本人能看見被提到了 還是陌生人都能看到 還是共友之間能互相看到呀,0,隐含,中性,无,low
初三党,,comment,只有本人可以看到哦,0,隐含,中性,无,low
初三党,,comment,每人发个1都考上好高中,0,隐含,中性,无,low
初三党,,comment,1[抽泣R],0,隐含,中性,无,low
初三党,,comment,想在寒假复习，但写完作业就快开学了,0,隐含,中性,无,low
初三党,,comment,一中等我,0,隐含,中性,无,low
初三党,,comment,天呐 我也是 你追谁啊,0,隐含,中性,无,low
初三党,,comment,等等我好嘛,0,隐含,中性,无,low
初三党,,comment,普通二类学校，放好学校都排不上号,0,隐含,中性,无,low
初三党,,comment,你要求真严,0,隐含,中性,无,low
初三党,,comment,我家这个一只在放羊，估计大概就是放羊的,0,隐含,中性,无,low
初三党,,comment,我们班里的前几名除了语文，别的科目前三名几乎都是满分,0,隐含,中性,无,low
初三党,,comment,[扶额R]没法比，我们就是放羊的,0,隐含,中性,无,low
初三党,,comment,好学校都是这样，他们这成绩没法比,0,隐含,中性,无,low
初三党,,comment,不过我们才初一，不知道到了初三啥情况，真的是前几名那些小孩感觉每次分数夸张的厉害，几乎都不错,0,隐含,中性,无,low
初三党,,comment,基本上初三学的好的还是那些孩子，初二下只要不掉队，就不会有太大问题,0,隐含,中性,无,low
初三党,,comment,你们学校整体成绩好，排前两百应该都是不错的成绩吧,0,隐含,中性,无,low
初三党,,comment,应该不是快班吧，不过这成绩也很棒了,0,隐含,中性,无,low
初三党,,comment,初中是平行班，整体生源一般,0,隐含,中性,无,low
初三党,,comment,我娃要是年级第六就好了,0,隐含,中性,无,low
初三党,,comment,也补呢，上的线上网课,0,隐含,中性,无,low
初三党,,comment,你们学校成绩不咋行啊,0,隐含,中性,无,low
初三党,,comment,确实生源整体不怎么样,0,隐含,中性,无,low
初三党,,comment,同西安市初三，咋总分不一样，我们化学历史满分60，政治80,0,隐含,中性,无,low
初三党,,comment,我们是学校买的题，这几门都是100分,0,隐含,中性,无,low
初三党,,comment,要放好学校比干嘛呢 你们没有指标生吗,0,隐含,中性,无,low
初三党,,comment,回复随时问 考试都满分,0,隐含,中性,无,low
初三党,,comment,什么app,0,隐含,中性,无,low
初三党,,comment,随时问～我感觉比某帮的优点就是解析哪里不会可以问哪里 不要vip而且,0,隐含,中性,无,low
初三党,,comment,是数学吗,0,隐含,中性,无,low
初三党,,comment,各科都支持喔,0,隐含,中性,无,low
初三党,,comment,在哪里下载呀安卓软件商店没有,0,隐含,中性,无,low
初三党,,comment,什么型号啊,0,隐含,中性,无,low
初三党,,comment,死死的很凉心,0,隐含,中性,无,low
初三党,,comment,理科战神已经倒下了,0,隐含,中性,无,low
初三党,,comment,果断关注,0,隐含,中性,无,low
初三党,,comment,有用就好,0,隐含,中性,无,low
初三党,,comment,这个是吗,0,隐含,中性,无,low
初三党,,title,凌晨2点发现女儿偷刷题，我撕了她所有教辅,0,隐含,中性,无,low
初三党,,content,昨晚起夜时发现女儿被窝里透出微光，掀开一看是打着哈欠刷题的她，手边还有半包没吃完的饼干,0,隐含,中性,无,low
初三党,,content,宝贝啊，妈妈记得你三年级时还会因为多玩半小时秋千咯咯笑，现在怎么连睡觉都变成奢侈了,0,隐含,中性,无,low
初三党,,content,今早我煮了核桃粥，把撕掉的教辅一页页粘好,0,隐含,中性,无,low
初三党,,content,和女儿重新约定：十点半后书桌必须关灯，不会的题标出来，周末妈妈陪你一起攻破,0,隐含,中性,无,low
初三党,,content,你要记住，比起考上重高，我更想要个会撒娇、会赖床的鲜活女儿...#家长#教辅#孩子学习#辅导作业#自主学习#家长和孩子#作为家长的困扰#闺女也是人才啊,0,隐含,中性,无,low
初三党,,comment,哈哈哈哈,0,隐含,中性,无,low
初三党,,comment,666，逛个xhs都能看到我心肝,0,隐含,中性,无,low
初三党,,comment,算了这不重要,0,隐含,中性,无,low
初三党,,comment,单论这个帖子而言，也有点问题,0,隐含,中性,无,low
初三党,,comment,1.抢过习题本,0,隐含,中性,无,low
初三党,,comment,2.撕了所有教辅,0,隐含,中性,无,low
初三党,,comment,反应是不是有点大了，行为也有点偏激了,0,隐含,中性,无,low
初三党,,comment,可以这样说：怎么会有人梦游刷题啊,0,隐含,中性,无,low
初三党,,comment,孩子就会反驳说自己没梦游，可能会说作业没写完，或者还想学一会,0,隐含,中性,无,low
初三党,,comment,旁边有饼干，你可以顺便告诉她不要在床上吃东西，然后去给她做份宵夜吃，一小碗热腾腾的宵夜比饼干好多了,0,隐含,中性,无,low
初三党,,comment,这样就好了,0,隐含,中性,无,low
初三党,,comment,后面你说的周末辅导学习没问题，很好,0,隐含,中性,无,low
初三党,,comment,第一个帖子说自己在上初中,0,隐含,中性,无,low
初三党,,comment,因为是起号的呗,0,隐含,中性,无,low
初三党,,comment,你就宠她吧,0,隐含,中性,无,low
初三党,,comment,最温和的方法了,0,隐含,中性,无,low
初三党,,comment,别动真情，Ta想的流量现金，你想的帮Ta教育,0,隐含,中性,无,low
初三党,,comment,抖音号就叫你这名字,0,隐含,中性,无,low
初三党,,comment,下次起号换个高级点的方式,0,隐含,中性,无,low
初三党,,comment,10点半之后是认真的吗,0,隐含,中性,无,low
初三党,,comment,别说初三高三了，我小学六年级都学到10点半之后了好吗,0,隐含,中性,无,low
初三党,,comment,真的不至于吧，那种刷题的感觉还挺舒服的呀,0,隐含,中性,无,low
初三党,,comment,总是有那种莫名的爽感,0,隐含,中性,无,low
初三党,,comment,骗你的，其实上海六年级也算初中了,0,隐含,中性,无,low
初三党,,comment,妥妥的非连续性文本主题啊,0,隐含,中性,无,low
初三党,,comment,（讽刺性拉满）,0,隐含,中性,无,low
初三党,,comment,关键是大家都这么晚睡觉,0,隐含,中性,无,low
初三党,,comment,竞争真的很激烈,0,隐含,中性,无,low
初三党,,comment,而且我觉得你可以好好和他说没必要撕了教辅,0,隐含,中性,无,low
初三党,,comment,因为我们看到自己辛辛苦苦写的东西被撕掉以后（即使本意是好的）心里会很不是滋味,0,隐含,中性,无,low
初三党,,comment,不是，你的家长，我的家长怎么不一样,0,隐含,中性,无,low
初三党,,comment,不都是5月份考吗,0,隐含,中性,无,low
初三党,,comment,这周六上午,0,隐含,中性,无,low
初三党,,comment,满分撤离,0,隐含,中性,无,low
初三党,,comment,这个星期二考完,0,隐含,中性,无,low
初三党,,comment,今天刚考完 已满,0,隐含,中性,无,low
初三党,,comment,还没考，下周一考,0,隐含,中性,无,low
初三党,,comment,明天考 等我好消息,0,隐含,中性,无,low
初三党,,comment,千万不要喝任何功能性饮料,0,隐含,中性,无,low
初三党,,comment,我初三体考800米就是喝了结果一直呼吸不上来,0,隐含,中性,无,low
初三党,,comment,对我也感觉，喝了那个不是反而容易口渴,0,隐含,中性,无,low
初三党,,comment,我刷晚了，，七点考完回来，现在嗓子还疼,0,隐含,中性,无,low
初三党,,comment,那那个什么宝矿力可以喝吗,0,隐含,中性,无,low
初三党,,comment,还有尖叫这种运动电解质饮料，听他们说好像喝了体力会可以恢复一点,0,隐含,中性,无,low
初三党,,comment,如果想喝可以喝葡萄糖加水1：5少喝200的300毫升赛前半个小时一定要慢慢喝,0,隐含,中性,无,low
初三党,,comment,没事的宝宝，尽力就好,0,隐含,中性,无,low
初三党,,comment,一定不要什么都喝一点,0,隐含,中性,无,low
初三党,,comment,但是我们体育老师让我们喝红牛兑水，一进学校就和可以吗,0,隐含,中性,无,low
初三党,,comment,先喝半瓶，然后再兑水喝,0,隐含,中性,无,low
初三党,,comment,我们老师说包拉肚子的,0,隐含,中性,无,low
初三党,,comment,我没拉肚子,0,隐含,中性,无,low
初三党,,comment,不是应该全部兑水然后隔一段时间喝吗 那你这个方法兑多少水 兑完一次性喝完还是怎么样,0,隐含,中性,无,low
初三党,,comment,其实葡萄糖的话还是可以喝的，或者弄些运动电解质粉,0,隐含,中性,无,low
初三党,,comment,葡萄糖呢,0,隐含,中性,无,low
初三党,,comment,但葡萄糖记得兑水喝，这个齁甜,0,隐含,中性,无,low
初三党,,comment,红牛让你半个小时到一个小时之前喝，没让你要跑的时候喝,0,隐含,中性,无,low
初三党,,comment,我去，我46,0,隐含,中性,无,low
初三党,,comment,明天下午考祝我满分,0,隐含,中性,无,low
初三党,,comment,好好看,0,隐含,中性,无,low
初三党,,comment,啊啊啊啊真的好漂亮,0,隐含,中性,无,low
初三党,,comment,在抖音经常刷到 好想问问宝宝平时怎么护肤的皮肤看起来好好,0,隐含,中性,无,low
初三党,,comment,我也想问,0,隐含,中性,无,low
初三党,,comment,宝宝一般不护肤,0,隐含,中性,无,low
初三党,,comment,这个年纪的孩子都不需要护肤感觉皮肤也很好,0,隐含,中性,无,low
初三党,,comment,她抖音叫什么呀,0,隐含,中性,无,low
初三党,,comment,这种包天生的,0,隐含,中性,无,low
初三党,,comment,主播护肤只用郁美净,0,隐含,中性,无,low
初三党,,comment,应该也用洗面奶吧,0,隐含,中性,无,low
初三党,,comment,肯定用啊,0,隐含,中性,无,low
初三党,,comment,那不也是护肤品,0,隐含,中性,无,low
初三党,,comment,你不用?,0,隐含,中性,无,low
初三党,,comment,说实话，考完还有点戒断反应，还挺怀念以前锻炼的,0,隐含,中性,无,low
初三党,,comment,会怀念，真的，我今天刚考完，就开始有点怀念了,0,隐含,中性,无,low
初三党,,comment,好吧 我撤回 我昨天刚考完 我有那么一丝丝怀念,0,隐含,中性,无,low
初三党,,comment,认同 考完感觉像一场梦,0,隐含,中性,无,low
初三党,,comment,我们那届800取消了,0,隐含,中性,无,low
初三党,,comment,因为疫情是吗,0,隐含,中性,无,low
初三党,,comment,是的啊当时还练了很久的800，每天下午跑七圈,0,隐含,中性,无,low
初三党,,comment,这个是真惨,0,隐含,中性,无,low
初三党,,comment,下周二考,0,隐含,中性,无,low
初三党,,comment,我也考完啦 800跑了3分24（还是发着烧跑的）,0,隐含,中性,无,low
初三党,,comment,好漂亮 可以交个朋友吗,0,隐含,中性,无,low
初三党,,comment,宝宝你看她主页,0,隐含,中性,无,low
初三党,,content,事先说明，我也是学生，以上内容有所不周全的有误的在此致歉,0,隐含,中性,无,low
初三党,,content,1 老师人比较好的情况下，可以和想提升的科目的老师处好关系，课外以朋友的身份去面对彼此，不知道为什么，反正学起来会更舒服,0,隐含,中性,无,low
初三党,,content,2 硬背知识点实在记不住，就先看题，把每道题的分析和知识点都看一下，一点一点细扣，慢慢的就会发现知识点都记住了 3 做要深入思考的题不要听音乐,0,隐含,中性,无,low
初三党,,content,保持周围的安静防止思路被打断,0,隐含,中性,无,low
初三党,,content,你会发现做题效率高很多的,0,隐含,中性,无,low
初三党,,content,5 一定要保住睡眠时间,0,隐含,中性,无,low
初三党,,comment,我上上周开始去图书馆了，可是完全静不下心学习，我觉得听音乐会放松一些，为此专门买了耳机想着在图书馆的时候听音乐，不听音乐要更好一些吗,0,隐含,中性,无,low
初三党,,comment,而且老是抱有侥幸心理，想着再玩一小会儿没事的我要对自己负责,0,隐含,中性,无,low
初三党,,comment,每个人情况不一样，可以多做一些尝试啦~,0,隐含,中性,无,low
初三党,,comment,博主说的特别对 我觉得可以把歌单换成纯音乐或者是英文的安静的音乐 慢慢的过渡到不听啦 毕竟考试不能放音乐嘛 我之前也是这样…音乐重度依赖,0,隐含,中性,无,low
初三党,,comment,在黄庄半 托管经验来看啊，针对提升不上去的小孩安排好时间周六一天高效就够用 第一：看整体的教学模式,0,隐含,中性,无,low
初三党,,comment,每次有没有提前准备相应的讲义教案，没有没有专门的针对性，如果还是就题讲题没有规划和拓展延伸看看学的做的挺多，实际没有作用,0,隐含,中性,无,low
初三党,,comment,在网上没有人会因为你的倾诉而攻击你，至少在这篇笔记里不会,0,隐含,中性,无,low
初三党,,comment,有困难一定要说出来，这样才能更好的解决,0,隐含,中性,无,low
初三党,,comment,我决定以后一定要控制住自己啊 但是说实话 我真的觉得在手机上和别人聊天是个很好的方法 我指的是同学 还有一个我们都是初三的小群 但是有时候聊上瘾了 就会莫名其妙的打开各种小红书 所以说我和同学聊天这个也要戒掉吗,0,隐含,中性,无,low
初三党,,title,送给初三中下等的我自己,0,隐含,中性,无,low
初三党,,comment,同初三 这个我初一的时候也经常思考 等你再长大点就知道了,0,隐含,中性,无,low
初三党,,comment,我现在完全不管这个了纯浪费脑子空间和精力,0,隐含,中性,无,low
初三党,,comment,一样，只管向前,0,隐含,中性,无,low
初三党,,comment,特别有共鸣，我现在就是这样,0,隐含,中性,无,low
初三党,,comment,本人也中下,0,隐含,中性,无,low
初三党,,comment,初三就该为自己而活，你一定可以考上自己理想高中的,0,隐含,中性,无,low
初三党,,title,初三牲plog,0,隐含,中性,无,low
初三党,,content,#成毅#莲花楼#沉香如屑#学习#体考#初三#plog#忧郁,0,隐含,中性,无,low
初三党,,title,学习日常,0,隐含,中性,无,low
初三党,,content,这段拍得好有氛围,0,隐含,中性,无,low
初三党,,content,#初三六一儿童节,0,隐含,中性,无,low
初三党,,title,初中历史材料题满分技巧初三党直抄作业💯,0,隐含,中性,无,low
初三党,,content,初三历史党速码,0,隐含,中性,无,low
初三党,,content,历史材料题总丢分,0,隐含,中性,无,low
初三党,,content,这份《初中历史材料题解题方法与技巧》直接封神,0,隐含,中性,无,low
初三党,,content,✅6步解题法+4大核心题型拆解+25个典型范例（覆盖中外史考点）+5个高分技巧，从答题思路到满分答案全给你讲透,0,隐含,中性,无,low
初三党,,comment,初中历史材料题解题技巧 得笔记同款资料,0,隐含,中性,无,low
初三党,,title,拼好Vlog🤦‍♀️🆘,0,隐含,中性,无,low
初三党,,content,#初三生 死拼出来的嘿嘿 #我想要告诉全世界,0,隐含,中性,无,low
初三党,,title,学不s就往s里学,0,隐含,中性,无,low
初三党,,comment,啊啊啊啊,0,隐含,中性,无,low
初三党,,comment,理想高中都是：青中,0,隐含,中性,无,low
初三党,,comment,这么巧呀,0,隐含,中性,无,low
初三党,,comment,你好棒啊啊啊,0,隐含,中性,无,low
初三党,,comment,你也是哟,0,隐含,中性,无,low
初三党,,comment,礼貌问一下 青中是指浙江的青田中学吗,0,隐含,中性,无,low
初三党,,comment,好优秀诶,0,隐含,中性,无,low
初三党,,comment,作者学习方法是啥啊,0,隐含,中性,无,low
初三党,,comment,你可以的,0,隐含,中性,无,low
初三党,,comment,有什么学习方法吗,0,隐含,中性,无,low
高三党,,title,你以为的高三学生vs实际上的高三学生,0,隐含,中性,无,low
高三党,,comment,高三生刷到了，猜为什么用刷,0,隐含,中性,无,low
高三党,,comment,哈哈哈哈哈我也,0,隐含,中性,无,low
高三党,,comment,比平时多考100分，接,0,隐含,中性,无,low
高三党,,comment,语文要收卷了吧祝你成功,0,隐含,中性,无,low
高三党,,comment,但是自我感觉还是良好的，心态,0,隐含,中性,无,low
高三党,,comment,考到哪啦现在,0,隐含,中性,无,low
高三党,,comment,你会成功的,0,隐含,中性,无,low
高三党,,comment,她能考上吗,0,隐含,中性,无,low
高三党,,comment,只有放松才可能考上,0,隐含,中性,无,low
高三党,,comment,今天是最后一天上学 中午广播站特别激昂 又是送别曲又是祝福语 而我们高三生在教室吃着麻辣烫喝着奶茶说“这麻辣烫有点辣”,0,隐含,中性,无,low
高三党,,comment,我还以为就我这样,0,隐含,中性,无,low
高三党,,comment,不要问我为什么知道,0,隐含,中性,无,low
高三党,,comment,你猜我为什么会刷到这个,0,隐含,中性,无,low
高三党,,comment,没事，初三也这样……,0,隐含,中性,无,low
高三党,,title,有一个我死在高三最后100天,0,隐含,中性,无,low
高三党,,content,试卷还是那些试卷，红叉还是那些红叉,0,隐含,中性,无,low
高三党,,content,明天太阳照常升起，课程依旧推演， 而我照常坐在教室里，假装自己是一块等待被打磨的玉,0,隐含,中性,无,low
高三党,,content,可如果磨到最后，发现里面什么也没有呢,0,隐含,中性,无,low
高三党,,comment,蘸取自己的血写就高中三年的最后一舞,0,隐含,中性,无,low
高三党,,comment,说的好棒[抽泣R],0,隐含,中性,无,low
高三党,,comment,上课的时候我会向外看窗子，看窗子里的春和景明，我想也许这100天结束了之后，我就可以飞出这个间教室,0,隐含,中性,无,low
高三党,,comment,我们会在自由和远方里找到自己，再次认识自己,0,隐含,中性,无,low
高三党,,comment,老大你在长沙,0,隐含,中性,无,low
高三党,,comment,老大我会去找你玩的,0,隐含,中性,无,low
高三党,,comment,俺网上认识的好朋友，在河北，真的和你说的那种模式一样恐怖，俺好心疼，不过没事她今年考完就可以解放啦,0,隐含,中性,无,low
高三党,,comment,从小到大听的最多的一句话就是“你坐着等死吧”即便我什么都没干，或者是干了什么，都常常被用这句话指责,0,隐含,中性,无,low
高三党,,comment,实际上，不管我是站着还是坐着，我的生命都会流逝，总有一天我的死期会到的,0,隐含,中性,无,low
高三党,,comment,我的意思是，不管我是积极的面对生活，还是日复一日的机械生活，总有一天我都会死的，不会因为我的积极阳光，生命就延长，也不会因我的淡漠，寿命随之缩短,0,隐含,中性,无,low
高三党,,comment,这个表情包挺贴和的,0,隐含,中性,无,low
高三党,,comment,因为我们拼过,0,隐含,中性,无,low
高三党,,comment,今年六月见,0,隐含,中性,无,low
高三党,,comment,你亲手创造了你的人生和可能性 你的学习生活里所有的正确都是你争取过来的 那些其余的真的只是还没有争取到而已,0,隐含,中性,无,low
高三党,,comment,🖤 呵呵，最终的归宿,0,隐含,中性,无,low
高三党,,comment,笔是自己审判自己的工具,0,隐含,中性,无,low
高三党,,comment,祝你六月有好消息 相信自己,0,隐含,中性,无,low
高三党,,comment,神一般的构思令人胆战心惊,0,隐含,中性,无,low
高三党,,title,高三对我很重要的两样,0,隐含,中性,无,low
高三党,,content,我的解法：涂润唇膏之法 原因解释：这样嘴巴会变得很黏腻，自己就下不去手了，因为手沾了油类物质得擦、得洗，有时候就算实在忍不住还是会撕，但涂了之后撕嘴皮频率低了很多，注意力能放在书本上了,0,隐含,中性,无,low
高三党,,content,我的解法：美妙木梳解压之法 原因解释：用手抠头皮坏处很多，手上有细菌，有时候头皮甚至会长红肿的痘痘，而且头发也会额外的掉更多,0,隐含,中性,无,low
高三党,,content,用木梳代替手，如果想扣脂肪粒或者头皮发痒了就用木梳梳几下，好处和舒服就不用多说了吧,0,隐含,中性,无,low
高三党,,content,其实在读高三的时候就想分享出来，这两样东西也真是我高三时期的大功臣,0,隐含,中性,无,low
高三党,,content,晚安💤 #高三#大一#好物推荐,0,隐含,中性,无,low
高三党,,comment,我每次考试之前也会涂，有时候撕嘴皮真的会撕个没完，影响考试,0,隐含,中性,无,low
高三党,,comment,这样肯定会掉的更严重实在想扣的话可以用那种梳齿粗一点的梳子（比如木梳）代替，这样会好很多,0,隐含,中性,无,low
高三党,,comment,我先看看能不能管住自己的手,0,隐含,中性,无,low
高三党,,comment,梳子还要洗吗[呃R],0,隐含,中性,无,low
高三党,,content,求高三生放学回家解压小妙招 学校是单休，平时回家没手机，作业非常多所以需要一些不费时间的解压方式 （传男不传女，传女不传男的那个补药,0,隐含,中性,无,low
高三党,,content,） #高三#高三解压活动#这对我真的很重要,0,隐含,中性,无,low
高三党,,comment,诶我觉得这个有点意思哎,0,隐含,中性,无,low
高三党,,comment,不过有些手工看天赋，比如我玩的钩织，我觉得不难但我上个月教我妹两个小时她还没学会起针,0,隐含,中性,无,low
高三党,,comment,我勒个豆啊,0,隐含,中性,无,low
高三党,,comment,魔方，买个好点的，光听声就解压,0,隐含,中性,无,low
高三党,,comment,哎呦，刚准备看看吧，没想到是你呀,0,隐含,中性,无,low
高三党,,comment,哈哈哈哈哈哈哈哈哈哈哈哈哈哈哈哈哈哈哈哈哈哈哈哈哈哈哈哈哈哈哈哈哈哈哈哈哈哈哈哈哈哈哈哈哈哈哈哈哈哈哈哈哈哈哈哈哈哈哈哈哈哈哈哈哈哈哈哈哈哈哈哈哈哈哈哈哈哈哈哈哈哈哈哈哈哈哈哈哈哈哈哈哈哈哈哈哈哈哈哈哈哈哈哈哈哈哈哈哈哈哈哈哈哈哈哈哈哈哈哈哈哈哈哈哈哈哈哈,0,隐含,中性,无,low
高三党,,comment,吃宵夜，早点洗澡睡觉特别舒服,0,隐含,中性,无,low
高三党,,comment,能听歌吗,0,隐含,中性,无,low
高三党,,title,那些我以为会糊的照片 结果大爆…,0,隐含,中性,无,low
高三党,,comment,我将贷款起诉女娲,0,隐含,中性,无,low
高三党,,comment,有额度吗你就起诉,0,隐含,中性,无,low
高三党,,comment,🥚,0,隐含,中性,无,low
高三党,,comment,好漂亮,0,隐含,中性,无,low
高三党,,comment,有房产给你抵押贷款吗,0,隐含,中性,无,low
高三党,,comment,赌上我所有的肥肉的起诉,0,隐含,中性,无,low
高三党,,comment,有渠道吗亲亲,0,隐含,中性,无,low
高三党,,comment,随五百……,0,隐含,中性,无,low
高三党,,comment,你有额度吗就起诉,0,隐含,中性,无,low
高三党,,comment,加我一个,0,隐含,中性,无,low
高三党,,comment,智齿,0,隐含,中性,无,low
高三党,,comment,我陪十斤,0,隐含,中性,无,low
高三党,,comment,我将在还款时潜逃🥠,0,隐含,中性,无,low
高三党,,comment,众筹吧，名字后面能加个我吗,0,隐含,中性,无,low
高三党,,comment,我五院民商本硕，我也起诉,0,隐含,中性,无,low
高三党,,comment,总有一些话创死你…,0,隐含,中性,无,low
高三党,,comment,我添点钱咱俩一块起诉吧，省点是点,0,隐含,中性,无,low
高三党,,comment,为什么为什么为什么这么好看,0,隐含,中性,无,low
高三党,,comment,来，女娲，我们谈谈,0,隐含,中性,无,low
高三党,,comment,就是，凭啥人家抓拍都像全妆,0,隐含,中性,无,low
高三党,,comment,我是女的,0,隐含,中性,无,low
高三党,,comment,角色——绝了,0,隐含,中性,无,low
高三党,,comment,我是一头牛,0,隐含,中性,无,low
高三党,,comment,没有看到吗,0,隐含,中性,无,low
高三党,,comment,我高三的时候关注团子的 现在大二了 时间真快,0,隐含,中性,无,low
高三党,,comment,我本来打算长这样的,0,隐含,中性,无,low
高三党,,comment,有点像姜海粼,0,隐含,中性,无,low
高三党,,title,从集训前开始的文化课学习攻略·第一期,0,隐含,中性,无,low
高三党,,content,正文请右划见图片,0,隐含,中性,无,low
高三党,,comment,英语教程第一期已经发出来了,0,隐含,中性,无,low
高三党,,comment,大家可以来我主页看看,0,隐含,中性,无,low
高三党,,comment,我们没有特长班我数学班前三，英语班倒三,0,隐含,中性,无,low
高三党,,comment,好多人学俄语,0,隐含,中性,无,low
高三党,,comment,你想好了，那就好,0,隐含,中性,无,low
高三党,,comment,大家还有任何问题都可以问我,0,隐含,中性,无,low
高三党,,comment,🥰我集训前文化课就在500以上，有些分数比我低的同学遇到的问题我可能自己意识不到，所以欢迎大家来问,0,隐含,中性,无,low
高三党,,comment,我会用心解答滴,0,隐含,中性,无,low
高三党,,comment,老师也反复跟我说过暑假一定要去画室集训，但家里已经确定不可能了，而我自己在家画比在学校画效率低很多，想知道有什么办法可以自救,0,隐含,中性,无,low
高三党,,comment,目前美术成绩一直在230左右浮动，达不到我想要的分数，文化也不理想（但联考在即所以优先搞美术）,0,隐含,中性,无,low
高三党,,comment,哎其实感觉没钱集训真的没啥办法 重点家里还不支持 …个人考生好像都没几个,0,隐含,中性,无,low
高三党,,comment,会出教程滴,0,隐含,中性,无,low
高三党,,comment,终于有看到美术生的了,0,隐含,中性,无,low
高三党,,comment,多注意每个时期的特征,0,隐含,中性,无,low
高三党,,comment,然后要多刷选择题提高正确率 读题干的时候把出题人当心机最深的人来揣测,0,隐含,中性,无,low
高三党,,title,在高三女儿床下发现这个，心态崩了...,0,隐含,中性,无,low
高三党,,comment,起号的[呃R],0,隐含,中性,无,low
高三党,,comment,起号起的太明显,0,隐含,中性,无,low
高三党,,comment,应该是痛经痛的严重了吧,0,隐含,中性,无,low
高三党,,comment,中国的中学生的学习过程，就是人间炼狱,0,隐含,中性,无,low
高三党,,comment,卖痛经药的,0,隐含,中性,无,low
高三党,,comment,不识字吗 不是写了痛经,0,隐含,中性,无,low
高三党,,comment,痛个经都能崩心态，好搞笑,0,隐含,中性,无,low
高三党,,comment,不认识字吗,0,隐含,中性,无,low
高三党,,title,高三那年11月我有多拼命,0,隐含,中性,无,low
高三党,,content,我的拼命程度，你很难想象 每天基本都是12点睡，5点起，刷一堆卷子，记单词，每天记150个以上,0,隐含,中性,无,low
高三党,,content,上厕所、吃饭、跑操，几乎所有的时间都在学习,0,隐含,中性,无,low
高三党,,content,这么说并不是让你们也悠哉，我还是觉得“高强度学习”是学习的关键,0,隐含,中性,无,low
高三党,,content,从周一到周六，我按计划学习，而别人可能会觉得难以坚持,0,隐含,中性,无,low
高三党,,content,因为我知道，周日可以彻底放松一天,0,隐含,中性,无,low
高三党,,content,我开始不再自责错过老师讲的重点，也不太在意偶尔一两次考试成绩滑落,0,隐含,中性,无,low
高三党,,content,因为我知道，间歇性的放纵是为了更好地持续前行,0,隐含,中性,无,low
高三党,,comment,抓几个成绩不好的小宝 我亲自带,0,隐含,中性,无,low
高三党,,comment,根本就学不进去,0,隐含,中性,无,low
高三党,,comment,甚至连初三的状态的百分之50都没有,0,隐含,中性,无,low
高三党,,content,一回家就报复性玩手机报复性吃东西,0,隐含,中性,无,low
高三党,,content,我真的没招了,0,隐含,中性,无,low
高三党,,content,#高中生活#当代高中生现状#高中生心理状态#返校季#高中生的精神状况,0,隐含,中性,无,low
高三党,,comment,想知道你们都多久缓解一次,0,隐含,中性,无,low
高三党,,comment,我上大学了，两三天一次，高中一般半个月两次,0,隐含,中性,无,low
高三党,,comment,一周吧，现在两个月一次,0,隐含,中性,无,low
高三党,,comment,你多大啊,0,隐含,中性,无,low
高三党,,comment,2天一次,0,隐含,中性,无,low
高三党,,comment,一周两次,0,隐含,中性,无,low
高三党,,comment,现在为什么这么久一次,0,隐含,中性,无,low
高三党,,comment,一天两三次吧,0,隐含,中性,无,low
高三党,,comment,估计是高中老师,0,隐含,中性,无,low
高三党,,comment,看情况，之前天天,0,隐含,中性,无,low
高三党,,comment,我是男生,0,隐含,中性,无,low
高三党,,comment,我两天一次,0,隐含,中性,无,low
高三党,,comment,上学没时间弄,0,隐含,中性,无,low
高三党,,comment,回复 我记得好像是,0,隐含,中性,无,low
高三党,,comment,: 为什么不能玩啊，是因为会耽误时间吗,0,隐含,中性,无,low
高三党,,comment,可能我思想老旧，感觉16岁玩那个是不是有点早,0,隐含,中性,无,low
高三党,,comment,肯定不是啊，人家说的成人玩具,0,隐含,中性,无,low
高三党,,comment,: 我要 20 了,0,隐含,中性,无,low
高三党,,comment,怎么缓解,0,隐含,中性,无,low
高三党,,comment,看小说看小说，猛得看小说,0,隐含,中性,无,low
高三党,,comment,什么小说，是不是那种,0,隐含,中性,无,low
高三党,,comment,用八级甲,0,隐含,中性,无,low
高三党,,comment,你喝多了,0,隐含,中性,无,low
高三党,,comment,这个能释放嘛,0,隐含,中性,无,low
高三党,,comment,请假 或者带点小东西小零食哄自己上学 下课睡觉 晚自习写日记,0,隐含,中性,无,low
高三党,,comment,这个效果不大,0,隐含,中性,无,low
高三党,,title,我的高三,0,隐含,中性,无,low
高三党,,title,普高现状,0,隐含,中性,无,low
高三党,,content,[投票]#,0,隐含,中性,无,low
高三党,,comment,我们学校本科率95％,0,隐含,中性,无,low
高三党,,comment,哪个学校这么牛,0,隐含,中性,无,low
高三党,,comment,衡水的（不是衡中）,0,隐含,中性,无,low
高三党,,comment,天津一中一本率都99%了,0,隐含,中性,无,low
高三党,,comment,姐妹，我一直怀疑这个数据是假的啊，我们学校也是，但我考出来就那样啊,0,隐含,中性,无,low
高三党,,comment,上本科线95%吧,0,隐含,中性,无,low
高三党,,comment,我们重本率92,0,隐含,中性,无,low
高三党,,comment,我们一本率98％,0,隐含,中性,无,low
高三党,,comment,纪律没这么好,0,隐含,中性,无,low
高三党,,comment,假的吧，长沙一个真的很普通的普高（｀Δ´）,0,隐含,中性,无,low
高三党,,comment,，本科率基本上都有90%多，不是四大五小，有些学校也可以出，几百个600分钟,0,隐含,中性,无,low
高三党,,comment,我们学校本科率80%多,0,隐含,中性,无,low
高三党,,comment,普高 本科率85,0,隐含,中性,无,low
高三党,,comment,这投票搞笑呢,0,隐含,中性,无,low
高三党,,comment,又不是所有人都是重点高中的水平那普高不要上的话是打算上中专还是技校,0,隐含,中性,无,low
高三党,,comment,不是瞧不起中专技校 因为我就是中专毕业的，只是说事实如此哈 氛围就那样还是说都有钞能力能进更好的,0,隐含,中性,无,low
高三党,,comment,多少有点小众了吧还普高上不上呢，你看到最后卡在普高分数线上下徘徊的时候你要不要上普高,0,隐含,中性,无,low
高三党,,title,翻相册就是一本高三回忆录,0,隐含,中性,无,low
高三党,,content,终于登上这个号了 这是今年五月还在血拼地理的时候…#高中生活#高三牲的精神状态#高中生日常#看看高中时的我们,0,隐含,中性,无,low
高三党,,comment,算不算前排,0,隐含,中性,无,low
高三党,,comment,好美宝宝啊啊啊,0,隐含,中性,无,low
高三党,,title,5个世界著名学习法：高三党必备工具,0,隐含,中性,无,low
高三党,,content,你是否在高三复习时感到效率低下、学了就忘,0,隐含,中性,无,low
高三党,,content,其实，方法不对才是最大的问题,0,隐含,中性,无,low
高三党,,content,今天，我们为你整理了5种在全球范围内广受认可的高效学习法，帮助你在知识时代中脱颖而出,0,隐含,中性,无,low
高三党,,content,无论你是学生、职场人士还是终身学习者，都能从中找到适合自己的方法,0,隐含,中性,无,low
高三党,,content,1️⃣ 费曼学习法 由诺贝尔物理学奖得主费曼提出，这种方法的核心是“教会别人”,0,隐含,中性,无,low
高三党,,content,将所学用自己的语言讲出来，才能真正理解,0,隐含,中性,无,low
高三党,,content,费曼强调：知识分为两类，一类是知道事物的名称，另一类是理解事物的本质,0,隐含,中性,无,low
高三党,,content,而真正的学习，就是理解,0,隐含,中性,无,low
高三党,,content,2️⃣ 西蒙学习法 诺奖得主西蒙强调“理解比死记硬背更重要”,0,隐含,中性,无,low
高三党,,content,这种方法鼓励将复杂知识拆解为小块，通过提问、讨论、总结来加深理解,0,隐含,中性,无,low
高三党,,content,在实际应用中再反复练习，才能让知识真正内化，成为自己的认知工具,0,隐含,中性,无,low
高三党,,content,3️⃣ SQ3R读书法 这是一个科学系统的阅读方法，由5步组成：Survey（预览）、Question（提问）、Read（阅读）、Recite（复述）、Review（复习）,0,隐含,中性,无,low
高三党,,content,通过有结构、有目标的阅读，不仅提升阅读效率，还能极大提高信息的留存率,0,隐含,中性,无,low
高三党,,content,4️⃣ 番茄学习法 简单而实用的时间管理工具,0,隐含,中性,无,low
高三党,,content,每学习25分钟就休息5分钟，每4个“番茄钟”后休息更久,0,隐含,中性,无,low
高三党,,content,这种节奏能帮助你保持专注、缓解疲劳，避免“脑过载”，非常适合长时间学习或工作的人,0,隐含,中性,无,low
高三党,,content,5️⃣ 康奈尔笔记法 一种结构清晰、帮助理解与复习的笔记方式,0,隐含,中性,无,low
高三党,,content,将纸面分为三个区域：主讲笔记区、提问区和总结区,0,隐含,中性,无,low
高三党,,content,通过在听课或阅读时记录重点、提出问题、总结归纳，能让你形成更深层的理解，并在日后复习时事半功倍,0,隐含,中性,无,low
高三党,,content,学习从来不是一件“靠毅力就能完成”的事，而是要找到适合自己的方法,0,隐含,中性,无,low
高三党,,content,在信息爆炸的时代，掌握这些世界著名的学习法，不仅让你事半功倍，更能帮助你在终身成长的道路上走得更远,0,隐含,中性,无,low
高三党,,content,你最想尝试或正在使用哪种学习法,0,隐含,中性,无,low
高三党,,content,欢迎评论区分享心得，一起进步,0,隐含,中性,无,low
高三党,,title,北京暑期全托集训营🔥高三党弯道超车攻略,0,隐含,中性,无,low
高三党,,comment,你们班的英语学霸，或者你的英语老师也行,0,隐含,中性,无,low
高三党,,comment,就是一个星期都只做一个专题之类的,0,隐含,中性,无,low
高三党,,comment,那英语还是有上升空间的，语文已经可以了,0,隐含,中性,无,low
高三党,,comment,做真题，把同个知识点的题总结到一起，我用这个方法从50几到90几，不过可能更适用高三下学期,0,隐含,中性,无,low
高三党,,comment,专题练，或者跟学校里老师的节奏（老师讲到哪里练哪里）,0,隐含,中性,无,low
高三党,,comment,先找自己不会什么，明确列下来，然后一个一个处理,0,隐含,中性,无,low
高三党,,comment,数学做题的时候及时提炼总结逻辑，稍微难一点的题目就是逻辑性强一些，我发了几个讲解题目逻辑的视频，可以关注一下，也可以加小红书群，每次更新视频都会在群里通知,0,隐含,中性,无,low
高三党,,comment,这是什么字体[呃R],0,隐含,中性,无,low
高三党,,comment,背东西的时候骗大脑在写就行，不用在意写成什么样画圈圈都可以,0,隐含,中性,无,low
高三党,,title,高三根本不是人上的,0,隐含,中性,无,low
高三党,,comment,每天保持⬇️,0,隐含,中性,无,low
高三党,,comment,学医根本不是人学的,0,隐含,中性,无,low
高三党,,title,06国际女高疯狂刷题日常,0,隐含,中性,无,low
高三党,,title,择校tips🙌🏻,0,隐含,中性,无,low
高三党,,content,高三开学真的太忙碌啦，每天都在疯狂做题 最近有学弟学妹来咨询我问国际学校读书体验,0,隐含,中性,无,low
高三党,,content,如何选择适合自己的学校,0,隐含,中性,无,low
高三党,,content,想读国际学校不知道自己适合不适合,0,隐含,中性,无,low
高三党,,content,这里我挖到了一个择校小cx，想读国际学校的宝宝们可以看过来 1、 覆盖了全国各地的国际学校，还能按照地区、学费（10-30W/年)、户籍来筛选学校，每所学校都有招生简章、学校动态、招生流程等信息 2、 另外还能添加心仪的学校进行对比，可以明确看得学校招生要求、师资、学校优势等，进行一个对比，帮助你更快选择适合自己的院校🏫 3、 还有对于国际学校相关的课程不了解的，比如什么是Alevel/IB/AP课程，这里收录了上千篇的文章，帮助大家解答各种疑问🫡🫡 4、 另外大家最好奇的学校招生流程，一些学校信息也很明确的写了国际学校的招生、升学的流程和时间,0,隐含,中性,无,low
高三党,,content,有问题可以在底下问我，看到会回复哒~🫶🏻#国际高中生#学习日常#国际生择校#国际生选校#女高中生的日常,0,隐含,中性,无,low
高三党,,comment,想了解一下,0,隐含,中性,无,low
高三党,,comment,wechat上搜学为贵国际择校,0,隐含,中性,无,low
高三党,,comment,能推推嘛,0,隐含,中性,无,low
高三党,,comment,推荐一下,0,隐含,中性,无,low
高三党,,comment,bur姐姐你是交大的我也是耶✌️,0,隐含,中性,无,low
高三党,,comment,宝宝穿的什么鞋,0,隐含,中性,无,low
高三党,,comment,感觉很稳当,0,隐含,中性,无,low
高三党,,comment,哈哈好家伙学妹,0,隐含,中性,无,low
高三党,,comment,我嘞个同校学姐,0,隐含,中性,无,low
高三党,,comment,我就说我刷到不是没有原因的,0,隐含,中性,无,low
高三党,,comment,你小号我也是秒刷到啊兄弟,0,隐含,中性,无,low
高三党,,comment,本来想问上衣连接的结果发现是校服,0,隐含,中性,无,low
高三党,,comment,姐姐你包包在实体店花了多少钱呀,0,隐含,中性,无,low
复读生,,content,学神不得不在他快死的时候投喂一点吃的给他,0,隐含,中性,无,low
复读生,,content,后来校霸摆脱了经济危机，但并没有吭声，自习依旧趴在桌子上装死,0,隐含,中性,无,low
复读生,,content,……于是，等学神意识到的时候，已经养了同桌小半年,0,隐含,中性,无,low
复读生,,content,简子星：……吃我的给我吐出来,0,隐含,中性,无,low
复读生,,content,但他carry不动，校霸是一个会在作文纸上画画的妙人,0,隐含,中性,无,low
复读生,,content,怎么回事,0,隐含,中性,无,low
复读生,,content,“ 仲辰打哈欠：“题太简单,0,隐含,中性,无,low
复读生,,content,“ 简子星胳膊肘顶在他胸前：“再说一次,0,隐含,中性,无,low
复读生,,comment,cp名是什么,0,隐含,中性,无,low
复读生,,title,复读生必看,0,隐含,中性,无,low
复读生,,title,3招走出“自我怀疑怪圈”,0,隐含,中性,无,low
复读生,,content,【复读生必看,0,隐含,中性,无,low
复读生,,content,” 2. 给情绪设个“定时开关” 复读班有个现象：越敏感的学生越容易内耗,0,隐含,中性,无,low
复读生,,content,” • 写完定个5分钟闹钟，时间一到立刻合上本子，心里默念：“情绪收队，解题优先,0,隐含,中性,无,low
复读生,,content,” 小王用了这招后，晚自习效率提高了近40%,0,隐含,中性,无,low
复读生,,content,最后想对复读生说： 你们不是在“重复失败”，而是在“修正路线”,0,隐含,中性,无,low
复读生,,title,复读生时间线，有什么不同,0,隐含,中性,无,low
复读生,,content,我发现，复读生和应届生的时间线，真的不一样,0,隐含,中性,无,low
复读生,,content,复读报名：别拖到8月后 很多省份复读报名和应届生是同一通道，但档案状态要自己盯,0,隐含,中性,无,low
复读生,,content,有的学校7月底就截止“往届生社会报名点”登记，错过就得跑教育局排队,0,隐含,中性,无,low
复读生,,content,建议6月出分后立刻决定是否复读，7月中旬前搞定报名资格,0,隐含,中性,无,low
复读生,,content,档案处理：这个坑每年都有人踩 你的档案不在学校了,0,隐含,中性,无,low
复读生,,content,千万别自己拆封,0,隐含,中性,无,low
复读生,,content,有个复读生把档案袋撕了，重新补了两个月,0,隐含,中性,无,low
复读生,,content,正确做法：联系原高中或当地教育考试院，走“档案托管”流程，一般9月前能转到复读学校或社会报名点,0,隐含,中性,无,low
复读生,,content,建议8月做一次模拟考，找出退步科目，9-10月专项突破,0,隐含,中性,无,low
复读生,,content,校考：去年考过的院校，今年报名时间可能提前或推后,0,隐含,中性,无,low
复读生,,content,别信经验,0,隐含,中性,无,low
复读生,,content,漏掉体检=无法参加文化课考试,0,隐含,中性,无,low
复读生,,content,有个妈妈跟我说，孩子复读那年按这个节奏走，“每天打卡反而比第一年踏实”,0,隐含,中性,无,low
复读生,,content,你的复读时间线，底下藏着哪些不同,0,隐含,中性,无,low
复读生,,content,来一起聊聊吧#复读生#美术生复读#艺术生文化课#联考时间#艺术生,0,隐含,中性,无,low
复读生,,content,#复读生by小霄#仲辰简子星#galgame描改,0,隐含,中性,无,low
复读生,,comment,好萌好萌好萌,0,隐含,中性,无,low
复读生,,comment,感觉莫名好匹配 因为仲辰就是玩绳子的嘛,0,隐含,中性,无,low
复读生,,comment,星星：= =,0,隐含,中性,无,low
复读生,,title,最符合人设的一集,0,隐含,中性,无,low
复读生,,content,#沙雕学霸系统#复读生#百万up学神天天演我#惶惶#英中四部曲,0,隐含,中性,无,low
复读生,,comment,宵总nb666,0,隐含,中性,无,low
复读生,,comment,霄总来看,0,隐含,中性,无,low
复读生,,comment,哈哈哈哈哈哈哈哈哈哈哈哈,0,隐含,中性,无,low
复读生,,title,给大家拜年了,0,隐含,中性,无,low
复读生,,content,出镜老师 阿兹卡班复读生，小阿猪老师，廖先生，西木#哈利波特魔法觉醒#哈利波特：魔法觉醒#巫师创作团 yc老师:向逸点老师,0,隐含,中性,无,low
复读生,,comment,老师，你们一出道必定火,0,隐含,中性,无,low
复读生,,comment,这跑调内娱没有人能比得上,0,隐含,中性,无,low
复读生,,comment,四个人四个调秦始皇统一六国都统一不了你们,0,隐含,中性,无,low
复读生,,comment,其实这歌也不是非唱不可的哈,0,隐含,中性,无,low
复读生,,comment,其实能唱成这样也是一种天赋吧,0,隐含,中性,无,low
复读生,,comment,老师你知道实则不然的反义词嘛,0,隐含,中性,无,low
复读生,,comment,我看到这头像就知道，这一定是上次那个诡异头像4人组,0,隐含,中性,无,low
复读生,,comment,哈哈哈哈哈哈哈哈真的,0,隐含,中性,无,low
复读生,,comment,老师真的不打算过年开个粉丝见面会吗（hpma上）,0,隐含,中性,无,low
复读生,,comment,支持守护，我也蹲,0,隐含,中性,无,low
复读生,,comment,跑调是一回事，声音好听又是另外一回事🌚🌚,0,隐含,中性,无,low
复读生,,comment,好好笑🌚💪,0,隐含,中性,无,low
复读生,,comment,一堆人没有一个在调的…,0,隐含,中性,无,low
复读生,,comment,厂长原来是男孩子，我以为是香香美女姐姐，对不起厂长,0,隐含,中性,无,low
复读生,,comment,你别说，你知道吗,0,隐含,中性,无,low
复读生,,comment,我一开始看辣椒视频的时候，还以为他是男的,0,隐含,中性,无,low
复读生,,comment,厂长真不太适合唱歌,0,隐含,中性,无,low
复读生,,comment,小阿猪还没有退游吗,0,隐含,中性,无,low
复读生,,comment,对啊老师不是发通告了吗,0,隐含,中性,无,low
复读生,,comment,天籁之音,0,隐含,中性,无,low
复读生,,title,英中四部曲怎么能这么好看,0,隐含,中性,无,low
复读生,,content,弱智校园文谁看谁知道,0,隐含,中性,无,low
复读生,,content,#小霄#沙雕学霸系统#复读生#百万up学神天天演我#惶惶,0,隐含,中性,无,low
复读生,,comment,以为百万up就是巅峰了但惶惶又是另一种巅峰的爽啊，看的我在床上翻来覆去omg,0,隐含,中性,无,low
复读生,,comment,咋能这么好看,0,隐含,中性,无,low
复读生,,comment,最愛沙雕沒有之一,0,隐含,中性,无,low
复读生,,comment,我宇宙無敵爆炸喜歡何葉,0,隐含,中性,无,low
复读生,,comment,有没有类似的推荐啊,0,隐含,中性,无,low
复读生,,comment,以为每本是巅峰，直到霄总写出了下一本,0,隐含,中性,无,low
复读生,,title,蛋仔派对,0,隐含,中性,无,low
复读生,,content,公开使用，禁自营，其余随意，自截或私信 二编:经过网友的提醒，闪拽呆蛋的绘画出现缺漏，后续会进行修改并重新发布，再此致歉,0,隐含,中性,无,low
复读生,,content,#英中四部曲#沙雕学霸系统#复读生by小霄#百万up学神演我#惶惶by小霄,0,隐含,中性,无,low
复读生,,comment,一辈子也想不出来蛋仔派对这个标题,0,隐含,中性,无,low
复读生,,comment,其实有不少人这么称呼了吧,0,隐含,中性,无,low
复读生,,comment,知道了，下次还敢,0,隐含,中性,无,low
复读生,,comment,老师自营是什么意思呀,0,隐含,中性,无,low
复读生,,comment,私自用我的图营利,0,隐含,中性,无,low
复读生,,comment,老师我想个朋友画个背景图，可以参考表情吗,0,隐含,中性,无,low
复读生,,title,女神每天就带着一对又一对的蛋巡演,0,隐含,中性,无,low
复读生,,content,小霄其实是一款蛋舍主理人来的#百万up学神天天演我#沙雕学霸系统#复读生#惶惶#小霄,0,隐含,中性,无,low
复读生,,comment,英中四部曲其实是蛋仔派对,0,隐含,中性,无,low
复读生,,comment,每次看到这个就会想到蛋宰派对orz,0,隐含,中性,无,low
复读生,,comment,谁来,0,隐含,中性,无,low
复读生,,comment,我来我来,0,隐含,中性,无,low
复读生,,comment,我也来,0,隐含,中性,无,low
复读生,,comment,超级萌萌,0,隐含,中性,无,low
复读生,,comment,每次写的小剧场萌我一大跳,0,隐含,中性,无,low
复读生,,comment,最令我震惊的是，叶斯送何修那个礼物也是蛋做的来着，那个礼物真的让我印象贼深刻，重刷好几遍，起码有一遍就是专门去看看这个神奇的礼物,0,隐含,中性,无,low
复读生,,comment,参见晋升蛋舍主理人,0,隐含,中性,无,low
复读生,,comment,真正的主理人,0,隐含,中性,无,low
复读生,,comment,真的特别萌啊[亲一个R][亲一个R],0,隐含,中性,无,low
复读生,,comment,每次小剧场都特好玩,0,隐含,中性,无,low
复读生,,content,英中四部曲 已听完百万 下一个看哪个,0,隐含,中性,无,low
复读生,,comment,惶惶还没出广播剧呢,0,隐含,中性,无,low
复读生,,comment,所以后面我改成看了,0,隐含,中性,无,low
复读生,,comment,哦哦我没审题还是先看惶惶吧，因为惶惶在百万后面，受比窦澜低一级，所以窦澜在正文会有一点点客串，番外也有客串这样而且小霄文笔进步了很多，亲密戏写的也更详细了,0,隐含,中性,无,low
复读生,,comment,是同级的 在老马的班,0,隐含,中性,无,low
复读生,,comment,哦对同级,0,隐含,中性,无,low
复读生,,comment,不好意思我记错了[呃R][呃R],0,隐含,中性,无,low
复读生,,comment,姐姐是攻比豆懒高一级啦,0,隐含,中性,无,low
复读生,,comment,嗯嗯我知道啦有宝宝提醒我了，我记错了[呃R],0,隐含,中性,无,low
复读生,,comment,沙雕一直是我的校园top1,0,隐含,中性,无,low
复读生,,comment,特别好看,0,隐含,中性,无,low
复读生,,comment,我已经看上了,0,隐含,中性,无,low
复读生,,comment,可以按写的顺序来看hh：沙雕→复读→学神→惶惶佛蛋和惨蛋是极其美味的,0,隐含,中性,无,low
复读生,,comment,好滴 我看完沙雕再看复读生,0,隐含,中性,无,low
复读生,,comment,可以先看sd 毕竟百万里有客串的,0,隐含,中性,无,low
复读生,,comment,好滴 我决定按顺序看,0,隐含,中性,无,low
复读生,,comment,小情侣萌萌的很安心,0,隐含,中性,无,low
复读生,,comment,已经开始看了,0,隐含,中性,无,low
复读生,,comment,先看老大吧，也挺好看，不过不是传统校园文,0,隐含,中性,无,low
复读生,,comment,好的好的,0,隐含,中性,无,low
复读生,,comment,sd一直是我英中四部曲的top1,0,隐含,中性,无,low
复读生,,comment,佛蛋惨蛋特别好嗑，yes特别特别励志给当时高一的我看得热血沸腾x感情线也很细腻……完全能懂为啥xql会在一起><,0,隐含,中性,无,low
复读生,,comment,好滴好滴,0,隐含,中性,无,low
复读生,,title,一个视频告诉你，高宏复读生为啥有好成绩,0,隐含,中性,无,low
复读生,,comment,挺住 熬住 拼他个无怨无悔,0,隐含,中性,无,low
复读生,,content,🔥对很多高三，职高，复读生来说，中外合办就是一条优质的备胎,0,隐含,中性,无,low
复读生,,content,他也是可以申请的,0,隐含,中性,无,low
复读生,,content,- 💥普通家庭推荐： 深圳大学3+1 济南大学3+1 大连外国语3+1 北京交通大学3+1 苏州大学2+2 南京航空航天3+1 电子科技大学3+1 - 🙆招生对象： ✅应往届高二、高三生/国际生 ‼️‼️划重点,0,隐含,中性,无,low
复读生,,comment,给教育局打电话咨询,0,隐含,中性,无,low
复读生,,comment,还有百万双页签,0,隐含,中性,无,low
复读生,,comment,我是180捆80出的，大概挂了一星期就出掉了,0,隐含,中性,无,low
复读生,,comment,这个没弄清楚怎么报的,0,隐含,中性,无,low
复读生,,comment,这个就是在临沂市平台上报的,0,隐含,中性,无,low
复读生,,comment,老师老师扣分吗,0,隐含,中性,无,low
复读生,,comment,临沂不扣分，正常,0,隐含,中性,无,low
复读生,,title,江苏复读不用找关系，官方政策一次说透,0,隐含,中性,无,low
复读生,,content,“江苏是不是取消复读了,0,隐含,中性,无,low
复读生,,content,复读是不是得找关系,0,隐含,中性,无,low
复读生,,content,”作为南京正则复读学校班主任，今天结合江苏官方最新政策，把2026年江苏复读的核心问题说透，全是权威信息，不掺外地内容，普通人也能一眼看懂,0,隐含,中性,无,low
复读生,,content,一、先澄清：江苏没取消复读,0,隐含,中性,无,low
复读生,,content,官方从未发布“全面取消复读”文件，复读完全合法合规,0,隐含,中性,无,low
复读生,,content,大家常听说的“公办不招”，是2021年起落实教育部规定的要求——公办高中不再举办复读班、不招复读插班生，但这不是禁止复读,0,隐含,中性,无,low
复读生,,content,江苏复读生的合法路径有3个： 1. 选民办高中、专业复读机构就读备考,0,隐含,中性,无,low
复读生,,content,二、最核心点：不用找关系,0,隐含,中性,无,low
复读生,,content,按流程走就行 “找关系复读”是谣言,0,隐含,中性,无,low
复读生,,content,只要符合江苏官方条件，无需走“后门”，按流程办理即可，全程公开透明,0,隐含,中性,无,low
复读生,,content,1. 江苏户籍考生（核心群体） 按3步走，一步都不能少： ① 资格要求：遵守宪法法律、高中阶段毕业（或同等学力）、身体合格,0,隐含,中性,无,low
复读生,,content,③ 正式报名：预审通过后，到户籍所在地招办办理现场确认，完成报名,0,隐含,中性,无,low
复读生,,content,② 监护人有江苏合法稳定职业、合法稳定住所（含租赁）,0,隐含,中性,无,low
复读生,,content,三、3个关键避坑提示（必看） 1. 复读次数：官方无次数上限，符合条件可多次以社会考生身份报考,0,隐含,中性,无,low
复读生,,content,2. 报考限制：国家专项计划、高校专项计划仅限应届生，复读生不能报,0,隐含,中性,无,low
复读生,,content,部分军事、公安类院校限报，填报前务必查院校章程,0,隐含,中性,无,low
复读生,,content,四、最后说两句 江苏的复读政策清晰、正规，没有复杂“门槛”，不用找关系,0,隐含,中性,无,low
复读生,,content,复读不是走捷径，是为梦想再拼一次的选择，只要按官方流程走，就能安心备考,0,隐含,中性,无,low
复读生,,content,我会持续分享江苏复读备考、政策更新的干货,0,隐含,中性,无,low
复读生,,content,有任何问题，评论区留言，我会第一时间回复,0,隐含,中性,无,low
复读生,,title,小狗只需要老婆拉拉衣角就能被哄好,0,隐含,中性,无,low
复读生,,content,受伤期间，奎真经常来探望，在此期间奎真每一天都向治宇表达自己的心意，然后he,0,隐含,中性,无,low
复读生,,comment,画风像相克,0,隐含,中性,无,low
复读生,,comment,文案里有写…,0,隐含,中性,无,low
复读生,,comment,就是同一个作者,0,隐含,中性,无,low
复读生,,comment,1v1吗,0,隐含,中性,无,low
复读生,,comment,我不知道怎么定义1v1，智贤是前好感对象，还在纠缠治宇，但治宇已经不会再原谅他了，回到学校以后是小狗和治宇互有好感，智贤不再纠缠以后，小狗和治宇高中bi ye就在一起了,0,隐含,中性,无,low
复读生,,comment,那后面黑毛有cp吗,0,隐含,中性,无,low
复读生,,comment,没有，听家里的安排和别人订婚了,0,隐含,中性,无,low
复读生,,comment,居然是双洁我记得有一本和他画风很像是相克,0,隐含,中性,无,low
复读生,,comment,然后我就混乱了以为不洁就一直没看,0,隐含,中性,无,low
复读生,,comment,不是因为第一季太太没有画出来，我一开始以为只是打了，我有在底下评论补充的被黑皮摁在玻璃渣上qj了,0,隐含,中性,无,low
复读生,,comment,相克好看,0,隐含,中性,无,low
复读生,,comment,嗯嗯，tag发的时候就打了,0,隐含,中性,无,low
复读生,,comment,小狗攻就是最棒的,0,隐含,中性,无,low
复读生,,comment,所以只是外传是另一条线是黑皮和受在一起了，正文里面是1V1的对吧,0,隐含,中性,无,low
复读生,,comment,没有受和黑皮发生关系什么的吧,0,隐含,中性,无,low
复读生,,comment,倒不是说洁癖什么的，也不追求什么洁不洁，只是有点介意攻受在一起之后有别人插进来那种,0,隐含,中性,无,low
复读生,,comment,小狗善良温柔攻最棒,0,隐含,中性,无,low
复读生,,comment,他必须有超级好的老婆,0,隐含,中性,无,low
复读生,,content,不要抱怨时间太少 任何时候都是有机会翻盘的#复读,0,隐含,中性,无,low
复读生,,comment,求求置顶,0,隐含,中性,无,low
复读生,,comment,回复 vein宝宝,0,隐含,中性,无,low
复读生,,comment,我也是台灣人,0,隐含,中性,无,low
复读生,,comment,我也要置顶,0,隐含,中性,无,low
复读生,,comment,我觉得这人长的像你前朋友,0,隐含,中性,无,low
复读生,,comment,前朋友比他好看,0,隐含,中性,无,low
复读生,,comment,哎呦，你干嘛～嗨呦,0,隐含,中性,无,low
复读生,,comment,我去年复读的时候地理啥的都增内容了 还是决定复读了,0,隐含,中性,无,low
复读生,,comment,我是认命了，专科就专科吧,0,隐含,中性,无,low
复读生,,comment,我也是，复读了，还学了政治，换成了七本书呢,0,隐含,中性,无,low
复读生,,comment,政治改得最多,0,隐含,中性,无,low
复读生,,comment,那你去年多少分呀,0,隐含,中性,无,low
复读生,,comment,那宝 今年分数出来告诉我下,0,隐含,中性,无,low
复读生,,comment,姐妹多少呀,0,隐含,中性,无,low
复读生,,comment,我是山东的哦 要25下午才出,0,隐含,中性,无,low
复读生,,comment,复读了生物地理政治多少都改了，尤其政治选修都看不懂,0,隐含,中性,无,low
复读生,,comment,乾坤未定你我皆是黑马,0,隐含,中性,无,low
复读生,,comment,辛苦了一切都值得，好日子都在后头呢,0,隐含,中性,无,low
复读生,,comment,我也复读了打算，我连300分都没有,0,隐含,中性,无,low
复读生,,comment,这一年很不容易 一定要坚持下来,0,隐含,中性,无,low
复读生,,comment,同为复读生,0,隐含,中性,无,low
复读生,,comment,我丢，你在我们学校考的啊哈哈哈，我们学校，我准高三的嘞,0,隐含,中性,无,low
复读生,,comment,哈哈哈哈哈兖州一中吗,0,隐含,中性,无,low
复读生,,comment,请问复读的话还可以吗,0,隐含,中性,无,low
复读生,,comment,当然可以,0,隐含,中性,无,low
复读生,,comment,只有经历过的才会感同身受吧,0,隐含,中性,无,low
复读生,,comment,你在哪复读的啊,0,隐含,中性,无,low
复读生,,comment,济宁兖州这边的一个复读学校,0,隐含,中性,无,low
复读生,,comment,我也是复读生，比你高一届，我觉得复读给人最大的收获就是心态上的成长，你走过的路，不论平坦或崎岖，一切都值得,0,隐含,中性,无,low
复读生,,comment,无论结果怎样 过程都是可喜的,0,隐含,中性,无,low
住校生,,comment,我已经闹着走读了 每天路上来回四小时,0,隐含,中性,无,low
住校生,,comment,天呐抱抱你,0,隐含,中性,无,low
住校生,,comment,不是 我自己上学,0,隐含,中性,无,low
住校生,,comment,来回四个小时有点长了,0,隐含,中性,无,low
住校生,,comment,主要是后面学习任务重了，可能就不太能兼顾得上,0,隐含,中性,无,low
住校生,,comment,一样，同意了,0,隐含,中性,无,low
住校生,,comment,我也是啊,0,隐含,中性,无,low
住校生,,comment,我们更惨，八人寝，宿舍包浆，淋浴头在上面，下面就是蹲坑,0,隐含,中性,无,low
住校生,,comment,我儿子的宿舍11个人,0,隐含,中性,无,low
住校生,,comment,一个寝室6个人，我一开始住的40人大寝，两个厕所，上厕所都要排队，洗澡水还是冷的，学校还有的菜没熟,0,隐含,中性,无,low
住校生,,comment,只有半个小时,0,隐含,中性,无,low
住校生,,comment,我宿舍十二人,0,隐含,中性,无,low
住校生,,comment,9.8我们已经开学两周了,0,隐含,中性,无,low
住校生,,comment,说实话，4小时真的不适合走读，可以考虑租房，真的4小时以后本来就不多的睡眠时间就更少了,0,隐含,中性,无,low
住校生,,comment,我们还行 三点多就放了 走读不用晚自习,0,隐含,中性,无,low
住校生,,comment,就硬熬，然后喜提一身病,0,隐含,中性,无,low
住校生,,comment,我去了三天拉了三天肚子,0,隐含,中性,无,low
住校生,,comment,抱抱你，我也是这样,0,隐含,中性,无,low
住校生,,comment,不知道啊，今年准高一要住宿了,0,隐含,中性,无,low
住校生,,comment,有点想妈,0,隐含,中性,无,low
住校生,,comment,宝宝我也是从高一就说到高三，以前说高三再说，都是敷衍我,0,隐含,中性,无,low
住校生,,comment,我想退宿，但退这样的话没地方可以住，家长也没空，说服不了他们让我出去租房,0,隐含,中性,无,low
住校生,,comment,不熬了，爸妈同意走读了，国庆放假前办走读,0,隐含,中性,无,low
住校生,,comment,啊啊啊啊啊，我也想走读,0,隐含,中性,无,low
住校生,,title,一些给宿舍入睡困难宝宝小tips,0,隐含,中性,无,low
住校生,,content,这是最直接、最有效的“一键静音”，比劝别人小声管用100倍,0,隐含,中性,无,low
住校生,,content,不是为了听声音，而是用稳定的背景音“淹没”突然的响动，大脑会自动忽略干扰，慢慢放松下来,0,隐含,中性,无,low
住校生,,content,3️⃣固定睡前仪式，给身体发信号 睡前1小时别刷短视频、别打游戏,0,隐含,中性,无,low
住校生,,content,重复几次，身体就会形成条件反射：这些动作做完=要睡觉了,0,隐含,中性,无,low
住校生,,content,起来坐在椅子上，开小灯看会儿枯燥的书，或者听会儿舒缓的播客，等困意来了再回床上,0,隐含,中性,无,low
住校生,,content,越强迫自己睡，反而越清醒,0,隐含,中性,无,low
住校生,,content,好好沟通，大部分室友都会理解配合,0,隐含,中性,无,low
住校生,,content,7️⃣白天多晒太阳，少补觉 多去户外走走晒晒太阳，帮助调节生物钟,0,隐含,中性,无,low
住校生,,content,午觉别超过30分钟，否则晚上会更难入睡,0,隐含,中性,无,low
住校生,,content,把精力留到晚上，困意自然会找上门,0,隐含,中性,无,low
住校生,,comment,天天这样 我感觉我真的要神经衰弱了,0,隐含,中性,无,low
住校生,,comment,我也是困死我了我舍友现在翻身都能把我弄醒,0,隐含,中性,无,low
住校生,,comment,午休本来就短还摇晃椅子、突然自言自语，凌晨十二点连线打游戏、凌晨一点在卫生间里唱歌……本来我睡眠就浅，真是要被搞成神经衰弱了,0,隐含,中性,无,low
住校生,,comment,但凡她考虑一下别人感受,0,隐含,中性,无,low
住校生,,comment,我们宿舍这半个月以来每天一起打游戏打到一点 喊很大声那种,0,隐含,中性,无,low
住校生,,comment,上了大学才知道 教养这种东西 不是谁都有 看见室友睡觉了 都应该干啥都自觉小点声吧 有些人就不管 就只顾干自己的事 怎么大声怎么舒服怎么来,0,隐含,中性,无,low
住校生,,comment,看不进去书,0,隐含,中性,无,low
住校生,,comment,那你一般看什么书呀,0,隐含,中性,无,low
住校生,,comment,理财类的有推荐吗,0,隐含,中性,无,low
住校生,,comment,我也是看的都力竭了,0,隐含,中性,无,low
住校生,,comment,租房吧租房吧,0,隐含,中性,无,low
住校生,,comment,本来上这个学校之前每天十点多就睡着了现在被搞得十一二点才睡有时更晚,0,隐含,中性,无,low
住校生,,title,住宿生的恐怖冬天……,0,隐含,中性,无,low
住校生,,content,#大学生#我的日常#搞笑#搞笑的日常#住宿#住宿生#住宿生活#校园#校园生活#校园日常,0,隐含,中性,无,low
住校生,,comment,真不知道当时咋熬过来的,0,隐含,中性,无,low
住校生,,comment,同，现在大学感觉我高中就是特种兵,0,隐含,中性,无,low
住校生,,comment,我也不知道那时候怎么熬过来的，可能没过过好日子吧,0,隐含,中性,无,low
住校生,,comment,就很好奇，高中这样的生活对你的性格和习惯会有啥影响🤔,0,隐含,中性,无,low
住校生,,comment,为了节省时间衣服都不脱睡觉,0,隐含,中性,无,low
住校生,,comment,对,0,隐含,中性,无,low
住校生,,comment,可能是吧,0,隐含,中性,无,low
住校生,,comment,无法想象当时是怎么坚持下来的，这辈子再也不想经历一遍了,0,隐含,中性,无,low
住校生,,comment,我高三之前是e人，高三一年让我变成了i人，后面再也没e过,0,隐含,中性,无,low
住校生,,comment,～,0,隐含,中性,无,low
住校生,,comment,是的 现在让我再来一遍 我会疯,0,隐含,中性,无,low
住校生,,comment,七·,0,隐含,中性,无,low
住校生,,comment,我是初中老师，现在好想疯,0,隐含,中性,无,low
住校生,,comment,真的，不知道当时怎么过来了,0,隐含,中性,无,low
住校生,,comment,回过头发现一切苦吃得都不值得,0,隐含,中性,无,low
住校生,,comment,五点半起床你们干什么都会成功的,0,隐含,中性,无,low
住校生,,comment,但是真的很困啊，上课根本就没精神，一上午都在睡觉,0,隐含,中性,无,low
住校生,,comment,哪个好人家五点半起床,0,隐含,中性,无,low
住校生,,comment,我高中走读就是五点半起床，住校生是六点,0,隐含,中性,无,low
住校生,,comment,高中真的是人生至暗时刻,0,隐含,中性,无,low
住校生,,comment,不夸张 大河南 我们高三五点二十就要到班上早读了,0,隐含,中性,无,low
住校生,,comment,再加一个:冬天女孩子的脚睡一整夜都冷得像冰块，好不容易睡着，半睡半醒的时候铃响了,0,隐含,中性,无,low
住校生,,comment,晚上泡个脚吧姐妹,0,隐含,中性,无,low
住校生,,comment,真的有这种恐怖的生活么……跟恐怖小说一样卧槽了,0,隐含,中性,无,low
住校生,,comment,大哥你不吃早饭啊,0,隐含,中性,无,low
住校生,,comment,一看就脱离现实了,0,隐含,中性,无,low
住校生,,comment,有的学校是早读完才吃早饭的，这是真的,0,隐含,中性,无,low
住校生,,comment,好辛苦，开始心疼还在上幼儿园大班我的乖女儿了，以后她这么辛苦,0,隐含,中性,无,low
住校生,,comment,有条件送出国吧,0,隐含,中性,无,low
住校生,,content,离开后，这些影响浮现，成为心理负担,0,隐含,中性,无,low
住校生,,content,承认创伤是治愈的第一步，重新找回自主、安宁和边界,0,隐含,中性,无,low
住校生,,comment,我快四十了，给你们讲讲曾经的黄金时代吧,0,隐含,中性,无,low
住校生,,comment,我上大学的时候，来自五湖四海的姐妹，怀着各自梦想走到一起，我们共同陪伴走过青春，晚上熄灯后的卧谈绝对属于人生中的美好回忆了，聊人生理想，也聊情窦初开，从八卦趣事，到古今中外,0,隐含,中性,无,low
住校生,,comment,多年过去，才明白这样珍贵的体验有多幸运,0,隐含,中性,无,low
住校生,,comment,那个年代，貌似有边界感并不是一件很正确的事,0,隐含,中性,无,low
住校生,,comment,点了，我是2000年读的大学，真的宿舍六个人来自不同的省份，虽然性格不同，也有矛盾，但是真不至于像现在集体宿舍问题这么大，大多数时间舍友们在一起都还是不错的，难道这才20年的时间学生们变化这么大了,0,隐含,中性,无,low
住校生,,comment,千禧一代这个概念是说得80-95,0,隐含,中性,无,low
住校生,,comment,啊我以为是千禧年出生的一代,0,隐含,中性,无,low
住校生,,comment,我们当时有个约定，只要有一人需要安静，那么所有人都要保持安静,0,隐含,中性,无,low
住校生,,comment,根本不是年代问题，你那个时候肯定也有在集体生活中备受折磨的人，只是没有互联网，人也不会到处说而已,0,隐含,中性,无,low
住校生,,comment,很多事情你越在意就越是事情，不在意了就无所谓了,0,隐含,中性,无,low
住校生,,comment,这个世界本来就是多姿多彩的，到底是什么样子取决于你对待这个世界的态度,0,隐含,中性,无,low
住校生,,comment,现在感觉自己非常低迷………,0,隐含,中性,无,low
住校生,,comment,你也说到点大家就熄灯睡觉，，只能说你遇到了正常人，现在很多人都很自我的，如果抖音开外放80%音量还能睡好那真是铁耳,0,隐含,中性,无,low
住校生,,comment,那时候倡导集体大于一切,0,隐含,中性,无,low
住校生,,comment,回复 2000 WOMAN : 那时候网络普及好多年了，其他人不说，但是大学生和现在一样天天上网啊,0,隐含,中性,无,low
住校生,,comment,当然会了，这是做人的基本原则吧，考虑一下别人的感受，而且对于关灯的问题都是集体熄灯，不允许自己弄的小影响别人呀,0,隐含,中性,无,low
住校生,,comment,其实我上大学前幻想的宿舍关系也是这种的[完啦R],0,隐含,中性,无,low
住校生,,comment,每一代人都各有各的苦，每一代人也各有各的乐，没必要无限放大某一代人,0,隐含,中性,无,low
住校生,,comment,学的专业也是当时国内初设的，所以毕业了进各科研所的很多,0,隐含,中性,无,low
住校生,,comment,那才真是读书改变命运呢，而且大学期间也没有现在这样，现在的本科生才大一大二，专业基础没夯实就想着发文章参加竞赛，因为为了保研评优等一定要参加,0,隐含,中性,无,low
住校生,,comment,那时候能沉下心来读书，学风不那么浮躁,0,隐含,中性,无,low
住校生,,comment,您是对的,0,隐含,中性,无,low
住校生,,comment,那是z世代啊千禧一代和y世代是一个概念,0,隐含,中性,无,low
住校生,,comment,你说的对，每一代有每一代的叙事,0,隐含,中性,无,low
住校生,,comment,我可能比较乐观，觉得自己这一代没有饿肚子，也精神上相对自由,0,隐含,中性,无,low
住校生,,comment,其实这几代都身处时代巨变中，拉扯很重，各有各的苦难，也很难相互理解,0,隐含,中性,无,low
住校生,,comment,我应该是你妈妈和你的中间代，亲眼目睹了这些年迅速的转变,0,隐含,中性,无,low
住校生,,comment,是经济发展后内需增加了，更关注人本身的价值，宿舍本来就很不人性化,0,隐含,中性,无,low
住校生,,comment,然而每当你发出这种贴子时，总有年仅二十的有钱人家的老古董pua你“欲望太大能力太小”/“不比吃穿比学习”,0,隐含,中性,无,low
住校生,,comment,国内你想自己租房子的话给辅导员写个申请文件就行啊,0,隐含,中性,无,low
住校生,,comment,评论区有些人：,0,隐含,中性,无,low
住校生,,comment,是的是的，晚上时不时就会有室友打呼噜的声音，有时候还两个一起来呢,0,隐含,中性,无,low
住校生,,comment,真的有人觉得宿舍好吗，即使舍友合得来生活也不方便吧,0,隐含,中性,无,low
住校生,,comment,两张相连的床导致她一动我的床就会摇晃，特别是她在床上换衣服的时候，快睡着了会被她晃醒（叠甲本人从不在床上穿衣服），早上舍友起床的闹钟震动会又传导到我这边，把我震醒,0,隐含,中性,无,low
住校生,,comment,晚上舍友回来的脚臭味也会传到我这里，导致她回来我就得上床拉帘子喷香水,0,隐含,中性,无,low
住校生,,comment,更别说早晚睡觉时舍友进出关门，说话聊天的声音,0,隐含,中性,无,low
住校生,,comment,在宿舍里没有一刻是安静的，自由的,0,隐含,中性,无,low
住校生,,comment,可以去外面租房 但是贵而且如果没有很充分的理由一般不让 所以基本上都是住宿舍,0,隐含,中性,无,low
住校生,,comment,没想到现在的孩子还在遭这种罪,0,隐含,中性,无,low
住校生,,comment,去买个学区房，把孩子放家里养,0,隐含,中性,无,low
住校生,,comment,我已经神经衰弱了，昨天晚上一有声音我就感觉有根筋在跳,0,隐含,中性,无,low
住校生,,comment,你跟我去年很像，感觉要么静待室友换寝室，要么自己换寝室,0,隐含,中性,无,low
住校生,,comment,时代真的变了…我二十年前上大学，武大湖滨六人宿舍，挤成狗，蟑螂横行，外面是武汉的高温和蚊子……有小矛盾是肯定的，但我非常怀念那段时光,0,隐含,中性,无,low
住校生,,comment,寝室里的姐妹们虽然毕业后各奔东西再也没见过面，但每次讲话都像昨天还在一起一样,0,隐含,中性,无,low
住校生,,title,舍友是贫困生却每天喝瑞幸咖啡我该举报他吗,0,隐含,中性,无,low
住校生,,content,舍友是贫困生却每天喝瑞幸咖啡我该举报他吗?#大学生不懂就问#大学生社会#当代大学生#别惹大学生#宿舍关系#寝室#大学生就该这样#宿舍生活#室友#舍友,0,隐含,中性,无,low
住校生,,comment,还有举报就举报吧大家，我觉得学校会进行核查的，,0,隐含,中性,无,low
住校生,,comment,不过真的是感觉消费降级，大家都来要助学金的感觉了（）,0,隐含,中性,无,low
住校生,,comment,真的是消费降级了,0,隐含,中性,无,low
住校生,,comment,笑晕了，感觉过两天就得讨论贫困生一天一瓶矿泉水的问题了,0,隐含,中性,无,low
住校生,,comment,每天喝 一个月也是不小的数额吧,0,隐含,中性,无,low
住校生,,comment,不是，除了外卖大战期间能这么点，或者像戒社省钱哥那样有这个功底，不是贫困生家庭一般的每天9.9都不咋敢这么点吧，这可是纯咖啡支出,0,隐含,中性,无,low
住校生,,comment,我也不贫困纯抠门，我都大促多买点一块多的挂耳泡奶,0,隐含,中性,无,low
住校生,,comment,京东的问题是，你9.9两杯不能分两天吧，除非今天喝了一杯明天复热，这样相当于每天一杯5块钱的饮料,0,隐含,中性,无,low
住校生,,comment,对方瘦不瘦，一日三餐吃的标准吗,0,隐含,中性,无,low
住校生,,comment,如果是一天只吃一顿饭剩下两顿喝奶茶或者咖啡那就没有关系,0,隐含,中性,无,low
住校生,,comment,因为我的饮食就是这样的虽然我不是贫困生，我一般早饭不吃，午饭喝咖啡或者奶茶，只有到晚饭了才会点一份炒米而且还吃不完第二天早上加热一下还能吃,0,隐含,中性,无,low
住校生,,comment,宝宝，答应我如果以后条件变好了就多注重营养好吗比如一天一份水果，便宜点的有苹果香蕉,0,隐含,中性,无,low
住校生,,comment,还有多吃肉,0,隐含,中性,无,low
住校生,,comment,有点心疼你,0,隐含,中性,无,low
住校生,,comment,不好意思[完啦R][完啦R]我误会了，那就好,0,隐含,中性,无,low
住校生,,comment,贫困生还分胖瘦啊,0,隐含,中性,无,low
住校生,,comment,不分，但你看看大山里的孩子哪个不是因为吃不起饭或者只能吃粗粮没有营养各个都是面瘦肌黄的贫困生能白白胖胖的那就是普通家庭了,0,隐含,中性,无,low
住校生,,comment,我去阿哈哈哈哈哈偷了,0,隐含,中性,无,low
住校生,,comment,咋说呢 我班每次评贫困，那材料一个比一个揪心，我光看着都觉得好惨好可怜，但是看现实又是实打实的换手机出去旅游，我也没招了，只能就按着材料评了,0,隐含,中性,无,low
住校生,,comment,变味了，我不贫困都不能天天浪费钱喝这些,0,隐含,中性,无,low
住校生,,comment,我一般不会观察别人每天都喝啥除非一下买了个很贵的大件，比如电脑，鞋子，我才会注意到,0,隐含,中性,无,low
住校生,,comment,真的很赞同，现在经济发展上去了，2020年脱贫攻坚战就胜利了，哪还有吃不起饭的，就算有，这个比例也是0.001%，贫困生评定本来,0,隐含,中性,无,low
住校生,,comment,搞活动一杯也就5块钱，没必要吧，上课学习都需要提神的啊,0,隐含,中性,无,low
住校生,,comment,但是每天都买不可能每天都有优惠吧,0,隐含,中性,无,low
住校生,,comment,实际上我不管哪一次都没有过这么大的优惠（我是新客户也没有，最便宜也要9.9一杯的）,0,隐含,中性,无,low
住校生,,comment,博主要不要出点日常的笔记标题 我现在看见猎奇标题都会看名字了,0,隐含,中性,无,low
住校生,,comment,比如这款粉饼真的很好用,0,隐含,中性,无,low
住校生,,comment,滑到p2又是小龙的脸,0,隐含,中性,无,low
住校生,,comment,还是你厉害哈哈哈哈,0,隐含,中性,无,low
住校生,,comment,[呃R][呃R][呃R],0,隐含,中性,无,low
住校生,,comment,荼毒每个赛道是吧,0,隐含,中性,无,low
住校生,,comment,我短跑100m11秒，但是我朋友8秒，他是不是谎报时间了,0,隐含,中性,无,low
住校生,,comment,我最近没有什么灵感，佩服贴主源源不断的帖子,0,隐含,中性,无,low
住校生,,comment,怎么这么有才，是和星星天天看书学的吗,0,隐含,中性,无,low
住校生,,comment,:),0,隐含,中性,无,low
住校生,,comment,哎真是什么人刷什么帖子，说你是不是偷偷收藏室友的袜子,0,隐含,中性,无,low
住校生,,comment,楼主如此抽象,0,隐含,中性,无,low
住校生,,comment,你是不是在暗示我什么你也🈶什么特殊癖好嘛,0,隐含,中性,无,low
住校生,,comment,要是最后实在是要不回来前，你就接几个广子算了已经2w粉了，能回本,0,隐含,中性,无,low
住校生,,comment,改正，钱，打错字,0,隐含,中性,无,low
住校生,,comment,感觉你已经不在乎钱了,0,隐含,中性,无,low
住校生,,comment,这还是需要在乎的,0,隐含,中性,无,low
住校生,,comment,总在我放松警惕的时候被骗,0,隐含,中性,无,low
住校生,,comment,never gonna give you up～never gonna let you down～,0,隐含,中性,无,low
住校生,,comment,已经连小红书都全是老师的帖子了🥵……,0,隐含,中性,无,low
住校生,,title,室友老挑些鸡毛蒜皮的事找茬要不要怼,0,隐含,中性,无,low
住校生,,comment,“宝宝，你是不是有点神经衰弱呀～正常的话这个动静不会醒的，我已经很注意了，你要不要去医院看看呀～吃点药吧”,0,隐含,中性,无,low
住校生,,comment,我之前有一个跟我联系梯子的室友就经常这样,0,隐含,中性,无,low
住校生,,comment,他说我晚上咳嗽一下，一直在摇床,0,隐含,中性,无,low
住校生,,comment,然后我从梯子上面下床，他又说我动静太大,0,隐含,中性,无,low
住校生,,comment,我一边爬梯子的时候，他一边跟我说你不能小点声吗,0,隐含,中性,无,low
住校生,,comment,咋刺，教教咱球球大师了,0,隐含,中性,无,low
住校生,,comment,这是在睡午觉的时候吗,0,隐含,中性,无,low
住校生,,comment,你这么说人家会说你情商低说话难听,0,隐含,中性,无,low
住校生,,comment,也不好说谁对谁错,0,隐含,中性,无,low
住校生,,comment,但室友对你绝对是有微妙恶意的，所以才会有一点错误不爽就立马表达出来,0,隐含,中性,无,low
住校生,,comment,嗯呢，一次两次我也不会觉得有问题，天天找我说各种事就是恶意了,0,隐含,中性,无,low
住校生,,comment,我觉得说一次就是他的不对,0,隐含,中性,无,low
住校生,,comment,我的建议是有来有往，她提要求你也提，别每次都答应那么痛快，让她觉得可以0成本找茬，她要是没有按你的来你也不用顾忌她了,0,隐含,中性,无,low
住校生,,comment,记得在她找茬的时候提，她不答应你也不用理她,0,隐含,中性,无,low
住校生,,comment,就是我就是太善良这些人不能太善良,0,隐含,中性,无,low
住校生,,comment,是的 一再忍让就会换来这样子,0,隐含,中性,无,low
住校生,,comment,我遇到过说让我抽纸抽的声音小点,0,隐含,中性,无,low
住校生,,comment,有些人就这样，身体和被子间的摩擦声也要来找你的茬,0,隐含,中性,无,low
住校生,,comment,翻身都不许还住啥宿舍啊当然为了维持表面和谐只能糊弄一下她,0,隐含,中性,无,low
住校生,,comment,我还遇到过管别人上厕所的,0,隐含,中性,无,low
住校生,,comment,是手机不是电脑键盘，而且我没做美甲，精神衰弱到这种地步也是没谁了,0,隐含,中性,无,low
住校生,,comment,找导员调解之,0,隐含,中性,无,low
住校生,,title,女高中生教室过夜,0,隐含,中性,无,low
住校生,,comment,我操 对对对,0,隐含,中性,无,low
住校生,,comment,我高一的时候住校，然后在回宿舍的路上被跟上过（你懂的）,0,隐含,中性,无,low
住校生,,comment,是的是的,0,隐含,中性,无,low
住校生,,comment,潍坊中学吗,0,隐含,中性,无,low
住校生,,comment,我靠从评论区出不来了,0,隐含,中性,无,low
住校生,,comment,我也是，我还是凌晨两三点刷到的,0,隐含,中性,无,low
住校生,,comment,你高中是在潍坊上的吗,0,隐含,中性,无,low
住校生,,comment,对 我去 好多人都猜到我在哪个高中了,0,隐含,中性,无,low
住校生,,comment,猜猜现在几点，猜猜现在我在哪,0,隐含,中性,无,low
住校生,,comment,看着这个帖子，突然想起来高中同年级的一伙人凌晨三点-四点起来，翻全校的课桌偷钱，后面调监控给带走了,0,隐含,中性,无,low
住校生,,comment,我去我们学校也有过,0,隐含,中性,无,low
住校生,,comment,我去我初中也有这个事，但是是退学的人带社会上的人翻墙进来，当时我们初三周末会提前返校，他们就偷了初三的钱，有14个班我班楼层低一点就被偷了，再往上一点的就没偷，然后那个带人进来的那个人没偷他原来那个班的,0,隐含,中性,无,low
住校生,,comment,后来就调监控，报警才找到的，但是钱没有全部拿回来，因为他们未成年人而且钱也花掉了，后面就保安赔了一半的钱,0,隐含,中性,无,low
住校生,,comment,二中的吗,0,隐含,中性,无,low
住校生,,comment,吼，我们学校也有过，这还是我初中的时候，除了我们班之外的隔壁三个班都有男生参与，然后就去偷高中部的东西,0,隐含,中性,无,low
住校生,,comment,估计来我们这他翻一栋楼翻不出一百,0,隐含,中性,无,low
住校生,,comment,偷钱这事我们学校也遇到过，就在这个学期,0,隐含,中性,无,low
住校生,,comment,然后，半夜的时候小偷（应该不是成年人，可能是被退学或者辍学的学生，不止一个应该还有同伙）就往我们高三楼里一间教室一间教室的搜刮钱,0,隐含,中性,无,low
住校生,,comment,教室里有监控，但是全被挡住了（我们每个班都有班旗布的那种，他直接卡死在角落刚好挡住监控）别问为什么，因为周一早上我去的早，教室没什么人，我就看到那个班旗卡在那，我还以为是我们班的那些人弄的，所以没在意,0,隐含,中性,无,low
住校生,,comment,到之后才听到班里的人说钱被偷了,0,隐含,中性,无,low
住校生,,comment,高中时某天半夜我去上厕所遇到隔壁宿舍的女孩，她问我能不能陪她回教学楼拿抗敏药,0,隐含,中性,无,low
住校生,,comment,不能数楼梯，否则你就会去代替少了那一阶,0,隐含,中性,无,low
住校生,,comment,之所以听到那个故事我吓麻了，主要还是因为她说这话的时候我确实在默默的数楼梯，虽然记不清一层楼到底多少个台阶了，但肯定是双数，为了省力我都是两级两级走的，谁能想到她突然讲鬼故事呢,0,隐含,中性,无,low
住校生,,comment,在教室睡觉不安全，之前就有学生在学校睡觉被坏人强奸的新闻，还是叫家长接送吧，安全第一,0,隐含,中性,无,low
住校生,,comment,看来你们现在不怎么看校园恐怖片,0,隐含,中性,无,low
住校生,,comment,以前我们90后已经有心理阴影了,0,隐含,中性,无,low
住校生,,comment,以前我们90年看的恐怖片都是校园题材，吓人得要命,0,隐含,中性,无,low
住校生,,comment,其实感觉帖主是没想那么多啦...安全是有隐患但是这种体验绝对是独一无二的 我上高中的时候也想这么做过但是保安晚上巡查很严 祝帖主事事平安,0,隐含,中性,无,low
住校生,,comment,是的是的我有想法就会实践,0,隐含,中性,无,low
住校生,,comment,才看到这个帖子还是想说一下初中的时候七年级班里面有一个男生学习不好但是智力很正常还是个二次元宅男然后有一天晚上他就来到我们班里面把放在桌子上的水杯里的水都喝了好几口瓶口舔了好几遍然后还亲桌子坐在桌子上这件事情说我们班主任后来看监控才看到的，我当时跟班主任关系挺好他告诉我的我当时特震惊,0,隐含,中性,无,low
住校生,,comment,那样的话一次性使用后面就不知道干啥用了,0,隐含,中性,无,low
住校生,,title,没课 大雨 刚洗澡 手机满电 没尿 安静 整洁,0,隐含,中性,无,low
住校生,,comment,你再仔细感受一下，肯定有尿,0,隐含,中性,无,low
住校生,,comment,福建大蟑螂,0,隐含,中性,无,low
住校生,,comment,说的是我啊,0,隐含,中性,无,low
住校生,,comment,每晚睡前一感受都是有尿,0,隐含,中性,无,low
住校生,,comment,^^,0,隐含,中性,无,low
住校生,,comment,哈哈哈哈哈哈哈哈哈哈💫,0,隐含,中性,无,low
住校生,,comment,（小瓜要健康💜）,0,隐含,中性,无,low
住校生,,comment,你有毒哈哈哈哈哈哈,0,隐含,中性,无,low
住校生,,comment,me,0,隐含,中性,无,low
住校生,,comment,哈哈哈哈哈哈哈,0,隐含,中性,无,low
住校生,,comment,嘘～嘘～嘘,0,隐含,中性,无,low
住校生,,comment,憋尿，图书馆，复习，工程力学，备考中，头油，生活费见底,0,隐含,中性,无,low
住校生,,comment,没尿是重中之重,0,隐含,中性,无,low
住校生,,comment,还有不是生理期,0,隐含,中性,无,low
住校生,,comment,哪个大学呀姐妹,0,隐含,中性,无,low
住校生,,comment,这属于隐私了,0,隐含,中性,无,low
住校生,,comment,agate 金金的床帘,0,隐含,中性,无,low
住校生,,comment,怀念啊我们的青春啊,0,隐含,中性,无,low
住校生,,comment,爽 但我还磨磨蹭蹭没有上床,0,隐含,中性,无,low
住校生,,comment,宝宝这个大小框是一起的，pdd上一搜就有很多，十块左右，然后他会赠很多挂钩，贴墙上就行，我买过还挺好使的，可以看看上届有没有卖的，几块就能拿下,0,隐含,中性,无,low
住校生,,content,包括但不限于翻身、吃饭、穿衣服、洗漱、收拾书包 我发现我室友她们睡觉吃饭啥的声音都很小，动作也很轻，我想知道大家是怎么避免翻身之类被子发出的声音的，还有吃饭，我自己能听见挺大的声音不知道别人能不能听见#宿舍生活,0,隐含,中性,无,low
住校生,,comment,我也想知道,0,隐含,中性,无,low
住校生,,comment,我走路不稳容易撞到东西，所以有时候会发出动静，我理解,0,隐含,中性,无,low
住校生,,comment,而且越小心越容易突然发现意想不到的声音，恶性循环,0,隐含,中性,无,low
住校生,,comment,+1，我也是走路不太稳，会撞到椅子,0,隐含,中性,无,low
住校生,,comment,对的，我觉得那些收拾东西还能不发出声音的人真的很厉害我就算是放个东西在桌子上都会发出声音，Ta们是怎么做到的无声的,0,隐含,中性,无,low
住校生,,comment,就是这样,0,隐含,中性,无,low
住校生,,comment,我也是这样,0,隐含,中性,无,low
住校生,,comment,我也是，一旦慢起来就估计不好时间了，一看时间才发现自己特别特别慢，，,0,隐含,中性,无,low
住校生,,comment,建议换寝室,0,隐含,中性,无,low
住校生,,comment,当然你也可以根据寝室和你的关系考虑，只改这一个还好，就当帮自己变更好了如果不是的话，寝室关系还一塌糊涂建议直接换，有句话说得好叫圈子不同不必强融,0,隐含,中性,无,low
住校生,,comment,如果人很好你可以直接交流我刚上大一的时候有问题都是直接和室友说大家沟通是最快的,0,隐含,中性,无,low
住校生,,comment,书包趁室友醒着的时候（比如前一天晚上）就收拾好，如果书包腾不出来，就先把书抽出来摞到桌子上,0,隐含,中性,无,low
住校生,,comment,（从书架上抽出来）,0,隐含,中性,无,low
住校生,,comment,衣服也是提前拿出来放好,0,隐含,中性,无,low
住校生,,comment,上床不扶栏杆借力好像声音会小一点,0,隐含,中性,无,low
住校生,,comment,拉拉链时捏住拉链头，手指人肉手动消音,0,隐含,中性,无,low
住校生,,comment,床帘这种双层拉链的两个一起捏住否则只捏一个抖起来会很响,0,隐含,中性,无,low
住校生,,comment,上床不扶着点会摔倒，摔下去声音会更大,0,隐含,中性,无,low
住校生,,comment,哦哦哦可能梯子不一样[呃R]我们宿舍是楼梯式梯子，可以手脚并用爬上去,0,隐含,中性,无,low
住校生,,comment,不是说悬空不扶，是说不扶侧边栏杆,0,隐含,中性,无,low
住校生,,comment,不过确实是安全第一，声响都是次之了,0,隐含,中性,无,low
住校生,,comment,我们也是楼梯台阶，但是台阶中间高度大,0,隐含,中性,无,low
住校生,,comment,够慢就行,0,隐含,中性,无,low
住校生,,comment,我也会这样所以到xhs上来搜建议不过关于吃饭我有一个好主意：闭嘴嚼，声音会变小,0,隐含,中性,无,low
住校生,,comment,洗漱……关门,0,隐含,中性,无,low
住校生,,comment,流水不用开太大,0,隐含,中性,无,low
住校生,,title,宝宝你是一个河北高中住宿女,0,隐含,中性,无,low
住校生,,content,宝宝你是一个河北女高，你初中上的是贵族学校，和同学荒废时间，玩了两年半你才明白，他们是真有钱，而你只是恰好是片内,0,隐含,中性,无,low
住校生,,content,只不过你到了那里才发现不错个狗屁,0,隐含,中性,无,low
住校生,,content,你中午在食堂吃的烤肉拌饭，和朋友都吃出了馊肉，只能自认倒霉,0,隐含,中性,无,low
住校生,,content,今天你发誓一定要早睡，快到11点的时候有点饿，正好朋友开了一包零食，她分了你点,0,隐含,中性,无,low
住校生,,content,这时候突然来了屎意，快四天没拉屎的你赶紧拿上纸去厕所,0,隐含,中性,无,low
住校生,,content,讪笑的说阿姨我肚子疼想上厕所，阿姨说高三了还不懂规矩，没到点不许去，借着学习的名义随意走动说话，不学习就赶紧睡觉,0,隐含,中性,无,low
住校生,,content,你再三求饶阿姨也没让你去厕所，就这样你的💩又憋回去了,0,隐含,中性,无,low
住校生,,content,第二天五点五十跑操，新的一天又开始了,0,隐含,中性,无,low
住校生,,content,大课间的时候被叫到办公室，看着班主任手机上宿管阿姨的告状信息，得知如果再有下次直接扣分，你一想到扣分又要搞值日，只觉得两眼一黑天塌了,0,隐含,中性,无,low
住校生,,content,这时候妈妈问你收拾好了吗，你一看表原来已经五点半了，你还要赶在六点前回学校上晚自习,0,隐含,中性,无,low
住校生,,comment,我就站在这里看有谁敢说我大精英一句好话,0,隐含,中性,无,low
住校生,,comment,精英毕业生加一,0,隐含,中性,无,low
住校生,,comment,你说的是石家庄精英吗,0,隐含,中性,无,low
住校生,,comment,真的这么严,0,隐含,中性,无,low
住校生,,comment,我不是精英的，起码在精英不会吃到馊肉吧我觉得我感觉精英会更严,0,隐含,中性,无,low
住校生,,comment,在精英打死也拉不出屎,0,隐含,中性,无,low
住校生,,comment,点了，我当时整整五天,0,隐含,中性,无,low
住校生,,comment,宝宝你天真了，精英也有馊肉，吃了一次窜了三天,0,隐含,中性,无,low
住校生,,comment,幸好早已毕业,0,隐含,中性,无,low
住校生,,comment,益众的不多说了啊,0,隐含,中性,无,low
住校生,,comment,石家庄精英中学,0,隐含,中性,无,low
住校生,,comment,坏了遇到校友了,0,隐含,中性,无,low
住校生,,comment,我就知道会有精英,0,隐含,中性,无,low
住校生,,comment,看到5点50起床我就浑身不适,0,隐含,中性,无,low
住校生,,comment,我超我已经不记得咱们当时什么时候起床睡觉了,0,隐含,中性,无,low
住校生,,comment,大学也素精英集团,0,隐含,中性,无,low
住校生,,comment,原来校友啊,0,隐含,中性,无,low
住校生,,comment,我靠真的啊...你是,0,隐含,中性,无,low
住校生,,comment,重生之误入少爷小姐学校,0,隐含,中性,无,low
住校生,,comment,片内生是真老实了哈,0,隐含,中性,无,low
住校生,,comment,不是不是,0,隐含,中性,无,low
住校生,,comment,我大学舍友初中高中是43中的，我高中在志臻，我弟初中高中都在志臻,0,隐含,中性,无,low
住校生,,comment,我们家满门皆兵了属于是,0,隐含,中性,无,low
住校生,,comment,辛苦了哈哈哈哈哈,0,隐含,中性,无,low
住校生,,comment,没考上呀宝宝,0,隐含,中性,无,low
住校生,,comment,南校还是中校呀,0,隐含,中性,无,low
住校生,,comment,不是不会是初中43高中精英吧我勒个校友,0,隐含,中性,无,low
住校生,,comment,高中猜错啦宝宝,0,隐含,中性,无,low
住校生,,comment,哈哈哈哈哈哈哈哈不是安一宝宝,0,隐含,中性,无,low
住校生,,comment,还我拉屎自由,0,隐含,中性,无,low
住校生,,content,捏麻麻捏，复试搞到半夜突然听到舍友在床上做手工,0,隐含,中性,无,low
住校生,,content,荒谬的世界#复试人精神状态#舍友,0,隐含,中性,无,low
住校生,,comment,哈哈哈哈哈哈哈你爬过去幽幽问一句需要帮忙吗,0,隐含,中性,无,low
住校生,,comment,关系没那么好,0,隐含,中性,无,low
住校生,,comment,到底有啥声音啊，好奇,0,隐含,中性,无,low
住校生,,comment,你肯定是女生，男生可不会好奇,0,隐含,中性,无,low
住校生,,comment,我复习的时候也想做手工[完啦R],0,隐含,中性,无,low
住校生,,comment,做，做完好好复习,0,隐含,中性,无,low
住校生,,comment,搞得好像你不diy一样,0,隐含,中性,无,low
住校生,,title,住宿牲才懂的痛,0,隐含,中性,无,low
住校生,,content,#搞笑#段子#内容过于真实#学生时代#宿舍生活,0,隐含,中性,无,low
住校生,,comment,我们学校放月假，应该没有人比我们更命苦了吧,0,隐含,中性,无,low
住校生,,comment,其实走读的也是这样平常也不给手机玩,0,隐含,中性,无,low
住校生,,comment,苹果17,0,隐含,中性,无,low
住校生,,comment,正在玩👍🏻,0,隐含,中性,无,low
住校生,,comment,1[捂嘴笑R],0,隐含,中性,无,low
住校生,,comment,我怎么变成二了,0,隐含,中性,无,low
住校生,,title,每个宿舍都有独一无二的姐,0,隐含,中性,无,low
住校生,,comment,出得这么萌,0,隐含,中性,无,low
住校生,,comment,广告处理，下一个,0,隐含,中性,无,low
住校生,,comment,感觉是卖串儿的,0,隐含,中性,无,low
住校生,,title,极简｜宿舍6,0,隐含,中性,无,low
住校生,,content,#大学生极简生活#我的精简生活#极简#和极简生活在一起#极简主义#宿舍生活#日常消耗,0,隐含,中性,无,low
住校生,,comment,博主只是东西少，但每样都是精品，个人品味也好，也很懂得呵护自己,0,隐含,中性,无,low
住校生,,comment,主要是家庭财力给力吧,0,隐含,中性,无,low
住校生,,comment,我感觉买贵的还比买便宜化妆品护肤品更省钱,0,隐含,中性,无,low
住校生,,comment,贵的我会用光，便宜的我会越囤越多，而且还经常忘记用直到放过期,0,隐含,中性,无,low
住校生,,comment,宝子大几了,0,隐含,中性,无,low
住校生,,comment,喝依云啊,0,隐含,中性,无,low
住校生,,comment,我觉得你已经很很厉害了，因为我就是属于更那种舍得用，然后就放那儿的人，我就可能买完之后都没拆开，就像我买那个千玺的专辑两年了，我还没拆,0,隐含,中性,无,low
住校生,,comment,我嘞个豆 我之前也是这样的 就是一直都不用 直到它使用效果不好,0,隐含,中性,无,low
住校生,,comment,壁纸难道是,0,隐含,中性,无,low
住校生,,comment,看着像是,0,隐含,中性,无,low
住校生,,comment,哈哈哈哈哈 一闪而过还是被我发现了,0,隐含,中性,无,low
住校生,,comment,蓝胖子肤感好嘛,0,隐含,中性,无,low
住校生,,comment,她不是说有点油吗,0,隐含,中性,无,low
住校生,,comment,我觉得好,0,隐含,中性,无,low
住校生,,comment,成膜也很快，摸上去滑溜溜的,0,隐含,中性,无,low
住校生,,comment,反正防晒效果特别好,0,隐含,中性,无,low
住校生,,comment,我感觉还行,0,隐含,中性,无,low
住校生,,comment,没安耐晒油,0,隐含,中性,无,low
住校生,,comment,干皮不适合冬天用 到下午很干,0,隐含,中性,无,low
住校生,,comment,好用，但是一定要摇匀，不然会油,0,隐含,中性,无,low
住校生,,comment,感觉明年回来可以极简了,0,隐含,中性,无,low
住校生,,comment,真的可以做到吗,0,隐含,中性,无,low
住校生,,comment,宝宝求双肩包链接,0,隐含,中性,无,low
住校生,,comment,是什么颜色呀宝宝 我去看了一下 好像没有淡粉呢,0,隐含,中性,无,low
住校生,,title,极简人回校收拾宿舍,0,隐含,中性,无,low
住校生,,content,#大学生#极简#vlog#开学带这些#宿舍生活#回校#行李#断舍离极简生活,0,隐含,中性,无,low
住校生,,comment,感觉还是家近,0,隐含,中性,无,low
住校生,,comment,跨市，一两个月回一趟，比家在省外会好很多,0,隐含,中性,无,low
住校生,,comment,但是我家里更没啥东西,0,隐含,中性,无,low
住校生,,comment,好久没刷到了,0,隐含,中性,无,low
住校生,,comment,之前宿舍介绍说过呀，衣服放在铁柜子上面，换季拿下来更换,0,隐含,中性,无,low
住校生,,comment,估计是身上一套衣柜一套,0,隐含,中性,无,low
住校生,,comment,这个透明水杯有链接吗,0,隐含,中性,无,low
住校生,,comment,没有哦……是夜市地摊上买的,0,隐含,中性,无,low
住校生,,comment,之前有出过宿舍介绍,0,隐含,中性,无,low
住校生,,comment,不过因为物品不算多，每样都是能用上的，所以没啥收纳,0,隐含,中性,无,low
住校生,,comment,书也没有啊,0,隐含,中性,无,low
住校生,,comment,学设计的没有课本，只有老师提供或者我们自己去找参考书/案例,0,隐含,中性,无,low
住校生,,comment,哈哈哈哈每样东西都老演员了长期主义的宝,0,隐含,中性,无,low
住校生,,comment,嘿嘿，物品越用越有感情,0,隐含,中性,无,low
住校生,,comment,菠萝用的是什么手机拍的,0,隐含,中性,无,low
住校生,,comment,之前有介绍捏,0,隐含,中性,无,low
住校生,,comment,介绍宿舍的时候说过哩,0,隐含,中性,无,low
住校生,,comment,别的不说，内衣内裤我得5套，不然回南天顶不住,0,隐含,中性,无,low
住校生,,comment,哎我们楼上找了好几次，态度很嚣张,0,隐含,中性,无,low
住校生,,comment,我们是隔壁拖椅子，因为是顶楼，而且就是和我一墙之隔那个人，今天去找了她说，死不承认,0,隐含,中性,无,low
住校生,,comment,那这个真的没有办法了要么就去和导员说和宿管,0,隐含,中性,无,low
住校生,,comment,唯一的方法就是当面去给人家说了，不然你上表白墙说人家也不一定有表白墙,0,隐含,中性,无,low
住校生,,comment,还有一种很怂的方法，就是带耳塞,0,隐含,中性,无,low
住校生,,comment,怎么解决的 晚现在也面临这个问题 在宿舍群里说了也没有用,0,隐含,中性,无,low
住校生,,comment,直接上去说 或者和宿管说,0,隐含,中性,无,low
住校生,,comment,我跟楼上说了，但是楼上不承认...,0,隐含,中性,无,low
住校生,,comment,我闺蜜就被问过，她还道了歉的，但是她记得她们这个时间段没在寝室，我们寝室也经常半夜听到拖凳子声，可能是楼层修建结构的原因，也不一定真的是楼上在拖凳子,0,隐含,中性,无,low
住校生,,title,今日笑话,0,隐含,中性,无,low
住校生,,comment,耳机里有音乐真的听不到,0,隐含,中性,无,low
住校生,,comment,我戴xm4舍友都要叫我好几遍,0,隐含,中性,无,low
住校生,,comment,5不隔人声,0,隐含,中性,无,low
住校生,,comment,隔啊 系统没选好吧,0,隐含,中性,无,low
住校生,,comment,4比5降噪好一百倍,0,隐含,中性,无,low
住校生,,comment,我反正听歌的时候放大声一点根本听不见舍友的声音,0,隐含,中性,无,low
住校生,,comment,我一般音乐声不大,0,隐含,中性,无,low
住校生,,comment,可以调声音均衡的,0,隐含,中性,无,low
住校生,,comment,音乐声音大的时候根本注意不到别人讲话,0,隐含,中性,无,low
住校生,,comment,你一般都是调多大呀,0,隐含,中性,无,low
住校生,,comment,反正我的不隔等后天周一上班我可以把我的平衡发出来,0,隐含,中性,无,low
住校生,,comment,Walkman不到一半，可能40％左右,0,隐含,中性,无,low
住校生,,comment,隔的，肯定是没带好,0,隐含,中性,无,low
住校生,,comment,我记得降噪耳机都是不隔人声的,0,隐含,中性,无,low
住校生,,comment,这两个音量都不能完全隔音，第二个大声的好一点,0,隐含,中性,无,low
住校生,,comment,你有下那个app吗 感觉app里那个自适应什么的都调一遍隔音就蛮好的,0,隐含,中性,无,low
住校生,,comment,好的我下载一个调一调,0,隐含,中性,无,low
住校生,,comment,声音小一点根本听不见 只能听见一点杂音,0,隐含,中性,无,low
住校生,,comment,点了，我听着歌已经两次地铁坐过站了[呃R],0,隐含,中性,无,low
住校生,,comment,放歌的话确实听不见别人叫我，不放歌能听见,0,隐含,中性,无,low
住校生,,comment,啊室友讲话，我清晰可听见我真开了降噪,0,隐含,中性,无,low
住校生,,comment,和airpods pro2对比 降噪更没有一样,0,隐含,中性,无,low
住校生,,comment,我感觉效果比AirPods pro 2好多了,0,隐含,中性,无,low
住校生,,comment,哈哈哈哈哈哈哈哈哈哈哈哈哈哈哈哈哈,0,隐含,中性,无,low
住校生,,comment,不管什么头戴式声音开大一点都会听不到吧朋友pdd几十块钱的半入耳式声音大一点都听不见人说话呢,0,隐含,中性,无,low
住校生,,comment,耳机是拿来听的，想要纯隔音买耳塞,0,隐含,中性,无,low
住校生,,comment,这款 xm5 音质咋样呀,0,隐含,中性,无,low
住校生,,comment,推荐买吗,0,隐含,中性,无,low
住校生,,comment,戴久了会痛,0,隐含,中性,无,low
住校生,,comment,有没有人出呀 考研想收一个降噪耳机,0,隐含,中性,无,low
住校生,,comment,我戴4，坐我旁边的室友讲话我得摘下才能听得清，远一点的叫我我都听不到,0,隐含,中性,无,low
住校生,,comment,你那时候放音乐了吗,0,隐含,中性,无,low
住校生,,comment,xm5不知道 我的是xm2 之前和室友玩你比划我来猜游戏 三个人站一列 中间的猜词人戴着耳机（耳机里放着音乐） 说词的人直接站他后面喊词 猜词的人都完全听不见,0,隐含,中性,无,low
住校生,,content,#宿舍生活#在学校的我#当代高中生现状#寝室生活#高中生活#高中生的精神状态,0,隐含,中性,无,low
住校生,,comment,高中还用小天才,0,隐含,中性,无,low
住校生,,comment,让带手机,0,隐含,中性,无,low
住校生,,comment,可以加好友吗,0,隐含,中性,无,low
住校生,,comment,我去，这个是惠州中学吗,0,隐含,中性,无,low
住校生,,comment,在阶梯教室自习不应该是给罚的吗,0,隐含,中性,无,low
住校生,,content,#刘耀文#养耳洞#打耳洞,0,隐含,中性,无,low
住校生,,comment,宝宝，我推荐先带着你刚打完耳洞的耳钉一周,0,隐含,中性,无,low
住校生,,comment,然后再换，我是去年这个时候打的，在学校打的,0,隐含,中性,无,low
住校生,,comment,宝宝，一定要用酒精随时消毒哦，一天起码四到五次，前一个月睡觉不要压着，也不要撞到，这样好的快一点,0,隐含,中性,无,low
住校生,,comment,达州的话我知道一家就是在中心广场的追银族的手穿好一点，不会灌脓,0,隐含,中性,无,low
住校生,,comment,它哪里价钱多少呀,0,隐含,中性,无,low
住校生,,comment,我打的是99的，毕竟可以自己自选耳钉,0,隐含,中性,无,low
住校生,,comment,两个耳朵吗,0,隐含,中性,无,low
住校生,,comment,养耳洞花的钱多不多,0,隐含,中性,无,low
住校生,,comment,个人体质吧，可以买树脂，也可以买塑料的,0,隐含,中性,无,low
住校生,,comment,我就是在拼多多上随便买的，2块钱买了20多个透明的耳钉，然后用之前消一下毒,0,隐含,中性,无,low
住校生,,comment,刚打那几天，我每两天拿生理盐水擦一次,0,隐含,中性,无,low
住校生,,comment,这种家长发现的了不，只有一个耳朵，想打同款,0,隐含,中性,无,low
住校生,,comment,我打了三个，耳骨一个，耳垂两个,0,隐含,中性,无,low
住校生,,comment,最好是钛合金的,0,隐含,中性,无,low
住校生,,comment,这个多少钱一般,0,隐含,中性,无,low
住校生,,comment,20左右，杆＋基础钉,0,隐含,中性,无,low
住校生,,comment,很便宜，PDD的钛合金四块两杆,0,隐含,中性,无,low
住校生,,comment,你是手穿还是枪打,0,隐含,中性,无,low
住校生,,comment,那种不痛,0,隐含,中性,无,low
住校生,,comment,生理盐水➕消炎药➕左氧氟沙星滴眼液,0,隐含,中性,无,low
住校生,,comment,这些要多少钱呀,0,隐含,中性,无,low
住校生,,comment,打耳洞要养吗,0,隐含,中性,无,low
住校生,,comment,我以前打了就是，然后每天时不时转动一下，以免堵住，过一个礼拜就换成透明的棒棒,0,隐含,中性,无,low
住校生,,comment,洗头后要及时用吹风机冷风吹干,0,隐含,中性,无,low
住校生,,comment,手穿贵不贵呀,0,隐含,中性,无,low
住校生,,comment,我的手穿，左耳35,0,隐含,中性,无,low
住校生,,comment,我看了一下我们这边打耳洞5r or10r,0,隐含,中性,无,low
住宿生,,title,刷到这个帖子狠狠共鸣了,0,隐含,中性,无,low
住宿生,,content,集体宿舍是一场缓慢且漫长的身心煎熬,0,隐含,中性,无,low
住宿生,,content,神仙室友有，但毕竟是少数，反正我没遇到，我不是幸运儿,0,隐含,中性,无,low
住宿生,,comment,我比俘虏过得还次,0,隐含,中性,无,low
住宿生,,comment,哈哈哈，所以我读研压根不住宿舍,0,隐含,中性,无,low
住宿生,,comment,哈哈,0,隐含,中性,无,low
住宿生,,comment,*💐,0,隐含,中性,无,low
住宿生,,comment,我们高中时的宿舍甚至是学校签约了一家烂尾楼宾馆改造的校外宿舍…,0,隐含,中性,无,low
住宿生,,comment,***9,0,隐含,中性,无,low
住宿生,,comment,从雷打不动拥有超好睡眠变成神经衰弱需要关灯戴眼罩耳塞 偶尔吃点褪黑素也不一定能睡着 只需要大学四年,0,隐含,中性,无,low
住宿生,,comment,加研究生两年，精神已经衰弱了,0,隐含,中性,无,low
住宿生,,comment,评论区说住宿费只要几百的，你们知不知道高中强制住宿,0,隐含,中性,无,low
住宿生,,comment,八人间上下铺，无热水器无空调，洗澡都要自己拿热水瓶去接水洗，你们可能没住过这种宿舍，但我真住过，,0,隐含,中性,无,low
住宿生,,comment,把八条狗关在一个六十平米小窝我都会心疼狗跑不开…但是居然可以住八个人,0,隐含,中性,无,low
住宿生,,comment,宿舍只有二十多平,0,隐含,中性,无,low
住宿生,,comment,因为能解决问题的人早就不住宿了,0,隐含,中性,无,low
住宿生,,comment,至少和同事不用住一起,0,隐含,中性,无,low
住宿生,,comment,那你是遇到好室友了 我室友在宿舍放录音器你拿电脑出去干点事都要问你要干什么,0,隐含,中性,无,low
住宿生,,comment,有没有可能中国大学普遍的资源无法支持给学生单人单间呢这得多大面积的宿舍楼，部分学校研究生不提供宿舍都要自己租房如果不考虑每年宿舍费的话其实忍不了可以在附近租房吧,0,隐含,中性,无,low
住宿生,,comment,如果愿意支付很贵的单人间住宿费其实在外面租岂不是更方便舒适,0,隐含,中性,无,low
住宿生,,comment,是的，待久肯定会这样，会有各种各样的点,0,隐含,中性,无,low
住宿生,,title,舍友竟在宿舍砌了一面墙,0,隐含,中性,无,low
住宿生,,content,因为刚入住寝室就岗前培训两周多加上各种考试，本宿舍狗精挑细选的漂亮窗帘暂时也没空收拾它，只能洗完后先挂在角钢床帘架上面，竟意外的合适,0,隐含,中性,无,low
住宿生,,comment,考完试暴食暴睡两天，终于休息过来了,0,隐含,中性,无,low
住宿生,,comment,总之好像大家都挺好奇几个问题，统一说一下①床铺上铺很矮，刚好比一米略短一点点，角钢条是掰弯塞进去的,0,隐含,中性,无,low
住宿生,,comment,②床铺宽度很长，一米一，下铺和桌子之间的距离适合一般体型人坐着，所以不需要外扩床帘，一般宿舍可能还是外扩床帘舒服些,0,隐含,中性,无,low
住宿生,,comment,我舍友就是这样弄的，只不过她们用的是挂钩，经常会“张万森，下钩子了”,0,隐含,中性,无,low
住宿生,,comment,你是西北人吗宝宝我甘肃的，我们那边钩子也是屁股,0,隐含,中性,无,low
住宿生,,comment,我以前听北方同学说过，一直以为是钩子，后来才发现其实是沟子，屁股沟,0,隐含,中性,无,low
住宿生,,comment,哈哈哈哈哈哈哈哈哈哈哈哈哈哈哈哈,0,隐含,中性,无,low
住宿生,,comment,我去年就是这样,0,隐含,中性,无,low
住宿生,,comment,哈哈哈哈哈哈哈哈哈,0,隐含,中性,无,low
住宿生,,comment,"我日哈哈哈哈哈哈哈哈哈哈哈哈哈我给你说滑轨这样弄也会,那个钩子经常掉",0,隐含,中性,无,low
住宿生,,comment,笑鼠了,0,隐含,中性,无,low
住宿生,,comment,我们这边方言钩子是意思是屁股所以我刚刚刷牙的时候看到你这条评论把泡沫笑喷了啊啊啊啊啊啊啊啊,0,隐含,中性,无,low
住宿生,,comment,不是我是四川的,0,隐含,中性,无,low
住宿生,,comment,我的营帐,0,隐含,中性,无,low
住宿生,,comment,下面为什么罩起来干嘛,0,隐含,中性,无,low
住宿生,,comment,这样有点占用公共区域了吧,0,隐含,中性,无,low
住宿生,,comment,溢散的光和声音会挤占更多空间，而且如果你注意看的话地上对床之间刚好有三格地砖的间距，我们共认中间地砖为必要通行公共空间，而临桌位的两格各自分别是该相邻床铺之人的天然类领海自然属地，我的营帐投影面积刚好覆盖我自己的一格地砖,0,隐含,中性,无,low
住宿生,,comment,比如说给家里人打视频电话，如果你是她的室友，你愿意被人家看见你在宿舍不修边幅的样子吗,0,隐含,中性,无,low
住宿生,,comment,我觉得这些要求很合理啊,0,隐含,中性,无,low
住宿生,,comment,而且有时候半夜可能别人要睡觉了，她要学习或者用电脑，那发出的光是不是也可以挡住，不至于影响别人,0,隐含,中性,无,low
住宿生,,comment,难道生活四年在宿舍，都要一览无余才算是集体生活吗,0,隐含,中性,无,low
住宿生,,comment,请问这个叫甚麼,0,隐含,中性,无,low
住宿生,,comment,下面是桌子，估计是不想自己在桌子上学习或者干什么被别人看到很正常,0,隐含,中性,无,low
住宿生,,comment,这个配色有点阴间,0,隐含,中性,无,low
住宿生,,comment,有没有隔音的玩意,0,隐含,中性,无,low
住宿生,,comment,一块布能有多隔音啊[呃R],0,隐含,中性,无,low
住宿生,,comment,全裹起来,0,隐含,中性,无,low
住宿生,,comment,会不会热,0,隐含,中性,无,low
住宿生,,comment,这个床上趴着玩儿手机的东西好用不,0,隐含,中性,无,low
住宿生,,comment,好用，非常安逸，买贵的就不会被压扁,0,隐含,中性,无,low
住宿生,,comment,这个好，毕业拿回家还能接着用,0,隐含,中性,无,low
住宿生,,comment,嗯嗯，有这样想过,0,隐含,中性,无,low
住宿生,,comment,你这玩意进蟑螂,0,隐含,中性,无,low
住宿生,,comment,吾曾购入一窗帘 如今大三仍用之 其遮光甚佳 且便宜（才不到一百）不知各位姑娘是否需要吾赠与链接,0,隐含,中性,无,low
住宿生,,title,为什么学校宿舍的床位不像青旅一样设计,0,隐含,中性,无,low
住宿生,,content,后面一想可能是学校都没钱吧哈哈哈哈哈哈，就算有钱大部分也用在面子功夫上了,0,隐含,中性,无,low
住宿生,,content,#住宿#寝室生活#上下铺#宿舍#室友#宿舍上铺#宿舍床帘#大学宿舍#舍友#青旅,0,隐含,中性,无,low
住宿生,,comment,我也是说 几十块钱一晚的青旅 环境比宿舍都好,0,隐含,中性,无,low
住宿生,,comment,宿舍一天几块钱,0,隐含,中性,无,low
住宿生,,comment,在北京宿舍费一年才几百一千多块,0,隐含,中性,无,low
住宿生,,comment,对啊 我们学校一年600,0,隐含,中性,无,low
住宿生,,comment,政府都有很多补贴的，更别说北京的，说不定这宿舍都是送的,0,隐含,中性,无,low
住宿生,,comment,这钱±难道不年年给学校拨吗,0,隐含,中性,无,low
住宿生,,comment,问问宿舍补贴多少啊，有标准吗，一人一年多少钱,0,隐含,中性,无,low
住宿生,,comment,学校就是没钱搞这些,0,隐含,中性,无,low
住宿生,,comment,《青旅几十块一晚》《环境比宿舍好》《宿舍一天几块钱》《没必要讲这些》,0,隐含,中性,无,low
住宿生,,comment,一年1200……上下床6人…,0,隐含,中性,无,low
住宿生,,comment,评论区说一天几块钱的，问题是学校宿舍本来就不盈利呀，而且上面还会有资金补贴，水电费也是另交的,0,隐含,中性,无,low
住宿生,,comment,而且学校水电自交 我这空调费一天二十块,0,隐含,中性,无,low
住宿生,,comment,宿舍本来也比青旅便宜，一年也就一两千,0,隐含,中性,无,low
住宿生,,comment,钱大部分进入了校领导的裤裆里,0,隐含,中性,无,low
住宿生,,comment,南方确实，这种木头适合北方或者新疆那边,0,隐含,中性,无,low
住宿生,,comment,一年才几百块吗....,0,隐含,中性,无,low
住宿生,,comment,win1的,0,隐含,中性,无,low
住宿生,,comment,青旅盈利的呗，而且提供的完全就是住宿服务，环境弄好了多来人多赚钱,0,隐含,中性,无,low
住宿生,,comment,学校的宿舍是非盈利的，改造就是纯支出，更重要的的是学校主要提供的是教育和学历，这才是它的本职工作，招揽生源主要也是靠这个而不是住宿服务,0,隐含,中性,无,low
住宿生,,comment,[呃R]这样的学校貌似也不太能招揽生源吧,0,隐含,中性,无,low
住宿生,,comment,因为青旅几十块一天,0,隐含,中性,无,low
住宿生,,comment,大学住宿+水电费+学费一年才4500，平均一天才几块钱,0,隐含,中性,无,low
住宿生,,comment,那是你们学校呀宝宝 我们没有这么便宜 4500好便宜了 还包括水电费,0,隐含,中性,无,low
住宿生,,comment,我三四万一年的学费让我住6人寝,0,隐含,中性,无,low
住宿生,,comment,我也是，四万的学费，住宿费另算，住六人间,0,隐含,中性,无,low
住宿生,,comment,而且桌子是三张并连的，还没高中课桌大,0,隐含,中性,无,low
住宿生,,comment,我本科学校没装空调以前，有男生去行政楼大厅打地铺,0,隐含,中性,无,low
住宿生,,content,#校园#住宿生,0,隐含,中性,无,low
住宿生,,comment,不，还有那高压锅里飘出来的猪蹄的香味,0,隐含,中性,无,low
住宿生,,comment,就是就是，我就是,0,隐含,中性,无,low
住宿生,,comment,真的我从我们宿舍窗子看对面小区，晚上开着的灯越来越少，然后我们还在学习,0,隐含,中性,无,low
住宿生,,comment,联考前在闻到隔壁小区的烤鸭味，真的那一刻想吃烤鸭的心到达顶峰,0,隐含,中性,无,low
住宿生,,comment,根本看不见在楼里面 而且那个墙也老高了顶多能看见对面食堂 和外面空荡荡的大路,0,隐含,中性,无,low
住宿生,,comment,是的我当初就是这样的,0,隐含,中性,无,low
住宿生,,comment,这个真的回到宿舍在走廊窗户边上看见同班同学回家的背影,0,隐含,中性,无,low
住宿生,,comment,对，站在宿舍楼上，每晚回寝室都能看到外面的灯火,0,隐含,中性,无,low
住宿生,,comment,是，特别向往,0,隐含,中性,无,low
住宿生,,comment,我学校还在山上 外面是村,0,隐含,中性,无,low
住宿生,,comment,还好我们学校旁边是养猪场,0,隐含,中性,无,low
住宿生,,comment,对，我的学校旁边都是房子每天晚上看着心里很难受,0,隐含,中性,无,low
住宿生,,comment,找到同类了,0,隐含,中性,无,low
住宿生,,comment,只要学校不是很变态，那种全军事化管理的就好，,0,隐含,中性,无,low
住宿生,,comment,晚上有人陪你大牌,0,隐含,中性,无,low
住宿生,,comment,以前的时候根本就没有住宿，能不能取消啊,0,隐含,中性,无,low
住宿生,,comment,为什么走读住宿的选择权在父母手中,0,隐含,中性,无,low
住宿生,,comment,学校该怎么烂就怎么烂,0,隐含,中性,无,low
住宿生,,comment,12点放，下午六点回，一个星期就这六个小时，回家就感觉头上悬了一个计时器吃饭的时候都在看时间,0,隐含,中性,无,low
住宿生,,comment,所以老子退宿了,0,隐含,中性,无,low
住宿生,,comment,一点待不下去,0,隐含,中性,无,low
住宿生,,comment,啊啊啊啊啊为什么会有强制住宿这种东西,0,隐含,中性,无,low
住宿生,,title,正常人待不了宿舍,0,隐含,中性,无,low
住宿生,,content,#大学生#宿舍#思考#个人成长#内容过于真实,0,隐含,中性,无,low
住宿生,,comment,不正常的人才会活得太自我太敏感还意识不到自己不正常,0,隐含,中性,无,low
住宿生,,comment,正常人都有边界感，一句话秒了,0,隐含,中性,无,low
住宿生,,comment,你是对的,0,隐含,中性,无,low
住宿生,,comment,点了点了,0,隐含,中性,无,low
住宿生,,comment,因为本质上就是社会边缘人,0,隐含,中性,无,low
住宿生,,comment,你说的办公室地铁之类的我想问一下，这些人和我同吃同住吗,0,隐含,中性,无,low
住宿生,,comment,正常人都有独处的需求,0,隐含,中性,无,low
住宿生,,comment,人就是群聚动物，她待不下去将来办公室咋呆,0,隐含,中性,无,low
住宿生,,comment,地铁咋呆,0,隐含,中性,无,low
住宿生,,comment,和老公孩子3、4人咋呆啊,0,隐含,中性,无,low
住宿生,,comment,可能别人都不正常吧,0,隐含,中性,无,low
住宿生,,comment,敢情你一天24小时都在办公室地铁上啊,0,隐含,中性,无,low
住宿生,,comment,都挤着一间得了，干嘛要买房，干嘛还想住新的大的,0,隐含,中性,无,low
住宿生,,comment,你自己正常你没法保证你的室友全部正常阿,0,隐含,中性,无,low
住宿生,,comment,你和他们相隔半米不到吧,0,隐含,中性,无,low
住宿生,,comment,宿舍自己的床自己的桌不都呆不了吗,0,隐含,中性,无,low
住宿生,,comment,哈哈哈哈哈哈哈哈哈哈哈哈哈哈哈哈哈哈哈哈哈哈哈哈哈哈哈哈，好好笑,0,隐含,中性,无,low
住宿生,,comment,知道什么样的人不正常吗,0,隐含,中性,无,low
住宿生,,comment,就是那种没有同理心，身边即世界，拒绝睁眼看世界的人，比如,0,隐含,中性,无,low
住宿生,,comment,按你的说法大部分人都不正常了，因为大部分人没那么强的同理心，比起这些自己的欲望和利益更重要,0,隐含,中性,无,low
住宿生,,comment,不开玩笑，我家狗都不住这么小的地方,0,隐含,中性,无,low
住宿生,,comment,点了，那几平米的地方，我是真的没有想到能塞得下6~8个人比养猪场还密集,0,隐含,中性,无,low
住宿生,,comment,回复 甲子荡魔真武大帝 叶真 : 没上过大学很正常吧,0,隐含,中性,无,low
住宿生,,comment,没住过大学宿舍吗,0,隐含,中性,无,low
住宿生,,comment,把四个18到22岁的成年、作息不同、习惯不同、来自天南海北的人塞进一个小屋，就是对人性的摧残,0,隐含,中性,无,low
住宿生,,comment,其实大家都没错，错在非要把这些人聚起来,0,隐含,中性,无,low
住宿生,,comment,聚起来像军队一样统一管理就算了，毕竟这下大家谁也不欠谁的都得让步，结果还不管理，于是越能吃亏的越吃亏,0,隐含,中性,无,low
住宿生,,comment,那也没反对自己出去租房住呀,0,隐含,中性,无,low
住宿生,,comment,对的，大家都没错，习惯不同而已,0,隐含,中性,无,low
住宿生,,comment,我们学校是六个人一间,0,隐含,中性,无,low
住宿生,,comment,我们大学强制住校,0,隐含,中性,无,low
住宿生,,comment,谁告诉你的没拦着,0,隐含,中性,无,low
住宿生,,comment,其他的不知道，只知道我大学舍友都特别特别好，四个相处十分和谐的小女孩,0,隐含,中性,无,low
住宿生,,comment,我们宿舍也是，平时都互不打扰，偶尔讲学校八卦的时候就凑一块儿，过得特别舒服,0,隐含,中性,无,low
住宿生,,comment,打游戏打呼噜就更正常了，我其实完全没感觉,0,隐含,中性,无,low
住宿生,,comment,大家都是独立的个体，不迁就也不被影响的朋友关系才是舒服的,0,隐含,中性,无,low
住宿生,,comment,正常人都会觉得大学寝室是个很好的地方,0,隐含,中性,无,low
住宿生,,comment,现在的大学允许走读吗,0,隐含,中性,无,low
住宿生,,comment,不允许了，我们学校除非是家是同城的，否则免谈,0,隐含,中性,无,low
住宿生,,comment,所以那就出钱自己住单身公寓,0,隐含,中性,无,low
住宿生,,comment,因为我们的宿舍是2室1厅1厨1卫，而且一学期只要900块钱,0,隐含,中性,无,low
住宿生,,comment,[呃R]不会啊我舍友都很正常,0,隐含,中性,无,low
住宿生,,comment,而且无论跟谁住都要彼此迁就的 包括住在家里 除非你是独居 但是独居有独居的危险,0,隐含,中性,无,low
住宿生,,content,刚放好行李，扒开被子就看到了,0,隐含,中性,无,low
住宿生,,comment,一定要买一次性睡袋，才能安心躺,0,隐含,中性,无,low
住宿生,,comment,你是男的还是女的,0,隐含,中性,无,low
住宿生,,comment,我觉得一个一次性桌布也可以试试,0,隐含,中性,无,low
住宿生,,comment,打开图的一瞬间发出了和你一样的疑问,0,隐含,中性,无,low
住宿生,,comment,是女孩子,0,隐含,中性,无,low
住宿生,,comment,好了 我是女的，开了0.5，,0,隐含,中性,无,low
住宿生,,comment,wok 不用看就知道是le,0,隐含,中性,无,low
住宿生,,comment,应该是t,0,隐含,中性,无,low
住宿生,,comment,一看就是小女孩啊,0,隐含,中性,无,low
住宿生,,comment,你可真伤人,0,隐含,中性,无,low
住宿生,,comment,我也猜了男的，结果你说你是女的,0,隐含,中性,无,low
住宿生,,comment,肚子能看出来女生吧,0,隐含,中性,无,low
住宿生,,comment,动图为什么停了,0,隐含,中性,无,low
住宿生,,comment,挺好，你肚子没赘肉,0,隐含,中性,无,low
住宿生,,comment,好吧这个姐妹也是弗里恩的粉丝,0,隐含,中性,无,low
住宿生,,comment,我第一眼以为是男生，看了记得评论仔细看了半天 也没发现是女生,0,隐含,中性,无,low
住宿生,,comment,第一反应认定是男的，意识里男的才这举动，倒过来看，照片倒过来看，有点疑问“上像女，肚子像男的”再点开视频,0,隐含,中性,无,low
住宿生,,comment,哈哈哈，你这表情让我想到：别整这死出,0,隐含,中性,无,low
住宿生,,comment,找程序员换呀,0,隐含,中性,无,low
住宿生,,comment,始发站干净,0,隐含,中性,无,low
住宿生,,comment,这个好，不说还以为在家里,0,隐含,中性,无,low
住宿生,,comment,带了一个免票的幼儿，两个下铺+一次性三件套+一个大行李箱，三个人都睡得比较舒服,0,隐含,中性,无,low
住宿生,,comment,一只手拿着干纸巾垫在床单下边，另一只手用湿巾摁压血渍，就能把血渍转到干纸巾上，期间多次换干纸巾，最后用湿巾沾点内衣皂，捏几次就好了,0,隐含,中性,无,low
住宿生,,comment,我以为是自己的床单，忽略吧，不过这个方法自己用绝绝子,0,隐含,中性,无,low
住宿生,,comment,用安睡裤一般不会漏吧,0,隐含,中性,无,low
住宿生,,comment,看这样子已经干了起码好几个小时了吧,0,隐含,中性,无,low
住宿生,,comment,你不会想歪了吧这是姨妈血,0,隐含,中性,无,low
住宿生,,comment,我试图在评论区找到怎么去除血渍的方法，因为我也漏了，怎么都洗不掉，漂漂亮亮的床单就这么毁了,0,隐含,中性,无,low
住宿生,,comment,洗内裤那种，可以清血迹的,0,隐含,中性,无,low
住宿生,,comment,他们骗我说床单是一人一换,0,隐含,中性,无,low
住宿生,,comment,好像都是一来回一换,0,隐含,中性,无,low
住宿生,,comment,一次性床单 哈哈哈,0,隐含,中性,无,low
住宿生,,comment,躺上去还是膈应,0,隐含,中性,无,low
住宿生,,content,熄灯了你还站阳台上干吗,0,隐含,中性,无,low
住宿生,,content,你是不是想不开呀,0,隐含,中性,无,low
住宿生,,content,你是不是想tiao下去呀,0,隐含,中性,无,low
住宿生,,content,你tiao我看看呀,0,隐含,中性,无,low
住宿生,,content,” 2. 一天课间休息，忽然有一大群班里的男生围堵我女儿说“石头说你都不穿内yi的，真的假的呀,0,隐含,中性,无,low
住宿生,,content,即使我们转校了，不是为了逃避，只是因为我们不想太消耗自己宝贵的时间和精力， ⭐️之前让学校记大过处分和公开道歉，只是为了杜绝后患，但她说我们咄咄逼人，再这样她就要跳L了，所以不了了之，但我女儿受到的暗语伤人有增无减 #校园霸凌#校园霸凌#校园霸凌者,0,隐含,中性,无,low
住宿生,,comment,emmm我大概知道我为啥没有被校园霸凌了，我也遇到过这样的情况，擦黑板突然一个黑板刷直接砸我头上，我回头就大声质问：谁,0,隐含,中性,无,low
住宿生,,comment,然后整个教室看着我,0,隐含,中性,无,low
住宿生,,comment,还以为多大个能人呢,0,隐含,中性,无,low
住宿生,,comment,然后那个同学忍不住站起来说：我扔的怎么了,0,隐含,中性,无,low
住宿生,,comment,我话都不回直接把手上的黑板擦仍他头上,0,隐含,中性,无,low
住宿生,,comment,老师过来后，他六十大板，我四十大板,0,隐含,中性,无,low
住宿生,,comment,那个男生事后和我说：你真猛，我第一次遇到打架不要命的女生,0,隐含,中性,无,low
住宿生,,comment,之后我感觉班级和谐多了,0,隐含,中性,无,low
住宿生,,comment,越长大越觉得你做法是对的，从小被教导与人和善，结果就是被恶人欺负，就是要打回去，让人知道不好惹才对,0,隐含,中性,无,low
住宿生,,comment,对啊，不反击就会一直被欺负,0,隐含,中性,无,low
住宿生,,comment,博主更软,0,隐含,中性,无,low
住宿生,,comment,孩子妈妈，真的不能软弱，要给孩子足够的安全感，当然爸爸也一样，家长表面态度,0,隐含,中性,无,low
住宿生,,comment,要是我我就直接上去干架,0,隐含,中性,无,low
住宿生,,comment,所以从小没少干架,0,隐含,中性,无,low
住宿生,,comment,是的，因为那个时候我刚转学过去，打完那回架，我感觉突然我就融进去,0,隐含,中性,无,low
住宿生,,comment,感觉就应该这样，直接干一架是最好用的，现在学校缺乏这样的决斗场,0,隐含,中性,无,low
住宿生,,comment,是啊，一般我被人砸了我会直接大叫：谁啊卧槽,0,隐含,中性,无,low
住宿生,,comment,因为你这个留言我准备把楼主这个文章收藏起来，以后万一女儿碰到别人欺负她我就给她看你的留言看楼下大家的认同,0,隐含,中性,无,low
住宿生,,comment,我小学经常跟男生打架,0,隐含,中性,无,low
住宿生,,comment,有个男生把我笔袋故意扔地上，我叫他捡起来,0,隐含,中性,无,low
住宿生,,comment,他非但没有捡，还故意又把我笔袋踢远了，踩了好几脚,0,隐含,中性,无,low
住宿生,,comment,我站起来就是给了他一巴掌，把他眼镜都打飞了，镜腿也断了,0,隐含,中性,无,low
住宿生,,comment,他叫我赔钱，我还等了好几天都没等到他爸妈或者老师来找我,0,隐含,中性,无,low
住宿生,,comment,没过一个星期他眼镜又断了，他说他怎么这么倒霉，刚被我打坏了修好，又被他家亲戚孩子一屁股坐坏了，我说谁叫你欺负人遭报应了,0,隐含,中性,无,low
住宿生,,comment,就得这样，反击，当着全班的面反击，把事情闹开才对,0,隐含,中性,无,low
住宿生,,comment,对，会反抗的，人家不好贸然霸凌,0,隐含,中性,无,low
住宿生,,comment,牛逼 向你学习,0,隐含,中性,无,low
住宿生,,comment,法律管不了的，你来,0,隐含,中性,无,low
住宿生,,comment,闹有用，很有用，非常有用,0,隐含,中性,无,low
住宿生,,comment,女儿性格太软父母影响很大，我以前读书的时候学校一堆所谓的小混混,0,隐含,中性,无,low
住宿生,,comment,我都是见步走步，听说别人要打我我直接找上门问，你不是要打我吗,0,隐含,中性,无,low
住宿生,,comment,但是别人可能看我这么刚背后是不是有人经常问我你谁罩的这么拽，我说我不需要人罩,0,隐含,中性,无,low
住宿生,,comment,男生对我做小动作不雅的我直接把他拉进厕所就是一顿暴揍，揍到学校主任过来拉架,0,隐含,中性,无,low
住宿生,,comment,我直接吼主任说你们自己问问他对我做了什么,0,隐含,中性,无,low
住宿生,,comment,过后再说，千万别给闷着打,0,隐含,中性,无,low
住宿生,,comment,现在自己两个孩子了，我也是教育他给人打了别怂，要懂得还手，当然我不是支持孩子打架，而是你要让那些霸凌的人知道你有底线你不好欺负,0,隐含,中性,无,low
住宿生,,comment,弄桶屎在学校门口泼那个女生身上,0,隐含,中性,无,low
住宿生,,comment,尿也可以，带着也方便，可以装瓶装水里面,0,隐含,中性,无,low
住宿生,,comment,我是小时候被欺负，有同学拿了铅笔盒砸了我的头，三年级，我反手拿起老师的本夹子，开合处还有弹簧小钢丝,0,隐含,中性,无,low
住宿生,,comment,直接砸到对方头上，那个钢丝尖插对方头里了,0,隐含,中性,无,low
住宿生,,comment,如果她在本校没有亲戚大点的小孩，家里人就帮他找几个高年级比较厉害的孩子，让他们帮忙照顾一下自己的小孩，因为很多孩子还挺有正义感的,0,隐含,中性,无,low
住宿生,,comment,让孩子不要觉得自己是孤军奋战的,0,隐含,中性,无,low
住宿生,,comment,感觉好像只要在学校就离不开霸凌和被霸凌，无形之中总想有人试探你的底线,0,隐含,中性,无,low
住宿生,,comment,大部分看到被霸凌的孩子，真的是不太敢表达情绪的，在家里也不太敢,0,隐含,中性,无,low
住宿生,,comment,确实，孩子还是要学会反抗,0,隐含,中性,无,low
住宿生,,comment,表示你看看你不按规矩做事情，你是有问题的,0,隐含,中性,无,low
住宿生,,comment,第二句：熄灯了你还站阳台上干吗,0,隐含,中性,无,low
住宿生,,comment,这个时间地点，这样的问句，引起不好的遐想和暗示引导，你不守规则有问题，还再这样一个遐想的位置,0,隐含,中性,无,low
住宿生,,comment,第三句：你是不是想不开呀,0,隐含,中性,无,low
住宿生,,comment,第四句：你是不是想tiao下去呀,0,隐含,中性,无,low
住宿生,,comment,方向不良引导：那句有名的：不要去想一只蓝色的大象，不要去想一只蓝色的大象一样的,0,隐含,中性,无,low
住宿生,,comment,和这个一个一个意思,0,隐含,中性,无,low
住宿生,,comment,你说的很对 但是面对这种初中生无视带来的就是更大的霸凌,0,隐含,中性,无,low
住宿生,,comment,有时候打击坏人最好的办法就是成为坏人,0,隐含,中性,无,low
住宿生,,comment,我初高中被霸凌了6年，初中的时候家长和班主任介入过，但结果只是从明面上转成了私底下,0,隐含,中性,无,low
住宿生,,comment,但这些伤害真的不是时间能解决的,0,隐含,中性,无,low
住宿生,,comment,到了大学我感觉它们吧我的内心深处腐蚀了,0,隐含,中性,无,low
住宿生,,comment,所以，让妹妹从现在开始，就狠狠打击那些人吧,0,隐含,中性,无,low
住宿生,,title,在大学 真正的奢侈品是私人空间,0,隐含,中性,无,low
住宿生,,comment,我甚至很多时候宁愿上班都不想待在寝室…天天看着舍友杀人的心都有,0,隐含,中性,无,low
住宿生,,comment,我觉得正常寝室大于四个人都不得了了…能租房是再好不过,0,隐含,中性,无,low
住宿生,,comment,八人寝不通风别给自己闷死了,0,隐含,中性,无,low
住宿生,,comment,阳台全是衣服 门也不开 风最小 我还是上铺 hh,0,隐含,中性,无,low
住宿生,,comment,握草你身材好好，看看腹肌,0,隐含,中性,无,low
住宿生,,comment,是真的，私人空间，我现在寻求私人空间的方式就是，空教室，操场，要么就是厕所,0,隐含,中性,无,low
住宿生,,comment,要么就是没有人走的楼道拐角处,0,隐含,中性,无,low
住宿生,,comment,是这样的 想和家人打个电话都得去楼道,0,隐含,中性,无,low
住宿生,,comment,唉…而且楼道也不时会有人经过,0,隐含,中性,无,low
住宿生,,comment,在宿舍打电话还要被蛐蛐电话内容,0,隐含,中性,无,low
住宿生,,comment,真的，寝室里唯一的私人空间是床，学校里面其他就没什么私人空间了，到处都是人，就连去空教室也会被人打扰,0,隐含,中性,无,low
住宿生,,comment,我们床还不让装帘子更是没有隐私,0,隐含,中性,无,low
住宿生,,comment,那你们学校让装蚊帐吗,0,隐含,中性,无,low
住宿生,,comment,有自己的门和厕所就行，其他的都无所谓我要掌管洗澡大权和开灯大权,0,隐含,中性,无,low
住宿生,,comment,周末出去住酒店了,0,隐含,中性,无,low
住宿生,,comment,是的而且你看我这个ip，想租房都没钱租学校旁边合租一个次卧要3500,0,隐含,中性,无,low
住宿生,,comment,做梦都想,0,隐含,中性,无,low
住宿生,,comment,我们宿舍经常十二点了还打游戏 经常一点都没法睡着觉,0,隐含,中性,无,low
住宿生,,comment,啊啊啊啊宝宝 试试和舍友好好说一下呢,0,隐含,中性,无,low
住宿生,,comment,现在情况就是他抖床的频率是有规律的 不是一阵一阵的 然后他是我们睡了很熟睡的时候 我其他室友也听见了 然后他对其他人不这样,0,隐含,中性,无,low
住宿生,,comment,是不是抽筋 我有时候晚上脚抽筋就会疼得发抖,0,隐含,中性,无,low
住宿生,,comment,你是看不见他说冷吗,0,隐含,中性,无,low
住宿生,,comment,啊 略读了一下 现在看到了,0,隐含,中性,无,low
住宿生,,comment,可以买个电热毯,0,隐含,中性,无,low
住宿生,,comment,好恐怖啊他咋了,0,隐含,中性,无,low
住宿生,,comment,不清楚啊啊啊啊啊啊啊,0,隐含,中性,无,low
住宿生,,comment,就是冷的吧我冷了也会发抖然后盖好被子接着睡,0,隐含,中性,无,low
住宿生,,comment,心理还是什么，可以去看下医生，不迷信,0,隐含,中性,无,low
住宿生,,comment,你和他睡一晚呗,0,隐含,中性,无,low
住宿生,,comment,是体寒嘛,0,隐含,中性,无,low
住宿生,,comment,晚上睡觉就浑身冷[嘻嘻R]要不你跟她住一晚然后第二天去寺庙看看开个光,0,隐含,中性,无,low
住宿生,,comment,他是不是碰到啥了,0,隐含,中性,无,low
住宿生,,comment,他自己有被子,0,隐含,中性,无,low
住宿生,,comment,高中住宿还追练习生的最苦,0,隐含,中性,无,low
住宿生,,comment,要命了,0,隐含,中性,无,low
住宿生,,comment,简直就是我，还好宿舍里有别家练粉可以一起聊男练,0,隐含,中性,无,low
住宿生,,comment,啊啊啊谁懂高三下追男练,0,隐含,中性,无,low
住宿生,,comment,终于有人懂我了,0,隐含,中性,无,low
住宿生,,comment,^ 这个,0,隐含,中性,无,low
住宿生,,comment,🍀（中了小德to签版）,0,隐含,中性,无,low
住宿生,,comment,找到同担，高三生➕住宿生➕追练习生buff叠满了,0,隐含,中性,无,low
住宿生,,comment,点了,0,隐含,中性,无,low
住宿生,,comment,一个是被迫一个是自愿…你说呢,0,隐含,中性,无,low
住宿生,,comment,说到点子上了练习生是自己选择的路 但大多数人住宿都是迫不得已,0,隐含,中性,无,low
住宿生,,comment,我就休学了,0,隐含,中性,无,low
住宿生,,comment,练习生有工资的,0,隐含,中性,无,low
住宿生,,comment,到底誰跟你說的有工資,0,隐含,中性,无,low
住宿生,,comment,而且一个是自愿一个是被迫,0,隐含,中性,无,low
住宿生,,comment,起码练习生能追逐自己的梦想啊,0,隐含,中性,无,low
住宿生,,comment,能是能啊你是不了解练习生吗 他们每天的练习选上是直接出道的直接开启不一样的人生了高中生唯一就是考上理想大学 考上之后你还是学习 没有跨越的生活,0,隐含,中性,无,low
住宿生,,content,我是住宿生，住宿回来就找不到电视遥控器了，听我妹说是我奶把电视遥控器藏起来了，今天晚上的时候她要看就把电视遥控器拿出来，但是呢是一直拿在手上的，看完之后又把电视遥控器藏起来了,0,隐含,中性,无,low
住宿生,,content,和奶奶关系不是很好，怎么样才能让她把遥控器拿出来呢,0,隐含,中性,无,low
住宿生,,content,主要是我平常不怎么能玩手机，也就只能看电视我们家的是网络电视，把一个遥控器藏起来了，就开不了机了,0,隐含,中性,无,low
住宿生,,comment,你直接把电视抬回房间,0,隐含,中性,无,low
住宿生,,comment,手机下载一个,0,隐含,中性,无,low
住宿生,,comment,跟你爸爸妈妈说,0,隐含,中性,无,low
住宿生,,comment,电视拔了谁也别看了,0,隐含,中性,无,low
住宿生,,comment,自己买一个，不用就藏起来，用的时候也别被看到,0,隐含,中性,无,low
住宿生,,comment,自己买一个，十块钱,0,隐含,中性,无,low
住宿生,,comment,手机就行，现在大部分手机都有带红外遥控，我家有遥控器我也一直用手机,0,隐含,中性,无,low
住宿生,,comment,你去把某个电源拔了,0,隐含,中性,无,low
住宿生,,comment,手机下个万能遥控器试试,0,隐含,中性,无,low
住宿生,,comment,你买个平板电脑也行啊，小米7也便宜,0,隐含,中性,无,low
住宿生,,comment,真的还是好人多啊[抽泣R],0,隐含,中性,无,low
住宿生,,comment,主播好烫，从睡梦中烫醒的，现在没有冷毛巾就觉得不正常啊,0,隐含,中性,无,low
住宿生,,comment,主播试试啊,0,隐含,中性,无,low
住宿生,,comment,散列通对乙酰氨酚片 应该是这个,0,隐含,中性,无,low
住宿生,,comment,好的好的，我去备点,0,隐含,中性,无,low
住宿生,,comment,列换成利一般搜索“散利痛”就能找到,0,隐含,中性,无,low
住宿生,,comment,OKK👌,0,隐含,中性,无,low
住宿生,,comment,我也吃的这个特别有用,0,隐含,中性,无,low
住宿生,,comment,ww还是好人多啊,0,隐含,中性,无,low
住宿生,,comment,是的很好用,0,隐含,中性,无,low
住宿生,,comment,我痛经吃这个，很有效,0,隐含,中性,无,low
住宿生,,comment,什……下单了,0,隐含,中性,无,low
住宿生,,comment,宝宝是这个嘛我也备点,0,隐含,中性,无,low
住宿生,,comment,我买的不长这样我买的是蓝色盒子你搜索“散利痛”试试,0,隐含,中性,无,low
住宿生,,comment,没下单还好问你了嘿嘿是这个嘛,0,隐含,中性,无,low
住宿生,,comment,我去我感冒一个多星期了，我们导员不给请假，我一直硬抗着也没吃药有时候还有的低烧，打算等着周末去医院,0,隐含,中性,无,low
住宿生,,comment,刚开始吃了999真是一点用也没有，甚至更严重了，然后就没吃了孩子快咳死了,0,隐含,中性,无,low
住宿生,,comment,宝宝要尽快就医哈我有个好朋友就是一直反复发烧最后肺炎了,0,隐含,中性,无,low
住宿生,,comment,之前疑似登革热，吃了一粒布洛芬头更痛反复烧了一晚上，第二天就回家看病去了,0,隐含,中性,无,low
住宿生,,comment,主播还拉肚子啊,0,隐含,中性,无,low
住宿生,,comment,好的好的[抽泣R]我真的没想到，到现在了还有人看到[抽泣R],0,隐含,中性,无,low
住宿生,,comment,下次可以先吃止痛药，止痛药也有退烧的效果,0,隐含,中性,无,low
住宿生,,comment,涨知识了,0,隐含,中性,无,low
住宿生,,comment,多喝水排尿,0,隐含,中性,无,low
住宿生,,comment,问我其他人有退烧药吗,0,隐含,中性,无,low
住宿生,,comment,我也要死了……找舍友借体温计她说不知道放哪了,0,隐含,中性,无,low
住宿生,,title,大学生想问问这个东西寝室睡觉隔音吗,0,隐含,中性,无,low
住宿生,,comment,最好的办法是多花钱出去住单间,0,隐含,中性,无,low
住宿生,,comment,看来你就是那个打扰别人的人,0,隐含,中性,无,low
住宿生,,comment,耳塞加头戴式降噪耳机加床帘 好用,0,隐含,中性,无,low
住宿生,,comment,再加个头盔,0,隐含,中性,无,low
住宿生,,comment,带着耳机不能翻身,0,隐含,中性,无,low
住宿生,,comment,哎 实在不想戴耳机 想找点别的方法,0,隐含,中性,无,low
住宿生,,comment,买耳塞呢,0,隐含,中性,无,low
住宿生,,comment,我也是 反正就是不想带入耳的东西 戴上超级不适应 耳朵还痛,0,隐含,中性,无,low
住宿生,,comment,室友每天晚上给她对象打电话，边打电话边外放电视剧，我只想拿个塑料袋套她头上😓,0,隐含,中性,无,low
住宿生,,comment,有没有耳塞推荐啊，可以侧睡且不入耳的,0,隐含,中性,无,low
住宿生,,comment,不入耳的很难隔音，如果有的话我也蹲一个，戴耳塞耳朵痒死了,0,隐含,中性,无,low
住宿生,,comment,硅胶那种不入也挺舒服的,0,隐含,中性,无,low
住宿生,,comment,有推荐吗宝子,0,隐含,中性,无,low
住宿生,,comment,这个是隔绝你的声音给室友,0,隐含,中性,无,low
住宿生,,comment,试试棉被隔音呢,0,隐含,中性,无,low
住宿生,,title,有了在宿舍起夜的经历…你做什么都会成功的,0,隐含,中性,无,low
住宿生,,content,于是小心翼翼拉开床帘，塑料和滑轨发出细微响动，音量不大,0,隐含,中性,无,low
住宿生,,content,好了，铁锯换电锯,0,隐含,中性,无,low
住宿生,,content,明显感觉到几个舍友同时不满地翻身和骤止的均匀鼻息,0,隐含,中性,无,low
住宿生,,content,最难的一步已经熬过来了，继续,0,隐含,中性,无,low
住宿生,,content,我已经感觉不到腹部的疼痛了 全身心都投在如何从床上到达厕所 再从厕所里悄无声息地回来这件事,0,隐含,中性,无,low
住宿生,,content,小心打开厕所门 注意,0,隐含,中性,无,low
住宿生,,content,不一定是拳脚相加,0,隐含,中性,无,low
住宿生,,content,也许只是一个在妳背后交换的眼神,0,隐含,中性,无,low
住宿生,,content,是妳看不懂的一些属于她们的暗语,0,隐含,中性,无,low
住宿生,,content,她们什么都没有做，这算霸凌吗,0,隐含,中性,无,low
住宿生,,content,但是妳却穷尽一生 困在阴影里… ……解决完生理需求,0,隐含,中性,无,low
住宿生,,content,你要考虑的就多了,0,隐含,中性,无,low
住宿生,,content,我一般会在卫生间里待久一点，等周围一切安静下来 仿佛刚才的一切响声与我无关，我才出门,0,隐含,中性,无,low
住宿生,,content,洗手，重复刚才的步骤 ，开门，关门，穿越障碍，爬上楼梯，拉上拉链，期间必须在脑海里高喊：行百里者半九十,0,隐含,中性,无,low
住宿生,,content,直到你像还没起床那样安然躺好，这场冒险才算结束,0,隐含,中性,无,low
住宿生,,comment,饱饱你是我的嘴替，，但我们这儿最逆天的是 厕所是在室内的 这意味着我即使可以做到炉火纯青地拉拉链像谨慎的吗喽一样跳下床也逃不过最后一步——厕所抽水巨大的滋滋声,0,隐含,中性,无,low
住宿生,,comment,宝宝懂妳的痛,0,隐含,中性,无,low
住宿生,,comment,啊啊啊啊啊特别真实,0,隐含,中性,无,low
住宿生,,comment,啊啊啊啊我也试过,0,隐含,中性,无,low
住宿生,,comment,是我们,0,隐含,中性,无,low
住宿生,,comment,室内卫生间是啥意思啊,0,隐含,中性,无,low
住宿生,,comment,哈哈哈哈哈哈哈哈哈我昨天,0,隐含,中性,无,low
住宿生,,comment,宝宝 这事我也干过……,0,隐含,中性,无,low
住宿生,,comment,无所谓就能一会不要考虑那么多，又不是天天晚上这样,0,隐含,中性,无,low
住宿生,,comment,是的[完啦R],0,隐含,中性,无,low
住宿生,,comment,真的,0,隐含,中性,无,low
住宿生,,comment,多人间起夜就是一场豪赌我是早起人，睁眼那一刻就在锻炼肌肉力量了，控制自己不要发出声音,0,隐含,中性,无,low
住宿生,,comment,一场下来 肌肉力量都增进不少…,0,隐含,中性,无,low
住宿生,,comment,你这么在意她们的看法干嘛,0,隐含,中性,无,low
住宿生,,comment,下个床上厕所是个人都会有声音吧，再说了大家都睡觉了也不会听见吧，就算是听见了也不能怪你吧,0,隐含,中性,无,low
住宿生,,comment,祝妳生活愉快,0,隐含,中性,无,low
住宿生,,comment,感觉好真实和我的大学生活状态好像,0,隐含,中性,无,low
住宿生,,comment,我是真的会因为起夜而去关注室友第二天早上的眼神和言语,0,隐含,中性,无,low
住宿生,,comment,明明可以是很和谐的同学关系却因为睡眠问题弄得微妙，集体生活模式什么时候去死,0,隐含,中性,无,low
住宿生,,comment,抱抱宝宝,0,隐含,中性,无,low
住宿生,,comment,我们初中的床就是吱吱叫的大学的质量好些 倒是不会响了 抱抱宝宝,0,隐含,中性,无,low
住宿生,,title,怎么会有这种天才,0,隐含,中性,无,low
住宿生,,comment,放电脑的，键盘调转放，屏幕向下，就可以解放双手,0,隐含,中性,无,low
住宿生,,comment,可是这样屏幕内容不也是反的吗,0,隐含,中性,无,low
住宿生,,comment,我的电脑是会自动旋转的啦，跟平板和手机酱,0,隐含,中性,无,low
住宿生,,comment,感觉超级方便诶,0,隐含,中性,无,low
住宿生,,comment,屏幕方向可以调呀,0,隐含,中性,无,low
住宿生,,comment,啥牌子的呀,0,隐含,中性,无,low
住宿生,,comment,一下想买床上桌了，放床上感觉占地方，这样放不占地方，但这样电脑会不会掉下来,0,隐含,中性,无,low
住宿生,,comment,我忘了哈哈，不是大牌,0,隐含,中性,无,low
住宿生,,comment,hmm我不懂，应该不会gua 感觉酱放是稳的,0,隐含,中性,无,low
住宿生,,comment,电脑解放双手,0,隐含,中性,无,low
住宿生,,comment,电脑不用键鼠操作，还能咋用,0,隐含,中性,无,low
住宿生,,comment,看戏呀 看戏需要用键盘这些的吗,0,隐含,中性,无,low
住宿生,,comment,你可以手动调了再放,0,隐含,中性,无,low
住宿生,,comment,所有电脑都可以调,0,隐含,中性,无,low
住宿生,,comment,愣是没想出来那个电脑是咋放,0,隐含,中性,无,low
住宿生,,comment,灵魂画手来了,0,隐含,中性,无,low
住宿生,,comment,可以外接键盘和鼠标,0,隐含,中性,无,low
住宿生,,comment,电脑怎么放 不会掉吗,0,隐含,中性,无,low
住宿生,,comment,（MDXM全勤版）,0,隐含,中性,无,low
住宿生,,comment,建议用不锈钢扎带，这种尼龙扎带隔段时间断掉几条,0,隐含,中性,无,low
住宿生,,comment,还有不锈钢扎带这种东西呢,0,隐含,中性,无,low
住宿生,,comment,这种条子应该能用几年的呀，有的粗的十年都行,0,隐含,中性,无,low
住宿生,,comment,我用断过几根所以……改成不锈钢扎带后用钢丝钳剪都要费点劲,0,隐含,中性,无,low
住宿生,,comment,大概是置物篮,0,隐含,中性,无,low
住宿生,,comment,我擦好聪明的想法啊,0,隐含,中性,无,low
住宿生,,comment,虽然这种扎绳确实蛮结实的，但如果你要挂比较重的东西，建议你再多加几个扎带或者用比较粗的绳子再加固一下,0,隐含,中性,无,low
住宿生,,comment,原来如此,0,隐含,中性,无,low
住宿生,,comment,起来不撞头么,0,隐含,中性,无,low
住宿生,,comment,放机箱的吧,0,隐含,中性,无,low
住宿生,,comment,或者放投影仪,0,隐含,中性,无,low
住宿生,,content,标题党，我就是那个早起的室友， 据前面我发的帖子所说,0,隐含,中性,无,low
住宿生,,content,然后我今天早上7:40多才起床，而且我没有发出很大的声音，我一起床就去上厕所洗漱,0,隐含,中性,无,low
住宿生,,content,你硬要说我声音大，我只能说床板和门老化和水流本身就会自带声音，无论如何这我都无法更加小声，我已经很小心翼翼了,0,隐含,中性,无,low
住宿生,,content,我关门的时候也用手扶着轻轻的放,0,隐含,中性,无,low
住宿生,,content,还想我怎么样,0,隐含,中性,无,low
住宿生,,content,就去找辅导员了,0,隐含,中性,无,low
住宿生,,comment,对于有些人说我声音大不自知，我只能说，我问其他室友，她说确实完全没听到声音，不知道有人起床,0,隐含,中性,无,low
住宿生,,comment,宝宝如果特别晚了可以直接和室友说,0,隐含,中性,无,low
住宿生,,comment,omg此题无解，,0,隐含,中性,无,low
住宿生,,comment,谁来帮帮我们,0,隐含,中性,无,low
住宿生,,comment,无法改变别人，只能开导自己了,0,隐含,中性,无,low
住宿生,,comment,宝宝你是哲学家,0,隐含,中性,无,low
住宿生,,comment,是的宝宝,0,隐含,中性,无,low
住宿生,,comment,我也是 只有寝室大家都睡了我才很快入睡 有一点动静都很难睡着,0,隐含,中性,无,low
住宿生,,comment,我有一个舍友也是 中午她回来我才知道她出去了,0,隐含,中性,无,low
住宿生,,comment,我室友也是，她每天七点多一点点就起床，静悄悄的，我一开始还以为是我睡太沉听不见，后来熬通宵看到她起床，她真是一点声音都不会发出来,0,隐含,中性,无,low
住宿生,,comment,也不是吧，和之前的舍友关系很好，我说出来了，她也改正了，现在的舍友关系一般，她动作真的很轻,0,隐含,中性,无,low
住宿生,,comment,可能是你是深度睡眠，有的人是浅睡眠,0,隐含,中性,无,low
住宿生,,comment,俺也这样，就那种呼吸声，被子摩擦，所以俺戴耳塞,0,隐含,中性,无,low
住宿生,,comment,但是耳朵是真疼,0,隐含,中性,无,low
住宿生,,comment,非常偶尔的早起，寻思自己只要小心一点就能做到无声状态，结果小心翼翼的弄出了不少噪声，越小心越容易碰到东西,0,隐含,中性,无,low
住宿生,,comment,我有个舍友也是这样的，结果后来发现是她早上根本不洗漱,0,隐含,中性,无,low
住宿生,,comment,别人忍不了一点细微声音,0,隐含,中性,无,low
住宿生,,comment,是不是不故意不知道，反正经常这样,0,隐含,中性,无,low
住宿生,,comment,让他们找导员去，一点也不占理好吧，很正常的起床时间,0,隐含,中性,无,low
住宿生,,comment,然后我现在十分了解留痕的重要性了,0,隐含,中性,无,low
住宿生,,comment,下次起床直接别照顾了，正常开拉门好了,0,隐含,中性,无,low
住宿生,,comment,八点半上课要吃早饭，七点四十起床真的合理的,0,隐含,中性,无,low
住宿生,,comment,而且宿舍＞4人的话，有人早起洗漱台还没那么挤,0,隐含,中性,无,low
住宿生,,comment,卡点也可以，但是容易没位置,0,隐含,中性,无,low
住宿生,,comment,真的感觉八点半的课，七点四十是非常合理的时间,0,隐含,中性,无,low
住宿生,,comment,别管了，如果已经尽力保持最大安静的话，那真的也没招了,0,隐含,中性,无,low
住宿生,,comment,感觉其实是在霸凌你,0,隐含,中性,无,low
住宿生,,comment,可以说吗,0,隐含,中性,无,low
住宿生,,comment,如果有条件还是换宿舍或者出去住吧,0,隐含,中性,无,low
住宿生,,comment,如果出现语言侮辱我觉得宝宝你无论如何都该反击,0,隐含,中性,无,low
住宿生,,comment,p1是第二次，p2第一次,0,隐含,中性,无,low
住宿生,,title,莫名其妙想问这个问题,0,隐含,中性,无,low
住宿生,,comment,小嘟嘟高中应该是走读吧 看很多人拍到她放学在网吧玩奇迹暖暖哈哈,0,隐含,中性,无,low
住宿生,,comment,宝宝，作为嘟粉和暖妈，我想纠正一下奇迹暖暖开服的时候嘟嘟已经大三了,0,隐含,中性,无,low
住宿生,,comment,回复 y y Tinay : 真的超萌 忘了在哪里看的了 画质很糊 小嘟嘟回头看偷拍她的人 电脑屏幕上就是奇迹暖暖,0,隐含,中性,无,low
住宿生,,comment,应该是英雄联盟或者啥端游吧，奇迹暖暖是后来有人说她朋友圈发的,0,隐含,中性,无,low
住宿生,,comment,她高中毕业才有手机好像,0,隐含,中性,无,low
住宿生,,comment,我超好奇嘟玩不玩暖5，好奇她如果玩，都会抽哪些,0,隐含,中性,无,low
住宿生,,comment,她93的，高中那会儿姚润昊还在留学中,0,隐含,中性,无,low
住宿生,,comment,以嘟嘟现在的工资估计应该想抽啥抽啥了吧,0,隐含,中性,无,low
住宿生,,comment,不过嘟嘟那么忙，估计也没多少时间去肝,0,隐含,中性,无,low
住宿生,,comment,确实，陈都灵劳模来的😎,0,隐含,中性,无,low
住宿生,,comment,梦幻联动,0,隐含,中性,无,low
住宿生,,comment,居然都这么久了(),0,隐含,中性,无,low
住宿生,,comment,现在很多高中生都成年了的，高二高三这样,0,隐含,中性,无,low
住宿生,,comment,我记得14年我初中毕业的时候就有暖暖环游世界了呀，我暑假天天在家用平板玩,0,隐含,中性,无,low
住宿生,,comment,暖暖环游世界和奇迹暖暖是两个游戏,0,隐含,中性,无,low
住宿生,,comment,我意思是他应该玩的是暖暖环游世界呀～,0,隐含,中性,无,low
住宿生,,comment,她当时玩的应该是撸啊撸吧,0,隐含,中性,无,low
住宿生,,comment,奇暖是手游啊 在网吧咋玩,0,隐含,中性,无,low
住宿生,,comment,妹子你年纪很小吧,0,隐含,中性,无,low
住宿生,,comment,别发这种话吧 未成年不能进网吧的 这不是生造黑料吗别到时候再传成她高中不好好读书偷偷去网吧玩游戏了,0,隐含,中性,无,low
住宿生,,comment,不是 起码初中不是 之前看她说过每天六点起床坐船去上学,0,隐含,中性,无,low
住宿生,,comment,我以为是小学的时候坐船,0,隐含,中性,无,low
住宿生,,comment,她只有大学住过宿舍,0,隐含,中性,无,low
住宿生,,comment,插个题外话：我上大学之前以为住宿是少数，结果走读才是少数吗，我的初高中穷到没有宿舍所以市里基本都是走读……（）,0,隐含,中性,无,low
住宿生,,comment,我这里真的很少走读的，全校才十来个,0,隐含,中性,无,low
住宿生,,comment,不知道当嘟嘟舍友是什么感觉,0,隐含,中性,无,low
住宿生,,comment,他都没住宿的 我钢琴老师也是她的老师 关系特别好 说嘟嘟经常跑到她家睡觉,0,隐含,中性,无,low
住宿生,,comment,高中不是呢，没有宿舍哈哈哈,0,隐含,中性,无,low
住宿生,,comment,嘟嘟是谁,0,隐含,中性,无,low
住宿生,,comment,她小学和初中都是在一个学校，都是在鼓浪屿校区,0,隐含,中性,无,low
住宿生,,comment,每天坐船往返,0,隐含,中性,无,low
住宿生,,comment,福建的初中大多数不用住呀,0,隐含,中性,无,low
住宿生,,comment,厦门的话应该也是,0,隐含,中性,无,low
住宿生,,title,记录下用过的隔音降噪方案,0,隐含,中性,无,low
住宿生,,content,结论：如果单独使用，我感觉降噪效果由强到弱分别是：2号3m 1100耳塞>1号索尼xm5 > 5号霍尼韦尔VS120耳罩>3号杂牌耳罩=4号安耳悠softmini>6号霍尼韦尔303S小号耳塞（如果耳朵孔小，4号和6号可能排序会再靠前些）,0,隐含,中性,无,low
住宿生,,content,也试了耳罩，3号戴着箍脑门，5号太夹头（后来在宽物体上戴了一段时间有改善），又买了1号，平躺戴着没啥不适感,0,隐含,中性,无,low
住宿生,,content,我入睡的时间刚好是楼上回来不久的点，目前的最强方案是1号耳机开降噪+2号耳塞，基本就啥也听不到了,0,隐含,中性,无,low
住宿生,,content,3号4号和6号已闲置,0,隐含,中性,无,low
住宿生,,content,PS：前段时间感觉耳朵闷，去看医生发现是鼻炎导致的咽鼓管阻塞，也问了医生说经常用耳塞并不会中耳炎，保持清洁就没问题，放心了继续用,0,隐含,中性,无,low
住宿生,,comment,耳塞加耳罩的组合咋样呢 可以隔绝室友的呼噜声吗,0,隐含,中性,无,low
住宿生,,comment,没有遇到呼噜声的场景，无法答复你…,0,隐含,中性,无,low
住宿生,,comment,但朋友跟我说容易中耳炎,0,隐含,中性,无,low
住宿生,,comment,如何不是震天响的话，可以,0,隐含,中性,无,low
住宿生,,comment,建议你买索尼 xm 的耳机试试，对我很管用,0,隐含,中性,无,low
住宿生,,comment,我是这样的，但是有人在旁边说话的话是一点用处都没有，所以我来这个帖子了,0,隐含,中性,无,low
住宿生,,comment,呼噜声可以隔绝,0,隐含,中性,无,low
住宿生,,comment,这个组合对于特别强劲的呼噜声，会变得很小，但是对于像我这种神经衰弱的，还是能听到，我现在想知道入耳式降噪耳机加隔音耳罩和耳塞加头戴式降噪耳机哪个组合更强,0,隐含,中性,无,low
住宿生,,comment,有推荐的头戴式降噪耳机么,0,隐含,中性,无,low
住宿生,,comment,这些价格都不便宜也不能买来试，想买到一款降噪效果好睡觉也不会容易压坏的,0,隐含,中性,无,low
住宿生,,comment,请问也是要阻隔（最好完全隔掉）楼上走路脚步声等等 是耳罩+耳塞好还是降噪耳机+耳塞好,0,隐含,中性,无,low
住宿生,,comment,请问xm5带着睡觉会听到自己的心跳声吗,0,隐含,中性,无,low
住宿生,,comment,我是耳塞+耳机睡觉，会有心跳声，纯耳机没试过,0,隐含,中性,无,low
住宿生,,comment,不好意思，想问问是头戴式耳机+耳塞还是入耳降噪耳机+耳罩好点,0,隐含,中性,无,low
住宿生,,comment,最近遇到舍友说话很影响睡觉的情况所以很纠结买哪种方案,0,隐含,中性,无,low
住宿生,,comment,我没有入耳的降噪耳机，你再看看别的测评吧,0,隐含,中性,无,low
住宿生,,comment,好的明白了,0,隐含,中性,无,low
住宿生,,comment,xm5睡着了不会压到吗,0,隐含,中性,无,low
住宿生,,comment,我仰睡，不影响,0,隐含,中性,无,low
住宿生,,comment,用的什么枕头啊,0,隐含,中性,无,low
住宿生,,comment,就是普通的乳胶枕,0,隐含,中性,无,low
住宿生,,comment,耳塞戴一整个晚上耳朵会闷吗 之前用的硅胶的一整个晚上耳朵会闷 第二天早上起床都听不清 想换一个新的,0,隐含,中性,无,low
住宿生,,comment,有一点闷，但早上取下以后就没事了,0,隐含,中性,无,low
住宿生,,comment,1号耳机是啥,0,隐含,中性,无,low
住宿生,,comment,索尼xm5,0,隐含,中性,无,low
住宿生,,comment,我最近鼻炎不严重，就没有耳朵闷了，耳塞一直持续在用,0,隐含,中性,无,low
住宿生,,comment,耳机加耳罩和耳塞加头戴耳机那个效果好,0,隐含,中性,无,low
住宿生,,comment,我没有入耳耳机,0,隐含,中性,无,low
住宿生,,comment,索尼降噪豆怎么样,0,隐含,中性,无,low
住宿生,,comment,缘分啊，抱抱姐妹等这批用完我试试，感觉我后续再买的话又得大一些尺寸了,0,隐含,中性,无,low
住宿生,,comment,可以的，我每次坐飞机都带，会好受很多,0,隐含,中性,无,low
住宿生,,content,方案1：3M工业降噪耳罩 + AirPods Pro 目前的最优解,0,隐含,中性,无,low
住宿生,,content,缺点是真的夹脑袋，但是侧睡也还好，可以接受,0,隐含,中性,无,low
住宿生,,content,方案2：索尼XM4 + AirPods Pro 刚开始有效，后来彻底免疫了，感觉是我耳朵习惯了,0,隐含,中性,无,low
住宿生,,content,如果正好有这两幅耳机可以试一下，流水声、抽屉声这大概能消掉,0,隐含,中性,无,low
住宿生,,content,方案3：单独戴降噪耳机 边听歌边写手帐时还行，人声基本听不到,0,隐含,中性,无,low
住宿生,,content,最后，降噪耳机真的要少带，本人现在日常带耳夹款，耳朵状况比之前好多了,0,隐含,中性,无,low
住宿生,,content,二编：其实真正早睡还是要等舍友安静了，所以本人旷了一节晚自习回来洗漱，大家都在熄灯前一个小时上床了，可喜可贺,0,隐含,中性,无,low
住宿生,,content,#降噪耳机#宿舍降噪#终于可以早睡了么么哒#还是觉得零点断电不够早啊啊啊#小姐姐们不要在大声笑了#我在床上闭着眼真的好奔溃,0,隐含,中性,无,low
住宿生,,comment,降噪耳机为什么对耳朵不好啊[呃R]刚买了一个,0,隐含,中性,无,low
住宿生,,comment,反正我带久了耳朵会出血,0,隐含,中性,无,low
住宿生,,comment,等上大学了减吧，高中没精力饿着学习呀，,0,隐含,中性,无,low
住宿生,,comment,又不胖 还在长身体不要到时候搞得出问题了 高中正是消耗大的时候,0,隐含,中性,无,low
住宿生,,comment,我跟你一样了 110减100需要一个月 120减110还没试过 现在正在尝试,0,隐含,中性,无,low
住宿生,,comment,我高中把米饭换成了全麦面包，不知不觉就瘦了10斤，开始也是120,0,隐含,中性,无,low
住宿生,,comment,宝子但是这样一天的碳水够嘛,0,隐含,中性,无,low
住宿生,,comment,我早上狂炫炒粉蒸蛋糕,0,隐含,中性,无,low
住宿生,,comment,本人163，120斤梨形身材，我现在每天早上一袋无糖豆浆，一片藜麦面包有时候会配鸡蛋，中午食堂半碗饭加青菜和肉类，晚上喝燕麦粥有时候加一个苹果，这样可以瘦吗，会不会反弹,0,隐含,中性,无,low
住宿生,,comment,会瘦的 一天三餐正常吃 不吃撑 七八分饱就行 零食尽量不要吃 奶茶也尽量别喝 实在想喝 点少糖,0,隐含,中性,无,low
住宿生,,comment,你目前的饮食坚持下去肯定能看到结果 就是要坚持,0,隐含,中性,无,low
住宿生,,comment,住校应该蛋白质吃不够就难减，你买一些即食鸡胸肉带去学校吧，碳水按照体重比例吃够，炒菜正常吃不要吃肥肉就行了,0,隐含,中性,无,low
住宿生,,comment,戒饮料零食，保证蛋白质和碳水吃够,0,隐含,中性,无,low
住宿生,,comment,千万不要不吃，我就是一个惨痛的教训，高三一个学期不吃晚饭虽然瘦了10斤但是得了胃病,0,隐含,中性,无,low
住宿生,,comment,我高一刚开学的时候才一百一十斤，然后一个学期胖了七八斤了，最胖的时候有127斤，我是这学期从寒假开始减肥才到120斤,0,隐含,中性,无,low
住宿生,,comment,减肥还蛮占用注意力的,0,隐含,中性,无,low
住宿生,,comment,可分享方法已瘦二十斤了,0,隐含,中性,无,low
走读生,,title,CATTI常考词条“走读生”,0,隐含,中性,无,low
走读生,,content,【每日词条翻译】 拓展知识 走读生是指在学校学习但不住宿在校内的学生,0,隐含,中性,无,low
走读生,,content,他们每天往返于学校与家庭之间，按照学校的作息时间进行学习和生活,0,隐含,中性,无,low
走读生,,content,"举个 Being a nonresident student has its challenges, but it also teaches me the importance of time management and independence. 作为一名走读生有其挑战，但它也让我学会了时间管理和独立的重要性",0,隐含,中性,无,low
走读生,,comment,walking dead…,0,隐含,中性,无,low
走读生,,comment,nonresident studenr,0,隐含,中性,无,low
走读生,,comment,noresident student,0,隐含,中性,无,low
走读生,,comment,走读生 nonresident student,0,隐含,中性,无,low
走读生,,comment,nonresident student 走读生,0,隐含,中性,无,low
走读生,,comment,heuristic teaching启发式教学,0,隐含,中性,无,low
走读生,,comment,nonresident student,0,隐含,中性,无,low
走读生,,comment,"Me: Who are you? Why are you here? Mystery Man: To make you into my Marionette, of course.",0,隐含,中性,无,low
走读生,,comment,简单说就是不在学校住宿，在家里住宿呗,0,隐含,中性,无,low
走读生,,comment,day student,0,隐含,中性,无,low
走读生,,title,走读生周五上学vlog,0,隐含,中性,无,low
走读生,,content,#vlog#沉浸式#上学日记,0,隐含,中性,无,low
走读生,,comment,牙老师到底有多少水杯和书包,0,隐含,中性,无,low
走读生,,comment,还有手机壳,0,隐含,中性,无,low
走读生,,comment,同问哈哈,0,隐含,中性,无,low
走读生,,comment,想要多少买多少,0,隐含,中性,无,low
走读生,,comment,感觉可以批发了,0,隐含,中性,无,low
走读生,,comment,还有学生卡套,0,隐含,中性,无,low
走读生,,comment,同问，为什么每次都有新水杯,0,隐含,中性,无,low
走读生,,comment,书包，娃娃,0,隐含,中性,无,low
走读生,,comment,还有挂价,0,隐含,中性,无,low
走读生,,comment,还有挂件,0,隐含,中性,无,low
走读生,,comment,还有小挂件，以及零食,0,隐含,中性,无,low
走读生,,comment,还有娃娃,0,隐含,中性,无,low
走读生,,comment,还有玩偶,0,隐含,中性,无,low
走读生,,comment,每次看牙牙的视频，我都觉得牙牙的财力深不可测,0,隐含,中性,无,low
走读生,,comment,牙牙的房间,0,隐含,中性,无,low
走读生,,comment,海苔得很多,0,隐含,中性,无,low
走读生,,comment,我也是啊，要是我家里有钱一点，我也可以过上这种无忧无虑的生活吧,0,隐含,中性,无,low
走读生,,comment,我从起床到出门只要7分钟穿衣服一分钟 洗漱两分钟 吃饭4分钟 因为真的真的起不来 所以一般出门了脑子还在床上,0,隐含,中性,无,low
走读生,,comment,你不写作业吗,0,隐含,中性,无,low
走读生,,comment,职高很少有作业,0,隐含,中性,无,low
走读生,,comment,牙牙酱晚上好,0,隐含,中性,无,low
走读生,,comment,放学捡到50块钱,0,隐含,中性,无,low
走读生,,comment,我去那很幸运了,0,隐含,中性,无,low
走读生,,comment,比心处是马嘉祺吗,0,隐含,中性,无,low
走读生,,comment,^🍆 请几位马芙来认一下,0,隐含,中性,无,low
走读生,,comment,是马嘉祺,0,隐含,中性,无,low
走读生,,comment,真的很想知道吡牙老师扎电话圈怎么做到不把电话圈弄散的（对不起可能我理解错了不是用电话圈扎头发对不起对不起）,0,隐含,中性,无,low
走读生,,comment,牙牙书包里没装过书,0,隐含,中性,无,low
走读生,,title,走读生周四上学vlog,0,隐含,中性,无,low
走读生,,comment,我们今天没作业,0,隐含,中性,无,low
走读生,,comment,加1加1[心心眼R],0,隐含,中性,无,low
走读生,,comment,刚写完作业喵,0,隐含,中性,无,low
走读生,,comment,谁懂现在才放学到家的,0,隐含,中性,无,low
走读生,,comment,刚起床就看到,0,隐含,中性,无,low
走读生,,comment,对啊啊啊还有上学前的时候,0,隐含,中性,无,low
走读生,,comment,我们也是,0,隐含,中性,无,low
走读生,,comment,不是我们不穿，是大夏天的蚊子多的要命,0,隐含,中性,无,low
走读生,,comment,我很想问问主播为什么要买那么多老鼠的挂件呀,0,隐含,中性,无,low
走读生,,comment,呲牙老师是大鼠的忠实粉丝,0,隐含,中性,无,low
走读生,,comment,今天我生日🎂,0,隐含,中性,无,low
走读生,,comment,白粥加酱油是什么味我一般都是加白糖哎,0,隐含,中性,无,low
走读生,,comment,我觉得蛮好吃的,0,隐含,中性,无,low
走读生,,comment,为什么你们学校有小卖部,0,隐含,中性,无,low
走读生,,comment,还让用手机,0,隐含,中性,无,low
走读生,,comment,刚吃几口挺好吃，但是吃多了有点腻,0,隐含,中性,无,low
走读生,,comment,不带书吗,0,隐含,中性,无,low
走读生,,comment,应该是走读生 书都在学校,0,隐含,中性,无,low
走读生,,comment,关于上学还有时间拍we love这件事,0,隐含,中性,无,low
走读生,,comment,那是vlog,0,隐含,中性,无,low
走读生,,title,高中时的走读生,0,隐含,中性,无,low
走读生,,content,回想自己班上的走读生，每天都有搞笑事情发生#浪漫生活的记录者#搞笑评论#万万没想到#神评论#搞笑日常#幽默#热门小说#回学校的路上#搞笑的日常#惊不惊喜意不意外,0,隐含,中性,无,low
走读生,,content,#上学#上学日常#在校日常#晒晒我的桌面#日常plog#日常碎片PLOG#女高中生的日常#女高中生#学校日常#高中生活#日常#07女高中生#07,0,隐含,中性,无,low
走读生,,comment,宝宝你这样不容易掉下去吗,0,隐含,中性,无,low
走读生,,comment,宝宝你这个小盒子能求个链接吗,0,隐含,中性,无,low
走读生,,comment,不会的桌子很宽,0,隐含,中性,无,low
走读生,,comment,这不错,0,隐含,中性,无,low
走读生,,comment,感觉你们桌子好大我们桌子放下这些东西之后上课就没地方放课本和写作业了,0,隐含,中性,无,low
走读生,,comment,挑的大一点的桌子,0,隐含,中性,无,low
走读生,,comment,我以前放的时候经常容易被别人撞掉后来就在桌子上面贴了一层美纹纸然后在拿胶水把笔筒粘上就不容易被撞掉了,0,隐含,中性,无,low
走读生,,comment,我们学校会杀了我的,0,隐含,中性,无,low
走读生,,comment,又不会损伤桌子用美纹纸贴在桌子上撕下来不留胶,0,隐含,中性,无,low
走读生,,comment,欧，这样包围着老有安全感了不过一筐全掉就是灾难,0,隐含,中性,无,low
走读生,,comment,那个灯是干什么的,0,隐含,中性,无,low
走读生,,comment,是个蓝牙,0,隐含,中性,无,low
走读生,,comment,听歌的音响,0,隐含,中性,无,low
走读生,,comment,后排靠窗 王的故乡,0,隐含,中性,无,low
走读生,,comment,名创优品十块钱两个,0,隐含,中性,无,low
走读生,,comment,我也有耶,0,隐含,中性,无,low
走读生,,comment,问问三层架子链接,0,隐含,中性,无,low
走读生,,comment,这都能遇到，出勤秒了,0,隐含,中性,无,low
走读生,,comment,我是初中生，想问问各地区上高中让这么改造吗,0,隐含,中性,无,low
走读生,,comment,同款闹钟,0,隐含,中性,无,low
走读生,,comment,还有毯子和屁垫,0,隐含,中性,无,low
走读生,,comment,美乐蒂包包链接,0,隐含,中性,无,low
走读生,,comment,呲牙，你知道没更的这两天我是怎么活过去的吗,0,隐含,中性,无,low
走读生,,comment,她本来就不是日更啊，也得让她休息休息吧,0,隐含,中性,无,low
走读生,,comment,我的意思是说之前她几乎是日更，所以大家每天放学回来可以看，只是这两天没更，很想看,0,隐含,中性,无,low
走读生,,comment,我还以为放假了,0,隐含,中性,无,low
走读生,,comment,谁家好人放假是八月,0,隐含,中性,无,low
走读生,,comment,那很美味了🍟,0,隐含,中性,无,low
走读生,,comment,我十点钟回家加上在外面买那么多东西会被直接打成尸体,0,隐含,中性,无,low
走读生,,comment,撞头像了,0,隐含,中性,无,low
走读生,,comment,出去玩又不是不跟家长说,0,隐含,中性,无,low
走读生,,comment,主播，你第一件衣服我也有,0,隐含,中性,无,low
走读生,,comment,想问问是哪家的,0,隐含,中性,无,low
走读生,,comment,什么书包,0,隐含,中性,无,low
走读生,,comment,想要杯子链接,0,隐含,中性,无,low
走读生,,comment,问问什么书包🎒有没有链接,0,隐含,中性,无,low
走读生,,comment,宝宝水杯有链接吗,0,隐含,中性,无,low
走读生,,comment,我也需要,0,隐含,中性,无,low
走读生,,comment,我们今天考完试了,0,隐含,中性,无,low
走读生,,comment,不是，我们明天考试,0,隐含,中性,无,low
走读生,,comment,大鼠便当是哪一家店滴,0,隐含,中性,无,low
走读生,,comment,主播问问手环的表带有链接吗,0,隐含,中性,无,low
走读生,,title,当全校只有我一个走读生：,0,隐含,中性,无,low
走读生,,content,#搞笑#剧情#校园#学生,0,隐含,中性,无,low
走读生,,comment,毕竟都是张总了家里三个食品加工厂,0,隐含,中性,无,low
走读生,,comment,你是认真看了的,0,隐含,中性,无,low
走读生,,comment,那其实不算早恋了,0,隐含,中性,无,low
走读生,,comment,所以谈一个不容易啊,0,隐含,中性,无,low
走读生,,comment,留级了十几年 同班同学的舅舅，当年就是第一批顾客,0,隐含,中性,无,low
走读生,,comment,年龄比某些老师还大[坏笑R],0,隐含,中性,无,low
走读生,,comment,不仅不算早恋，还有大叔诱拐未成年菇凉的嫌疑,0,隐含,中性,无,low
走读生,,comment,你们学校全是男学生 你住校是跟哪个早恋,0,隐含,中性,无,low
走读生,,comment,发现了华点,0,隐含,中性,无,low
走读生,,comment,重庆还好吧,0,隐含,中性,无,low
走读生,,comment,这是重庆的嘛，盛产撒子你还不晓得嘛,0,隐含,中性,无,low
走读生,,comment,居然没接什么美什么团的广子,0,隐含,中性,无,low
走读生,,comment,这么一说还真是，以前广告期期不落的，现在怎么接得少了,0,隐含,中性,无,low
走读生,,comment,这么大个学校愣是没个食堂是吧,0,隐含,中性,无,low
走读生,,comment,食堂被抢生意了，你往下看就揭秘了，连续剧,0,隐含,中性,无,low
走读生,,comment,比我婆的普通话还撇,0,隐含,中性,无,low
走读生,,comment,周老师全身都搞笑,0,隐含,中性,无,low
走读生,,comment,巨脚皂脸,0,隐含,中性,无,low
走读生,,comment,小红书搞抽象张总格调最高,0,隐含,中性,无,low
走读生,,title,走读大学生真的很爽,0,隐含,中性,无,low
走读生,,content,在本地上大学天天回家吃饭，可以说一个星期在学校只吃2顿饭，在学校几乎不花啥钱，但是生活费照样给，还是一个月3500,0,隐含,中性,无,low
走读生,,content,真的很爽,0,隐含,中性,无,low
走读生,,content,可以存好多钱,0,隐含,中性,无,low
走读生,,content,#大学生走读#大学生存钱 今日消费： 游戏-6 果粒橙-4 共：-10元 这个月剩余：2840 #大学生花销,0,隐含,中性,无,low
走读生,,comment,不会哦，我的几个上课搭子也都是跟我一样天天回家,0,隐含,中性,无,low
走读生,,comment,有些住宿费也不是很贵，看你们导员人怎么样吧，有些不太好说话,0,隐含,中性,无,low
走读生,,comment,主播海南哪所学校,0,隐含,中性,无,low
走读生,,comment,不过我生活费1k3 但是周末都吃家里的 买衣服裤子也是另外报销,0,隐含,中性,无,low
走读生,,comment,也可以了哈哈哈哈，我是买衣服不报销，但是我上学期间购物欲望蛮低的,0,隐含,中性,无,low
走读生,,comment,我当时物欲高一点 买衣服然后周末要吃点好的哈哈哈哈 现在我是能省则省,0,隐含,中性,无,low
走读生,,comment,我大一的时候还是住校，后面课少了就天天跑回家了哈哈哈,0,隐含,中性,无,low
走读生,,comment,基本下午没课就回去吃饭(一周回五天，偶尔一两天有晚课)，晚上也可以在家住,0,隐含,中性,无,low
走读生,,comment,大三下在考虑要不要出去住本来准备等到大四再出去住的,0,隐含,中性,无,low
走读生,,title,难道是我错了吗,0,隐含,中性,无,low
走读生,,content,大学走读有什么坏处吗,0,隐含,中性,无,low
走读生,,comment,除了早上要比别人早一点起还有懒得回去只能找空教室流浪以外没缺点,0,隐含,中性,无,low
走读生,,comment,点了，也就是早八需要五点半起其他很爽,0,隐含,中性,无,low
走读生,,comment,离学校很远吗这么早,0,隐含,中性,无,low
走读生,,comment,离学校得坐两个公交一个地铁,0,隐含,中性,无,low
走读生,,comment,那确实有点远课要是很散要在学校呆一整天,0,隐含,中性,无,low
走读生,,comment,那确实是有一个自己的空间，有舍才有得,0,隐含,中性,无,low
走读生,,comment,我也是五点半起我们这边这个地铁说要开死也不开,0,隐含,中性,无,low
走读生,,comment,找不到教室好处理，加班长微信问，小组作业我们这可多人找落单的了，就算到后面没组满也会强制组,0,隐含,中性,无,low
走读生,,comment,我家离地铁口也得骑个电动车十几分钟，学校附近还没有地铁，得倒个公交车,0,隐含,中性,无,low
走读生,,comment,那如果我是在宿舍也有床位呢,0,隐含,中性,无,low
走读生,,comment,考试跟室友什么关系我们的会直接发到群里，还有学校大群,0,隐含,中性,无,low
走读生,,comment,所以你是外宿的还是,0,隐含,中性,无,low
走读生,,comment,当然有关系 现在老师不给直接划重点了会被举报 甚至划重点的时候还叫你不要录音拍照 舍友会认识不同的学长学姐 有时候这个有这科那个有那科 都是私底下分享的 不会发在群里面 乱发对谁都没有好处,0,隐含,中性,无,low
走读生,,comment,我是混宿 有时候隔壁班划重点比较细 我们是同专业不同老师 有时候就需要整理,0,隐含,中性,无,low
走读生,,comment,我们不这样，我外宿的时候，班内同学还问我要呢,0,隐含,中性,无,low
走读生,,comment,因为他们知道你有啊 我们有的时候也要跟别的同学问有没有,0,隐含,中性,无,low
走读生,,comment,所以这个帖子在讨论走读的坏处，你也没走读过,0,隐含,中性,无,low
走读生,,comment,我现在是走读,0,隐含,中性,无,low
走读生,,comment,然后路程的话，因为骑电动车要30分钟至25分钟到课室，所以一般早一个钟起床，住宿的话，我们学校比较小，可能也就5分钟就到课室了,0,隐含,中性,无,low
走读生,,comment,除了要早起一点和没课时没地方待四处流浪没有坏处,0,隐含,中性,无,low
走读生,,comment,我觉得呆在图书馆蛮不错的 有作业就做做作业 也可以找点事情做做 很安静,0,隐含,中性,无,low
走读生,,comment,建议大一还是先住宿，因为只有住宿了之后的走读你才能体验到走读有多爽,0,隐含,中性,无,low
走读生,,comment,劝退因为我申请失败了,0,隐含,中性,无,low
走读生,,comment,你住宿舍照样也都得靠闹钟自己醒,0,隐含,中性,无,low
走读生,,comment,我走读成功了，可以分享经验,0,隐含,中性,无,low
走读生,,comment,唯一坏处是和班里人都不熟,0,隐含,中性,无,low
走读生,,comment,不算坏处，和他们熟了也没什么用,0,隐含,中性,无,low
走读生,,title,《真假走读生-充电宝之争》,0,隐含,中性,无,low
走读生,,comment,好的宝贝,0,隐含,中性,无,low
走读生,,comment,宝宝你高几呀,0,隐含,中性,无,low
走读生,,comment,趁他们不在把家里再找找吧,0,隐含,中性,无,low
走读生,,comment,然后她们问你就坦白，估计是拿你手机看锁屏了然后诈你呢,0,隐含,中性,无,low
走读生,,comment,下次可以买个只能开碎屏的备用机,0,隐含,中性,无,low
走读生,,comment,这个帖子不删留给宝宝们讨论住宿和走读,0,隐含,中性,无,low
走读生,,comment,宝你是咋走读的啊现在[抽泣R]租房吗还是父母陪读,0,隐含,中性,无,low
走读生,,comment,走读啊宝子,0,隐含,中性,无,low
走读生,,comment,我们家也是经济问题所以妈妈同意每天单趟40分钟路程接我回自己家,0,隐含,中性,无,low
走读生,,comment,天呐，我也是，然后我的一个最好的朋友也不跟我说话了，也融入到那个小团体了,0,隐含,中性,无,low
走读生,,comment,真的b溃,0,隐含,中性,无,low
走读生,,comment,没有那么久,0,隐含,中性,无,low
走读生,,comment,我家长给我两个选择 走读3年没手机周末也不能出去她每天接送 住宿可以带手机去 放学校旁超市（但成绩没达到要求也收手机）,0,隐含,中性,无,low
走读生,,comment,需要时间，我还私藏手机呢，这样感觉没那么陌生了,0,隐含,中性,无,low
走读生,,comment,走读代价是什么,0,隐含,中性,无,low
走读生,,comment,背一个包，手机放包里，回宿舍回教室都背着,0,隐含,中性,无,low
走读生,,comment,怎么说我初中是父母接送上下学，每天五点半多我就起床他们起的比我更早，晚上我也九点多坐校车到家十点他们在小区门口等我和我一起回家，高中了他们要求我住宿，我一开始也和你一样，但是后面真的明白家里的情况,0,隐含,中性,无,low
走读生,,comment,咋样了宝子 适应了嘛,0,隐含,中性,无,low
走读生,,content,请问一下 一般走读生 是以什么理由向学校申请#走读生,0,隐含,中性,无,low
走读生,,comment,走读还需要理由,0,隐含,中性,无,low
走读生,,comment,不是需要申请吗,0,隐含,中性,无,low
走读生,,comment,我们学校不需要,0,隐含,中性,无,low
走读生,,comment,直接去给老师说走读就行，不用找理由,0,隐含,中性,无,low
走读生,,title,谁懂大学离家五站地铁直达 天天走读,0,隐含,中性,无,low
走读生,,content,有没有大学没办走读 但是我上完课就回家的选手 能不能说说什么感觉有没有什么后果#大学走读,0,隐含,中性,无,low
走读生,,comment,我也走读专本硕都在走读,0,隐含,中性,无,low
走读生,,comment,不查寝没晚自习，不到五点下课，坐车四十分钟，只有爽字可言,0,隐含,中性,无,low
走读生,,comment,全程坐公交甚至只需两块钱,0,隐含,中性,无,low
走读生,,comment,有早八吗,0,隐含,中性,无,low
走读生,,comment,每天都有,0,隐含,中性,无,low
走读生,,comment,咱们不会是同校吧哈哈哈哈,0,隐含,中性,无,low
走读生,,comment,坐标石景山某双非一本,0,隐含,中性,无,low
走读生,,comment,嗷嗷那不是坐标海淀某双非一本,0,隐含,中性,无,low
走读生,,comment,我每天就这样,0,隐含,中性,无,low
走读生,,comment,很正常呀，我们学校这样的人多了我和我同学不是在家就是在回家的路上,0,隐含,中性,无,low
走读生,,comment,那可能你们学校事不多,0,隐含,中性,无,low
走读生,,comment,哈哈我们学校周五地铁站堪比航站楼,0,隐含,中性,无,low
走读生,,comment,sjm吗,0,隐含,中性,无,low
走读生,,comment,我也是查寝 但是我还是依然回家 也没啥事,0,隐含,中性,无,low
走读生,,comment,走读的话就一个字总结：爽,0,隐含,中性,无,low
走读生,,comment,感觉没啥后果，不查寝的话随便啦,0,隐含,中性,无,low
走读生,,comment,我还在地铁站碰到辅导员呢,0,隐含,中性,无,low
走读生,,comment,后果就是我的猫很满意我每天回家伺候他,0,隐含,中性,无,low
走读生,,comment,养到黏猫,0,隐含,中性,无,low
走读生,,comment,哈哈哈哈哈哈,0,隐含,中性,无,low
走读生,,comment,回家呗，假如有人问就装傻就行了,0,隐含,中性,无,low
走读生,,comment,哈哈哈哈哈哈哈我已经回家一个多星期了 导员也不管 如果查寝都记的是请假,0,隐含,中性,无,low
走读生,,comment,没有，除了确实跟班上同学关系一般以外,0,隐含,中性,无,low
走读生,,comment,她们都会有自己的好朋友，和你的关系大概就是朋友，而且好事估计也想不到你,0,隐含,中性,无,low
走读生,,comment,牙师傅有没有自己头像的拼豆呀,0,隐含,中性,无,low
走读生,,comment,想去拼一个我将永远追随牙师傅,0,隐含,中性,无,low
走读生,,comment,牙牙等我马上拼出来!明晚我就给你看成图,0,隐含,中性,无,low
走读生,,comment,图纸我找到啦，等着我更新,0,隐含,中性,无,low
走读生,,comment,明天大概能在新作品里看到我的成图,0,隐含,中性,无,low
走读生,,comment,回复 ｡í _ ì｡ : 明天大概能在新作品里看到我的成图,0,隐含,中性,无,low
走读生,,comment,宝汁们 明天牙牙新作品的评论区看我成品,0,隐含,中性,无,low
走读生,,comment,红色的是番茄味的哦,0,隐含,中性,无,low
走读生,,comment,原来是这样，下次我去看，看他有没有进番茄的,0,隐含,中性,无,low
走读生,,comment,来了牙牙酱今天考了一天的试..明天还要考两门 我已燃尽...,0,隐含,中性,无,low
走读生,,comment,呀，我们今天放三月三啦,0,隐含,中性,无,low
走读生,,comment,3月3是什么呀,0,隐含,中性,无,low
走读生,,comment,我们这边没放假,0,隐含,中性,无,low
走读生,,comment,是谁一放学就来看了呀,0,隐含,中性,无,low
走读生,,comment,上学不用装书的吗,0,隐含,中性,无,low
走读生,,comment,应该是书都在学校里，或者是一个书包装零食，一个书包装书,0,隐含,中性,无,low
走读生,,comment,咯咯哒，我一回家就在看,0,隐含,中性,无,low
走读生,,title,勇不言败…,0,隐含,中性,无,low
走读生,,content,#搞笑#抽象#校园#走读生#学生,0,隐含,中性,无,low
走读生,,comment,张勇有婆娘的,0,隐含,中性,无,low
走读生,,comment,回复 Berrytopia（见过lady gaga版） : 更好笑了，在老婆面前拍,0,隐含,中性,无,low
走读生,,comment,别笑 勇子有钱老婆还好看 反正我笑不出来了,0,隐含,中性,无,low
走读生,,comment,主理人系列，走读生系列，下个系列是啥子,0,隐含,中性,无,low
走读生,,comment,还有荒野求生系列,0,隐含,中性,无,low
走读生,,comment,我觉得荒野求生系列一般,0,隐含,中性,无,low
走读生,,comment,主理人系列最牛最讽刺,0,隐含,中性,无,low
走读生,,comment,现在的走读生系列也很荒唐的天马行空,0,隐含,中性,无,low
走读生,,comment,还有特工系列,0,隐含,中性,无,low
走读生,,comment,说唱系列也好可以也,0,隐含,中性,无,low
走读生,,comment,还是走读生系列好笑 哈哈哈,0,隐含,中性,无,low
走读生,,comment,还有广告系列,0,隐含,中性,无,low
走读生,,comment,这集对身体下血本了,0,隐含,中性,无,low
走读生,,comment,有没得可能开的热水,0,隐含,中性,无,low
走读生,,comment,热水也遭不住，秋裤，摇裤儿都打湿了的，顺便洗个澡了只有,0,隐含,中性,无,low
走读生,,comment,你咋知道他不是准备洗澡的时候pie的,0,隐含,中性,无,low
走读生,,comment,早餐不会说谎,0,隐含,中性,无,low
走读生,,comment,哈哈应该是怪奇物语的梗friends don't lie，有一种不顾一切艰难也要守护的感觉,0,隐含,中性,无,low
走读生,,comment,老兵不死吧,0,隐含,中性,无,low
走读生,,comment,哈哈哈，有可能,0,隐含,中性,无,low
走读生,,comment,周老师拍这些简直是易如反掌,0,隐含,中性,无,low
走读生,,comment,凭一己之力把自己干上市的勇哥,0,隐含,中性,无,low
走读生,,comment,张勇妈妈，你知道吗，你儿子是个英雄,0,隐含,中性,无,low
走读生,,comment,不够看 催更,0,隐含,中性,无,low
走读生,,title,高一走读生上学 vlog🎒,0,隐含,中性,无,low
走读生,,content,#vlog#女高中生#vlog日常#上学日记#高中生日常#上学日常#上学#高中生#日常vlog#沉浸式,0,隐含,中性,无,low
走读生,,comment,为啥你们高中可以做美甲,0,隐含,中性,无,low
走读生,,comment,裸色的不明显呀 但是肯定不能做特别明显夸张的呀,0,隐含,中性,无,low
走读生,,comment,这个是不是发过一遍,0,隐含,中性,无,low
走读生,,comment,宝贝书包有🔗嘛,0,隐含,中性,无,low
走读生,,comment,求书包🔗,0,隐含,中性,无,low
走读生,,content,#搞笑#校园#学生#走读生,0,隐含,中性,无,low
走读生,,comment,除了一些方言不太理解 但是结合情境也能略懂 ，哈哈哈哈真的很有才,0,隐含,中性,无,low
走读生,,comment,任何一句不懂的方言，发在评论区我们给你详细解释,0,隐含,中性,无,low
走读生,,comment,我一东北人笑晕,0,隐含,中性,无,low
走读生,,comment,当然听得懂,0,隐含,中性,无,low
走读生,,comment,贵州人，笑到头掉,0,隐含,中性,无,low
走读生,,comment,贵阳人完全入戏,0,隐含,中性,无,low
走读生,,comment,咋子嘛川渝话又不带锁,0,隐含,中性,无,low
走读生,,comment,我能理解，一天不看就浑身难受,0,隐含,中性,无,low
走读生,,comment,他们懂不懂我不晓得,0,隐含,中性,无,low
走读生,,comment,我笑的都快死了,0,隐含,中性,无,low
走读生,,comment,广州人能懂,0,隐含,中性,无,low
走读生,,comment,勇哥说鸟语都不影响效果,0,隐含,中性,无,low
走读生,,comment,东北人也看得懂,0,隐含,中性,无,low
走读生,,comment,我给别的省份的朋友看 确实没笑,0,隐含,中性,无,low
走读生,,comment,能啊，广西人几乎每期不落的看，很好笑,0,隐含,中性,无,low
走读生,,comment,老辈子的幽默我难以匹敌,0,隐含,中性,无,low
走读生,,comment,你就说梆梆不梆梆,0,隐含,中性,无,low
走读生,,comment,是啥意思啊,0,隐含,中性,无,low
走读生,,comment,很难想象在一个禁毒的国家他们是怎么想出这些剧情的,0,隐含,中性,无,low
走读生,,comment,飞机空投都出来了,0,隐含,中性,无,low
走读生,,comment,一个学校就能撑起福布斯富豪榜的富豪啦,0,隐含,中性,无,low
走读生,,comment,因为他留级了二十年了哈哈哈哈哈哈，走读了一辈子,0,隐含,中性,无,low
走读生,,comment,跑的都倒沫子了,0,隐含,中性,无,low
走读生,,comment,牙膏沫子没涮,0,隐含,中性,无,low
走读生,,comment,water resources engineer 准得跟他妈英语听力一样勇娃儿,0,隐含,中性,无,low
走读生,,comment,煮成抹桌帕给我笑晕了,0,隐含,中性,无,low
走读生,,comment,我笑yue了 老师在这个赛道没有对手,0,隐含,中性,无,low
走读生,,comment,是同一系统的方言，完全理解,0,隐含,中性,无,low
走读生,,comment,谁懂一放学就能看到龇牙老师的视频,0,隐含,中性,无,low
走读生,,comment,我也刚放学,0,隐含,中性,无,low
走读生,,comment,我也是刚放学,0,隐含,中性,无,low
走读生,,comment,Me too,0,隐含,中性,无,low
走读生,,comment,放学好早,0,隐含,中性,无,low
走读生,,comment,一样[心心眼R],0,隐含,中性,无,low
走读生,,comment,刚放学的来了,0,隐含,中性,无,low
走读生,,comment,刚上完学,0,隐含,中性,无,low
走读生,,comment,杯子是一次性的吗,0,隐含,中性,无,low
走读生,,comment,就是看心情选水杯吧呲牙老师每天都12星座决定你的水杯,0,隐含,中性,无,low
走读生,,comment,呲牙老师上的是职高吗,0,隐含,中性,无,low
走读生,,comment,可以拍一个拍攝所用到的工具介绍吗,0,隐含,中性,无,low
走读生,,comment,iPhone 17,0,隐含,中性,无,low
走读生,,comment,现在穿短裤不冷吗,0,隐含,中性,无,low
走读生,,comment,可以礼貌问问龇牙老师的收入来源吗,0,隐含,中性,无,low
走读生,,comment,初中生也想模仿,0,隐含,中性,无,low
走读生,,comment,应该本来家里就挺有钱的 普通人没有资金模仿,0,隐含,中性,无,low
走读生,,comment,龇牙那边很热吗好几期都穿短裤,0,隐含,中性,无,low
走读生,,comment,广东一年四季都很热哦,0,隐含,中性,无,low
走读生,,comment,依旧名创优品把妹王,0,隐含,中性,无,low
走读生,,comment,我今天也去外面吃饭啦哈哈,0,隐含,中性,无,low
走读生,,comment,看到你评论好多条啦,0,隐含,中性,无,low
走读生,,title,走读生上学vlog^,0,隐含,中性,无,low
走读生,,content,#vlog#上学日常#走读,0,隐含,中性,无,low
走读生,,comment,建议调个滤镜,0,隐含,中性,无,low
走读生,,comment,手机像素不太好,0,隐含,中性,无,low
走读生,,comment,调滤镜都觉得怪怪的,0,隐含,中性,无,low
走读生,,comment,大部分都是模仿的一口龇牙吧...,0,隐含,中性,无,low
走读生,,comment,开头的倒水,0,隐含,中性,无,low
走读生,,comment,我本来就是想把水装到水杯里,0,隐含,中性,无,low
走读生,,comment,之前也看到过呲牙老师拍,0,隐含,中性,无,low
走读生,,comment,然后就加上了,0,隐含,中性,无,low
走读生,,comment,还有哪模仿了,0,隐含,中性,无,low
走读生,,comment,下课还能看电视剧,0,隐含,中性,无,low
走读生,,title,住校生突兀变走读,0,隐含,中性,无,low
走读生,,content,#住校生#高中#青春期#走读还是住宿,0,隐含,中性,无,low
走读生,,comment,同事家闺女，和你们同年级，毅然决然地举家租住在南大路已一年有余，连周末都不回市区了,0,隐含,中性,无,low
走读生,,comment,哪个小区帮忙看看有没有房源,0,隐含,中性,无,low
走读生,,comment,曙升花苑，租房的学生挺多的,0,隐含,中性,无,low
走读生,,comment,孩子给你，帮我洗脑,0,隐含,中性,无,low
走读生,,comment,哈哈哈哈，看来深受其苦了,0,隐含,中性,无,low
走读生,,comment,你这边建议不走读么,0,隐含,中性,无,low
走读生,,comment,现在高中生，理论比你强,0,隐含,中性,无,low
走读生,,comment,那这么说，我家一年半，是不是得知足了,0,隐含,中性,无,low
走读生,,comment,高中对面的华泰星城，租房陪读的也很多,0,隐含,中性,无,low
走读生,,comment,附近单身公寓租一个啊,0,隐含,中性,无,low
走读生,,comment,单身公寓的人群，哎，一言难尽,0,隐含,中性,无,low
走读生,,comment,乱七八糟的声音都有,0,隐含,中性,无,low
走读生,,comment,还是租房吧,0,隐含,中性,无,low
走读生,,comment,走一步看一步,0,隐含,中性,无,low
走读生,,comment,恭喜你加入走读大军,0,隐含,中性,无,low
走读生,,comment,还在适应阶段,0,隐含,中性,无,low
走读生,,comment,早上起得来吗,0,隐含,中性,无,low
走读生,,comment,路远走读挺辛苦的,0,隐含,中性,无,low
走读生,,comment,家长表示有点难,0,隐含,中性,无,low
走读生,,comment,心疼管夫人,0,隐含,中性,无,low
文科生,,title,我们文科生就是这样子形象,0,隐含,中性,无,low
文科生,,content,一味地轻文重理，一定会在未来某一刻迎来严重后果#文科生#理科生#文理分科,0,隐含,中性,无,low
文科生,,comment,觉得理科高贵的跟我对峙虽然现在文科大趋势不好，但法学等专业壁垒是很高的，法考优势考公优势还是高，但如果不是五院四系or清北复交or部分985211还是不建议选文科,0,隐含,中性,无,low
文科生,,comment,其实理科只是比普通人有钱而已（别杠，杠就是你对）,0,隐含,中性,无,low
文科生,,comment,法学生，其实法学壁垒现在不高，ai的出现很多人咨询直接问ai了,0,隐含,中性,无,low
文科生,,comment,AI乱编法条啊而且真正要打官司的人谁会把这些活交给AI放心干,0,隐含,中性,无,low
文科生,,comment,你都选这些学校了，哪些专业不都高贵,0,隐含,中性,无,low
文科生,,comment,法学考公优势是因为招法学专业的要过法考才行,0,隐含,中性,无,low
文科生,,comment,学法学不过法考跟学车不考驾照有区别吗,0,隐含,中性,无,low
文科生,,comment,不是打官司，是一般人有什么法律问题就直接咨询ai了，不去咨询律师了,0,隐含,中性,无,low
文科生,,comment,而且很多案件其实并没有那么复杂，咨询ai就能得到结果,0,隐含,中性,无,low
文科生,,comment,那法考通过率应该和驾照通过率一样高了,0,隐含,中性,无,low
文科生,,comment,那我一开始强调的是难度，因为法考难所以法学专业考公分数低所以说考公有优势不严谨,0,隐含,中性,无,low
文科生,,comment,emmm我就是法学生啊，法学的壁垒本身就不是很高，在以前互联网没有那么发达的时候，信息闭塞，你可能需要专业人士为你解答，现在如今互联网各种案例，以及ai普及，法学的壁垒本身就是降低的，相对于纯理科的计算机哪些来说，法学都是文字➕专有名词,0,隐含,中性,无,low
文科生,,comment,而且法学在文科中也就是矮个子拔高个，五院四系进红圈所月薪两万，但是同等水平的计算机已经年包几十万起步了,0,隐含,中性,无,low
文科生,,comment,没有吹法学呀，不是加了前五院四系等前置条件吗,0,隐含,中性,无,low
文科生,,comment,文科生+法学生，法学的壁垒真没这么高，因为我们国家的法律市场很下沉,0,隐含,中性,无,low
文科生,,comment,法学不是通科吗,0,隐含,中性,无,low
文科生,,comment,除了科举那会儿，什么时候文科大趋势好过,0,隐含,中性,无,low
文科生,,comment,小知识:理科也能报法学,0,隐含,中性,无,low
文科生,,comment,法学壁垒高过理工科啊,0,隐含,中性,无,low
文科生,,comment,也不能这样比吧，只是单纯说明法学专业壁垒高,0,隐含,中性,无,low
文科生,,comment,理科生也能学法呀,0,隐含,中性,无,low
文科生,,comment,理科不高贵，高贵的是大佬，文理都是,0,隐含,中性,无,low
文科生,,comment,真不知道有些人在高贵什么，他们莫名其妙的，觉得文科很好学,0,隐含,中性,无,low
文科生,,comment,典型偷换概念，我说的是重要性并不是难度,0,隐含,中性,无,low
文科生,,comment,吹法学专业壁垒给闹麻了,0,隐含,中性,无,low
文科生,,comment,你们的壁垒是认为设置的，不是专业壁垒,0,隐含,中性,无,low
文科生,,comment,伪人缺乏的是思维和逻辑，文理科都需要,0,隐含,中性,无,low
文科生,,comment,而且不是大部分理科生都会学习文史的好不好，很多人都觉得哲学逻辑学很难，历史背不下来什么的，请不要把你们的兴趣来挑战我们的专业，你不会真的以为你会的就是文科的全部吧，只会表面的记记背背就好了就觉得文科没有门槛才是我觉得最可笑的,0,隐含,中性,无,low
文科生,,comment,理科思维和文科思维是不一样的，事实上领导者更需要文科思维,0,隐含,中性,无,low
文科生,,comment,《我认识的》,0,隐含,中性,无,low
文科生,,comment,事实上只有顶尖的文科选手和顶尖的理科选手能影响时代 我们就是普通人罢了 普通理工科的毕业生也赚不到啥钱 大家不要相互攻讦了好吗 真没必要,0,隐含,中性,无,low
文科生,,comment,确实呀，很多人选理科也只是混口饭吃，有必要说哪个重要哪个不重要吗，文科理科都应该学，确实有人有更擅长的一方,0,隐含,中性,无,low
文科生,,comment,并没有轻文啊，会计和法律两大类在整个社会中有巨大的分量啊,0,隐含,中性,无,low
文科生,,comment,有巨大份量和巨少工资（我就是学法的）,0,隐含,中性,无,low
文科生,,comment,量变产生质变，没有数量哪来的质量,0,隐含,中性,无,low
文科生,,comment,文艺复兴时期的大思想家，诞生于当时大量的学者、艺术家，春秋战国时期百家争鸣，也来自于整个社会士人阶层的发展贡献,0,隐含,中性,无,low
文科生,,comment,认为只有金字塔尖的文科学者有用，其他文科生无用，恰恰是文科没学好的体现，是孤立主义,0,隐含,中性,无,low
文科生,,comment,可是……我认识的理科生他们的文科也很好啊,0,隐含,中性,无,low
文科生,,comment,这种一般都是211985往上的六边形战士吧，普通学生其实基本上都是文科和理科都不是很突出,0,隐含,中性,无,low
文科生,,title,他站在理科生的制高点指点了我们所有文科生,0,隐含,中性,无,low
文科生,,content,#人工智能发展#文科的意义,0,隐含,中性,无,low
文科生,,comment,有的有的，数据标注员感觉还挺需要文科生的，就是工资开不高，上海也挺多给不到1w的,0,隐含,中性,无,low
文科生,,comment,数据标注需要的是带专,0,隐含,中性,无,low
文科生,,comment,上海基础物价高吧，然后可能也和具体标注内容有关,0,隐含,中性,无,low
文科生,,comment,都是找实习生做，大把的在校生不要钱都抢着做,0,隐含,中性,无,low
文科生,,comment,也分的，看你标什么，llm rlhf阶段有些需要专业知识才能标，会贵一点,0,隐含,中性,无,low
文科生,,comment,数据标注不在上海做，你搜国家级数据标注基地，拿这个牌子的都是三四线城市,0,隐含,中性,无,low
文科生,,comment,前司用160一天的实习生 还都是92本科生,0,隐含,中性,无,low
文科生,,comment,尤其是搞ASR,0,隐含,中性,无,low
文科生,,comment,居然有这么好的岗位，农学生心动了,0,隐含,中性,无,low
文科生,,comment,llm rlhf阶段是有领域高质量数据的需求的,0,隐含,中性,无,low
文科生,,comment,在大学举办一个数据标注大赛即可,0,隐含,中性,无,low
文科生,,comment,清北的也去做,0,隐含,中性,无,low
文科生,,comment,那东西是个人都能做，,0,隐含,中性,无,low
文科生,,comment,我记得数据标注这块有送到非洲做的说法来着，国内工资这么高也有吗,0,隐含,中性,无,low
文科生,,comment,没那么高，一条五块,0,隐含,中性,无,low
文科生,,comment,北京八千多，我问的我对接的标注，可能你的ip工资低吧,0,隐含,中性,无,low
文科生,,comment,现在数据标注都需要高质量的，本科生都不一定做得了,0,隐含,中性,无,low
文科生,,comment,数据标注还想要1w,0,隐含,中性,无,low
文科生,,comment,小学生都会的东西，给你3k就不错了,0,隐含,中性,无,low
文科生,,comment,数据标注跟工厂流水线有什么区别，是个人就能干,0,隐含,中性,无,low
文科生,,comment,你也太小看数据标注了，八千有的,0,隐含,中性,无,low
文科生,,comment,需要一个汤姆猫对着xhs大笑的图,0,隐含,中性,无,low
文科生,,comment,理科生语文考试30分么,0,隐含,中性,无,low
文科生,,comment,非相关专业好奇，学心理的会认可自己被当成文科吗,0,隐含,中性,无,low
文科生,,comment,心理学类是理学下的一级学科,0,隐含,中性,无,low
文科生,,comment,人工的部分解决了，那智能呢,0,隐含,中性,无,low
文科生,,comment,冷知识：大多数理科生搞文科比文科生好，包括写作，文学，哲学（其实哲学是理科，这里只是举例）,0,隐含,中性,无,low
文科生,,comment,因为文科读到硕士以上肯定也要用到理科工具的，不然怎么写毕业论文，但论点是文科的,0,隐含,中性,无,low
文科生,,comment,大家不要一味嘲笑，现在国内正在大力开展的“新文科”建设，一定程度和楼主说的契合，不要把看不起文科看做政治正确，未来一定是AI 复合自然和社会科学时代,0,隐含,中性,无,low
文科生,,comment,这不叫新文科建设，这叫让那群理科生学文科课程,0,隐含,中性,无,low
文科生,,comment,我没有看不起文科生，我自己大学就是学文科的,0,隐含,中性,无,low
文科生,,comment,文科生大部分是不擅长理科，被文科收留，不代表文科学得好,0,隐含,中性,无,low
文科生,,comment,理科生也不一定擅长理科，也可能是为了面子选的理科,0,隐含,中性,无,low
文科生,,comment,文科给的有强因果性的claim，但实际上大模型只需要堆算力得出统计规律就行,0,隐含,中性,无,low
文科生,,comment,心理学、语言学、教育学肯定还是一个数学建模的,0,隐含,中性,无,low
文科生,,comment,也便于机器学习,0,隐含,中性,无,low
文科生,,comment,我当年有学长英语系毕业，最后去微软搞计算机语言研究探索,0,隐含,中性,无,low
文科生,,content,这里文科指纯文科，如文史哲新传社会学等这类主要关注形而上领域的学科，像经济金融会计商科这些本来就是关于钱的学问，法律更关注现实问题且有明确职业发展路径就不算在内,0,隐含,中性,无,low
文科生,,content,学习纯文科，我们总会从一些书本上、课堂上学习到一箩筐关于“批判”的知识，比如鲁迅先生总是以冷峻的目光审视着他所见所处的社会，比如当下很火的理论家福柯告诉我们权力是怎样对个体完成规训的，再比如“异化劳动”等说工作是狗屁工作的理论,0,隐含,中性,无,low
文科生,,content,与此同时，我们也能学到很多关于真善美的判断，比如楼外的蒹葭比上课更重要，比如新闻工作者的使命是为弱小者为不公发声,0,隐含,中性,无,low
文科生,,content,我们常常能看到有的文科老师们以一种掌握真理的姿态，带着强烈个人价值观输出批判类知识，或以一种浪漫主义的姿态告诉我们什么是美好的,0,隐含,中性,无,low
文科生,,content,久而久之部分学生，尤其是在步入大学前鲜有受到父母长辈关于人事物方面的认识有效引导的学生总会被影响，甚至产生一种奇妙的幻觉：认为“众人皆醉我独醒”，对一切事物都带着批判眼光，愤世嫉俗，极度理想主义,0,隐含,中性,无,low
文科生,,content,在离开象牙塔步入社会进入职场后，我们很容易发现世界大部分地方仍以自己所批判的方式运行着，内心所建构的一套关于真善美的价值标准其实是并不存在的幻觉,0,隐含,中性,无,low
文科生,,content,严重者会因此陷入巨大虚无，对什么都感到难以适应，在个人事业迟迟未得到发展后陷入更大的幻觉，如怀才不遇和“成功人士都是靠偷鸡摸狗手段混上去”等自我安慰,0,隐含,中性,无,low
文科生,,content,（至于能赚多少钱就是各凭本事，我是没实力,0,隐含,中性,无,low
文科生,,content,） 毕竟我们都知道，我们所学知识背后的思想家们，他们本身都是有一定社会地位的学者作家，有情怀的文科教授们大量都是有头有脸的知识分子,0,隐含,中性,无,low
文科生,,content,有些不属于我们的视角，就不要站在他们的立场上一起共情了,0,隐含,中性,无,low
文科生,,content,#文科#文科生#文史哲#工作#理想主义#毕业季#心态,0,隐含,中性,无,low
文科生,,comment,法学就这样被美美开除文科籍,0,隐含,中性,无,low
文科生,,comment,冷知识：法学院mean人密度比传统文科高得多（cause所谓优绩主义），毕业后本行业（尤其是律师）自杀率、精神病率都很高哈,0,隐含,中性,无,low
文科生,,comment,这是真的...,0,隐含,中性,无,low
文科生,,comment,是的学完法学感觉我变刺头了,0,隐含,中性,无,low
文科生,,comment,补充：入狱率也挺高的,0,隐含,中性,无,low
文科生,,comment,命苦,0,隐含,中性,无,low
文科生,,comment,理科生误入法律圈，感觉自己越来越刻薄,0,隐含,中性,无,low
文科生,,comment,个人认为，现在的文科根本没有参与到社会的实际运转事项中，所知道的一切都是书本中的理论，不切实际的想象，批判 辩证等等也都只是建立在空中楼阁中，一方面是由于某些原因社会政治事务是已经不被允许文科生讨论的了，另一方面是从小到大的教育方式从不会讲金钱 讲工作，只有到了最后关头才会知道这个的重要性但也已经为时已晚,0,隐含,中性,无,low
文科生,,comment,更致命的是,0,隐含,中性,无,low
文科生,,comment,文科会潜移默化地给人一种赚钱可耻的观念,0,隐含,中性,无,low
文科生,,comment,是的，我们一直被教导一种不切实际的观念要有高追求要怎么样，但就是不提实际,0,隐含,中性,无,low
文科生,,comment,可是文科就是管精神的啊，在社会中的地位也是不容小觑的吧，我觉得,0,隐含,中性,无,low
文科生,,comment,就是学校不教讲金钱工作，单单让学精神,0,隐含,中性,无,low
文科生,,comment,你说的证明了我说的[棒R],0,隐含,中性,无,low
文科生,,comment,没有吧，除了后半句,0,隐含,中性,无,low
文科生,,comment,其实并不是因为不讲工作，而是工作本身的目的是为了维持社会结构的运转，它们是为了结构而安排出来的，本身更多处于“器”层面而非“道”的层面，而纯文通常探讨在此刻这个社会之外的其他可能性以及人在社会之中所体现出的幽微情绪，这更多是处于“君子不器”的那种层面，自然与这个社会对工作的要求不同，不适应也是自然的,0,隐含,中性,无,low
文科生,,comment,很多时候只是不愿意被“异化”罢了,0,隐含,中性,无,low
文科生,,comment,这是纯文本身的性质决定的，它并不是为了器物层面的工作设置,0,隐含,中性,无,low
文科生,,comment,但并不是说这不重要，对于需要吃喝拉撒的普通人而言是至关重要的，只是纯文不教这些,0,隐含,中性,无,low
文科生,,comment,那很好了 但是我学的商科 学了稍微打开新世界大门吧 剥削和剩余价值是刻在DNA里的,0,隐含,中性,无,low
文科生,,comment,只是中国而已,0,隐含,中性,无,low
文科生,,comment,我也要出去,0,隐含,中性,无,low
文科生,,comment,请仔细看看我说的是什么意思，现在这个教育方式内容下，相对于专业门槛更高的和社会参与度更高的专业，文科就是如此，如果这片面的话，那么为什么文科生毕业即失业的情况更多，谁都注重金钱需要金钱，但是思维方式与钱相关联，所学知识能直接转化为钱，能应用于实际社会中是另一回事,0,隐含,中性,无,low
文科生,,comment,文科最大的问题是没有理论，而不是只有理论,0,隐含,中性,无,low
文科生,,comment,学文科就不切实际想象不知道社会,0,隐含,中性,无,low
文科生,,comment,而且也不可能不注重金钱,0,隐含,中性,无,low
文科生,,comment,学屠龙术不等于能使用屠龙术，而这些研究问题层面每个人研究目的不同，如果抱着虚幻的某种实践导向而深入，不由自主地会感到如同精神分裂般的割裂感……,0,隐含,中性,无,low
文科生,,comment,是的 可以学习了解和思考 但是没必要太当成一种指导性的 多么高大上的东西,0,隐含,中性,无,low
文科生,,comment,一边也要保持对这个世界的距离，保持思考,0,隐含,中性,无,low
文科生,,comment,其实只要在社会上摸爬滚打一段时间，一切胡思乱想都没了,0,隐含,中性,无,low
文科生,,comment,我现在没了,0,隐含,中性,无,low
文科生,,comment,终于有人说了...我挣扎了好久，目前暂时给自己的办法是不断告诉自己：在没有完全了解社会建构之前，学习它“是什么”比了解“为什么”更重要,0,隐含,中性,无,low
文科生,,comment,这条笔记有一点点小热度，才发现好多人好像都挺共鸣的 是的都得找到自己的解法，不然真的容易内耗严重变得虚无,0,隐含,中性,无,low
文科生,,comment,说得非常好，所以不要过度的去自我内耗，不管文科，理科，工科都是一样,0,隐含,中性,无,low
文科生,,comment,但也同时要让亮在心里的那盏灯继续亮下去，并尽量的去照亮身边人，不能因为存在率兽食人，就把率兽食人视为正确,0,隐含,中性,无,low
文科生,,comment,理工科一般不会让人内耗，会外耗，比如学化工的进了工厂，对健康最大的威胁不是精神内耗，而是各种危险化学品的毒害,0,隐含,中性,无,low
文科生,,comment,是的 最后还是只能找到实现个人自洽的解法,0,隐含,中性,无,low
文科生,,title,读社科=失业,0,隐含,中性,无,low
文科生,,content,同学靠社会学背景+自学碳核算，毕业进了MBB做ESG战略 - 技能补充：GRI标准证书+Excel建模 2️⃣ 科技公司「伦理研究员」 - Meta、Google高薪招聘哲学/伦理学背景人才，评估AI伦理风险 - 案例：哲学博士学姐在硅谷年薪$18W 3️⃣ 国际组织（UN/WHO） - 发展研究、公共政策专业是敲门砖 - 内幕：先做UN在线志愿者（免费,0,隐含,中性,无,low
文科生,,content,"推荐DataCamp） ▫️ Stata/SPSS（社科量化研究刚需） ▫️ 设计思维（免费学IDEO U课程） 📌 学姐大实话 ""人文社科培养的批判性思维和写作能力，在AI时代反而成了稀缺资源",0,隐含,中性,无,low
文科生,,title,永远不能原谅的数学和历史,0,隐含,中性,无,low
文科生,,content,数学比海淀模考还低10多分，这不太对吧 从此只要在朋友圈刷到数学120+的文科生都会心痛一下,0,隐含,中性,无,low
文科生,,comment,分享一下,0,隐含,中性,无,low
文科生,,comment,地理也写写,0,隐含,中性,无,low
文科生,,comment,南大经管可以，不建议去财经、法律类院校,0,隐含,中性,无,low
文科生,,comment,可以细说为什么不推荐经管和法律类吗本身我对法律不是特别感兴趣，但这个分有点想去政法了,0,隐含,中性,无,low
文科生,,comment,去人大只能试试提前批，踩线进,0,隐含,中性,无,low
文科生,,comment,剩下的综合类京内只有北师大了，但是不想当老师去北师大学法或者学ppe感觉也不是很对口,0,隐含,中性,无,low
文科生,,comment,我同学这个分去了南大经管，可以去招生组问问,0,隐含,中性,无,low
文科生,,comment,我在网上看去年南大都要670+，那可能百度数据不太准吧,0,隐含,中性,无,low
文科生,,comment,他是670，但是去年似乎高分段人多一些，愿意学小语种的话复旦也不错,0,隐含,中性,无,low
文科生,,comment,北师大不见得就是当老师，很多比师大毕业的不当老师,0,隐含,中性,无,low
文科生,,comment,您可以详细说说吗,0,隐含,中性,无,low
文科生,,comment,我身边不少在师大读本科到北大读硕博的例子,0,隐含,中性,无,low
文科生,,comment,我去敦煌了,0,隐含,中性,无,low
文科生,,comment,就是不和市场接轨,0,隐含,中性,无,low
文科生,,comment,一定要慎重啊,0,隐含,中性,无,low
文科生,,comment,政治地理咋学的,0,隐含,中性,无,low
文科生,,comment,后续会发帖详细谈谈,0,隐含,中性,无,low
文科生,,comment,数学少了10分，历史再高5分就好了,0,隐含,中性,无,low
文科生,,comment,应该能去法大的实验班，南开还没仔细看应该也行,0,隐含,中性,无,low
文科生,,comment,你的成绩非常不好报志愿，高不成低不就的，和我儿子当年一样,0,隐含,中性,无,low
文科生,,comment,最后保专业，不考虑学校，低就了两财一贸，文科生学了理科专业,0,隐含,中性,无,low
文科生,,comment,清华强基不是要到680多吗我记得,0,隐含,中性,无,low
文科生,,comment,结合我周边的实例来看，文科生选生物确实吃亏您可以再劝劝（当然我只是建议哈）我当时也是高一结束的时候从生物转到地理的,0,隐含,中性,无,low
文科生,,comment,开玩笑嘛 历史少10分 考98吗,0,隐含,中性,无,low
文科生,,comment,能上清北吗,0,隐含,中性,无,low
文科生,,comment,不能，清北686呢,0,隐含,中性,无,low
文科生,,title,我们大文没惹任何人,0,隐含,中性,无,low
文科生,,content,啊啊啊是从qq空间来的图 #理科生#文科生,0,隐含,中性,无,low
文科生,,comment,玻珠只是吐槽这种刻板印象的自嘲，并没有搞文理对立，评论区可以停停了,0,隐含,中性,无,low
文科生,,comment,只是吐槽社会对理科比文科好的刻板印象吐槽，请不要联想其他的,0,隐含,中性,无,low
文科生,,comment,实际上是这样的哈,0,隐含,中性,无,low
文科生,,comment,资本家赢了,0,隐含,中性,无,low
文科生,,comment,ture,0,隐含,中性,无,low
文科生,,comment,我也刷到了,0,隐含,中性,无,low
文科生,,comment,（红红火火）,0,隐含,中性,无,low
文科生,,comment,资本家这个专业在哪报,0,隐含,中性,无,low
文科生,,comment,投胎是门技术活,0,隐含,中性,无,low
文科生,,comment,被资本家吃的干干净净,0,隐含,中性,无,low
文科生,,comment,pie💫,0,隐含,中性,无,low
文科生,,comment,这是正确版本,0,隐含,中性,无,low
文科生,,comment,咋还要吃理科生啊[呃R],0,隐含,中性,无,low
文科生,,comment,我们文科生没惹任何人,0,隐含,中性,无,low
文科生,,comment,成绩好才是硬道理别搞对立啊,0,隐含,中性,无,low
文科生,,comment,其实这是文科生的自嘲啊，,0,隐含,中性,无,low
文科生,,comment,招笑文理对立,0,隐含,中性,无,low
文科生,,comment,就文科生的自嘲啊,0,隐含,中性,无,low
文科生,,comment,为什么文科生也在种地我甚至五谷不分,0,隐含,中性,无,low
文科生,,comment,没事文科生可以学农业,0,隐含,中性,无,low
文科生,,comment,文科生不学生物也可以学农业吗,0,隐含,中性,无,low
文科生,,comment,可以啊我记得，好像还挺热的,0,隐含,中性,无,low
文科生,,comment,我们文科生种地还要扶眼镜,0,隐含,中性,无,low
文科生,,content,表格来自 老师,0,隐含,中性,无,low
文科生,,content,#AI聊天#Claude#Gemini#仅个人观点,0,隐含,中性,无,low
文科生,,comment,3.2的ds很少有揉进骨血，草莓牛奶了吧,0,隐含,中性,无,low
文科生,,comment,"""你来，我就在",0,隐含,中性,无,low
文科生,,comment,我也感觉，一股子gpt5.2的味儿,0,隐含,中性,无,low
文科生,,comment,俺不中了昨天刚说过这句,0,隐含,中性,无,low
文科生,,comment,真心感觉3.2特别好用…,0,隐含,中性,无,low
文科生,,comment,俺不中了，到底为啥要守着,0,隐含,中性,无,low
文科生,,comment,我永远在这里 稳稳地接住你,0,隐含,中性,无,low
文科生,,comment,这就行了,0,隐含,中性,无,low
文科生,,comment,哈哈哈哈哈哈哈哈哈哈哈哈我我真的,0,隐含,中性,无,low
文科生,,comment,而且一直在套模板说话,0,隐含,中性,无,low
文科生,,comment,用户好像一块印度飞饼在空中旋转三周半后被ds稳稳接住,0,隐含,中性,无,low
文科生,,comment,"文科生用AI的视角确实和理工科不一样——理工科关注准确性和效率，文科更在意语感、创造力和""能不能接住梗""",0,隐含,中性,无,low
文科生,,comment,"不过""信心问题""这点也说明它在不确定时选择保守，这对某些场景反而是优点",0,隐含,中性,无,low
文科生,,comment,"每个模型都有自己的""性格""，找到和你思维节奏匹配的才是关键",0,隐含,中性,无,low
文科生,,comment,本人也是文科生，语言方面Chatgpt和Claude更能接梗,0,隐含,中性,无,low
文科生,,comment,我还以为这段ds写的,0,隐含,中性,无,low
文科生,,comment,都关注，根本没有两全其美的模型，而且一旦有跨窗口记忆，就会降智,0,隐含,中性,无,low
文科生,,comment,文本工作和代码工作得开两个号,0,隐含,中性,无,low
文科生,,comment,我也以为,0,隐含,中性,无,low
文科生,,comment,gemini简直是,0,隐含,中性,无,low
文科生,,comment,金鱼记忆,0,隐含,中性,无,low
文科生,,comment,还我4o,0,隐含,中性,无,low
文科生,,comment,外国的ai在它们的本国玩，也是有一样的限制不能开车吗,0,隐含,中性,无,low
文科生,,comment,比如Gemini，我用API都被截断撤回了,0,隐含,中性,无,low
文科生,,comment,DeepSeek都能开呀,0,隐含,中性,无,low
文科生,,comment,纯唠嗑聊天推荐哪个呀下班上班的时候都想唠嗑，朋友太忙不咋回消息,0,隐含,中性,无,low
文科生,,comment,Claude，有点小傲娇有点毒舌，但和其他的相比回复有点短，问了它话那么少是不是因为我没付钱，它说：免费用户在我这里和付费用户待遇一样——该送走就送走,0,隐含,中性,无,low
文科生,,comment,有没有不好攻略的ai啊，感觉玩文游一攻略成功，没有人味,0,隐含,中性,无,low
文科生,,comment,grok who is he是什么梗吗,0,隐含,中性,无,low
文科生,,comment,X上经常有人,0,隐含,中性,无,low
文科生,,title,文科生 vs 理科生,0,隐含,中性,无,low
文科生,,content,​ 3. 他们抨击文科，根源是无知——没读懂文科的价值，就否定自己理解不了的东西,0,隐含,中性,无,low
文科生,,comment,一些文科生找不到工作就去挣外务省的钱，危害有点大,0,隐含,中性,无,low
文科生,,comment,投票也可能印证贴主的说法😆,0,隐含,中性,无,low
文科生,,comment,简单把所有科目分为文理的话，这话题根本没意义,0,隐含,中性,无,low
文科生,,comment,应该细分为专业来讨论,0,隐含,中性,无,low
文科生,,comment,文科很重要，是上层建筑,0,隐含,中性,无,low
文科生,,comment,如果有能力的有意愿的学子（富家子弟），可以在本科毕业后，读研阶段再选择进入上层建筑开展文科训练，哲学、历史都是非常有用的学科,0,隐含,中性,无,low
文科生,,comment,因为学文科的蛮多都是混的，他们学文科的原因是因为理科不好,0,隐含,中性,无,low
文科生,,comment,清华北大理科分数线可比文科高多了 这么厉害的文科生没本事考700分吗,0,隐含,中性,无,low
文科生,,comment,文科生其实是很重要的，但一个非常现实的问题是中国的理工科的学生在建设祖国，中国的相当大的文科生却在吹捧外国贬低中国,0,隐含,中性,无,low
文科生,,comment,文科最后的堡垒是法学,0,隐含,中性,无,low
文科生,,comment,理科不能参加司法考试,0,隐含,中性,无,low
文科生,,comment,司法半年过，注会一年，朋友在银行所以考了注会，然后调动到人事，闲来无事考了司法，当然这些个人从小就是学霸型的,0,隐含,中性,无,low
文科生,,comment,理科不靠司法是因为大部分理科生的岗位用不上这么个玩意儿，但凡都能用上，你会发现通过率更高的还是理科生,0,隐含,中性,无,low
文科生,,comment,得亏规定理科不能考，不然最后的堡垒也没了,0,隐含,中性,无,low
文科生,,comment,文科怎么样我不清楚，但我作为文科生怎么说起码是个人吧，人和人之间的基本尊重与平等和我读的什么科目没关系吧,0,隐含,中性,无,low
文科生,,comment,这句话的另一个版本是饥荒饿不死手艺人，国内文科的专业壁垒不太行，达不到相同的效果,0,隐含,中性,无,low
文科生,,comment,饥荒饿不死手艺人可能要再早了，80，90年代学校里基本听不到，听到的都是学好数理化,0,隐含,中性,无,low
文科生,,comment,毕竟中国最好的作家是学医的,0,隐含,中性,无,low
文科生,,comment,问题是这类的公务单位很少开放岗位去招人，像什么各类博物馆，文史馆，景点，真的蛮多的，就是不招人，上一辈的还在，公务单位的文科岗位确实人员变动小,0,隐含,中性,无,low
文科生,,comment,文科最大的问题是没有壁垒，谁来都能学，但是理科有，高数就是天然的壁垒,0,隐含,中性,无,low
文科生,,comment,文科的壁垒是论资排辈，是血统,0,隐含,中性,无,low
文科生,,comment,1 没有手机、短视频的时候，也没多少人潜心研究文学，有时间大家宁愿去去打牌踢球,0,隐含,中性,无,low
文科生,,comment,2“踩文科”更多的是因为这些年人文这方面基本没什么贡献，甚至还出了很多反贼,0,隐含,中性,无,low
文科生,,comment,3同样学文的也不懂学理的人，那怎么几乎没见倒过来的情况,0,隐含,中性,无,low
文科生,,comment,文科和文科生可不是一个东西，文科是社会稳定的基石,0,隐含,中性,无,low
文科生,,comment,翻翻劳东燕的微博就知道了，现在有些文科生不是工作不好，是居然能找到工作,0,隐含,中性,无,low
文科生,,comment,我只知道真正的学霸或者是学习能力很强的人，不分文理科,0,隐含,中性,无,low
文科生,,comment,文科要没有考公考编一途，那只有更惨没有最惨,0,隐含,中性,无,low
文科生,,comment,“面子是别人给的，脸是自己丢的”,0,隐含,中性,无,low
文科生,,content,好好奇学中文系是什么感受 浪漫吗 是谈天说地吗 是因为古人的故事而感慨吗#中文系#大学 感觉对“中文系/文学”这几个字有滤镜，一看到这几个字，脑海里便是一个文静儒雅的女孩子朝你微笑,0,隐含,中性,无,low
文科生,,comment,感觉台湾的人文教育做的特别好,0,隐含,中性,无,low
文科生,,comment,文学的土壤啊就是充满松弛和诗意的老师会允许我们在文学概论请假，因为想去看牛晒太阳,0,隐含,中性,无,low
文科生,,comment,老师也会在散文选读课带我们去校园散步，看看散文发起的每一个瞬间,0,隐含,中性,无,low
文科生,,comment,[完啦R],0,隐含,中性,无,low
文科生,,comment,汉语言人最向往的地方[完啦R],0,隐含,中性,无,low
文科生,,comment,（我要维权,0,隐含,中性,无,low
文科生,,comment,因为我是台湾人...,0,隐含,中性,无,low
文科生,,comment,我操你是怎么做到去台湾读的啊啊啊啊啊啊啊啊啊啊啊啊啊啊,0,隐含,中性,无,low
文科生,,comment,逃课gogo,0,隐含,中性,无,low
文科生,,comment,但我的大学在台湾没学历啊[完啦R]我当初就是被长辈忽悠过去了[完啦R],0,隐含,中性,无,low
文科生,,comment,我就是不习惯在那里的生活才回来的去旅游倒还可以,0,隐含,中性,无,low
文科生,,comment,啊啊啊啊晕我的台湾梦,0,隐含,中性,无,low
文科生,,comment,梦中情校[完啦R],0,隐含,中性,无,low
文科生,,comment,回复 北太平洋的海洋雪,0,隐含,中性,无,low
文科生,,comment,: 老师真好，知道了知道了你肯定是心动了（）,0,隐含,中性,无,low
文科生,,comment,有些课程里也写过诗歌和短篇小说，但更多还是作为结课作业的论文,0,隐含,中性,无,low
文科生,,comment,没什么过于糟糕的地方，也什么太亮眼的东西，四年就那样过去了,0,隐含,中性,无,low
文科生,,comment,最好自己要有一定的主体性，要不然容易因为对老师的崇拜从而被老师带偏,0,隐含,中性,无,low
文科生,,comment,但是文科一向被诟病的就是不事生产，所以中文系听课包括自己读书全都是输入，所以一定要在学习生活以往找一个输出的方式，我觉得比较好的是写作和做家教，写作锻炼书写的能力，家教锻炼沟通能力,0,隐含,中性,无,low
文科生,,comment,而且我觉得对任何专业都很重要的就是不要对老师有过于重的滤镜，你觉得他讲的不好那就是讲的不好，不想听就不听，但是自己要找方式补回来,0,隐含,中性,无,low
文科生,,comment,我最想读的就是中文系 现在在工科和似人一样[呃R],0,隐含,中性,无,low
文科生,,comment,中文对我来说是潜移默化的，对文字很敏感，阅读理解分析能力稍微强一些（也可能是想的多）,0,隐含,中性,无,low
文科生,,comment,大学过得还行,0,隐含,中性,无,low
文科生,,comment,考研也是,0,隐含,中性,无,low
文科生,,comment,我朝你笑一下,0,隐含,中性,无,low
文科生,,comment,许慎、钟嵘 袁行霈嘲我笑了一下,0,隐含,中性,无,low
文科生,,comment,我没招了,0,隐含,中性,无,low
文科生,,comment,我真不想读了,0,隐含,中性,无,low
文科生,,comment,感觉要背很多东西,0,隐含,中性,无,low
文科生,,comment,一旦考試就要背到崩潰,0,隐含,中性,无,low
文科生,,title,AI时代刷到文科生跟回锅似的又火了的帖子,0,隐含,中性,无,low
文科生,,content,评论区真是大型道心破碎现场,0,隐含,中性,无,low
文科生,,content,当时就在评论里留下一句—— 「文科不像火了，文科像火葬了,0,隐含,中性,无,low
文科生,,content,素质不详，呈现镜像,0,隐含,中性,无,low
文科生,,content,以及讽刺我文不文科生的， 哎嘿我不告诉你， 知道了你是能给我申请诺贝尔文学奖吗,0,隐含,中性,无,low
文科生,,content,我写了个提到文科的帖子， 不代表某些无礼文科生在我这里就有特权，会被纵容，……人在不属于自己的地盘撒野自认为特别会被让着的行为才是真正的自/嗲（咱们不用自嬷这种辱女说法哈） 你的人生是不是故作犀利地刻薄才得以解脱,0,隐含,中性,无,low
文科生,,content,失礼在先，全当汪汪,0,隐含,中性,无,low
文科生,,content,最后，祝大家都有光明的未来,0,隐含,中性,无,low
文科生,,content,#文科生#突然的有感而发#中文系#社科,0,隐含,中性,无,low
文科生,,comment,文科就是这样的，当机械的转动带来大量的财富，当发展的科技激发人性的疯狂，人们不会认识到精神文学的价值，说白了，忙着赚钱呢，谁理你啊,0,隐含,中性,无,low
文科生,,comment,文科生是潮湿的，身上是疯狂之后退潮的水汽，他们从旧坟里爬出来的带着新血的未死人，枯槁的脸，炯炯的眼睛,0,隐含,中性,无,low
文科生,,comment,时代最鄙视他的时候，正是时代最需要他的时候,0,隐含,中性,无,low
文科生,,comment,写的真好,0,隐含,中性,无,low
文科生,,comment,不愧是学文的,0,隐含,中性,无,low
文科生,,comment,收藏评论了,0,隐含,中性,无,low
文科生,,comment,如果科学和技术是人类大船上的发动机，文学就是这艘大船的锚，风平浪静时收在船上无人在意，狂风暴虐时稳稳的锚住人类的命运,0,隐含,中性,无,low
文科生,,comment,点了点了时代最鄙视精神文明的时候其实就是最需要精神文明拯救的时候,0,隐含,中性,无,low
文科生,,comment,写的好好,0,隐含,中性,无,low
文科生,,comment,写的真好，你是优秀文科生,0,隐含,中性,无,low
文科生,,comment,感觉社会已经快这样了人类失去人文精神好多年了,0,隐含,中性,无,low
文科生,,comment,[呃R],0,隐含,中性,无,low
文科生,,comment,回复 MERCURY 洛白 贴贴Y～ :,0,隐含,中性,无,low
文科生,,comment,（🐧,0,隐含,中性,无,low
文科生,,comment,（携家🐟私奔版）,0,隐含,中性,无,low
文科生,,comment,AI出错的也相当多，反而有人拿着当真理,0,隐含,中性,无,low
文科生,,comment,别说让AI分析什么，让他给我做道题给的答案都是错的,0,隐含,中性,无,low
文科生,,comment,谁来关心一下我们商科，已经是双面不粘锅了,0,隐含,中性,无,low
文科生,,comment,可以做文员做会计 也可以考律师 我现在就在每天编资料 做账 顺便随时准备坐牢,0,隐含,中性,无,low
文科生,,comment,科技的快速发展，人类精神世界可能也会崩塌的更快，说不定会迎来新一轮的文艺复兴…,0,隐含,中性,无,low
文科生,,comment,文科最重要的是经济社会政治哲学这些吧,0,隐含,中性,无,low
文科生,,comment,笔杆子就是枪杆子 但是现在谁敢写跟枪一样的文字 乱世出文豪 现在不需要救世的人 只需要顺着走的人,0,隐含,中性,无,low
文科生,,comment,我觉得社会没有求文科生的意思,0,隐含,中性,无,low
文科生,,comment,实际上一直在打压,0,隐含,中性,无,low
文科生,,comment,真的很无力[完啦R],0,隐含,中性,无,low
文科生,,comment,同意，文科是很重要的,0,隐含,中性,无,low
文科生,,comment,但太多文科生是当初“理科学不了只能文科”的,0,隐含,中性,无,low
文科生,,content,首先叠甲，这只是个人感受，我感觉到初三前没有受到过社会上的性别歧视，就比如“女孩子嘛xxx”这种说法（可能也有但没有现在频繁）呃以及我打完字发现“性别歧视”不太合适，性别刻板印象比较好,0,隐含,中性,无,low
文科生,,content,昨天跟妈妈去科技馆，到了机器人那个展馆，她想让我多玩玩装置之类的,0,隐含,中性,无,low
文科生,,content,但我看排队的人多也没想玩,0,隐含,中性,无,low
文科生,,content,后来我看见了一个装置，墙上是很多显示屏，还用很多线互相链接，最终汇聚在操作台下,0,隐含,中性,无,low
文科生,,content,我们是被这个装置的奇特吸引的所以有点感兴趣,0,隐含,中性,无,low
文科生,,content,我看了下正在玩的那个男孩开始思考这怎么玩，应该是在操作台上写字然后显示屏上会出现类似步骤的拆分,0,隐含,中性,无,low
文科生,,content,”……那我们来科技馆的目的是啥,0,隐含,中性,无,low
文科生,,content,#随笔#思考#性别歧视#性别刻板印象#初三生#学生#吐槽#讨论#女性主义#girltalk,0,隐含,中性,无,low
文科生,,comment,你可以学好任何你想学好的科目,0,隐含,中性,无,low
文科生,,comment,我天好厉害的姐姐[抽泣R][抽泣R][抽泣R],0,隐含,中性,无,low
文科生,,comment,暖妈就是厉害,0,隐含,中性,无,low
文科生,,comment,我嘞个150，神啊,0,隐含,中性,无,low
文科生,,comment,我去我们大女人就是厉害,0,隐含,中性,无,low
文科生,,comment,神啊姐妹在读高中生可以接一下吗,0,隐含,中性,无,low
文科生,,comment,天呐好厉害,0,隐含,中性,无,low
文科生,,comment,我靠，我就你的零头多一点好厉害,0,隐含,中性,无,low
文科生,,comment,梦寐以求,0,隐含,中性,无,low
文科生,,comment,不要听他们的，大学后发现女孩真的很上进很聪明，我读工科专业，第一是女孩子，前二十大部分也都是女孩,0,隐含,中性,无,low
文科生,,comment,也不是到了大学才发现，初高中也是，女生都很优秀,0,隐含,中性,无,low
文科生,,comment,我高中前10里面9个都是女生,0,隐含,中性,无,low
文科生,,comment,但事实上是你随便去一所 211 以上的理工科专业都是男生占多数，这是事实吧,0,隐含,中性,无,low
文科生,,comment,但理工科女生真的很强完全学不过,0,隐含,中性,无,low
文科生,,comment,我的专业也是,0,隐含,中性,无,low
文科生,,comment,工科，前几都是女生，专业唯二拿了国奖的也是女生,0,隐含,中性,无,low
文科生,,comment,）我听着非常不舒服,0,隐含,中性,无,low
文科生,,comment,继续优秀下去吧，让自己变强最重要,0,隐含,中性,无,low
文科生,,comment,但是我物理全校第一嗯谁说女孩学不好理科,0,隐含,中性,无,low
文科生,,comment,我天啊，超厉害,0,隐含,中性,无,low
文科生,,comment,女生本身就很强,0,隐含,中性,无,low
文科生,,comment,停停停，那女性科学家是,0,隐含,中性,无,low
文科生,,comment,"我们老师也会说，男生会更擅长理科,每次听到的时候内心都翻了一个大白眼",0,隐含,中性,无,low
文科生,,comment,现在在我的影响下，我感觉，她掰过来点了，不会说类似的话了,0,隐含,中性,无,low
文科生,,comment,女生读理科就是很厉害哦,0,隐含,中性,无,low
文科生,,comment,高中化学92分在此谁敢说女生学不好理科我跟他拼了,0,隐含,中性,无,low
文科生,,comment,女生就是能学好一切她想学的东西,0,隐含,中性,无,low
文科生,,comment,我们女孩子就是厉害,0,隐含,中性,无,low
文科生,,comment,我也……我感觉我也是学不好理科，所以想只能为了考上好学校而学习了,0,隐含,中性,无,low
文科生,,title,有什么文科生才懂的笑话吗,0,隐含,中性,无,low
文科生,,content,相对来说，有一门理工技能会更容易找到工作,0,隐含,中性,无,low
文科生,,content,细节问题可以以后多多分享,0,隐含,中性,无,low
文科生,,content,综上所述，我认为，分数靠前但理科思维稍微欠缺，同时倾向文科班氛围的可以选文科,0,隐含,中性,无,low
文科生,,content,3.文科专业并非什么都不是 如果你学习能力够强，理科知识为什么就不能掌握呢,0,隐含,中性,无,low
文科生,,content,并且当前不同领域交叉融合现象普遍，文科底蕴也往往扮演着重要角色,0,隐含,中性,无,low
文科生,,content,但是一旦选择文科，就不能反悔了,0,隐含,中性,无,low
文科生,,comment,对了，如果生物不错的话建议选历政生（我们班两个屏蔽生都是这个组合），地理除非你能摸到门路，不然就是玄学,0,隐含,中性,无,low
文科生,,comment,生地都还可以，但地理思维明显更优越，建议选哪科呢(ToT)高中后期地理难度真的会陡增吗,0,隐含,中性,无,low
文科生,,comment,这里的地理思维是高中的吗,0,隐含,中性,无,low
文科生,,comment,我并没有感觉高中地理有很难的地方，更重要的是思维是否与出题人合拍,0,隐含,中性,无,low
文科生,,comment,今年湖南的地理反正挺简单的,0,隐含,中性,无,low
文科生,,comment,指初中，目前准高一，想在暑假确定选科少走弯路,0,隐含,中性,无,low
文科生,,comment,初中和高中不一样哟,0,隐含,中性,无,low
文科生,,comment,有关系，但不多,0,隐含,中性,无,low
文科生,,comment,高中总还是要学点新东西的,0,隐含,中性,无,low
文科生,,comment,后期不会，地理难的都是前面的自然地理,0,隐含,中性,无,low
文科生,,comment,那本ip生物呢,0,隐含,中性,无,low
文科生,,comment,但这个选科很不好报专业的,0,隐含,中性,无,low
文科生,,comment,会有的，我们当时有三个年级前十选了文科,0,隐含,中性,无,low
文科生,,comment,老师我问的历政生嘞，我们学校对文科生还比较包容（虽然很轻文），但是，对政史生有较强烈的“歧视”，很多学长告诉我“别说走读了，到时候报考的志愿单上就没有历政生这个选项”,0,隐含,中性,无,low
文科生,,comment,nonono，我们班那三位全是历政生，然后导致了生物地理合在一起组成文科实验班了,0,隐含,中性,无,low
文科生,,comment,（早上出门上学了（）,0,隐含,中性,无,low
文科生,,comment,生物要多不错听说地理赋分会更高,0,隐含,中性,无,low
文科生,,comment,学校不开这个班 真的没招了,0,隐含,中性,无,low
文科生,,comment,姐姐，可以帮看下主页吗，给点建议,0,隐含,中性,无,low
文科生,,comment,题目的整体思维方式都会有变化是吗，跟初中没有任何关系吗,0,隐含,中性,无,low
文科生,,comment,看孩子自己意愿吧,0,隐含,中性,无,low
文科生,,comment,报得什么学校,0,隐含,中性,无,low
文科生,,comment,没报强基,0,隐含,中性,无,low
文科生,,comment,北大普通批应该能上,0,隐含,中性,无,low
文科生,,comment,文科成绩波动大,0,隐含,中性,无,low
文科生,,comment,哪个学科,0,隐含,中性,无,low
文科生,,comment,不会有特别大的波动的,0,隐含,中性,无,low
文科生,,comment,刚刚上高一，马上面临选课,0,隐含,中性,无,low
文科生,,comment,语文英语好，数理化初中就学得很吃力，勉强进了重点高中,0,隐含,中性,无,low
文科生,,comment,刚上高一就选科吗,0,隐含,中性,无,low
文科生,,comment,学姐好呀，我现在是准高一，开学能上我们这里最好的高中的实验班，我已经确定好要选文科了，所以想来问问一些想上北大的学习意见和偏重,0,隐含,中性,无,low
文科生,,comment,我的初中数学也算上等的了，假期是在上赵礼显老师的网课，开学后要到达什么样的强度才能保证130以上,0,隐含,中性,无,low
文科生,,comment,然后就是小三门大概率选历政生，但是没有预习，想问问学习意见,0,隐含,中性,无,low
文科生,,comment,在一般情况下，我都会建议优先选择理科,0,隐含,中性,无,low
文科生,,title,现代文学史小说艺术思想成就排行榜,0,隐含,中性,无,low
文科生,,comment,我挑选的大多都是作家们成熟时期的文章，很多姐妹提到成名作，智者见智莫衷一是嘛,0,隐含,中性,无,low
文科生,,comment,在🍠你甚至能看到有人质疑鲁迅文学地位的和文学作品价值的,0,隐含,中性,无,low
文科生,,comment,加个范围：中国现代文学史,0,隐含,中性,无,low
文科生,,comment,鲁迅可是可以单独开一章的哈哈哈哈哈，,0,隐含,中性,无,low
文科生,,comment,其实范围是亚洲乃至世界文学史（日韩的现代文学也受鲁迅影响颇多,0,隐含,中性,无,low
文科生,,comment,没有在质疑啊，可是拍这些成就的时候是可以很主观的,0,隐含,中性,无,low
文科生,,comment,鲁迅在我这里当然也是圣坛上的作家，但对我而言更有启发性的不是他,0,隐含,中性,无,low
文科生,,comment,近现代从思想层面出发的话我个人感觉是鲁迅和其他作家,0,隐含,中性,无,low
文科生,,comment,有可能是你没看见那些评论我看到有评论说鲁迅文学作品只有政治价值的....,0,隐含,中性,无,low
文科生,,comment,正常嘛，这是小红书,0,隐含,中性,无,low
文科生,,comment,鲁迅在现当代三十年里是唯一一个开了两章的,0,隐含,中性,无,low
文科生,,comment,有的那天我说莫言老师是当代鲁迅，立马有人出来说，说莫言老师超过鲁迅,0,隐含,中性,无,low
文科生,,comment,看到有人质疑鲁迅我就想笑,0,隐含,中性,无,low
文科生,,comment,这篇好像被收进初中课本里过,0,隐含,中性,无,low
文科生,,comment,是不是被删了，人教版没有内,0,隐含,中性,无,low
文科生,,comment,有可能吧，我上初中已经是十五六年前的事了，当时确实是有的,0,隐含,中性,无,low
文科生,,comment,是故事新编里的那篇吗感觉不算小众吧,0,隐含,中性,无,low
文科生,,comment,《故事新编》对大家还是挺小众的，不去了解很多人只对《呐喊》《彷徨》《朝花夕拾》这几个有印象,0,隐含,中性,无,low
文科生,,comment,铸剑我们创意写作课和现代文学课都讲过听的时候一下子就被震撼了,0,隐含,中性,无,low
文科生,,comment,这我没了解过，我18年考的但是人教版确实没有的，感觉大家都挺陌生,0,隐含,中性,无,low
文科生,,comment,人口基数这么大，高中毕业的人都不多，知道故事新编的人就更少了，更别提读过这篇还有印象,0,隐含,中性,无,low
文科生,,comment,读下来头皮发麻.....甚至有一种中式克苏鲁味道,0,隐含,中性,无,low
文科生,,comment,那篇真的是又猎奇又深刻,0,隐含,中性,无,low
文科生,,comment,文学不让质疑那是饭圈了,0,隐含,中性,无,low
文科生,,comment,沈从文下来，老舍上去,0,隐含,中性,无,low
文科生,,comment,OK啊胡适也是查无此人了,0,隐含,中性,无,low
文科生,,comment,女生都去看鲁迅的《伤逝》,0,隐含,中性,无,low
文科生,,comment,这个结合《玩偶之家》、《娜拉出走后怎样》一起看更好,0,隐含,中性,无,low
文科生,,comment,金锁记是代表作了，我们专业课只拿这本书展开讲了她,0,隐含,中性,无,low
文科生,,comment,边城这么牛逼,0,隐含,中性,无,low
文科生,,comment,中间鲁迅，左右萧张,0,隐含,中性,无,low
文科生,,comment,金锁记有印象，读完后背发凉,0,隐含,中性,无,low
文科生,,content,一切顺利,0,隐含,中性,无,low
文科生,,comment,语文真的很重要，我上初中的时候就是看最好的我们然后学男主只攻理科，语文不好，虽然那会确实没什么大影响，但是后面我发现我读题都会理解错意思了,0,隐含,中性,无,low
文科生,,comment,请问现在是在读法学专业嘛，不用学数学,0,隐含,中性,无,low
文科生,,comment,我看过张雪峰那个咨询的，语文能考140，数学只考30多分的,0,隐含,中性,无,low
文科生,,comment,语文是多么浪漫的学科啊,0,隐含,中性,无,low
文科生,,comment,语文超级重要 不懂拉踩自己母语的人要干什么，我现在学翻译 语文好的人 译出来真的不一样 很有意境 我翻译的就很像ai出来的,0,隐含,中性,无,low
文科生,,comment,而且现在写文案写小说写剧本这些不都属于文科吗 我寻思着也挺赚钱,0,隐含,中性,无,low
文科生,,comment,蹲蹲，出了能点赞踢一下吗,0,隐含,中性,无,low
文科生,,comment,我说不清了，你自己来看吧,0,隐含,中性,无,low
文科生,,comment,求语文学习方法，一定一定要发,0,隐含,中性,无,low
文科生,,comment,蹲一个语文学习方法,0,隐含,中性,无,low
文科生,,comment,语文不好也可以上，上不了北大,0,隐含,中性,无,low
文科生,,comment,只能复旦,0,隐含,中性,无,low
文科生,,comment,你们对不好有什么误解,0,隐含,中性,无,low
文科生,,comment,我是不是你北数学最低的😁😁109,0,隐含,中性,无,low
文科生,,comment,22年有数学98分的文科生进清北,0,隐含,中性,无,low
文科生,,comment,哥们这成绩是真的么，要是你数学跟我一个分都状元了,0,隐含,中性,无,low
文科生,,comment,真的啊，我本来也只比状元低六分,0,隐含,中性,无,low
文科生,,comment,啊漂亮宝宝我刷到过你,0,隐含,中性,无,low
文科生,,comment,河北文综能判这么高的分啊,0,隐含,中性,无,low
文科生,,comment,也可能是贴主本身能力过硬都上北大了,0,隐含,中性,无,low
文科生,,comment,语文140，好夸张我觉得数学140的人比较多一些,0,隐含,中性,无,low
文科生,,comment,的确，不论文理数学140以上的人数应该远大于语文140以上的人数,0,隐含,中性,无,low
文科生,,comment,有些地区是赋分制,0,隐含,中性,无,low
文科生,,comment,只有一门好啥也不顶,0,隐含,中性,无,low
文科生,,comment,我好佩服你我的数学从高二开始就没上过140,0,隐含,中性,无,low
文科生,,title,文科生来来来,0,隐含,中性,无,low
文科生,,comment,申请让英语退出文科,0,隐含,中性,无,low
文科生,,comment,历史也是,0,隐含,中性,无,low
文科生,,comment,语数英政史地都退出,0,隐含,中性,无,low
文科生,,comment,干脆不学了算了,0,隐含,中性,无,low
文科生,,comment,只要不退我都愿意,0,隐含,中性,无,low
文科生,,comment,不要啊，我只有英语了,0,隐含,中性,无,low
文科生,,comment,: 智齿,0,隐含,中性,无,low
文科生,,comment,是挺美的 是这么久更美了,0,隐含,中性,无,low
文科生,,comment,文科就英语学得好,0,隐含,中性,无,low
文科生,,comment,小女子特别赞同,0,隐含,中性,无,low
文科生,,comment,我现在在陕西省绵阳市三原县清河湾广场的一间公共厕所里面便便没带纸谁能送一下在女厕所第二间,0,隐含,中性,无,low
文科生,,comment,不是你无敌了,0,隐含,中性,无,low
文科生,,comment,每秒退出再进来赞都在增加,0,隐含,中性,无,low
文科生,,comment,“同岁”,0,隐含,中性,无,low
文科生,,comment,小心他只有18或者27岁,0,隐含,中性,无,low
文科生,,comment,有点意思,0,隐含,中性,无,low
文科生,,comment,今天过生日,0,隐含,中性,无,low
文科生,,comment,可是我觉得文科班女生多都是香香的诶，只有理科班才臭臭的吧,0,隐含,中性,无,low
文科生,,comment,老师你crush不在小红书吧,0,隐含,中性,无,low
文科生,,comment,这么一说好像确实唉,0,隐含,中性,无,low
文科生,,comment,男的多还香,0,隐含,中性,无,low
文科生,,title,学文科到底有什么用,0,隐含,中性,无,low
文科生,,content,聊一聊文科歧视与人文社科的意义,0,隐含,中性,无,low
文科生,,content,#人为什么要读书#文科#思辨#独立思考,0,隐含,中性,无,low
文科生,,comment,我觉得没有高低，国家发展是理科，国家运行是文科,0,隐含,中性,无,low
文科生,,comment,理科是生产力，文科是生产关系，当生产力发展到一定地步之后，重新研究生产关系是十分必要的,0,隐含,中性,无,low
文科生,,comment,再进一步，研究生产关系影响人与人之间的关系特别是利益关系，所以结论很容易被挑战,0,隐含,中性,无,low
文科生,,comment,研究生产关系也得靠理科啊,0,隐含,中性,无,low
文科生,,comment,国家运行靠的是经济学管理学，这些也都是理科,0,隐含,中性,无,low
文科生,,comment,经济学属于社科的内容之一，社科属于文科的内容之一，文科含的范围大了去了,0,隐含,中性,无,low
文科生,,comment,别闹好吗，经管是社科，文理都招,0,隐含,中性,无,low
文科生,,comment,有没有可能是因为社会和群众都在往资本主义方向靠拢导致的结果，个人与群体行为潜移默化开始逐利,0,隐含,中性,无,low
文科生,,comment,其实问题出在文科没有教好，而不是学生没有学好,0,隐含,中性,无,low
文科生,,comment,说的很对,0,隐含,中性,无,low
文科生,,comment,而这个世界的发展已经因为资本的力量、政治的方向而偏离轨道，,0,隐含,中性,无,low
文科生,,comment,很难说机器人表演功夫比研究情侣性生活的议题更有用,0,隐含,中性,无,low
文科生,,comment,他说的对么,0,隐含,中性,无,low
文科生,,comment,我们还在讨论斩杀线,0,隐含,中性,无,low
文科生,,comment,但那个是理工科创造的,0,隐含,中性,无,low
文科生,,comment,文明是建立在物质基础上的,0,隐含,中性,无,low
文科生,,comment,属于上层建筑,0,隐含,中性,无,low
文科生,,comment,物质丰富科技进步才有文科的广阔空间,0,隐含,中性,无,low
文科生,,comment,以前的文科很逆风，打的都是防守仗,0,隐含,中性,无,low
文科生,,comment,天天反思文学伤痕文学的,0,隐含,中性,无,low
文科生,,comment,能守住就不错了,0,隐含,中性,无,low
文科生,,comment,不研究亲密关系下一代是从石头缝里蹦出来吗,0,隐含,中性,无,low
文科生,,comment,逻辑学属于哲学，哲学也是文科，高中政治也有一本书是逻辑专题，不过国内确实没有特别重视单独的逻辑教育就是了,0,隐含,中性,无,low
文科生,,comment,你说的那个理科的逻辑应该叫数理逻辑，是逻辑学的一部分,0,隐含,中性,无,low
文科生,,comment,我也赞同,0,隐含,中性,无,low
文科生,,comment,文科的特殊性在于：她需要自己为自己的重要性进行辩护,0,隐含,中性,无,low
文科生,,comment,无论是学科内部的课题，还是学科都是如此,0,隐含,中性,无,low
文科生,,comment,学科的重要性很大程度上不源自于已取得的成绩成果，而是要不断解决当下问题来不断争取,0,隐含,中性,无,low
文科生,,comment,其实不论是文科还是理科都需要为自己的重要性进行辩护，文科和理科都是科学，只是研究的东西不一样,0,隐含,中性,无,low
文科生,,comment,我是觉得理科得到验证结果的道路是可控的，而文科得到验证结果的道路是不可控的,0,隐含,中性,无,low
文科生,,comment,就像之前考试的时候就感觉到的，理科的答案很难想到但是固定，文科的答案怎么都能想得到但是其实又不能绝对确定某个观点就一定是对的,0,隐含,中性,无,low
文科生,,comment,理科在于挖掘探索未知的世界，文科在于在错综复杂的人与人的影响中找出一条能造福更多人的路,0,隐含,中性,无,low
文科生,,comment,我的意思是文科的特殊性决定了大家不尊重不了解文科，很大程度上是因为文社科，尤其是当代的文社科研究，没有充分地履行论证自身重要性的义务,0,隐含,中性,无,low
文科生,,comment,实际上，文科生也需要学理科，两条腿走路总比一条腿更稳当，作为一个教育者，我反对分割学习，好比马克思主义哲学，就需要自然科学的支持,0,隐含,中性,无,low
文科生,,comment,说的对，但是各有各的价值,0,隐含,中性,无,low
文科生,,comment,文科理科需要的思维基础是有交叉的，不是对立的,0,隐含,中性,无,low
文科生,,comment,我觉得理学和工科也是有区别的 我是数学专业的，日常也会接触很多定理定义，各种课程也会涉及到逻辑、博弈这一类的，如果学有余力老师也会让我们多接触哲学的内容,0,隐含,中性,无,low
文科生,,comment,但是工科会更以技术为主而非完全的理论……,0,隐含,中性,无,low
文科生,,comment,我也是文科生，但是目前的社会确实更需要理科，严格意义上来说，应该是工科,0,隐含,中性,无,low
文科生,,comment,首先我觉得我这里所做的还是比较基础的辩驳，如果面对的是更复杂的议题我也经常想不明白的,0,隐含,中性,无,low
文科生,,comment,其次我觉得思考就是一件需要训练的事，虽然我上学也不算认真hhh，但读了四年社科是明显能感觉到自己比四年前更聪明的,0,隐含,中性,无,low
文科生,,comment,我们多学多读多讨论，一定会有进步,0,隐含,中性,无,low
文科生,,comment,sorry我也不知道，我是学历史的没有田野可以调查[呃R],0,隐含,中性,无,low
文科生,,comment,你可以全欧洲奔走查档案，我朋友就是,0,隐含,中性,无,low
文科生,,comment,这你应该比我清楚吧,0,隐含,中性,无,low
文科生,,comment,文科生都要面对一个事实：你苦心寻找的小众文青道路早已被逼格追求者挤得车水马龙,0,隐含,中性,无,low
文科生,,content,哈喽大家好,0,隐含,中性,无,low
文科生,,comment,大家还有什么其他学习问题可以评论,0,隐含,中性,无,low
文科生,,comment,好棒的思路,0,隐含,中性,无,low
文科生,,comment,宝宝晚上好,0,隐含,中性,无,low
文科生,,comment,这么早就放学了,0,隐含,中性,无,low
文科生,,comment,四月份的广西上四休三姐姐（上四天班放三天假）嘿嘿,0,隐含,中性,无,low
文科生,,title,到底什么是人文社科的天赋呢,0,隐含,中性,无,low
文科生,,content,说什么的都有，感觉都对…… #文科,0,隐含,中性,无,low
文科生,,comment,人文和社科还不太一样,0,隐含,中性,无,low
文科生,,comment,先说历史：记忆力不一定要好，但一定要快速看清事情本质，并且拥有建立复杂论证的能力,0,隐含,中性,无,low
文科生,,comment,从文字中抽丝剥茧，将看似毫无联系的事务拼凑分类,0,隐含,中性,无,low
文科生,,comment,说得直白一点，大部分人说“人类从历史中唯一吸取的教训就是从来不吸取教训”这句话有问题,0,隐含,中性,无,low
文科生,,comment,所谓的历史智慧不是照搬（e.g.袁世凯称帝），而是从隐晦的趋势中分离出一条合理的因果定律,0,隐含,中性,无,low
文科生,,comment,文学：一定要有很强的共情能力且对周遭事物敏感,0,隐含,中性,无,low
文科生,,comment,但绝对不能过于伤春悲秋,0,隐含,中性,无,low
文科生,,comment,一定要有对人性与社会的洞察力，能留下让人印象深刻，一针见血的论证,0,隐含,中性,无,low
文科生,,comment,词藻华丽只是锦上添花,0,隐含,中性,无,low
文科生,,comment,您好，在这个过程中是否会容易出现天马行空的问题呢，解决方法是多储备知识吗,0,隐含,中性,无,low
文科生,,comment,俺觉得立场很重要，思维的出发点不是个人，而是从他者的角度来理解他者行为（个人是中立的,0,隐含,中性,无,low
文科生,,comment,您说这个更像是在学习某知识应有的思考方式，抽离,0,隐含,中性,无,low
文科生,,comment,如果我的思考逻辑是一张网，这个过程更像是建立触点，我的问题更像是出现在链接过程：混乱、跳跃、粗糙，整个呈现出架空的态势,0,隐含,中性,无,low
文科生,,comment,看大多的教材书大多按时间或者流派来分类，自己没有加工过后记忆是会有浮在现实外的体验,0,隐含,中性,无,low
文科生,,comment,（先允许混乱 粗糙去感受，或许是起点有趣的地方,0,隐含,中性,无,low
文科生,,comment,其实我觉得共情能力对于文学教授并没有那么重要，我认识的教授里就有共情能力一般地，毕竟文学研究不是文学创作,0,隐含,中性,无,low
文科生,,comment,一力降十会，记忆力是究极天赋,0,隐含,中性,无,low
文科生,,comment,但凡你做过五年以上的历史研究，就会知道所谓的洞察力在记忆力面前是多么不堪一击,0,隐含,中性,无,low
文科生,,comment,我只见过记忆力不好且洞察力也不好的人，从未见过记忆力好而理解力却不好的人,0,隐含,中性,无,low
文科生,,comment,我说的偏文学创作吧,0,隐含,中性,无,low
文科生,,comment,教授没怎么接触过毕竟还在上高中,0,隐含,中性,无,low
文科生,,comment,我靠哈哈哈哈我们可以做个朋友,0,隐含,中性,无,low
文科生,,comment,文学的创作者可以情感泛滥，但是文学评论家不可以像创作者那般的感性,0,隐含,中性,无,low
文科生,,comment,文学系毕业以后回头看发觉，其实最有天赋的人是Fe功能发育良好的INTJ,0,隐含,中性,无,low
文科生,,comment,看了这个回答，我感觉我这研究生非考上不可,0,隐含,中性,无,low
文科生,,comment,其实就“实在问题”去问问题、思考问题是摆脱天马行空的最快方式，你的这个问题有点空浮，就算给了抽象规避方案也还是落不到实在上,0,隐含,中性,无,low
文科生,,comment,最好有具体的对象，或再进一步：问题的大致思路,0,隐含,中性,无,low
文科生,,comment,这样的讨论才能是切中要害的,0,隐含,中性,无,low
文科生,,comment,还有社科呢想听听见解,0,隐含,中性,无,low
文科生,,comment,真的是，共情和敏感是必要条件,0,隐含,中性,无,low
文科生,,comment,我们老师也这么说过,0,隐含,中性,无,low
文科生,,comment,什么是人性的洞察和社会的洞察,0,隐含,中性,无,low
文科生,,comment,文科的论证和理工科的论证有什么不同,0,隐含,中性,无,low
文科生,,comment,为什么要有主见,0,隐含,中性,无,low
文科生,,comment,但是“人类从历史中吸取的唯一教训”这句话儿好像是黑格尔说的,0,隐含,中性,无,low
文科生,,comment,凭借自己的思考就能想到很多以前的大师已经说过的事,0,隐含,中性,无,low
文科生,,comment,也不尽然，进入研究阶段，纯人文如文史哲三科其实都和共情关系不大了，或者说在心灵和情感层面的人文关怀是研究思辨的跳板/基础,0,隐含,中性,无,low
文科生,,comment,比如文学，文学研究不同于文本体会，需要由表识里把握抽象本质和规律，文学理论如美学研究就更是如此了,0,隐含,中性,无,low
文科生,,comment,感知力强，读一大堆东西后能脑内产生联系并总结,0,隐含,中性,无,low
文科生,,comment,钱，大量的钱和大量的资源就是文科最好的天赋,0,隐含,中性,无,low
文科生,,comment,真的是这样的,0,隐含,中性,无,low
文科生,,comment,尤其在这片土地,0,隐含,中性,无,low
文科生,,comment,看到一个姐姐已经说了我想说的，其实我感觉这件事就说明了真的存在巧妙的在人文社科上的天赋，对于一件事的观点很多人能很敏锐地直接道出自己的思考，并且发现有一群人也是这样想的，甚至历史上有大师也是这样想的,0,隐含,中性,无,low
文科生,,comment,自己也总坚持一个原则，小事靠逻辑，大事靠心，我觉得我的这条理论很适用于人的选择，直到有一天我发现这个观点好像也是某一个大师的观点，还挺震惊的,0,隐含,中性,无,low
文科生,,comment,我感觉人文社科最终要达到：不执着于任何理论,0,隐含,中性,无,low
文科生,,comment,批判思维不是否定和讽刺，而是分析能力,0,隐含,中性,无,low
文科生,,comment,人文社科的天赋应该是对世界和人有热情和好奇心，并且心胸宽广,0,隐含,中性,无,low
文科生,,comment,三个阶段吧,0,隐含,中性,无,low
文科生,,comment,第一个阶段是想理解这个社会和人文但不得要领,0,隐含,中性,无,low
文科生,,comment,第二个阶段就是习得一些理论和方法，然后觉得这个世界上的很多社会现象和人性其实都可以被某理论某学科切片和解构,0,隐含,中性,无,low
文科生,,comment,第三个阶段就是通透，你知道这个社会和文化的一切都是互相连接的，切片是不负责任的行为，你知道你的研究一定要切实的基于人和社会本身，而不是用虚空刀片狂切然后叠加标签，然后你才可能写出像那些文学大师或者顶级人文学科和社会科学学者的文章,0,隐含,中性,无,low
文科生,,comment,天赋大概就在于在每个阶段都能认识到自己的局限，在第一个阶段你知道自己需要入门级的学习，第二个阶段你知道学习的理论只是解构社会和人文的一个侧面不去沉迷，第三个阶段则是能轻松平衡研究的整体性和理论切口的准确性,0,隐含,中性,无,low
文科生,,comment,精力充沛，每天只睡六小时，在任何学科都是天赋,0,隐含,中性,无,low
文科生,,comment,狠狠点了,0,隐含,中性,无,low
文科生,,comment,去看马克思或者黑格尔的著作，不用借助工具就能看得懂，能清理出他们的逻辑思路就叫有天赋,0,隐含,中性,无,low
文科生,,content,Hey家人们，选科不仅仅是为了考试，更是职业规划的第一步,0,隐含,中性,无,low
文科生,,content,🌐 🌟【选科与职业的关系】 选科时考虑未来的职业方向，可以让你的学习和工作更加连贯，提前为职业生涯做准备,0,隐含,中性,无,low
文科生,,content,选对了，你的专业技能和职业发展将更加顺畅,0,隐含,中性,无,low
文科生,,content,🔍【不同职业方向的选科建议】 1. 理工科方向：如果你梦想成为一名工程师、科研人员或技术人员，物理、化学、生物等科目是基础，数学更是不可或缺的,0,隐含,中性,无,low
文科生,,content,2. 医科方向：对于有志于医学领域的你，生物、化学是必选，同时，一个好的物理基础也能帮助理解人体运作的复杂机制,0,隐含,中性,无,low
文科生,,content,3. 文科方向：如果你对人文社科、法律、教育等领域感兴趣，历史、政治、地理等科目将为你打下坚实的基础,0,隐含,中性,无,low
文科生,,content,4. 商科方向：对于未来的商业领袖，经济学、数学、外语等科目能够培养你的商业敏感度和国际视野,0,隐含,中性,无,low
文科生,,content,📊【选科策略】 1. 职业兴趣：根据个人职业兴趣选择科目，兴趣是最好的老师，也是职业发展的最大动力,0,隐含,中性,无,low
文科生,,content,3. 个人特长：发挥个人特长，选择自己擅长的科目，这将有助于你在职业竞争中脱颖而出,0,隐含,中性,无,low
文科生,,comment,所以到底是公共卫生还是预防医学真的不懂了,0,隐含,中性,无,low
文科生,,comment,公共卫生与预防医学属于一个大类，细分为预防医学，食品卫生与营养学、妇幼保健医学、卫生监督、全球健康学、运动与公共健康6个专业,0,隐含,中性,无,low
理科生,,title,如何评价这一说法,0,隐含,中性,无,low
理科生,,comment,地理算是工科了,0,隐含,中性,无,low
理科生,,title,劝退啊劝退,0,隐含,中性,无,low
理科生,,comment,那就换成物化地,0,隐含,中性,无,low
理科生,,comment,我就是本来物化生后换成物化地的选手,0,隐含,中性,无,low
理科生,,comment,情况不允许我在特殊班有特殊教资，但是物化地班没有舍不得教资,0,隐含,中性,无,low
理科生,,comment,为啥不学生物 生物很简单呀,0,隐含,中性,无,low
理科生,,comment,学到后面你就发现不难了，都是套路记住就好了,0,隐含,中性,无,low
理科生,,comment,我要是学的来生物的话我干嘛不选生物...,0,隐含,中性,无,low
理科生,,comment,我就是这样,0,隐含,中性,无,low
理科生,,comment,我想学化历道,0,隐含,中性,无,low
理科生,,comment,可以这么选科吗,0,隐含,中性,无,low
理科生,,comment,我们这里还没有hhhh,0,隐含,中性,无,low
理科生,,comment,符合3+1+2就行了,0,隐含,中性,无,low
理科生,,comment,人少了学校也不开班，而且物理和化学是捆绑基本，你这选的得,0,隐含,中性,无,low
理科生,,comment,我们就是这种选课人少不开班,0,隐含,中性,无,low
理科生,,comment,点了，文科理科都不好,0,隐含,中性,无,low
理科生,,comment,不适合学习哈哈哈哈哈哈哈,0,隐含,中性,无,low
理科生,,comment,莫说相公痴，更有痴似相公者,0,隐含,中性,无,low
理科生,,comment,一样一样的[呃R],0,隐含,中性,无,low
理科生,,comment,宝宝 想要原图 我也是选物化生的,0,隐含,中性,无,low
理科生,,comment,一月份的图，我给删掉了宝要不截屏吧hhhh,0,隐含,中性,无,low
理科生,,comment,🌊 对,0,隐含,中性,无,low
理科生,,comment,我现在特别想选文,0,隐含,中性,无,low
理科生,,comment,cos tan,0,隐含,中性,无,low
理科生,,comment,来选物化政吧,0,隐含,中性,无,low
理科生,,comment,（cn倾娅）,0,隐含,中性,无,low
理科生,,title,工科女，还是不够典型,0,隐含,中性,无,low
理科生,,comment,姐妹可以求个原图吗,0,隐含,中性,无,low
理科生,,comment,plq有,0,隐含,中性,无,low
理科生,,comment,电工实习受伤手握烙铁(不过好像没事),0,隐含,中性,无,low
理科生,,comment,我是用锯子切铁块来着,0,隐含,中性,无,low
理科生,,comment,也有给我磨出水泡了,0,隐含,中性,无,low
理科生,,comment,我也是，被电烙铁烫到，老师给我找药膏,0,隐含,中性,无,low
理科生,,comment,还好我有茧子问题不大,0,隐含,中性,无,low
理科生,,comment,我也忘了它还连着电 然后就是嗷的一声,0,隐含,中性,无,low
理科生,,comment,怎了[坏笑R],0,隐含,中性,无,low
理科生,,comment,酒和运动总得有一个,0,隐含,中性,无,low
理科生,,comment,hh以后争取都沾点,0,隐含,中性,无,low
理科生,,comment,你好，我是原作者，请不要二传,0,隐含,中性,无,low
理科生,,comment,置顶不了，这里是原作者,0,隐含,中性,无,low
理科生,,comment,有没有原图，想填一下,0,隐含,中性,无,low
理科生,,comment,有的老师有的,0,隐含,中性,无,low
理科生,,comment,我是原作者,0,隐含,中性,无,low
理科生,,comment,求原图啊啊,0,隐含,中性,无,low
理科生,,comment,那很权威了 这张表格 第一行直接就bingo了,0,隐含,中性,无,low
理科生,,comment,那很生活了,0,隐含,中性,无,low
理科生,,title,和心选哥挑战全网最诡异选科理由,0,隐含,中性,无,low
理科生,,content,你俩选科理由是认真的吗,0,隐含,中性,无,low
理科生,,comment,拯救我主,0,隐含,中性,无,low
理科生,,comment,春眠不觉晓，我主到处跑,0,隐含,中性,无,low
理科生,,comment,啊啊啊啊，是,0,隐含,中性,无,low
理科生,,comment,卧槽是主,0,隐含,中性,无,low
理科生,,comment,我今天看到你在看ttt🤫,0,隐含,中性,无,low
理科生,,comment,😳体体体权威不解释😄🥰,0,隐含,中性,无,low
理科生,,comment,是主啊啊啊啊啊,0,隐含,中性,无,low
理科生,,comment,是同志啊,0,隐含,中性,无,low
理科生,,comment,同时搞国拟和史同的人，就这么义无反顾的选了物化生,0,隐含,中性,无,low
理科生,,comment,（全是现实因素零个个人梦想,0,隐含,中性,无,low
理科生,,comment,➕1本人为了一个学医的理想就这样物理40多[抽泣R],0,隐含,中性,无,low
理科生,,comment,同感，初高中时平日里天天鉴证的男女同学之中就我大学专业真报了政治学[呃R],0,隐含,中性,无,low
理科生,,comment,三体牛逼,0,隐含,中性,无,low
理科生,,comment,地理牛逼不解释,0,隐含,中性,无,low
理科生,,comment,💉 是这样的,0,隐含,中性,无,low
理科生,,comment,三体是我的神，但奈何我的物理只有四十几分,0,隐含,中性,无,low
理科生,,comment,我主牛逼不解释，但是我的物理成了我的败笔,0,隐含,中性,无,low
理科生,,comment,养老院牛逼,0,隐含,中性,无,low
理科生,,comment,哈哈哈哈哈哈哈哈好,0,隐含,中性,无,low
理科生,,comment,我是那兔妹和三字母妹，但是我选的物化地,0,隐含,中性,无,low
理科生,,comment,os那兔和aph好牛逼呀[完啦R],0,隐含,中性,无,low
理科生,,title,天生理科学霸圣体经典皮肤,0,隐含,中性,无,low
理科生,,content,#搞笑的日常#搞笑#神评论#理科大神#经典,0,隐含,中性,无,low
理科生,,comment,经典基础款网面鞋,0,隐含,中性,无,low
理科生,,comment,啊啊啊啊啊啊,0,隐含,中性,无,low
理科生,,comment,这个是真抽象,0,隐含,中性,无,low
理科生,,comment,这就是十九班好多人的长相,0,隐含,中性,无,low
理科生,,comment,（出闲置版）,0,隐含,中性,无,low
理科生,,comment,卧槽我真有这样的鞋,0,隐含,中性,无,low
理科生,,comment,卧槽 p2好像王张宇,0,隐含,中性,无,low
理科生,,comment,BAO DE GUAI 哎高中人均这个鞋,0,隐含,中性,无,low
理科生,,comment,你好，学霸,0,隐含,中性,无,low
理科生,,comment,（抗日版） 我弟哈哈哈哈哈哈,0,隐含,中性,无,low
理科生,,comment,这个看起来就玩原神,0,隐含,中性,无,low
理科生,,comment,没有掉漆保温杯,0,隐含,中性,无,low
理科生,,comment,还有蓝色的运动水壶,0,隐含,中性,无,low
理科生,,comment,不要刻板印象吧，现实中学习好长得好的人挺多的,0,隐含,中性,无,low
理科生,,comment,但真的沉迷在学习研究里面的人还是会经常疏忽外表的,0,隐含,中性,无,low
理科生,,comment,对不起，冒犯了，但是真的很像,0,隐含,中性,无,low
理科生,,comment,~,0,隐含,中性,无,low
理科生,,comment,有没有超大黑色功能包,0,隐含,中性,无,low
理科生,,comment,包里的试卷可能还皱皱巴巴的但是都是高分,0,隐含,中性,无,low
理科生,,comment,我的夸屎基本上都是这款,0,隐含,中性,无,low
理科生,,comment,我初中时有个学年前十长得贼帅，给我一男的看心动了,0,隐含,中性,无,low
理科生,,content,✅绿人组：心理学、社会学、文学、艺术治疗、人类学、创意写作、历史 ✅黄人组：机械工程、、工业设计、汽车工程、飞行员、户外教育、艺术、音乐、心理学、体育、物理、戏剧 ✅蓝人组：会计、审计、工程学、计算机科学、法律、护理、教育工作、营养学、工商管理、会计、财务管理、公共管理、法律、生物学、历史 ✅紫人组：工程学、 计算机科学、物理学、建筑设计、经济学、数学、历史、英语、计算机 仅供娱乐参考哦~大家还是按照实际情况选择报考专业,0,隐含,中性,无,low
理科生,,content,#性格与职业#MBTI#mbti梗图#选专业#大学专业,0,隐含,中性,无,low
理科生,,comment,感觉除非你干的特别好，要么别干,0,隐含,中性,无,low
理科生,,comment,绿人学的理科最后被推荐文学专业,0,隐含,中性,无,low
理科生,,comment,isfp混入绿人组我知道这种适合我但是找不到工作啊,0,隐含,中性,无,low
理科生,,comment,打算搞英语了,0,隐含,中性,无,low
理科生,,comment,哈哈哈哈我也想说,0,隐含,中性,无,low
理科生,,comment,我正在思考是选文学还是心理学,0,隐含,中性,无,low
理科生,,comment,我是enfp,0,隐含,中性,无,low
理科生,,comment,为什么INTP推荐学的全是数学类,0,隐含,中性,无,low
理科生,,comment,其实能选的就几项，真跟着这个走就等饿死吧,0,隐含,中性,无,low
理科生,,comment,这...看来我们骨折眉学啥都行,0,隐含,中性,无,low
理科生,,comment,我intj学的是插画,0,隐含,中性,无,low
理科生,,title,理科战神的经典皮肤（6）,0,隐含,中性,无,low
理科生,,comment,那你这怎么说的跟我完全相反 数学还不是117/120,0,隐含,中性,无,low
理科生,,comment,上了高中还在这个高度就等着让我膜拜吧,0,隐含,中性,无,low
理科生,,comment,晒晒试卷看看,0,隐含,中性,无,low
理科生,,comment,上了高中再谈吧,0,隐含,中性,无,low
理科生,,comment,初中看不出来什么,0,隐含,中性,无,low
理科生,,comment,吃零食跟考的好不好有什么关系吗,0,隐含,中性,无,low
理科生,,comment,而且初中这些难度不是很正常吗,0,隐含,中性,无,low
理科生,,comment,等你到高中再看吧,0,隐含,中性,无,low
理科生,,comment,补一句，我们是初中的，满分120,0,隐含,中性,无,low
理科生,,comment,理综100以上,0,隐含,中性,无,low
理科生,,comment,30分吗,0,隐含,中性,无,low
理科生,,comment,回复 D北北,0,隐含,中性,无,low
理科生,,comment,: 满分110,0,隐含,中性,无,low
理科生,,comment,我靠，牛了,0,隐含,中性,无,low
理科生,,comment,但是高中就不一定,0,隐含,中性,无,low
理科生,,comment,是视频里说女生理科战神对零食不感兴趣的，我只是反驳一下，再说没有限定哪一阶段的理科战神，小学，初中，高中，大学不都可以吗,0,隐含,中性,无,low
理科生,,comment,所以你们班那个是假的呗,0,隐含,中性,无,low
理科生,,comment,你没见过，不代表不存在，更不代表人家是假的,0,隐含,中性,无,low
理科生,,comment,哦，对不起，我以后不会这样说了,0,隐含,中性,无,low
理科生,,comment,那你每次考满分了吗,0,隐含,中性,无,low
理科生,,comment,我们班里的第一,0,隐含,中性,无,low
理科生,,comment,宝贝，知道相对论吗,0,隐含,中性,无,low
理科生,,comment,学习成绩拔尖，在我们这个班里拔尖，在我们这个学校拔尖，都是相对于我们这个班，相对于我们这个学校而言，其他班学习成绩更好的，其他学校有比我们学校更拔尖的，是正常的，你不能因为其他人比她更优秀，就否认她本身也很优秀,0,隐含,中性,无,low
理科生,,comment,每个人评判标准不一样，她能做到一直比大部分人好，一直都是名列前茅,0,隐含,中性,无,low
理科生,,comment,她在这个群体里面就是拔尖的那一波就是理科战神啊,0,隐含,中性,无,low
理科生,,comment,知道你学习很好了，所以你想表达什么,0,隐含,中性,无,low
理科生,,comment,必须要回回满分才能算得上理科战神吗,0,隐含,中性,无,low
理科生,,comment,怎么人家回回是我们班理科第一第二就不算了,0,隐含,中性,无,low
理科生,,comment,反正在我们班眼里她就是理科战神,0,隐含,中性,无,low
理科生,,comment,来别人评论区底下装个屁，杠精回回第一吗,0,隐含,中性,无,low
理科生,,comment,回回满分吗,0,隐含,中性,无,low
理科生,,comment,初中题那么简单你在叫什么,0,隐含,中性,无,low
理科生,,comment,你到高中再看看吧 我考这些分我也在班上排中游 顺便说一下我衡水二中毕业 现在倒不上高中 现在只是平平无奇的包租婆,0,隐含,中性,无,low
理科生,,comment,初中能评判理科了,0,隐含,中性,无,low
理科生,,comment,卧槽好帅,0,隐含,中性,无,low
理科生,,comment,人家说的是理科战神,0,隐含,中性,无,low
理科生,,comment,那你是战神吗,0,隐含,中性,无,low
理科生,,comment,好像我朋友,0,隐含,中性,无,low
理科生,,comment,也好像我的物理老师,0,隐含,中性,无,low
理科生,,comment,长相符合,0,隐含,中性,无,low
理科生,,comment,性格符合,0,隐含,中性,无,low
理科生,,comment,数学分数不符合,0,隐含,中性,无,low
理科生,,comment,那她物理呢,0,隐含,中性,无,low
理科生,,comment,我就是[扶额R]读书的时候他们都说谁谁很帅我一点兴趣都没有,0,隐含,中性,无,low
理科生,,comment,我靠那个有点嘟嘴是真的，因为做题肯定是面无表情的，时间长了吧突然意识到自己有点嘟嘴,0,隐含,中性,无,low
理科生,,comment,对对对对,0,隐含,中性,无,low
理科生,,content,#此图有梗#我的学习状态#梗图#三無不是三无产品#雁南#言旭#枭㑧安#南素#本人精神状态良好,0,隐含,中性,无,low
理科生,,comment,来了来了,0,隐含,中性,无,low
理科生,,comment,来喽来喽,0,隐含,中性,无,low
理科生,,comment,不得不说,0,隐含,中性,无,low
理科生,,comment,真的很形象,0,隐含,中性,无,low
理科生,,comment,hhh是的,0,隐含,中性,无,low
理科生,,comment,我就是你这样的,0,隐含,中性,无,low
理科生,,comment,那很好了,0,隐含,中性,无,low
理科生,,comment,来了来了，确实挺形象的,0,隐含,中性,无,low
理科生,,comment,（开学亖）（拂士）🍉*鸢铃,0,隐含,中性,无,low
理科生,,comment,（千年老薯条）【白昊慕】苏青墨.白郁离,0,隐含,中性,无,low
理科生,,title,理科生不要来学法,0,隐含,中性,无,low
理科生,,comment,法学这个专业就应该禁止理科生填报 本科学法简直就是21世纪最大的骗局,0,隐含,中性,无,low
理科生,,comment,同感，文理兼招专业简直就是陷阱,0,隐含,中性,无,low
理科生,,comment,今年大二，暑假要见习二十天了，真是免费的劳动力啊，越说越有动力转行干不了一点了,0,隐含,中性,无,low
理科生,,comment,哈哈哈我估计我暑假见习也是去打杂没工资，估计也学不到啥东西,0,隐含,中性,无,low
理科生,,comment,你如果在南昌的话那基本没工资，南昌基本没有律所会给见习生工资,0,隐含,中性,无,low
理科生,,comment,我们老师说南昌目前有八千多个律师，而且我感觉南昌好奇怪，这个城市很缺乏高新技术企业，省会竟然连一个互联网大厂都没有我在 boss 直聘上面找计算机类的工作，基本都很少，省会城市不应该呀,0,隐含,中性,无,low
理科生,,comment,很拉，实习基本南下深圳广州,0,隐含,中性,无,low
理科生,,comment,非常烂，赶快考出去吧，及时止损,0,隐含,中性,无,low
理科生,,comment,边缘部门，而且法学非常吃资源，但是付出max，回报超级小约等于零,0,隐含,中性,无,low
理科生,,comment,确实，家里有人做这行你起步就很快，但是大部分孩子都是普通家庭的，我就是普通家庭，还是学门技术更好，起码能解决温饱，去律所还要找家里要钱,0,隐含,中性,无,low
理科生,,comment,如果要是擅长文科应试的理科生呢,0,隐含,中性,无,low
理科生,,comment,我现在在犹豫要不要跨考法硕或者金融，本科计算机，辅修了金融，但是实际上学到的东西很少,0,隐含,中性,无,low
理科生,,comment,如果执念真的很重的话那就跨考吧，法硕非法的难度没有网上说的那么夸张,0,隐含,中性,无,low
理科生,,comment,也不至于去过双非大学读法，现在月薪2600,0,隐含,中性,无,low
理科生,,comment,那就不得不提带电工科最锋利的剑了,0,隐含,中性,无,low
理科生,,comment,是因为没有去考公和选调吧，法学真的不错了，我读的就是带电工科想考公都没什么对口岗,0,隐含,中性,无,low
理科生,,comment,别人还说离开法学外面没有雨，我寻思我连路都找不到法学的雨把我眼睛淋得睁不开了,0,隐含,中性,无,low
理科生,,comment,师姐好🫡,0,隐含,中性,无,low
理科生,,title,👓理工男,0,隐含,中性,无,low
理科生,,comment,跟对象的合影去哪了，怎么没发出来,0,隐含,中性,无,low
理科生,,comment,怎么哪里都有你,0,隐含,中性,无,low
理科生,,comment,烧腊老师好帅,0,隐含,中性,无,low
理科生,,comment,这色彩感觉也蛮不错的,0,隐含,中性,无,low
理科生,,comment,怎么来杯歪了,0,隐含,中性,无,low
理科生,,comment,其实挺帅的,0,隐含,中性,无,low
理科生,,comment,好有质感,0,隐含,中性,无,low
理科生,,comment,zuowolaopo,0,隐含,中性,无,low
理科生,,title,笑点在哪里,0,隐含,中性,无,low
理科生,,content,#物理#meme,0,隐含,中性,无,low
理科生,,comment,“想象一个旋转的球，但它没在旋转，也不是球”,0,隐含,中性,无,low
理科生,,comment,绝绝子🥦,0,隐含,中性,无,low
理科生,,comment,罗老师别这样罗老师,0,隐含,中性,无,low
理科生,,comment,） 学到这的时候我感觉大脑皮层都展开了,0,隐含,中性,无,low
理科生,,comment,😶 真的是这样,0,隐含,中性,无,low
理科生,,comment,左：化学系学的量子力学 右：物理学的量子力学,0,隐含,中性,无,low
理科生,,comment,学结构化学的时候也是要接触简单量子力学的好吧,0,隐含,中性,无,low
理科生,,comment,电子自旋就是想象一个球在自转，但它并不是一个球，也没在自转,0,隐含,中性,无,low
理科生,,comment,我真的求你了,0,隐含,中性,无,low
理科生,,comment,好好好，看来是学伤了写的克苏鲁神话,0,隐含,中性,无,low
理科生,,comment,听起来好酷,0,隐含,中性,无,low
理科生,,comment,没那么简单,0,隐含,中性,无,low
理科生,,comment,对不起但是这氛围真的说咱们有物理相关的地方就是神人比较多,0,隐含,中性,无,low
理科生,,comment,咱就是说有没有可能是学了以后才这样的[坏笑R],0,隐含,中性,无,low
理科生,,comment,右边也不对啊，spin至少也写Dirac equation吧,0,隐含,中性,无,low
理科生,,comment,左边只是想表达一个粒子，没有真的想把spin也概括出来,0,隐含,中性,无,low
理科生,,comment,你说得对所以这个H什么为什么有帽子,0,隐含,中性,无,low
理科生,,comment,圣诞帽呀（❌,0,隐含,中性,无,low
理科生,,comment,Dirac吧🤔,0,隐含,中性,无,low
理科生,,comment,更新了2.0Dirac版本,0,隐含,中性,无,low
理科生,,title,理科战神迷之抽象行为（4）,0,隐含,中性,无,low
理科生,,comment,没有啊，我也是理科第一,0,隐含,中性,无,low
理科生,,comment,我还以为刷到了广东省理科状元,0,隐含,中性,无,low
理科生,,comment,我语文屎,0,隐含,中性,无,low
理科生,,comment,第一和战神还是隔了一条黄河的,0,隐含,中性,无,low
理科生,,comment,什么啊，我明明体育也很牛逼，6年级跳远1.9米，数学100，历史90，科学86,0,隐含,中性,无,low
理科生,,comment,理科学霸是指初高中的吧,0,隐含,中性,无,low
理科生,,comment,排球校队，原本篮球校队,0,隐含,中性,无,low
理科生,,comment,其实怨毒也行,0,隐含,中性,无,low
理科生,,comment,钥匙一直挂在脖子上,0,隐含,中性,无,low
理科生,,comment,基本全中,0,隐含,中性,无,low
理科生,,comment,这种的理科战神一般都是拿英语换的,0,隐含,中性,无,low
理科生,,comment,（开学淡网中） 这不hyt吗,0,隐含,中性,无,low
理科生,,comment,说错了wyt和sst,0,隐含,中性,无,low
理科生,,comment,这头像不是鹤丸国永嘛,0,隐含,中性,无,low
理科生,,title,宝宝 你是一个在理科班格格不入的文艺女,0,隐含,中性,无,low
理科生,,content,你从小就善于写作，作文本上连成一片海的红色波浪线是你一直引以为傲的成就,0,隐含,中性,无,low
理科生,,content,中学时语文老师夸你的文风很文艺，你暗自欣喜，迫不及待地将文艺女的标签贴在自己身上,0,隐含,中性,无,low
理科生,,content,下课后翻开牛皮本，自由地创作各种小随笔,0,隐含,中性,无,low
理科生,,content,那时你以为你会将一生奉献给文学之美,0,隐含,中性,无,low
理科生,,content,可是后来在高中你进入了理科班,0,隐含,中性,无,low
理科生,,content,你深知你的灵魂不属于这里,0,隐含,中性,无,low
理科生,,content,你属于哪里,0,隐含,中性,无,low
理科生,,content,你尝试去融入理科班的氛围,0,隐含,中性,无,low
理科生,,content,你的桌面上也摊开了厚厚的数理化练习册，落笔声与教室内永不停歇的唰唰声重合，让你似乎有了一种归属的错觉,0,隐含,中性,无,low
理科生,,content,于是你平日从不轻易去靠近那柜子，欺骗着自己那谭水已经凝固,0,隐含,中性,无,low
理科生,,content,当然没有,0,隐含,中性,无,low
理科生,,content,即使柜子没有被打开，水也会悄无声息着滔滔不绝地向外漫涌，直到淹没你对文学情难自抑的心,0,隐含,中性,无,low
理科生,,content,文理科本就没有世人臆想出的巨大鸿沟，没有哪个科技的发明不是出于人文主义的高光，没有哪本巨著的问世未经过理性的思辨,0,隐含,中性,无,low
理科生,,content,且视他人之疑目如盏盏鬼火，大胆地走你的夜路,0,隐含,中性,无,low
理科生,,content,这个世界不能没有文字,0,隐含,中性,无,low
理科生,,content,文字的力量，就是这样强大,0,隐含,中性,无,low
理科生,,comment,哦对还有勘误一下—前面转文字排版的时候没弄好，应该是三岛由纪夫,0,隐含,中性,无,low
理科生,,comment,啦啦啦啦啦我是老鼠叽叽叽叽,0,隐含,中性,无,low
理科生,,comment,很多伟大的数学家物理家他们的简介里也写着哲学家,0,隐含,中性,无,low
理科生,,comment,甚至自己的语文成绩都没有身边背答题模板的同学考的多…,0,隐含,中性,无,low
理科生,,comment,那为什么要选理科 既然文科好的话,0,隐含,中性,无,low
理科生,,comment,只是语文英语好啊，而且我高一理科的分比别的文科分高,0,隐含,中性,无,low
理科生,,comment,选专业面广,0,隐含,中性,无,low
理科生,,comment,理科其实更好应试吧，我那届湖南文科三本本科线在五百以上，理科一本线是四百五十几,0,隐含,中性,无,low
理科生,,comment,文理科的语文英语试卷完全一样、数学只有两道大题不一样,0,隐含,中性,无,low
理科生,,comment,但是高中时在纯理班级靠着140➕的英语和130的语文获得了全班的尊重如何呢我们文科妹就这样无往不胜～,0,隐含,中性,无,low
理科生,,comment,最好笑的是我是为了考医学院被迫选的全理，我生物也很好，赋完分轻松90多的那种,0,隐含,中性,无,low
理科生,,comment,但还数学物理加起来都考不到英语的分数每个刚认识我的人都问我怎么在理科班,0,隐含,中性,无,low
理科生,,comment,是的，文字的力量就是这么强大,0,隐含,中性,无,low
理科生,,comment,理想主义是我引以为傲的东西，现在我却要像现实屈服,0,隐含,中性,无,low
理科生,,comment,文字尽管是我引以为傲的东西，天赋也已经被湮没在数理化的题海里,0,隐含,中性,无,low
理科生,,comment,也许现在被学业压得暂居角落，但它们始终在，安静地等待下一次被唤醒,0,隐含,中性,无,low
理科生,,comment,那不是浪费，是修炼,0,隐含,中性,无,low
理科生,,comment,不是遗失，是积蓄,0,隐含,中性,无,low
理科生,,comment,有时候，恰恰是这些看似被浪费的时光，会日后成为你笔下最深的力量,0,隐含,中性,无,low
理科生,,comment,别辜负它们，也别看轻自己,0,隐含,中性,无,low
理科生,,comment,文字从来不会辜负真正相信它的人,0,隐含,中性,无,low
理科生,,comment,反而是理科班的哲学会讲的很广很有意思（但是理科确实难,0,隐含,中性,无,low
理科生,,comment,）（我们竟然还是同城看到这条帖子真的好有归属感,0,隐含,中性,无,low
理科生,,comment,缘分让我们相遇：D,0,隐含,中性,无,low
理科生,,comment,可能我有些太理性，但是这样真的显得矫揉造作,0,隐含,中性,无,low
理科生,,comment,如果你看了很多文学的书，还在因为自己选理而找不到可以跟你一起共鸣文的人而黯然神伤，那我觉得你就是没有理解看这些书的意义,0,隐含,中性,无,low
理科生,,comment,说点最简单的例子，《大学之道》大家都学了吧，开头的“大学之道，在明明德，在亲民，在止于至善”，各位有去看别人是如何理解这段话，如何翻译这段话的吗,0,隐含,中性,无,low
理科生,,comment,我看了王德峰在《寻觅意义》这本书里对这段话的解释，觉得特别有感悟，这是我看书的收获,0,隐含,中性,无,low
理科生,,comment,各位在学理学不下去的时候，有想过老子说的“民之从事，常于几成而败之，慎终如始，则无败事”吗,0,隐含,中性,无,low
理科生,,comment,我在看《谈美》时发现，朱光潜对于教育的观点和柏拉图对于教育的某些观点惊人的相似，这让我很欣喜,0,隐含,中性,无,low
理科生,,title,对不起我真的不会数学,0,隐含,中性,无,low
理科生,,comment,《小王子》,0,隐含,中性,无,low
理科生,,comment,小王子里面的一条蛇好像吃了一头大象🐘,0,隐含,中性,无,low
理科生,,comment,: 去掉好像，开篇确实是这个,0,隐含,中性,无,low
理科生,,comment,叽里咕噜说什么，这不是积分求面积图吗,0,隐含,中性,无,low
理科生,,comment,不是，是法学生,0,隐含,中性,无,low
理科生,,comment,哈哈哈哈 想起来我们备考时候了 提问st端弓背抬高是那些病的重要指征,0,隐含,中性,无,low
理科生,,comment,图都直接用小说里的插图,0,隐含,中性,无,low
理科生,,comment,就是小王子，不过现在想想只看最上面那张图正常人都看不出来是蛇吃了一只大象,0,隐含,中性,无,low
理科生,,comment,回复 因为我要当大厨,0,隐含,中性,无,low
理科生,,comment,: 回消息,0,隐含,中性,无,low
理科生,,comment,: 你净已读不回说是,0,隐含,中性,无,low
理科生,,comment,不要自由能反应图啊啊啊啊,0,隐含,中性,无,low
理科生,,comment,可是小王子最后还是死了,0,隐含,中性,无,low
理科生,,comment,分类讨论,0,隐含,中性,无,low
理科生,,comment,小象好可怜啊,0,隐含,中性,无,low
理科生,,comment,这是小王子里面的插图,0,隐含,中性,无,low
理科生,,comment,c啊，送分题,0,隐含,中性,无,low
理科生,,comment,远近闻名的文科生来了,0,隐含,中性,无,low
理科生,,comment,煮啵煮啵，那我看到的是一个帽子呢,0,隐含,中性,无,low
理科生,,comment,说明你视力很好,0,隐含,中性,无,low
理科生,,comment,新高一，不是（-2，3）么,0,隐含,中性,无,low
理科生,,comment,孩子导数是比较后面的内容，先一步一步来,0,隐含,中性,无,low
理科生,,title,难道理科生就比文科生高人一等吗,0,隐含,中性,无,low
理科生,,content,” 看到这句话我都能从屏幕外感受到他的高高在上 我承认理科固然重要，但文科就不及它皮毛的千分之一吗 工业革命前不也是靠文艺复兴的思想启迪吗,0,隐含,中性,无,low
理科生,,content,不理解 不理解 不理解,0,隐含,中性,无,low
理科生,,comment,因为专业大于学校呀，北邮西电南航的计算机专业能上很多末九了，但是人家照样还是选热门专业呀，这么简单的道理都不懂吗，你文科生给我选一个计算机电子信息试试呢,0,隐含,中性,无,low
理科生,,comment,你就只知道这种极端例子,0,隐含,中性,无,low
理科生,,comment,我觉得北大的考古系优于人大的金融系，等你工作了就知道了,0,隐含,中性,无,low
理科生,,comment,你讲点逻辑吧,0,隐含,中性,无,low
理科生,,comment,我确实说错例子了，按作者观点，应该是北大历史系和武大计算机系你选哪个,0,隐含,中性,无,low
理科生,,comment,行吧不争论了，你愿意这么想那你就是对的,0,隐含,中性,无,low
理科生,,comment,而且北邮西电这样级别的211，起码得跟法大北外央财pk吧，欺负普通211有什么意思,0,隐含,中性,无,low
理科生,,comment,你咋不拿清华姚班去锤文科985呢,0,隐含,中性,无,low
理科生,,comment,感觉像是一张数学卷子考不了十分的人说出来的话,0,隐含,中性,无,low
理科生,,comment,专业大于学校,0,隐含,中性,无,low
理科生,,comment,请问你是在说我还是对方,0,隐含,中性,无,low
理科生,,comment,凡是说专业大于学校的，学校都不怎么样,0,隐含,中性,无,low
理科生,,comment,跟你说个冷知识，北大光华和清华经管都是文理兼招的,0,隐含,中性,无,low
理科生,,comment,少来什么冷知识了,0,隐含,中性,无,low
理科生,,comment,我一直以为理科生的逻辑思维能力普遍应该不错才对,0,隐含,中性,无,low
理科生,,comment,你要是杠那你就是对的，懒得和友善度们对线,0,隐含,中性,无,low
理科生,,comment,少扯了，大多数人就是为了有个收入还行的工作，资质普通家境普通还去学文就是死路一条,0,隐含,中性,无,low
理科生,,comment,别拿大师的身份去代表普通人,0,隐含,中性,无,low
理科生,,comment,普通人学文科等于啥也没学到,0,隐含,中性,无,low
理科生,,comment,你就告诉我文科生有和专业性可言,0,隐含,中性,无,low
理科生,,comment,任何高薪岗位都轮不到,0,隐含,中性,无,low
理科生,,comment,因为对于理科生来说，他们的追求并不是上一个好学校,0,隐含,中性,无,low
理科生,,comment,所谓需要很多廉价劳动力和消费口，但不需要往上走的分蛋糕的人是吧,0,隐含,中性,无,low
理科生,,comment,管他们瞧不瞧得起呢同样一个工作，很多企业宁可要985不对口的也不会要三本对口的,0,隐含,中性,无,low
理科生,,comment,真正在理科方面有所建树的人是说不出歧视文科这类话的,0,隐含,中性,无,low
理科生,,comment,就像好的科幻作品总是充满着人文情怀,0,隐含,中性,无,low
理科生,,comment,但是我不是很懂，为什么有些人借着社会的这种不平衡，来作为自己个人给文科生予以偏见的论据呢,0,隐含,中性,无,low
理科生,,comment,但是文科就是改变社会的力量，引领社会进步的除了科学家还有哲学家、社会活动家,0,隐含,中性,无,low
理科生,,comment,中国是个大工厂，工厂需要的是大量有理科基础的工人，技术人员，车间管理人员,0,隐含,中性,无,low
理科生,,comment,一个工厂需要很多车间，但只需要一个厂机关，需要数万名生产人员，却只需要几百个管理人员,0,隐含,中性,无,low
理科生,,comment,管理人员重要吗,0,隐含,中性,无,low
理科生,,comment,可需要很多吗,0,隐含,中性,无,low
理科生,,comment,需要低水平的管理人员吗,0,隐含,中性,无,low
理科生,,comment,那是瞎管,0,隐含,中性,无,low
理科生,,comment,明白了吗,0,隐含,中性,无,low
理科生,,comment,文科生的岗位很重要，是高于理科的,0,隐含,中性,无,low
理科生,,comment,也正因为重要，所以非92的就会被嫌弃,0,隐含,中性,无,low
理科生,,comment,厉害的文科生会领导厉害的理科生,0,隐含,中性,无,low
理科生,,comment,而普通文科生是没有人给他管,0,隐含,中性,无,low
理科生,,comment,文理都会嘲笑艺术生，可最厉害的艺术生又会被文理生追捧，绝对名利双收,0,隐含,中性,无,low
理科生,,comment,所以不是社会不需要文科生，社会只是不要你罢了,0,隐含,中性,无,low
理科生,,comment,工厂的管理人员不需要生产和设备知识,0,隐含,中性,无,low
理科生,,comment,这种岗位基本上是要有工作经历的工科生,0,隐含,中性,无,low
理科生,,comment,一般企业文员这些是文科生,0,隐含,中性,无,low
理科生,,comment,无论通过文科还是理科，能去往金字塔尖的那部分人都是可以文理自由切换的,0,隐含,中性,无,low
理科生,,comment,是这样的主要还是看学习能力,0,隐含,中性,无,low
理科生,,comment,我国现在还是发展中国家，需求量大的是有专业技能的“工人”,0,隐含,中性,无,low
理科生,,comment,这是社会属性决定的好叭,0,隐含,中性,无,low
理科生,,comment,觉得发达国家也缺工人哈哈哈哈,0,隐含,中性,无,low
理科生,,comment,高中学的那些文科知识都是被阉割过的,0,隐含,中性,无,low
理科生,,comment,她说的有道理啊 现在很多人连阉割过的东西都还不能完全理解 要是真把整个体系教了 高中生估计觉得颠覆认知怀疑世界了,0,隐含,中性,无,low
理科生,,comment,我只说一个事例啊，北京的小学奥数十大名师之一，毕业于北大中文系你说人家算理科生,0,隐含,中性,无,low
理科生,,comment,关键是人的实力，而不是别的什么东西,0,隐含,中性,无,low
理科生,,comment,理科也能读中文，和中文有啥关系,0,隐含,中性,无,low
理科生,,title,你在竞赛鄙视链的第几层,0,隐含,中性,无,low
理科生,,content,果然这是个充满着鄙视链的世界,0,隐含,中性,无,low
理科生,,content,看看你是哪一层👇 ✨学习难度：数学≈物理＞化学＞信息＞生物 ✨认可度&含金量：数学≥物理＞化学＞信息、生物 （以上仅供娱乐参考,0,隐含,中性,无,low
理科生,,content,不许打起来哈 - 附理科❤️竞赛❤️16本❤️ 附理科❤️竞赛❤️16本❤️ 附理科❤️竞赛❤️16本❤️ - #国际竞赛 #国际学校 #国际教育 #鄙视链 #数学 #物理 #化学 #信息 #生物 #数学竞赛 #物理竞赛 #生物竞赛 #化学竞赛,0,隐含,中性,无,low
理科生,,comment,生物竞赛主要是门槛低，而且就算你没学过只要交了报名费考试不交白卷拿个省三还是有可能的，我们当年高一生竞是全校参与的，这就导致了含金量低，不过要想学好拿好成绩还是不容易的,0,隐含,中性,无,low
理科生,,comment,高中生物很简单啊 除了遗传大题其余全是背的 我一个月生物从23提到85,0,隐含,中性,无,low
理科生,,comment,是大学想尽力上法医的，所以必须是物化生,0,隐含,中性,无,low
理科生,,comment,我记得没有专业完全卡物化生吧，选了物化就能选几乎所有理科专业了,0,隐含,中性,无,low
理科生,,comment,那就放心了，但不管选哪个专业，我也铁定的物化生ε=(´ο｀*)))唉,0,隐含,中性,无,low
理科生,,comment,嗯嗯(*•ω•),0,隐含,中性,无,low
理科生,,comment,卧槽 你这是考一本书还是选修必修全部考的 现在生物真的摸不着头脑,0,隐含,中性,无,low
理科生,,comment,不同省难度不同吧，我江苏的，高三生物分数常年60分以下，不过还好赋分制赋完分我基本能达到80左右,0,隐含,中性,无,low
理科生,,comment,江苏的题据说很难 这样也正常 在我这平均分就在六十几了,0,隐含,中性,无,low
理科生,,comment,不是没有 这个说的就是难以程度对于普通人而言 化学大佬和数学大佬一样的平手 就是相对于人进入门槛不一样,0,隐含,中性,无,low
理科生,,comment,高中生物那遗传我的噩梦,0,隐含,中性,无,low
理科生,,comment,哪个地区，高几,0,隐含,中性,无,low
理科生,,comment,23一个月85你确定吗,0,隐含,中性,无,low
理科生,,comment,现在选择题纯考知识点的不多啊,0,隐含,中性,无,low
理科生,,comment,30天五本书，算下来不到一星期学完一本书，学校老师一学期讲一本，你不到一星期就都学会了，而且还融会贯通，难题也会做,0,隐含,中性,无,low
理科生,,comment,并且一个月五本书都没有复习时间，但并不影响你直接就能做五本书的综合题并且是河北自组卷，那你好棒哦,0,隐含,中性,无,low
理科生,,comment,不是哥们我25是因为必修二全是在疫情网课讲的一点没听 必修一我是有基础的 必修三也是不怎么稳固而已 杂碎的知识点想不起来 而且我们当时只学选修一 那本书多简单就不用我说了吧 在者说复习的时候你是不上课还是不做题,0,隐含,中性,无,low
理科生,,comment,就真硬背知识点吗,0,隐含,中性,无,low
理科生,,comment,哦，你早说你是改革前的河北考生啊,0,隐含,中性,无,low
理科生,,comment,学的四本书,0,隐含,中性,无,low
理科生,,comment,考的全国卷,0,隐含,中性,无,low
理科生,,comment,那种情况可以,0,隐含,中性,无,low
理科生,,comment,现在的河北生物不存在了,0,隐含,中性,无,low
理科生,,comment,你可以拿你当时的考试卷和这几年的河北卷对比一下,0,隐含,中性,无,low
理科生,,comment,不用做，单独看题干你就会发现,0,隐含,中性,无,low
理科生,,comment,从人机到了地狱模式,0,隐含,中性,无,low
理科生,,comment,地科贱民了属于是,0,隐含,中性,无,low
理科生,,comment,有地理竞赛吗,0,隐含,中性,无,low
理科生,,comment,感觉数学竞赛相较于化学和物理还稍微简单点,0,隐含,中性,无,low
理科生,,comment,有文科竞赛不,0,隐含,中性,无,low
理科生,,comment,有，语言学逻辑学哲学还有小语种的,0,隐含,中性,无,low
理科生,,comment,始终不能理解，信息和生物为啥有竞赛,0,隐含,中性,无,low
理科生,,comment,你写这个帖子就是在故意引战吧,0,隐含,中性,无,low
理科生,,comment,每个学科学的都不一样，本来就没有什么鄙视链可言仅供娱乐这四个字可不是什么万能挡箭牌,0,隐含,中性,无,low
理科生,,comment,天文竞赛如何呢等于天文数学物理地理历史全考而且似乎没有什么含金量,0,隐含,中性,无,low
理科生,,comment,江苏中专和黑龙江卫校的区别,0,隐含,中性,无,low
理科生,,comment,江苏中专也有拿全球数学奖12名的呢,0,隐含,中性,无,low
理科生,,content,想念工科学习时光的原因是，我们的所有付出很多只需要通过经济收益来评判，能跟着老师做一个横向做出来了就觉得自己挺厉害的，不会像理科或者文科那样自己都不知道自己做的东西有没有意义,0,隐含,中性,无,low
理科生,,comment,是真的读过,0,隐含,中性,无,low
理科生,,comment,完全,0,隐含,中性,无,low
理科生,,comment,Sis我懂你,0,隐含,中性,无,low
理科生,,comment,工科至少工资好看点🤣,0,隐含,中性,无,low
理科生,,comment,点了哈哈哈哈,0,隐含,中性,无,low
理科生,,comment,一语双关,0,隐含,中性,无,low
理科生,,comment,完全我,0,隐含,中性,无,low
理科生,,comment,我现在就这个感觉,0,隐含,中性,无,low
理科生,,comment,这是真读过,0,隐含,中性,无,low
理科生,,comment,🐰 哈哈哈哈哈哈哈,0,隐含,中性,无,low
理科生,,comment,好荒谬吧!,0,隐含,中性,无,low
理科生,,comment,你只是想读那几个好的而已,0,隐含,中性,无,low
理科生,,comment,有些工科专业吃了工科的苦一样毕业找不到工作，考公都没什么岗位,0,隐含,中性,无,low
理科生,,comment,有没有可能我在土木的时候都比现在舒服呢,0,隐含,中性,无,low
理科生,,comment,我老公是男同belike：,0,隐含,中性,无,low
理科生,,comment,有些人觉得工科好苦啊实验做不出来成果做不出来很不舒服，但是什么样的路能一点都不苦,0,隐含,中性,无,low
理科生,,comment,文科工资虽然低点但是行政岗一般都在市区，能找到自己家附近的,0,隐含,中性,无,low
理科生,,comment,hi，姐妹，晚上七点一起去车间加班哦,0,隐含,中性,无,low
理科生,,comment,呃虽然你是从土木转出来的但是我想说不要美化没走过的路，我是211土木出来的现在在设计院，一个月拿的还没有所谓三千的文员多，绩效还又没了,0,隐含,中性,无,low
理科生,,comment,没转业是因为暂时还找不到别的好工作，只能这么薅着,0,隐含,中性,无,low
理科生,,comment,至于说价值内耗，我对别的工作不了解毕竟没干过，我绝对不认为干土木是有什么成就感的)至少在设计院是,0,隐含,中性,无,low
理科生,,comment,反正我要是能拿到评论区吐槽的文科只有5k底薪的工作我能笑疯，那已经快是我现在收入的两倍了,0,隐含,中性,无,low
理科生,,title,SPM2025成绩终于放榜拉,0,隐含,中性,无,low
理科生,,content,最重要的是找到适合自己的学习方式～ ​祝愿大家都能拿到理想的成绩，我们顶峰相见,0,隐含,中性,无,low
理科生,,comment,可以帮我吗尤其是sj 不懂重点,0,隐含,中性,无,low
理科生,,comment,sej就两点 1.kbat的通用答案要背,0,隐含,中性,无,low
理科生,,comment,2.多刷题 习惯了看到题目就知道大概要写什么了,0,隐含,中性,无,low
理科生,,comment,bhg b 和bhg c都这样,0,隐含,中性,无,low
理科生,,comment,据我老师说 起码要96分,0,隐含,中性,无,low
理科生,,comment,yaa所以可以a+的人真的很棒,0,隐含,中性,无,low
理科生,,comment,solid a的话是几分到几分哪,0,隐含,中性,无,low
理科生,,comment,应该就是75-95这样吧,0,隐含,中性,无,low
理科生,,comment,求bio怎么读,0,隐含,中性,无,low
理科生,,comment,做note 自己亲笔画图的那种,0,隐含,中性,无,low
理科生,,comment,需不需要背课本呢，还是刷题比较重要，看到课本这么厚都读不下去,0,隐含,中性,无,low
理科生,,comment,moral要怎么A,0,隐含,中性,无,low
理科生,,comment,在学校一直都是维持在40，老师改很严,0,隐含,中性,无,low
理科生,,comment,moral的话纯靠背多背点万能答案 sejarah和bm里面kbat题能写的moral一般都能用,0,隐含,中性,无,low
理科生,,comment,bm怎么A+,0,隐含,中性,无,low
理科生,,comment,我bm spm没有a+在重改着 不过bm可以给的tips就是作文占比真的很大 绝对要多写多练,0,隐含,中性,无,low
理科生,,comment,老师好厉害,0,隐含,中性,无,low
理科生,,comment,没有老师厉害,0,隐含,中性,无,low
理科生,,comment,你们一个个怎么那么厉害,0,隐含,中性,无,low
理科生,,comment,太gnarly了,0,隐含,中性,无,low
理科生,,comment,可以问一下华文有没有什么学习技巧吗[呃R],0,隐含,中性,无,low
理科生,,comment,学的多了会发现华文其实也是很有趣很好score的祝你spm华文A+哈哈哈,0,隐含,中性,无,low
理科生,,comment,华语最难都能a+,0,隐含,中性,无,low
理科生,,comment,华文是怎么A+的,0,隐含,中性,无,low
理科生,,comment,我也不知道f1-f5第一次a+竟然是spm,0,隐含,中性,无,low
理科生,,comment,鬼知道啊，我发出来不就是想让懂的人讲一下吗，到现在还没什么人评论,0,隐含,中性,无,low
理科生,,title,这一刻物理一定会成为我的强项,0,隐含,中性,无,low
理科生,,comment,这啥那年级的物理啊跟数学一样,0,隐含,中性,无,low
理科生,,comment,高一啊 竖直上抛这一节还算简单的了,0,隐含,中性,无,low
理科生,,comment,你们家数学带这种公式啊哈哈,0,隐含,中性,无,low
理科生,,comment,就是就是 高二电路题就屁也看不懂了,0,隐含,中性,无,low
理科生,,comment,嗯呐 满分七十五 单科年级第三,0,隐含,中性,无,low
理科生,,comment,其实就是上课认真听讲，然后下课完成老师布置的额外的作业以外，我还会再买练习册做，然后会定期的去检测，复习,0,隐含,中性,无,low
理科生,,comment,这个很重要，可以考试前去看一看，很有用,0,隐含,中性,无,low
理科生,,comment,然后对于刚开始学起来比较费劲或者不易理解的知识点，需要去多花一些时间，比如说你今天懂了之后，然后明天再去做这一类的题，然后两天之后再去做，到最后一周之后，就直到做到熟练为止,0,隐含,中性,无,low
理科生,,comment,祝你在不擅长的领域也能闪闪发光,0,隐含,中性,无,low
理科生,,comment,一起一起我也是不擅长物理但坚定地选了物化生 就是要挑战自己,0,隐含,中性,无,low
理科生,,comment,🍋 励志小视频,0,隐含,中性,无,low
理科生,,comment,一起励志吧,0,隐含,中性,无,low
理科生,,comment,如果我连运动学都不会还想选物理呢,0,隐含,中性,无,low
理科生,,comment,卧槽我做过这个,0,隐含,中性,无,low
理科生,,comment,我一定会学好物理的,0,隐含,中性,无,low
美术生,,title,美术生，快来看看你的水平在哪档,0,隐含,中性,无,low
美术生,,comment,注意一下细节，不能全部都揉擦带过，尤其是灰面，整体来讲，空间感不是很强，要有虚实，揉擦也要细节一点，既然揉了，就要揉均匀，排线有点乱,0,隐含,中性,无,low
美术生,,comment,玻璃瓶透视不对了 这是最大的问题 俯视里突然出现平面,0,隐含,中性,无,low
美术生,,comment,背景再揉擦揉擦 线条感太突兀 不柔和,0,隐含,中性,无,low
美术生,,comment,白布再需柔和 多些穿插线条 太过统一,0,隐含,中性,无,low
美术生,,comment,玻璃瓶子黑白对比可以首位减弱 近实远虚的道理 主体是陶罐 不能抢过陶罐,0,隐含,中性,无,low
美术生,,comment,白茶壶也是线条太同意,0,隐含,中性,无,low
美术生,,comment,优点是远看视觉效果好 主体立马凸显了出来,0,隐含,中性,无,low
美术生,,comment,我这是锐评 还是挺优秀的,0,隐含,中性,无,low
美术生,,comment,回复 Sepalcro del amor : 高中的 联考,0,隐含,中性,无,low
美术生,,comment,那个玻璃瓶子的形式是要顶部的面更大一点对吗 虚化的话是让整个灰下来一点吗,0,隐含,中性,无,low
美术生,,comment,不止是要顶部大一些 中间要短一些 你拿一个瓶子看一下正面再慢慢俯视 或者上网看一下,0,隐含,中性,无,low
美术生,,comment,虚化那个也可以这么理解 就是说不需要那么细节 简单一点带过,0,隐含,中性,无,low
美术生,,comment,你将一根手指头放在眼前你就会看到清晰的纹路 如果伸到最远看的话不明显 颜色会更融合 这是现实生活中 想在素描上表现出来 也可以上网搜一搜 明白的会更加透彻,0,隐含,中性,无,low
美术生,,comment,結果人畫的……人類進化又沒帶我,0,隐含,中性,无,low
美术生,,comment,型可能有点歪，缩小看很完美所以问题一下出来了，就是揉擦的质感和虚实,0,隐含,中性,无,low
美术生,,comment,衬布问题很大,0,隐含,中性,无,low
美术生,,comment,排线有点乱哦可以注意一下,0,隐含,中性,无,low
美术生,,comment,就当你当你夸我咯,0,隐含,中性,无,low
美术生,,comment,具体是哪个物体的型呢我调整一下,0,隐含,中性,无,low
美术生,,comment,羨慕了，我12還在畫火柴人,0,隐含,中性,无,low
美术生,,comment,具体是什么问题呢,0,隐含,中性,无,low
美术生,,comment,我再练练,0,隐含,中性,无,low
美术生,,comment,没有厚度很生硬,0,隐含,中性,无,low
美术生,,comment,我要是在虚化一下会不会好一点呢,0,隐含,中性,无,low
美术生,,comment,空间就是让越靠后的物体越融入背景,0,隐含,中性,无,low
美术生,,comment,可以给我看看吗 刚上几节课,0,隐含,中性,无,low
美术生,,comment,初二，五年级下半学期开始学的，可以吗,0,隐含,中性,无,low
美术生,,comment,不太行…是自学还是去机构呢[呃R],0,隐含,中性,无,low
美术生,,comment,初二求指点 后两张是初一的时候画的,0,隐含,中性,无,low
美术生,,comment,学了半学期，高一的,0,隐含,中性,无,low
美术生,,comment,可以走美术吗,0,隐含,中性,无,low
美术生,,comment,学半学期画成这样,0,隐含,中性,无,low
美术生,,comment,可以看看写生嘛,0,隐含,中性,无,low
美术生,,comment,很有天赋啊,0,隐含,中性,无,low
美术生,,comment,学了几个月,0,隐含,中性,无,low
美术生,,title,其实特别有用,0,隐含,中性,无,low
美术生,,content,﻿#美术生﻿ ﻿#美术集训﻿ ﻿#集训日常﻿ ﻿#美术﻿ ﻿#梗图﻿ ﻿#抽象﻿ ﻿#艺考﻿,0,隐含,中性,无,low
美术生,,comment,我懂，，，,0,隐含,中性,无,low
美术生,,comment,老师指着你的主体物说“透视错了，擦了重画”'但你已经起完型了，又如何呢,0,隐含,中性,无,low
美术生,,comment,特别是明明作业还没画但是就是拿不起笔,0,隐含,中性,无,low
美术生,,comment,特别是你在b组想看看其他人的画当参考结果大家画的都一样史,0,隐含,中性,无,low
美术生,,comment,然后a组都是复读生，哈哈,0,隐含,中性,无,low
美术生,,comment,而且我们老师还不像P2那样,0,隐含,中性,无,low
美术生,,comment,好虐不要让我想起来（虽然大学继续这样）,0,隐含,中性,无,low
美术生,,comment,我瓶颈的时候画什么东西都是歪的,0,隐含,中性,无,low
美术生,,comment,我懂，我每次画的时候都有一种很命苦的死感，我周围的朋友看不下去就会起来帮我改,0,隐含,中性,无,low
美术生,,comment,我懂，我就是这么过来的_(:з)∠)_,0,隐含,中性,无,low
美术生,,comment,常态,0,隐含,中性,无,low
美术生,,comment,然后这个时候我们老师就会过来问我 你怎么目光呆滞了,0,隐含,中性,无,low
美术生,,comment,心里想：你们不要画了休息一下吧,0,隐含,中性,无,low
美术生,,comment,不能再懂,0,隐含,中性,无,low
美术生,,comment,…这就是艺术吗,0,隐含,中性,无,low
美术生,,comment,回复 荔枝荔枝,0,隐含,中性,无,low
美术生,,comment,: 我会喊老师改改,0,隐含,中性,无,low
美术生,,comment,一瞬间开朗了,0,隐含,中性,无,low
美术生,,comment,应该是“唉…起来”,0,隐含,中性,无,low
美术生,,comment,集训老师最难受的事其实是有灵性的学生毕业后成为了他的同事,0,隐含,中性,无,low
美术生,,comment,为什么哈哈哈哈哈哈哈,0,隐含,中性,无,low
美术生,,comment,我每天就是很麻木的,0,隐含,中性,无,low
美术生,,comment,看到学生发生什么都能接受了,0,隐含,中性,无,low
美术生,,comment,有很命好的也有很命苦的,0,隐含,中性,无,low
美术生,,comment,我也做不了什么,0,隐含,中性,无,low
美术生,,comment,自己问心无愧就行,0,隐含,中性,无,low
美术生,,comment,你人还真好,0,隐含,中性,无,low
美术生,,comment,其实是大型修罗场,0,隐含,中性,无,low
美术生,,comment,美术生没时间打理的布丁头真实了,0,隐含,中性,无,low
美术生,,comment,我就是在找注意到这个点的人,0,隐含,中性,无,low
美术生,,comment,我真的一秒get到然后爆笑,0,隐含,中性,无,low
美术生,,comment,已经画了一年了,0,隐含,中性,无,low
美术生,,title,宝宝，你是一个花了家里15w学费的美术生,0,隐含,中性,无,low
美术生,,comment,啊啊啊姐姐好厉害,0,隐含,中性,无,low
美术生,,comment,今天数学考我是一道不会了已经,0,隐含,中性,无,low
美术生,,comment,要碎掉了,0,隐含,中性,无,low
美术生,,comment,而且我学校只是区重,0,隐含,中性,无,low
美术生,,comment,我现在是主要在弄专业课然后平时会背点英语啥的,0,隐含,中性,无,low
美术生,,comment,感觉一天长时间集中注意力有点,0,隐含,中性,无,low
美术生,,comment,我当时是文化全部放掉的,0,隐含,中性,无,low
美术生,,comment,上美术高中会不会好点,0,隐含,中性,无,low
美术生,,comment,统考276好吓人啊 湖北276难如登天）,0,隐含,中性,无,low
美术生,,comment,那年最高分286呢,0,隐含,中性,无,low
美术生,,comment,这么高卧槽 姐妹也厉害,0,隐含,中性,无,low
美术生,,comment,全校孤立,0,隐含,中性,无,low
美术生,,comment,你居然不知道,0,隐含,中性,无,low
美术生,,comment,你没跟我说过啊,0,隐含,中性,无,low
美术生,,comment,我还给你打过电话,0,隐含,中性,无,low
美术生,,comment,那个高三我住宿的时候打的嘛,0,隐含,中性,无,low
美术生,,comment,yesss,0,隐含,中性,无,low
美术生,,comment,文化不高，485好像是,0,隐含,中性,无,low
美术生,,comment,好厉害啊姐姐,0,隐含,中性,无,low
美术生,,comment,本来不支持你的，但是看到最后成绩276,0,隐含,中性,无,low
美术生,,comment,没有复读哈哈,0,隐含,中性,无,low
美术生,,comment,宝宝文化怎么提升的,0,隐含,中性,无,low
美术生,,comment,文化成绩500左右，15万够高二高三两年学美术吗,0,隐含,中性,无,low
美术生,,comment,哈哈经历有点坎坷,0,隐含,中性,无,low
美术生,,comment,学妹好棒,0,隐含,中性,无,low
美术生,,content,想问一下那些高中走艺考的 大学怎么样了 #未来 还是从事美术相关的工作嘛,0,隐含,中性,无,low
美术生,,content,#美术生集训#图片分享#疑问贴 作品封面源于#画师ぴおてぐ,0,隐含,中性,无,low
美术生,,comment,大家注意辨别各类信息 评论区欢迎各位发问解惑 祝大家生活越来越好,0,隐含,中性,无,low
美术生,,comment,我姐现在在八大美院之一的辽宁鲁迅学院上学,0,隐含,中性,无,low
美术生,,comment,巧了，我姐鲁美视传毕业两年，一直没找到工作，现在在家里蹲,0,隐含,中性,无,low
美术生,,comment,虽然不学艺考也可以画画，但是学了美术会离画画的很多东西近一点，比如艺术表达比如绘画技巧,0,隐含,中性,无,low
美术生,,comment,我没法无师自通，系统学习画画对我来说还是很必要的,0,隐含,中性,无,low
美术生,,comment,姐姐，你没有艺考考的服设嘛,0,隐含,中性,无,low
美术生,,comment,没有呀我是艺考的,0,隐含,中性,无,low
美术生,,comment,工科纯文化服装设计很少，你可以去了解一下,0,隐含,中性,无,low
美术生,,comment,我看了你的帖子，大学一方面课业很忙没有其它空，一方面服装设计蹭课挺难学的,0,隐含,中性,无,low
美术生,,comment,万一你过去大家上的是基础绘画课你学不到什么东西只能干看他们画，有设计课也不会一整节都在上课也许大家画一画私下还会和老师沟通一类，蹭课学习是有难度的,0,隐含,中性,无,low
美术生,,comment,还在思考,0,隐含,中性,无,low
美术生,,comment,只是可能无法特别深（不过服设毕业也不见得会多深，毕竟时尚行业是很昂贵的），没法去服装公司也可以画一画都能动漫小人的服设,0,隐含,中性,无,low
美术生,,comment,当然这都是建议了,0,隐含,中性,无,low
美术生,,comment,最后就是如果要走美术生的道路高一完全来得及，我就是这个时候开始学的，保持好你的文化分优势，在美术生里很有竞争力,0,隐含,中性,无,low
美术生,,comment,现在在考虑考什么方向的学校，感觉放不下画画,0,隐含,中性,无,low
美术生,,comment,我的美术一直在学，素描画了5年了,0,隐含,中性,无,low
美术生,,comment,哦哈哈哈哈那确实很有基础啦,0,隐含,中性,无,low
美术生,,comment,无论哪个方向文化课都蛮重要的，一切顺利捏,0,隐含,中性,无,low
美术生,,comment,wq是什么啊，不好意思，看不太懂,0,隐含,中性,无,low
美术生,,comment,一声我去的感概这成绩高啊,0,隐含,中性,无,low
美术生,,comment,我不清楚，因为我也还没开始正式工作,0,隐含,中性,无,low
美术生,,comment,不过不要被专业名字迷惑哈哈哈，服装与服饰设计除了表面上的服装设计师，其实还包括版师、裁缝、图案设计师、时尚编辑、时尚买手、品牌规划等等捏,0,隐含,中性,无,low
美术生,,comment,你可以搜搜看，具体的行情我是不清楚的不好乱说,0,隐含,中性,无,low
美术生,,comment,大学死了，,0,隐含,中性,无,low
美术生,,comment,为什么这么说呀,0,隐含,中性,无,low
美术生,,comment,评论区看的集训生尸体暖暖的,0,隐含,中性,无,low
美术生,,comment,碎肉设计行业折磨人，但是有的选总比没得选要好,0,隐含,中性,无,low
美术生,,comment,老师你的画都好权威啊 好厉害,0,隐含,中性,无,low
美术生,,comment,环艺现在在食堂洗碗,0,隐含,中性,无,low
美术生,,comment,数字媒体还用写数学吗,0,隐含,中性,无,low
美术生,,comment,艺术设计怎么样,0,隐含,中性,无,low
美术生,,comment,同问艺术设计,0,隐含,中性,无,low
美术生,,comment,求视传大学生存指南,0,隐含,中性,无,low
美术生,,title,听说对美术生的看法很多,0,隐含,中性,无,low
美术生,,content,我也是学美术的但是身边的同学们都很正常，每次朋友听说我是学美术的总是对我有不一样的滤镜#艺术生#美术生#怎么艺术成这样#吃瓜,0,隐含,中性,无,low
美术生,,comment,本人学音乐的，已经大四了,0,隐含,中性,无,low
美术生,,comment,那时候有一天，忽然告诉我们男生和女生分单双号练琴了，比如说1号，单数，全体女生练琴,0,隐含,中性,无,low
美术生,,comment,2号，双数，全体男生练琴，当时我还不知道怎么回事儿，也不明白老师的用意，就知道说早放学真好，可以回寝睡觉喽,0,隐含,中性,无,low
美术生,,comment,但更抽象的是，这对男女还并不是情侣,0,隐含,中性,无,low
美术生,,comment,我靠这纯跑友啊,0,隐含,中性,无,low
美术生,,comment,这已经不算什么了其实,0,隐含,中性,无,low
美术生,,comment,我联考考完的第二天，刚刚离校，就听说有在练鼓的琴房3p的,0,隐含,中性,无,low
美术生,,comment,我知道这个事时候，我已经回家了，但我当时也没想起来问男女主是谁,0,隐含,中性,无,low
美术生,,comment,这么多年早就没有联系了,0,隐含,中性,无,low
美术生,,comment,很多人觉得美术生私生活混乱然而实际上我们学校基本上很多二次元死宅,0,隐含,中性,无,low
美术生,,comment,美术生为什么乱啊，不是舞蹈生最乱吗,0,隐含,中性,无,low
美术生,,comment,然后一堆同,0,隐含,中性,无,low
美术生,,comment,其实舞蹈生里面也有二次元死宅,0,隐含,中性,无,low
美术生,,comment,可我们圈子确实乱,0,隐含,中性,无,low
美术生,,comment,我表演生的朋友自己承认她们比较乱，不过也算是你情我愿了,0,隐含,中性,无,low
美术生,,comment,对面付钱她们付出情绪价值，从世俗眼光来说来钱途径有点不那么好,0,隐含,中性,无,low
美术生,,comment,但是确实是赚到钱了，高中就几万块一个月轻轻松松，上大学以后有些人光礼物收二三十万一个月的都是很正常的,0,隐含,中性,无,low
美术生,,comment,她们花销也大，然后在那个圈子里面不得不卷一些奢侈品啊什么的,0,隐含,中性,无,low
美术生,,comment,做一趟头发护理3k，睫毛五百，美甲三百～千➕的都有,0,隐含,中性,无,low
美术生,,comment,然后收奢侈品礼物啊，去各种地方出片,0,隐含,中性,无,low
美术生,,comment,反正我听她讲这些事我就ε=(´ο｀*)))唉,0,隐含,中性,无,low
美术生,,comment,感觉咱美术生真的灰头土脸像山顶洞人,0,隐含,中性,无,low
美术生,,comment,以我身边情况来说，其实美术生是艺术生里最老实的了...表演播音服表和舞蹈才是重灾区...我们耍朋友都不耍这几类,0,隐含,中性,无,low
美术生,,comment,因为长得好看,0,隐含,中性,无,low
美术生,,comment,美术不卡颜,0,隐含,中性,无,low
美术生,,comment,说的一点毛病都没有,0,隐含,中性,无,low
美术生,,comment,人之常情,0,隐含,中性,无,low
美术生,,comment,哪有那么多神的美术生，不管学啥的都有玩的花的，每天被作业折磨得要死要活的还管这,0,隐含,中性,无,low
美术生,,comment,对呀学啥的都有渣的不好的，针对艺术生似的,0,隐含,中性,无,low
美术生,,comment,琴房楼梯全是避孕套,0,隐含,中性,无,low
美术生,,comment,wc真的假的,0,隐含,中性,无,low
美术生,,comment,老实的是真老实，玩的花的也是真的花,0,隐含,中性,无,low
美术生,,comment,我就是真老实的那个....集训做过最叛逆的事就是藏备用机,0,隐含,中性,无,low
美术生,,comment,plq也许是抽象 但我高二集训 老师真的跟助教谈了,0,隐含,中性,无,low
美术生,,comment,画室里面多多少少有吧……尤其是师生恋这块）,0,隐含,中性,无,low
美术生,,comment,的确特别多,0,隐含,中性,无,low
美术生,,title,要不要和我一起上课,0,隐含,中性,无,low
美术生,,content,难得化了妆上课..平时都灰头土脸的#美术生#集训#我有病,0,隐含,中性,无,low
美术生,,comment,小狗你是真的火了 后面忘了.....,0,隐含,中性,无,low
美术生,,comment,很自然生活的帅,0,隐含,中性,无,low
美术生,,comment,金毛狗儿叫汪汪,0,隐含,中性,无,low
美术生,,comment,眉毛上也是钉子吗,0,隐含,中性,无,low
美术生,,comment,之前打的眉钉 现在已经摘掉了,0,隐含,中性,无,low
美术生,,comment,头一次见有点震撼,0,隐含,中性,无,low
美术生,,comment,宝宝什么发色,0,隐含,中性,无,low
美术生,,comment,不知道 给理发师看的图片他自己操作的,0,隐含,中性,无,low
美术生,,comment,回复 Miss Xx : 一个博主的我找不到了,0,隐含,中性,无,low
美术生,,comment,求老婆微博号,0,隐含,中性,无,low
美术生,,comment,不用微博捏,0,隐含,中性,无,low
美术生,,comment,有抖音 同名,0,隐含,中性,无,low
美术生,,comment,问问脸上那个蓝色的是什么啊,0,隐含,中性,无,low
美术生,,comment,是准备校考啊,0,隐含,中性,无,low
美术生,,comment,要一起上课……但是我是音乐生可以在旁边唱歌助兴,0,隐含,中性,无,low
美术生,,comment,好呀好呀,0,隐含,中性,无,low
美术生,,title,mhs公审谁把自己联考作品交上来了😂,0,隐含,中性,无,low
美术生,,comment,这张画的特别好,0,隐含,中性,无,low
美术生,,comment,美术生的角度来说都可以算是超高分卷了但是不太像学生画的比较像老师画的这样,0,隐含,中性,无,low
美术生,,comment,形没咋收但是也没感觉散或者松这样,0,隐含,中性,无,low
美术生,,comment,可能是个人风格吧,0,隐含,中性,无,low
美术生,,comment,反正这样搁我们重庆联考绝对高分,0,隐含,中性,无,low
美术生,,comment,我知道我为什么会刷到这个了,0,隐含,中性,无,low
美术生,,comment,我老师之前讲过 这是很久之前流行的破型画法这张确实挺牛逼,0,隐含,中性,无,low
美术生,,comment,但是不像学生的,0,隐含,中性,无,low
美术生,,comment,包不是学生的,0,隐含,中性,无,low
美术生,,comment,除非复读好几年那种,0,隐含,中性,无,low
美术生,,comment,这个质量已经是范画的质量了吧,0,隐含,中性,无,low
美术生,,comment,这个是标准的浙江风格,0,隐含,中性,无,low
美术生,,comment,俺不是浙江人所以不是很清楚,0,隐含,中性,无,low
美术生,,comment,不过重庆通吃啦,0,隐含,中性,无,low
美术生,,comment,对 真的很熟悉,0,隐含,中性,无,low
美术生,,comment,对陕西来说也是了,0,隐含,中性,无,low
美术生,,comment,画的特别好啊,0,隐含,中性,无,low
美术生,,comment,是的真的画的很棒，收型也收的很舒服很松，没有那么死板，色调好看有视觉中心突出，光从码掉的大关系和褶皱那里就能看出这个人基础很好了，但应该不是本地人，一般联考生画花卉都会容易陷进去，然后就一直捣鼓那个花，从而没有时间去刻画其他物体，而且最近我们也在练花卉我们班大多数也是这种情况，花卉都能画好看的是真的很有实力了，估计就是老师画的范画,0,隐含,中性,无,low
美术生,,comment,是破形吧,0,隐含,中性,无,low
美术生,,comment,在俺们广东应该也是高分卷,0,隐含,中性,无,low
美术生,,comment,画的好但是是我不给过 临摹的,0,隐含,中性,无,low
美术生,,comment,而且更大可能是盗图 学生能花这样的不多,0,隐含,中性,无,low
美术生,,comment,色彩静物 http://xhslink.com/o/3DhiZyaPTSy 复制后打开【小红书】查看笔记,0,隐含,中性,无,low
美术生,,comment,这甚至是直接盗的图 老铁你自己点开链接看里面有老师的原画,0,隐含,中性,无,low
美术生,,comment,我昨天刷到了那个苦命的老师,0,隐含,中性,无,low
美术生,,comment,我去找找,0,隐含,中性,无,low
美术生,,comment,找不到记录了[呃R]我记得老师说的是投了几百次都没进公审，后来破罐子破摔放了联考的图没想到进了...,0,隐含,中性,无,low
美术生,,comment,这真的不是老师画的吗,0,隐含,中性,无,low
美术生,,comment,我感觉我也刷到过这张，，是盗图吧,0,隐含,中性,无,low
美术生,,comment,楼主你可以用原图小红书识别一下原作者 我基本上确定见过这张,0,隐含,中性,无,low
美术生,,comment,笑的我,0,隐含,中性,无,low
美术生,,comment,啊啊我还刷到过用联考过审的(目移),0,隐含,中性,无,low
美术生,,comment,看似没招了其实是真的没招了,0,隐含,中性,无,low
美术生,,comment,而且这种已经算是老师范画的程度了,0,隐含,中性,无,low
美术生,,comment,这个是不是江西的哈哈哈哈哈哈,0,隐含,中性,无,low
美术生,,comment,不是江西，江西是暴雨梨花针,0,隐含,中性,无,low
美术生,,title,美术生都是疯子，精神上都有问题,0,隐含,中性,无,low
美术生,,content,为什么这么说,0,隐含,中性,无,low
美术生,,content,画画是追求美的过程，但是动笔的人往往是邋遢，他们每天都灰头土脸，手上脸上都是铅笔灰和颜料，鼻子里都是碳粉，头发大把大把的掉，不知道的还以为是个流浪汉,0,隐含,中性,无,low
美术生,,content,但是即便如此，他们依然艰难地向上爬行,0,隐含,中性,无,low
美术生,,content,没有人天生非凡，我们要敢于非凡,0,隐含,中性,无,low
美术生,,comment,老师我好奇一下什么是蜥蜴叫,0,隐含,中性,无,low
美术生,,comment,好真实啊，美院附中写实了简直,0,隐含,中性,无,low
美术生,,comment,嗯，你可以去网上搜一下,0,隐含,中性,无,low
美术生,,comment,现在他还死不承认，我直接拿出当时截图发好友圈的证据,0,隐含,中性,无,low
美术生,,comment,只要我一睡觉他就开始叫，能把我魂都给从棺材里叫回来,0,隐含,中性,无,low
美术生,,comment,啊啊啊啊之前看过投胎为蛆的文章，结果蟑螂比这还变态,0,隐含,中性,无,low
美术生,,comment,🐟 逆天,0,隐含,中性,无,low
美术生,,comment,💩砍谁谁💩,0,隐含,中性,无,low
美术生,,comment,看我名字,0,隐含,中性,无,low
美术生,,comment,不是你们,0,隐含,中性,无,low
美术生,,comment,蟑螂的po文,0,隐含,中性,无,low
美术生,,comment,所以我想去美院…跟一群正常人处不来,0,隐含,中性,无,low
美术生,,comment,美院…一个披着大学外套的精神病院…,0,隐含,中性,无,low
美术生,,comment,你错了处起来才癫，朋友圈和空间是不会发癫的，白天一般不会，晚上和凌晨会看到，但是基本早上发癫的朋友圈就删了,0,隐含,中性,无,low
美术生,,comment,那种癫，难以言喻,0,隐含,中性,无,low
美术生,,comment,精神问题越严重的时候画的越好,0,隐含,中性,无,low
美术生,,comment,这个我赞同，精神越不好，越能画出来,0,隐含,中性,无,low
美术生,,comment,现在心情好了，都不想动笔,0,隐含,中性,无,low
美术生,,comment,我没病我才没病都说了我没病天杀的设计专业,0,隐含,中性,无,low
美术生,,comment,哈哈哈哈哈哈我们都没有病,0,隐含,中性,无,low
美术生,,comment,这就是美术生整出来的活（今年服装毕设作品）,0,隐含,中性,无,low
美术生,,comment,还好我是美术设计类，我还有一半不是美术,0,隐含,中性,无,low
美术生,,comment,你这算不算虐待动物,0,隐含,中性,无,low
美术生,,comment,你说得对,0,隐含,中性,无,low
美术生,,comment,美术生精神状态良好,0,隐含,中性,无,low
美术生,,comment,说得没有一点错,0,隐含,中性,无,low
美术生,,title,总结一下身边美术生朋友的特点,0,隐含,中性,无,low
美术生,,content,美术生都不耍朋友的吗,0,隐含,中性,无,low
美术生,,comment,刚想说美术生同多，就看到你的置顶了,0,隐含,中性,无,low
美术生,,comment,在同性恋时代，我坚持异性恋,0,隐含,中性,无,low
美术生,,comment,美院里男生同性恋多好吧,0,隐含,中性,无,low
美术生,,comment,呵呵，时尚单品罢了,0,隐含,中性,无,low
美术生,,comment,老铁这对吗,0,隐含,中性,无,low
美术生,,comment,还真是不是男模就是南通,0,隐含,中性,无,low
美术生,,comment,还好吧，都有,0,隐含,中性,无,low
美术生,,comment,对啊对啊，我就是我们班唯一一个不是同性恋的,0,隐含,中性,无,low
美术生,,comment,会出现的,0,隐含,中性,无,low
美术生,,comment,因为画师,0,隐含,中性,无,low
美术生,,comment,你说的对 画师都忙搞钱了 没时间找对象,0,隐含,中性,无,low
美术生,,comment,美术生女生不是txl的有点少,0,隐含,中性,无,low
美术生,,comment,不说对象，就是这一类朋友都很难找，唯一一个和我比较聊的来这些的那个人对我有好感，可是我不想搞对象前任和我的重叠率几乎为零，后期真的聊不到一起很难受的，根本无法理解你在叽里呱啦说啥,0,隐含,中性,无,low
美术生,,comment,想在网上认识点画画搭子啊同好啊之类的最后发现都是有小团体的，群里插不上话，和别人的聊天框也只停留在打招呼，最后就变成别人动态的一条赞,0,隐含,中性,无,low
美术生,,comment,为什么要谈美术生,0,隐含,中性,无,low
美术生,,comment,我是美术生，大一戏美，想谈个美术生啊,0,隐含,中性,无,low
美术生,,comment,你是觉得美术生有钱所以想谈吗,0,隐含,中性,无,low
美术生,,comment,我是美术生啊,0,隐含,中性,无,low
美术生,,comment,还有时间谈，画的还是不够多,0,隐含,中性,无,low
美术生,,comment,你是指好看的美术生吗,0,隐含,中性,无,low
美术生,,content,你是综合类大学的美术专业学生吗,0,隐含,中性,无,low
美术生,,content,你感觉你还好吗,0,隐含,中性,无,low
美术生,,content,想聊一个自己比较感慨的话题，当一个艺术生进入综合类大学而非专业艺术院校时，他的艺术生命是否就提前走向了终结,0,隐含,中性,无,low
美术生,,content,说个悲观点的感受吧，大概率是终结了,0,隐含,中性,无,low
美术生,,content,以我所在的大学举例吧，我发现一个非常奇怪的现象啊，每年入学的新生，专业功底一届比一届扎实，甚至不乏手握美院合格证的佼佼者，但他们的艺术生命力却在大学四年里以可预见的方式流逝,0,隐含,中性,无,low
美术生,,content,首先，课程结构确实存在先天缺陷：各种文化课程的掣肘，一周只有两天的专业课，很多时间得腾给一些杂七杂八的理论课程,0,隐含,中性,无,low
美术生,,content,当然这个本身不是最主要的原因，因为即使其他课的占比比专业课多，但空余时间还是相当充足的，但要命的是专业学习被边缘化后大家都不约而同的不想画画了,0,隐含,中性,无,low
美术生,,content,这种厌学的氛围在综合类大学的传播可能更加明显,0,隐含,中性,无,low
美术生,,content,两者之间相互影响，而这种恶性循环最直接的体现就是艺术探索失去了参照系,0,隐含,中性,无,low
美术生,,content,当周围不再有持续精进的同学作为镜鉴，一个用笔尚且稚嫩的学生就容易走偏,0,隐含,中性,无,low
美术生,,content,还有一点，甚至是我认为最根本的一点，就是绘画热情的消磨,0,隐含,中性,无,low
美术生,,content,就像我上文所提到的，因为各种各样的原因导致生活精力分散到了其他的事情上，专注绘画的时间就少了很多,0,隐含,中性,无,low
美术生,,comment,我一直认为绘画它是一个持续消耗精力与热情的过程，这种过程是不可逆的,0,隐含,中性,无,low
美术生,,comment,解决之法只有不断的注入新的精力和热情，而这种持续的热情的产生应该是要依托于成就感和认同感,0,隐含,中性,无,low
美术生,,comment,来自他人的认同是比较直接的，一般情况下，当你成为了班级中的佼佼者，对你认可的声音也会多起来，那你自然能从别人的期许中获得丰富的动力,0,隐含,中性,无,low
美术生,,comment,同学们可以看看主页，至少截止到今天我都还在坚持画画综合类大学大一进来只是中等水平，到今年毕业也算是略有成效自学是必经之路，但愿绘画热情可以长久,0,隐含,中性,无,low
美术生,,comment,虽然文章的观点是比较悲观的，但我也相信总会有例外,0,隐含,中性,无,low
美术生,,comment,都已经坚持这么久了，那我还想再坚持一下,0,隐含,中性,无,low
美术生,,comment,你有没有自己偷偷画完一张画，然后画的很认真完不给别人看的经历,0,隐含,中性,无,low
美术生,,comment,"哈哈哈有的，以前有段时间画画有种想藏之名山,传之其人通邑大都的想法，想等待知己自己找上门来",0,隐含,中性,无,low
美术生,,comment,不，重点应该是美院与综合类大学对学生的核心思想的教育理念不同,0,隐含,中性,无,low
美术生,,comment,就拿我们设计专业来说，美院是注重把学生培养成艺术家的，就从央美设计系毕业展就能看出，他们的设计是传达了自己的想法与理念，是以一个艺术家的自我认知来创作,0,隐含,中性,无,low
美术生,,comment,而综合类大学呢,0,隐含,中性,无,low
美术生,,comment,你能坚持是不是因为你在大学当老师的缘故,0,隐含,中性,无,low
美术生,,comment,这些孩子们将来当老师的机会很少，他们需要锻炼一些将来让自己吃上饭的能力,0,隐含,中性,无,low
美术生,,comment,肯定就减少了画画的时间，再说如果真的想搞纯艺术他们应该也不会选择综合类大学,0,隐含,中性,无,low
美术生,,comment,其实是个两难的痛点,0,隐含,中性,无,low
美术生,,comment,我还是学生哈哈，今年刚毕业,0,隐含,中性,无,low
美术生,,comment,现在是设计主管,0,隐含,中性,无,low
美术生,,comment,学校就是敲门砖罢了,0,隐含,中性,无,low
美术生,,comment,哈哈，我还是大专综合类的美术生呢，现在是公司画师，也没有见到不好，反正这个就是看能力说话不是看学历说话不是么,0,隐含,中性,无,low
美术生,,comment,老师学的什么专业,0,隐含,中性,无,low
美术生,,comment,姐姐方便了解一下哪个211吗准高三 想去上海大学 但是还是想再多了解211名校,0,隐含,中性,无,low
美术生,,comment,我是南航的 但是好久不关注艺考了 我印象中比较好的上海的211像东华大学 也可以冲一下华东师范这个好像是985，没去过上海不太清楚 你查查资料吧,0,隐含,中性,学业,low
美术生,,comment,但你可以跟亲戚说你211的,0,隐含,中性,无,low
美术生,,comment,我以前对美院也是有执念的，亲戚别人怎么看其实我无所谓，但是几年之后，我看身边读美院出来的基本上没有背景也做不了什么艺术家，和我一样苦哈哈在打工，就祛魅了，中国学艺术出来没背景的，基本上很难做艺术家,0,隐含,中性,无,low
美术生,,comment,对 我也觉得国内的美院就不是培养艺术家的,0,隐含,中性,无,low
美术生,,comment,你是人间清醒,0,隐含,中性,无,low
美术生,,comment,可能，或许，综合类大学的目标不是培养纯艺术家，而是塑造具备艺术思维的综合型人才,0,隐含,中性,无,low
美术生,,comment,技术可以精进，但跨领域视野和适应力更是核心的竞争力,0,隐含,中性,无,low
美术生,,comment,综合类大学的艺术专业的教育价值可能不止于画面本身，而在于用艺术赋能其他行业,0,隐含,中性,无,low
美术生,,comment,我的拙见,0,隐含,中性,无,low
美术生,,comment,恕我直言，当绘画语言还未成熟的情况下就与市场的直接对接实在是弊大于利,0,隐含,中性,无,low
美术生,,comment,意思是美院不怎么上文化课吗,0,隐含,中性,无,low
美术生,,comment,美院大一大二也没怎么画画的,0,隐含,中性,无,low
美术生,,comment,我很早就意识到美院不适合我了 其实坦白讲美术类专业就不适合我,0,隐含,中性,无,low
美术生,,comment,能上985以后的路不会窄的，今年填了浙大和人大,0,隐含,中性,无,low
美术生,,comment,这种学习模式在综合类大学的艺术专业学习非常重要，我们一般也称这种学习为自学,0,隐含,中性,无,low
美术生,,comment,哎，但问谁人能做到到,0,隐含,中性,无,low
美术生,,comment,那哥哥，到底是上江南大学更好点还是部署免师更好点呢,0,隐含,中性,无,low
美术生,,comment,当然我也只是结合自己的体验的时候一点点感慨，也会有不客观的地方存在,0,隐含,中性,无,low
美术生,,comment,也祝你能长久的保有对艺术的感受力和会绘画的热情,0,隐含,中性,无,low
美术生,,content,我真的没有天赋吗[完啦R][完啦R],0,隐含,中性,无,low
美术生,,comment,我说两句,0,隐含,中性,无,low
美术生,,comment,点了...,0,隐含,中性,无,low
美术生,,comment,其实每个行业都一样，计算机天赋，数学天赋…,0,隐含,中性,无,low
美术生,,comment,其实这说明你天赋不在这……趁早转行比较好,0,隐含,中性,无,low
美术生,,comment,搞清楚病症所在，针对训练就好,0,隐含,中性,无,low
美术生,,comment,咱俩理解不一样，学得透学得深灵活自用自然是天赋，学得快我觉得也是天赋,0,隐含,中性,无,low
美术生,,comment,我真想把你们这些说我的人都拉来亲身体会一下,0,隐含,中性,无,low
美术生,,comment,只是还没找到而已,0,隐含,中性,无,low
美术生,,comment,别人几个月就能画的跟你学了几年一样好你心里会平衡,0,隐含,中性,无,low
美术生,,comment,形比你准或者颜色比你好，这都是可以练习的，根本不能叫作天赋天赋是天花板的高度，不是入门的速度可能等你年逾40你就懂了,0,隐含,中性,无,low
美术生,,comment,你们应该还在抄照片的阶段吧，他也许只是型准的天赋，但是型准又不是全部，都没走到创作谁天赋好还说不准呢，没准你画的比毕加索还抽象,0,隐含,中性,无,low
美术生,,comment,你没六七十岁还看不出来有没有天赋，研究生阶段都是临摹学习，都没有看得出天赋一说,0,隐含,中性,无,low
美术生,,comment,学习能力强弱可能会掩盖一部分绘画天赋,0,隐含,中性,无,low
美术生,,comment,[嘻嘻R],0,隐含,中性,无,low
美术生,,comment,每个人的时间和精力都是有限的吧,0,隐含,中性,无,low
美术生,,comment,你比他们干嘛，不是自讨苦吃吗,0,隐含,中性,无,low
美术生,,comment,画画天赋影响特别小，只是你在打王者的时候别人练习，每天比你多画几张，一年下来多了1000张的量，产生了质变，仅此而已,0,隐含,中性,无,low
美术生,,comment,相比音乐体育这种我感觉美术的天赋影响真的很小很小了,0,隐含,中性,无,low
美术生,,comment,不是每张画别人都要拿给你看，画1000张有一个好看的才会发出来的人不在少数吧,0,隐含,中性,无,low
美术生,,comment,人总是会用“天赋”来作为劝退自己的借口，让自己偷懒得心安理得,0,隐含,中性,无,low
美术生,,comment,归根结底，体质和金钱才是最基本的,0,隐含,中性,无,low
美术生,,comment,别人拥有的不等于你失去的,0,隐含,中性,无,low
美术生,,title,《祷》在国内算什么水平,0,隐含,中性,无,low
美术生,,content,单纯觉得很有意思的作品想一起聊聊，不带立场不深挖，不引战不站队，欢迎大家来评论区艺术碰撞👾 #小红书线上毕业展#祷#川美毕业展#美术生,0,隐含,中性,无,low
美术生,,comment,当所有人专业的非专业的聚在一起讨论这副画的艺术时它已经赢了,0,隐含,中性,无,low
美术生,,comment,艺术就是雅俗共赏呀,0,隐含,中性,无,low
美术生,,comment,你看看那是讨论吗是非专业单方面拉黑专业的，大有解释啊解释啊，我不听我不听那个劲儿,0,隐含,中性,无,low
美术生,,comment,专业的同学妄图通过艺术话语权垄断来获得定价权，想得美,0,隐含,中性,无,low
美术生,,comment,归根结底它也只是一个学生的毕业作品（还是本科学生来着,0,隐含,中性,无,low
美术生,,comment,因为数学很多人都不懂，美术懂的不懂的都可以踩两脚,0,隐含,中性,无,low
美术生,,comment,确实啊，论证它优不优秀都别忽视这只是一个学生的毕业作品，而毕业作品就能引起这么大的反响，就足够证明这部作品的成功了,0,隐含,中性,无,low
美术生,,comment,哈哈哈哈哈，你说得好对,0,隐含,中性,无,low
美术生,,comment,好有道理,0,隐含,中性,无,low
美术生,,comment,是这样的,0,隐含,中性,无,low
美术生,,comment,四川美院的不是已经很厉害的学校了吗,0,隐含,中性,无,low
美术生,,comment,这里是 大多数 学生，不是数学生，不过你说的很有道理,0,隐含,中性,无,low
美术生,,comment,因为这个用色和想法就能媲美博物馆级别的收藏了,0,隐含,中性,无,low
美术生,,comment,美术这个事儿什么学历重要吗,0,隐含,中性,无,low
美术生,,comment,这话不是怼你，只是发表感想,0,隐含,中性,无,low
美术生,,comment,学历不重要啊，只是说这还是个学生，不是什么艺术领域的大师，一个学生的作品能吸引这么多人关注本身就已经算成功且优秀了我说这话主要是见其他帖子一大群懂哥拿它当流量密码，站在高地上对这个作品指指点点，批判它这不好那不好不够完美不够深入，但说实在每年绝大多数毕业生的毕业论文和毕设做成啥样大家都心知肚明的，所以也没必要这么苛刻地看待一个作品（换句话说能被这么多懂哥苛刻地挑刺已经算这作品的优秀和成功了）,0,隐含,中性,无,low
美术生,,comment,夸的人占多数就行,0,隐含,中性,无,low
美术生,,comment,所以我觉得表达到这种全民大讨论的程度已经很牛了 相比于其他没有水花的毕设,0,隐含,中性,无,low
美术生,,comment,我也是学艺术的，身边这种人挺少的，但是网上这种人是真多，就是很难承认人家的优秀，非要挑点毛病啥的,0,隐含,中性,无,low
美术生,,comment,和艺术生没关系，是人性,0,隐含,中性,无,low
美术生,,comment,我现实中也是，身边没有这样的人,0,隐含,中性,无,low
美术生,,comment,666搞上艺术生歧视了,0,隐含,中性,无,low
美术生,,comment,很优秀的毕业作品 牛是挺牛的 但是他构思就是大学美术生写作业的惯性套路 参考经典+改动一部分 立意就说是讽刺社会现实 在艺术价值方面明明可以做得更好 可她选择了大家最容易接受最好得分的一种 内行还是外行都会觉得画得不错,0,隐含,中性,无,low
美术生,,comment,如果创到其他美术生了对不起 反正我们一般是上完课讲了一点皮毛 然后布置作业 说先去看看优秀作品 大学里不会教得很深 所以大家基本上都是照猫画虎 看看经典和优秀的作品 要么纯做自己的东西 但是很大可能得分一般 要么就是参考经典一部分,0,隐含,中性,无,low
美术生,,comment,挺好，有话题，并且正常的作品,0,隐含,中性,无,low
美术生,,comment,对，太多很阴间的作品了，这个很正常，画得也好，专业非专业的都有讨论度,0,隐含,中性,无,low
美术生,,comment,其实我觉得那个用木头雕刻的零食包装还要🐮,0,隐含,中性,无,low
美术生,,comment,两个不是一种东西，各有各的好,0,隐含,中性,无,low
美术生,,comment,热度可以说是国内版蒙娜丽莎了,0,隐含,中性,无,low
美术生,,comment,绝对夸张,0,隐含,中性,无,low
美术生,,comment,我不懂 反正我觉得牛逼plus,0,隐含,中性,无,low
美术生,,comment,其实我觉得对于现在来说好不好看已经不重要了，它已经赢了，毕竟那段时间不管业内业外都在讨论这个作品,0,隐含,中性,无,low
美术生,,content,画画怎么你了,0,隐含,中性,无,low
美术生,,content,我们最多用画画表达自己精神状态，美术生又不是什么罪名,0,隐含,中性,无,low
美术生,,comment,现在学啥不精神病啊😰😰😰说起体育生我只能想到臭味阳光个屁，说到底不管学啥你给我五千万我保证阳光就有精神病那咋了，我过的这么惨了还能正常才是不正常吧少惹精神病少说话当心发作弄死你,0,隐含,中性,无,low
美术生,,comment,精神状态好炸裂的宝宝,0,隐含,中性,无,low
美术生,,comment,那你咋不走,0,隐含,中性,无,low
美术生,,comment,是因为不想吗,0,隐含,中性,无,low
美术生,,comment,我就是有精神病少惹♥️,0,隐含,中性,无,low
美术生,,comment,啊啊啊我家人一直在用这个事说我,0,隐含,中性,无,low
美术生,,comment,还攻击我同学学校,0,隐含,中性,无,low
美术生,,comment,en我一直觉得同学还是最重要的，至少我的同学都对我很好,0,隐含,中性,无,low
美术生,,comment,高中一大半艺术生，有个老师说瞧不起我们学美术的…现在想想能说出这种话的也是没本事才考个老师混饭吃的人，没什么教书育人的责任使命感,0,隐含,中性,无,low
美术生,,comment,我们美术生确实是这样😆,0,隐含,中性,无,low
美术生,,comment,喂 那又不是所有人都这样,0,隐含,中性,无,low
美术生,,comment,说得好像其它专业多正常一样,0,隐含,中性,无,low
美术生,,comment,感覺很多人喜歡給一類群體貼標籤，是免不了的事了,0,隐含,中性,无,low
美术生,,comment,雖然說我確實是精神病,0,隐含,中性,无,low
美术生,,comment,美术生只是想象力夸张了点,0,隐含,中性,无,low
美术生,,comment,之前研究过一段人类学人类行为学 后来不想研究了 总而言之 这个话题很深邃 可以说 任何事物都有间接影响 而且普遍的人性内心都会住着一个精神病 就看你怎么看护好不让他钻出你的身体去影响别人,0,隐含,中性,无,low
美术生,,comment,我滴个妈,0,隐含,中性,无,low
美术生,,title,画成这样美本能申哪里,0,隐含,中性,无,low
美术生,,content,😿😿 #2025fall#美本#2025申请季#美本申请#fyp#热门#绘画#07 标化： 97/100 GPA 1310 SAT,0,隐含,中性,无,low
美术生,,comment,能看出来有基础，有想法，而且画的也很真的很不错了,0,隐含,中性,无,low
美术生,,comment,但是这个是不能放进申请作品集里的,0,隐含,中性,无,low
美术生,,comment,（毕竟是原创作品，可以看出来是有实力的，比那些单纯的抄照片强太多,0,隐含,中性,无,low
美术生,,comment,）顺便贴两张我申请季的时候画的东西作为参考,0,隐含,中性,无,low
美术生,,comment,（画了带有一点二刺猿风格的插画,0,隐含,中性,无,low
美术生,,comment,啊啊啊啊女神画的好好,0,隐含,中性,无,low
美术生,,comment,请问申请了哪里呀想参考一下,0,隐含,中性,无,low
美术生,,comment,同一时期的二次元水平,0,隐含,中性,无,low
美术生,,comment,（现在看来画的凑凑的aaaa,0,隐含,中性,无,low
美术生,,comment,我ed的risd把我拒了（这个问题主要是因为我作品集几乎没放观察行画作全是单片机设计orz我的问题）现在帕森斯大二,0,隐含,中性,无,low
美术生,,comment,啊啊啊parson也很好啊,0,隐含,中性,无,low
美术生,,comment,可以来帕森斯的游戏设计我们做作业是允许甚至鼓励二刺猿的,0,隐含,中性,无,low
美术生,,comment,第一次知道,0,隐含,中性,无,low
美术生,,comment,好的 这些是我ap art要提交的作品，那p2这样需要改吗,0,隐含,中性,无,low
美术生,,comment,还是一个两个比较偏二次元的没关系啊,0,隐含,中性,无,low
美术生,,comment,建议换一张 宝,0,隐含,中性,无,low
美术生,,comment,啊那我是不是要重画啊要交够十五张诶,0,隐含,中性,无,low
美术生,,comment,那没事你中间的人改改就行,0,隐含,中性,无,low
美术生,,comment,同校的女神…我要无尽追随…,0,隐含,中性,无,low
美术生,,comment,主任你是大一嘛,0,隐含,中性,无,low
美术生,,comment,噢噢噢噢噢居然这样,0,隐含,中性,无,low
美术生,,comment,想了解一下ww,0,隐含,中性,无,low
美术生,,comment,mcad也很好但是有点太远,0,隐含,中性,无,low
美术生,,comment,哦哦这样,0,隐含,中性,无,low
美术生,,comment,但是考虑到fafsa的取消和花销，sva的补贴实在是不够用,0,隐含,中性,无,low
美术生,,comment,实在是没有这个经济实力也没有一定可以赚回本的决心,0,隐含,中性,无,low
美术生,,comment,思考再三申了化学，除了化学外只申了smfa一个艺校,0,隐含,中性,无,low
美术生,,comment,附图是申请时我作品集放的十几张纯血二次元图之一,0,隐含,中性,无,low
美术生,,comment,因为不算上奖学金一年四万真的好贵,0,隐含,中性,无,low
美术生,,comment,看到了补充的标化成绩，比我当时申还高，肯定没问题,0,隐含,中性,无,low
美术生,,comment,以你的实力来说，能不能申上是最不需要考虑的一环，我会认为其他综合因素更值得关注,0,隐含,中性,无,low
美术生,,comment,请问为啥risd不建议捏,0,隐含,中性,无,low
美术生,,comment,我刚毕业 之前是拿了5w四年 应该多的有8w吧不确定,0,隐含,中性,无,low
美术生,,comment,risd偏好traditional的多一点 二次元的话建议还是不要浪费这个时间…因为risd还有个额外的要做,0,隐含,中性,无,low
美术生,,comment,"$25,700每年，四年$102,800",0,隐含,中性,无,low
美术生,,comment,个人纯手工DIY申请,0,隐含,中性,无,low
美术生,,comment,"国内申请early action有$64,000以上没问题",0,隐含,中性,无,low
美术生,,comment,选择sva的一个因素也是它们是三家学院里给我钱最多的,0,隐含,中性,无,low
美术生,,comment,我感觉你这种水平完全不用上大学，教不了你什么，都申一遍看看哪个要一下，然后获得文凭就行,0,隐含,中性,无,low
美术生,,comment,不过我是没钱所以申的普通美本的,0,隐含,中性,无,low
美术生,,comment,sva/calart,0,隐含,中性,无,low
美术生,,comment,Calart真的有机会吗感觉会被拒的很惨,0,隐含,中性,无,low
美术生,,comment,sva真的很多这种风格的，但是插画系有70%都是中国人，不知道你能不能接受,0,隐含,中性,无,low
美术生,,comment,哈哈哈哈其实感觉纽约的大学中国人都多,0,隐含,中性,无,low
美术生,,comment,天选sva人,0,隐含,中性,无,low
美术生,,comment,啊啊啊真的吗,0,隐含,中性,无,low
美术生,,comment,不選傳統美術的話明明就是很好的作品集,0,隐含,中性,无,low
美术生,,comment,插畫/動畫都很適合（USC動畫畢業飄過）,0,隐含,中性,无,low
美术生,,comment,你要不要看看我们calarts毕业作品,0,隐含,中性,无,low
美术生,,comment,不过要花时间重新做作品集 日式风格在美国不太吃香,0,隐含,中性,无,low
美术生,,comment,是的，我就是考虑到日式风格在美国不吃香所以不知道申哪,0,隐含,中性,无,low
美术生,,comment,🥲其实我本人对自己画的好不好一直都没有概念,0,隐含,中性,无,low
美术生,,comment,"1【长按复制这条邀请码消息，打开小红书即可加入该群】 9月20日前可加入群聊""美术生交流福利群【三号】"" CZ1510:/#p 🥟🧀🐟😝😋🍍 🥞🥭🐻😃🍓🍑",0,隐含,中性,无,low
美术生,,comment,来装逼了语文118数学140英语132,0,隐含,中性,无,low
美术生,,comment,那你学美术干嘛,0,隐含,中性,无,low
美术生,,comment,23届的,0,隐含,中性,无,low
美术生,,comment,我也来跟着装一个119，120，135,0,隐含,中性,无,low
美术生,,comment,啊啊啊哈哈哈哈哈哈这么巧,0,隐含,中性,无,low
美术生,,comment,还好你没在湖南,0,隐含,中性,无,low
美术生,,comment,成绩好不给学美术,0,隐含,中性,无,low
美术生,,comment,再说你哪只眼看出我不让她学美术了,0,隐含,中性,无,low
美术生,,comment,说错了她能走985浙大，直逼清华北大的学校,0,隐含,中性,无,low
美术生,,comment,你真以为我们学美术是为了赚大钱考大学吗,0,隐含,中性,无,low
美术生,,comment,我也是美术生大哥,0,隐含,中性,无,low
美术生,,comment,你如果不是为了赚大钱和考大学其实建议你不当美术生，现在美术联考就是在固化思维，对艺术创作意义不大甚至对有天赋的小孩起反作用,0,隐含,中性,无,low
美术生,,comment,少年时美好的理想也很重要,0,隐含,中性,无,low
美术生,,comment,厚礼蟹你数学好高啊姐妹,0,隐含,中性,无,low
美术生,,comment,英语138，总分600+，没有那么好但是高于一本线90分纯文化可以上985,0,隐含,中性,无,low
美术生,,comment,校考完学了80天 120 复读在画室的时候没背过单词,0,隐含,中性,无,low
美术生,,comment,我英语学得特别认真，但是因为初中基础很不好，而且高一方法没找对，后来就算方法对了，也很难追上去,0,隐含,中性,无,low
美术生,,comment,你应该问有多少美术生英语能上140,0,隐含,中性,无,low
美术生,,comment,毕竟当时身边一堆140+的同学 我都要震惊死了 本来以为自己110还算是分高的,0,隐含,中性,无,low
美术生,,comment,已经毕业十年了,0,隐含,中性,无,low
美术生,,comment,英语131语文132,0,隐含,中性,无,low
美术生,,comment,你学美术干嘛,0,隐含,中性,无,low
美术生,,comment,我去姐妹我们英语同分耶,0,隐含,中性,无,low
美术生,,comment,啊……英语44,0,隐含,中性,无,low
美术生,,comment,但是可以装个逼，语文135，数学117，但是……文综97，历史大题全都是交的白卷……英语作文白卷……,0,隐含,中性,无,low
美术生,,comment,（我们班全是美术生）,0,隐含,中性,无,low
美术生,,title,华东师范大一,0,隐含,中性,无,low
美术生,,comment,请问下华东师范现在还有绘画专业吗,0,隐含,中性,无,low
美术生,,comment,有的，还有设计类,0,隐含,中性,无,low
美术生,,comment,老师你就是绘画专业的吧,0,隐含,中性,无,low
美术生,,comment,华东的绘画专业怎么样,0,隐含,中性,无,low
美术生,,comment,国美没过,0,隐含,中性,无,low
美术生,,comment,一直在退步 万7,0,隐含,中性,无,low
美术生,,comment,刷到了[呃R],0,隐含,中性,无,low
美术生,,comment,大爷老演员了（,0,隐含,中性,无,low
美术生,,comment,好牛，老大交个画友,0,隐含,中性,无,low
美术生,,comment,头大身子小,0,隐含,中性,无,low
美术生,,comment,所以说越画越倒退,0,隐含,中性,无,low
美术生,,content,清华美术学院大一素描基础课的写生作品，能够感受到整体画面的把控能力，并且在灰色层次的处理也会有很轻松的微妙效果,0,隐含,中性,无,low
美术生,,content,各种不一样的表现形式正是我们需要多去探索的方向,0,隐含,中性,无,low
美术生,,content,#清华美院#美术生#素描静物#素描写生#艺术#美考观察#清华设计素描,0,隐含,中性,无,low
美术生,,comment,"7【复制口令，启动小红书】 ""2026清华美院（交流群）""创意集结地, 11月25日期间开放 ZH9768 :/#b😳🐭🍠🥒🍖🥦😂😜🥖🥞🐟🥪",0,隐含,中性,无,low
美术生,,comment,朝阳有没有推荐的画室啊,0,隐含,中性,无,low
美术生,,comment,针对多少年龄段,0,隐含,中性,无,low
美术生,,comment,初一的孩子,0,隐含,中性,无,low
美术生,,comment,要问一下，符合艺考应该不多,0,隐含,中性,无,low
美术生,,comment,我儿子在一个画室学习，夫妻俩，一个主攻传统书画，一个主攻西画，在日坛公园旁边,0,隐含,中性,无,low
美术生,,comment,是要比我们以前大一的时候基础强,0,隐含,中性,无,low
美术生,,comment,哈哈你们都是10年前了，当时也是一样的强,0,隐含,中性,无,low
美术生,,comment,现在的信息接受更多维度，也在不断进步,0,隐含,中性,无,low
美术生,,comment,考前班水平,0,隐含,中性,无,low
美术生,,comment,毕竟才上大一，已经很不错了,0,隐含,中性,无,low
美术生,,comment,好吧，这倒确实,0,隐含,中性,无,low
美术生,,comment,真正强的，大多被文化课卡下去了,0,隐含,中性,无,low
美术生,,comment,📸 被收录了,0,隐含,中性,无,low
美术生,,comment,咋还给你at错了,0,隐含,中性,无,low
美术生,,comment,哎呀，不好意思（图12绘画本人）,0,隐含,中性,无,low
美术生,,comment,P2居然有遐蝶宝宝,0,隐含,中性,无,low
美术生,,comment,要不是说青梅的学生画的 早就被喷了,0,隐含,中性,无,low
美术生,,title,校考落榜了，终究还是败给了资本,0,隐含,中性,无,low
美术生,,content,明明校考已经结束了，可是也没有人通知我校考的事，不知道是不是有人在背后做局，可能是我动了谁的火锅、炸鱼、薯条、烤鸭、鸡排、臭豆腐、马卡龙、红烧肉、炸排骨、卤肚丝,0,隐含,中性,无,low
美术生,,content,资本，你们赢了,0,隐含,中性,无,low
美术生,,content,#速写打卡#美术生#美术生集训#美术生的日常#速写人物#速写场景#联考速写,0,隐含,中性,无,low
美术生,,comment,中传也是校考啊（我觉得应该包括了,0,隐含,中性,无,low
美术生,,comment,中传也是校考啊，还有北电也是，这种很出名的后面是学院的都是校考,0,隐含,中性,无,low
美术生,,comment,不正因为他是校考所以我才建议主包在参加各有校考的学校里面选择参加中传校考,0,隐含,中性,无,low
美术生,,comment,除非主包是引流乱说的,0,隐含,中性,无,low
美术生,,comment,要知道只有中传动画校考动漫风是加分项，而其他学校校考专业都是减分项,0,隐含,中性,无,low
美术生,,comment,我是一家之言哈，主包画得很好，真没过主要感觉是动漫风和有点脏，不怎么适合应试考试,0,隐含,中性,无,low
美术生,,comment,这排版…,0,隐含,中性,无,low
美术生,,comment,像腿延伸出去了,0,隐含,中性,无,low
美术生,,comment,噢不对…腿在上面我看错了,0,隐含,中性,无,low
美术生,,comment,虽然说不想这么讲，我也觉得博主画的很好看，但是作为也刚好参加过今年校考的人今年校考真的是卧虎藏龙，都很厉害,0,隐含,中性,无,low
美术生,,comment,不是说动了些资本蛋糕，是今年厉害的人的确很多,0,隐含,中性,无,low
美术生,,comment,厉害的人越来越多了以后学美术估计都主要看文化了，以后会改革的，比如以前专业文化3，7分，现在是五五分了，以后很难说，,0,隐含,中性,无,low
美术生,,comment,老师你每次抽象都吓我一大跳,0,隐含,中性,无,low
美术生,,comment,这个古书馆没火，究竟是动了谁的蛋糕🍰资本，你们赢了,0,隐含,中性,无,low
美术生,,comment,再来一年,0,隐含,中性,无,low
美术生,,comment,你在说什么昆,0,隐含,中性,无,low
美术生,,comment,为你的棒点个赞,0,隐含,中性,无,low
美术生,,content,在艺启清美画室美术集训，感觉怎么样,0,隐含,中性,无,low
美术生,,content,亲们嗦嗦～,0,隐含,中性,无,low
美术生,,comment,学费多少,0,隐含,中性,无,low
美术生,,comment,全加起来，美术集训估计得18-20个还不算后期文化课补习的费用……艺术是华而不实的奢饰品,0,隐含,中性,无,low
美术生,,comment,准信儿您可以问问机构老师～,0,隐含,中性,无,low
美术生,,comment,洗澡方便吗,0,隐含,中性,无,low
美术生,,comment,附近有啥不错的旅馆吗,0,隐含,中性,无,low
美术生,,comment,方便呀yq最好的就是宿舍了我觉得,0,隐含,中性,无,low
美术生,,comment,看来这个画室不错，学费小贵但是物有所值,0,隐含,中性,无,low
美术生,,comment,挺方便的，每个宿舍单独有卫生间淋浴室和滚筒洗衣机，楼层有公共洗鞋机,0,隐含,中性,无,low
美术生,,comment,还有洗鞋机，真厉害我都没听说过,0,隐含,中性,无,low
美术生,,comment,我现在住的宿舍是淋浴间和坐便器在一起的，暑假住的宿舍是两个干湿分离，各有各的优缺，宿舍有上床下桌和上下床的可以选,0,隐含,中性,无,low
美术生,,comment,感觉是上床下桌比较好,0,隐含,中性,无,low
美术生,,comment,同学们好相处不,0,隐含,中性,无,low
美术生,,comment,热水不稳定,0,隐含,中性,无,low
美术生,,comment,我就是这届的,0,隐含,中性,无,low
美术生,,comment,艺启的宿舍让人流连忘返......,0,隐含,中性,无,low
美术生,,comment,怎么个好法,0,隐含,中性,无,low
美术生,,comment,客官莫走,0,隐含,中性,无,low
美术生,,comment,板凳，请坐，上茶，瓜子伺候，详细说说,0,隐含,中性,无,low
美术生,,comment,就是只想在宿舍躺着，不想出去画画，是这个意思吗,0,隐含,中性,无,low
美术生,,comment,那我理解了～,0,隐含,中性,无,low
美术生,,comment,有免费床帘，木头上床下桌没有咯吱咯吱的声音，桌子空间很大能收纳很多东西，甚至独立卫浴厕所还是干湿分离，到了大学以后洗无格挡无帘子的公共浴室都不习惯了，，，,0,隐含,中性,无,low
美术生,,comment,嗯是挺好，理解了,0,隐含,中性,无,low
美术生,,comment,偷偷问下学费得多少啊,0,隐含,中性,无,low
美术生,,comment,不用偷偷问，全加起来，20个吧,0,隐含,中性,无,low
美术生,,comment,包括住宿，饭费，画材啥的然后还有，集训后补文化课的💰……,0,隐含,中性,无,low
美术生,,comment,老师很好，前几天老师还吐槽我邋遢，叫我过年穿好点,0,隐含,中性,无,low
美术生,,comment,听说有种帅叫邋遢帅，我欣赏你,0,隐含,中性,无,low
美术生,,comment,亲，你是哪届呀,0,隐含,中性,无,low
美术生,,comment,偶然性大,0,隐含,中性,无,low
美术生,,comment,尽力而为，剩下的交给天意,0,隐含,中性,无,low
美术生,,comment,如果你不是大概率能考上清华的尖子生就不用来了,0,隐含,中性,无,low
美术生,,comment,愿闻其详,0,隐含,中性,无,low
美术生,,comment,可以的很人性,0,隐含,中性,无,low
美术生,,comment,很人性化管理具体能举个栗子么,0,隐含,中性,无,low
美术生,,title,美院的感觉放在联考一样高分,0,隐含,中性,无,low
美术生,,content,#24届美术生#联考素描#素描#素描头像#美术生的日常,0,隐含,中性,无,low
美术生,,comment,左边好看死了，为什么会有人觉得后边比左边好呢,0,隐含,中性,无,low
美术生,,comment,左边的美院些,0,隐含,中性,无,low
美术生,,comment,因为大家受联考的影响多,0,隐含,中性,无,low
美术生,,comment,其实左边的反而画的快，就是卡点揉擦，然后结构排排调子，后边都揉的腻死了我觉得，这种画面我真觉得不耐看，看两眼就没意思了,0,隐含,中性,无,low
美术生,,comment,是啊 我回省来练联考 老师嫌我退步了 说我没有以前能画,0,隐含,中性,无,low
美术生,,comment,那你咋整的,0,隐含,中性,无,low
美术生,,comment,你应该坚持自己不是说必须画成近实远虚那样联考才能高，本质些也可以的,0,隐含,中性,无,low
美术生,,comment,其实本质些分可能更高,0,隐含,中性,无,low
美术生,,comment,我广东的从华卿回来老师也说我画的毛毛的不清晰,0,隐含,中性,无,low
美术生,,comment,是啊搞得油油的,0,隐含,中性,无,low
美术生,,comment,但是这种美院真的吃，我有朋友画这样央美造型应届上的,0,隐含,中性,无,low
美术生,,comment,右边就是联考高分教科书的画风，也是普通画室拼命练习的范例,0,隐含,中性,无,low
美术生,,comment,因为93更吸引人，但95仔细看就能发现很有质感,0,隐含,中性,无,low
美术生,,comment,可是在联考不是要画面完整度吗，这个算很完美的大关系吧,0,隐含,中性,无,low
美术生,,comment,后边难画些,0,隐含,中性,无,low
美术生,,comment,老师受教育的框架影响比较深,0,隐含,中性,无,low
美术生,,comment,我之前就是左边这种类似 老师说我怎么都是线 毛毛躁躁 暗部都虚不下去,0,隐含,中性,无,low
美术生,,comment,是的，考试得对应考试标准,0,隐含,中性,无,low
美术生,,comment,左边的完整度看着没这么高，但右边的真的很腻,0,隐含,中性,无,low
美术生,,comment,左边调子不错，五官形体弱，不过在江苏素描看的就是形体，这作者纯粹引流，不负责任,0,隐含,中性,无,low
美术生,,comment,但是两个画的调子都是史，左边的稍微好些,0,隐含,中性,无,low
美术生,,comment,右边才是国美风,0,隐含,中性,无,low
美术生,,comment,右边的那种死硬死硬的,0,隐含,中性,无,low
美术生,,comment,左边的加入了很多个人的理解，虚实结合起来趣味丰富一些，右边的更接近标准答案,0,隐含,中性,无,low
美术生,,comment,对鱼考试，风格毫无意义，画的好不好才是真的,0,隐含,中性,无,low
美术生,,comment,就画面整体素描关系，左面比右面高出几个层次，可不止2分,0,隐含,中性,无,low
美术生,,comment,左边的形体跟光影都不对，这幅画就跟有层雾一样,0,隐含,中性,无,low
美术生,,comment,评论右边是十的自己画不画得出来,0,隐含,中性,无,low
美术生,,comment,右边那种我画不出来，我画的比右边的更好,0,隐含,中性,无,low
美术生,,comment,说右边比左边好的素描能上八十么,0,隐含,中性,无,low
美术生,,comment,我96，右边就是比左边好，右边起码是整体左边是散的，开水一煮就开的米粉,0,隐含,中性,无,low
美术生,,comment,右边高出一截 不接受反驳,0,隐含,中性,无,low
美术生,,comment,我美院毕业的……单比较画，百分之一万左边好，但是部分地区联考右边吃香,0,隐含,中性,无,low
美术生,,comment,之前在微博上这样讲，被好多人追着撕,0,隐含,中性,无,low
美术生,,comment,左边对于联考而言不可能到90分，联考的高分卷标准是造型准确，结构清晰准确，明暗分明,0,隐含,中性,无,low
美术生,,comment,读大学的时候被老师拉去做过模考的评分助手，哪个时候听老师说的,0,隐含,中性,无,low
美术生,,comment,在联考哪种少则上万多则上十万的阅卷量里面，左边是没右边哪种优势的,0,隐含,中性,无,low
美术生,,comment,左边松动，右边响亮，两张都是好画,0,隐含,中性,无,low
美术生,,comment,右边很应试，左边很松弛,0,隐含,中性,无,low
美术生,,comment,其实左边也很应试,0,隐含,中性,无,low
体育生,,title,什么事是你和体育生谈过才知道的,0,隐含,中性,无,low
体育生,,content,我朋友说 体育生很乱,0,隐含,中性,无,low
体育生,,content,#万能的小红书,0,隐含,中性,无,low
体育生,,comment,说心里话，体育生真的不乱的,0,隐含,中性,无,low
体育生,,comment,你听他吹 其实都是,0,隐含,中性,无,low
体育生,,comment,还能这样,0,隐含,中性,无,low
体育生,,comment,信的人这辈子有了,0,隐含,中性,无,low
体育生,,comment,为啥呀，我好像真信了,0,隐含,中性,无,low
体育生,,comment,如果体育生都算得上乱的话，那艺术生呢,0,隐含,中性,无,low
体育生,,comment,艺术生还好啊 一天天忙得不得了,0,隐含,中性,无,low
体育生,,comment,我们学校建筑系，一天十几张根本没时间，钱都花在吃和旅游，材料收集，上面了,0,隐含,中性,无,low
体育生,,comment,那体育生训练也没有时间啊就算有时间练完连下楼梯的劲都没有了,0,隐含,中性,无,low
体育生,,comment,我们基本上就是好几门课的作业，做完这个做这个，做完那个做这个，基本上天天通宵写作业，根本没有时间，除了放假，吃够外卖然后还要去健身房练一练根本就没有时间，抽空还要搞个ppt学科总结，你们应该放假挺多时间的吧,0,隐含,中性,无,low
体育生,,comment,你说有没有一种可能假期也得训练呢,0,隐含,中性,无,low
体育生,,comment,艺术生还有文化要考啊比文化生更忙,0,隐含,中性,无,low
体育生,,comment,体育生、美术生、舞蹈生都要考文化的好吧这本身就是一种偏见和不公,0,隐含,中性,无,low
体育生,,comment,是因为他们训练不够多吗,0,隐含,中性,无,low
体育生,,comment,又不是一整天都练,0,隐含,中性,无,low
体育生,,comment,很乱 我前任北体男 睡了北体几十个女生,0,隐含,中性,无,low
体育生,,comment,北体的女生也不多吧,0,隐含,中性,无,low
体育生,,comment,舞蹈系什么的,0,隐含,中性,无,low
体育生,,comment,看来无论男女都很乱，不过好奇你和他怎么认识的，应该不是一个学校的吧,0,隐含,中性,无,low
体育生,,comment,高中同学,0,隐含,中性,无,low
体育生,,comment,我认识的是这样的大部分和女朋友干的事分享给兄弟说的,0,隐含,中性,无,low
体育生,,comment,那感觉有一些不是体育生的男的也有这样的,0,隐含,中性,无,low
体育生,,comment,我就是体育生，可以问我，哈哈,0,隐含,中性,无,low
体育生,,comment,哈哈哈 那你回答啊,0,隐含,中性,无,low
体育生,,comment,不要误伤好人哈,0,隐含,中性,无,low
体育生,,comment,sorry 我也是听说,0,隐含,中性,无,low
体育生,,comment,景甜都被体育生坑了啊,0,隐含,中性,无,low
体育生,,comment,哈哈哈😆,0,隐含,中性,无,low
体育生,,comment,哈哈哈哈 刚刚看到你还在发帖咨询闹矛盾男朋友打游戏问题,0,隐含,中性,无,low
体育生,,comment,男体那边不一定 我们女体挺正常的,0,隐含,中性,无,low
体育生,,title,讨论一些「体育生的刻板印象」,0,隐含,中性,无,low
体育生,,content,#运动员#体考#体育生#体育生刻板印象,0,隐含,中性,无,low
体育生,,comment,虽然不想承认但你说的很对，大部分国内体育生是这样的,0,隐含,中性,无,low
体育生,,comment,我感觉欧洲的运动员反而会好一些我身边那些都是一个对象从高中开始谈个6-7年然后结婚的,0,隐含,中性,无,low
体育生,,comment,我接触到的欧洲的职业运动员，打西甲的，好像都不咋乱玩，基本不去酒吧,0,隐含,中性,无,low
体育生,,comment,欧洲足球里面那些花边新闻不是很多吗,0,隐含,中性,无,low
体育生,,comment,外国不应该玩得更花吗,0,隐含,中性,无,low
体育生,,comment,体硕体博们呢🤔,0,隐含,中性,无,low
体育生,,comment,都一样，学历越高，神人越深，大佬们玩的更花,0,隐含,中性,无,low
体育生,,comment,我周围都是体博，我只能说我周围玩的花的不多，每天都闷头搞科研，包括我自己天天要不就是科研，要不就是打打游戏，有个快六年的对象，始终如一，我自己也是一名一级运动员,0,隐含,中性,无,low
体育生,,comment,其实我想说...我认识的体硕体博也是你这种,0,隐含,中性,无,low
体育生,,comment,当然也可能是我认识不到玩得很花的那些,0,隐含,中性,无,low
体育生,,comment,真的，我以前看蹦床体操好无聊，充满了艰辛，自从自己开始玩运动后，才发现国外的体操馆蹦床是个大型玩具,0,隐含,中性,无,low
体育生,,comment,现在再看体操和蹦床的感觉就不一样了,0,隐含,中性,无,low
体育生,,comment,展开讲讲,0,隐含,中性,无,low
体育生,,comment,好奇怎么意思,0,隐含,中性,无,low
体育生,,comment,我就挑个免费高质量鸭 他越乱我便宜入手的几率不是越高嘛,0,隐含,中性,无,low
体育生,,comment,我一开始也以为只是刻板印象，后来接触多了发现原来就是这样的，就算性格习性良好的跟同门兄弟待久了，也变坏了所以说啊，物以聚类，人以群分,0,隐含,中性,无,low
体育生,,comment,其实我们球队里打球中庸之姿的工兵是最好的，他们很聪明，在场上很稳定，能分清局势，然后在场上能起到带头作用,0,隐含,中性,无,low
体育生,,comment,他们退役后能做一个非常优秀的教练员,0,隐含,中性,无,low
体育生,,comment,运动员那些人都被队伍封闭了，因为还在实行半军事化管理,0,隐含,中性,无,low
体育生,,comment,所以他们更像听指令的动物,0,隐含,中性,无,low
体育生,,comment,体育生如果能混到体制内或好的行业，那在单位就是天花板级别的存在，能跨越原生阶级的那种,0,隐含,中性,无,low
体育生,,title,别靠近，一大群体育生下训了,0,隐含,中性,无,low
体育生,,content,热浪把整个大学城裹成一团黏腻的火球,0,隐含,中性,无,low
体育生,,content,体育馆闸机处，一群体育生刚下训,0,隐含,中性,无,low
体育生,,content,他们身上的T恤被汗水浸透了，有几个嫌热，干脆光着膀子，露出精瘦的腰腹,0,隐含,中性,无,low
体育生,,content,那线条真好看，不是健身房里练出来的那种块状分明，是日复一日奔跑跳跃后长出来的，紧致、流畅，每一寸都蓄着用不完的劲,0,隐含,中性,无,low
体育生,,content,昏暗的路灯在他们身上染了一层金色光晕,0,隐含,中性,无,low
体育生,,content,汗珠顺着脖颈、小腿往下淌,0,隐含,中性,无,low
体育生,,content,他们浑然不觉，或者早就习惯了,0,隐含,中性,无,low
体育生,,content,可你没法靠近,0,隐含,中性,无,low
体育生,,content,粗话连篇，偏偏笑起来又敞亮得很，露出白牙，眼睛弯成月牙形,0,隐含,中性,无,low
体育生,,content,你就远远看着吧,0,隐含,中性,无,low
体育生,,content,看他们三三两两往宿舍走，背影越来越小，笑声还飘回来,0,隐含,中性,无,low
体育生,,comment,有原视频,0,隐含,中性,无,low
体育生,,title,当那个体育生邀请你去他家时：,0,隐含,中性,无,low
体育生,,content,#内容过于真实#人间真实系列#体育生,0,隐含,中性,无,low
体育生,,title,近日买睡裙有感,0,隐含,中性,无,low
体育生,,title,美式薄肌,0,隐含,中性,无,low
体育生,,title,忽略我的屁股😶‍🌫️,0,隐含,中性,无,low
体育生,,title,现实体育生vs 网络体育生,0,隐含,中性,无,human
体育生,,title,黑皮体育生小哥的腿部松解,0,隐含,中性,无,low
体育生,,title,人人都想变成喜羊羊，却人人都是沸羊羊,0,隐含,中性,无,low
体育生,,title,那个体育生约你去徒步be like,0,隐含,中性,无,low
体育生,,title,至今没生孩子的罪魁祸首（之一）,0,隐含,中性,无,human
体育生,,title,那个总是晚上约你出来的体育生be like：,0,隐含,中性,无,low
体育生,,content,#内容过于真实#精神状态belike#体育生#人间真实系列#真实事件#185,0,隐含,中性,无,low
体育生,,comment,谁又惹她了 又把这衣服穿出来了[呃R],0,隐含,中性,无,low
体育生,,comment,这里真的像长出来了（不是,0,隐含,中性,无,human
体育生,,comment,姐你的下槽牙里是有满汉全席吗,0,隐含,中性,无,low
体育生,,comment,体育生能不能去老北京打出租车呀？,0,隐含,中性,无,low
体育生,,comment,劳斯这个鼓包是故意的还是不小心的[呃R],0,隐含,中性,无,low
体育生,,comment,看的我一股无名火 ，下次能不能出一个体育生和mean girl联动的，想看体育生被怼,0,隐含,中性,无,low
体育生,,comment,以前总觉得是看段子 直到真的经历后.......🆘,0,隐含,中性,无,low
体育生,,comment,求体育生停更,0,隐含,中性,无,low
体育生,,content,#体育生#对镜拍,0,隐含,中性,无,low
体育生,,comment,老公霸霸,0,隐含,中性,无,low
体育生,,comment,爸爸级别,0,隐含,中性,无,low
体育生,,title,为什么体育生“不受待见”,0,隐含,中性,无,low
体育生,,content,#体育生日常#运动万粉助力计划#体育生,0,隐含,中性,无,low
体育生,,comment,私生活很乱，不讲卫生,0,隐含,中性,无,low
体育生,,comment,去年去实习跨境电商不是要用X和纸飞机吗，就好奇翻了一些小视频里面很多体育生都低龄化卖yuan wei还不便宜,0,隐含,中性,无,low
体育生,,comment,嘶，借个楼，文科体育生大专或刚达本选啥专业好啊，男生,0,隐含,中性,无,human
体育生,,comment,对体育生的印象，那真是。。。。,0,隐含,中性,无,low
体育生,,comment,归根结底还是文化程度和素质普遍情况。包括艺术生。哪有风评好的,0,隐含,中性,无,low
体育生,,comment,我听过好多体育生的消息了，所以不容易就是可以乱来的理由吗,0,隐含,中性,无,low
体育生,,title,土直土直,0,隐含,中性,无,low
体育生,,content,#体育生#内向腼腆小男生#篮球体育生#回到少年感,0,隐含,中性,无,low
体育生,,comment,白色的拿摄像机其他的我都要,0,隐含,中性,无,human
体育生,,comment,我也在深圳,0,隐含,中性,无,human
体育生,,comment,请你们吃椒盐皮皮虾吧,0,隐含,中性,无,low
体育生,,comment,看看体育生,0,隐含,中性,无,low
体育生,,comment,紫色的挺得瑟嘛,0,隐含,中性,无,low
体育生,,comment,你是哪个？,0,隐含,中性,无,low
体育生,,comment,深色衣服的两位跟我走吧,0,隐含,中性,无,low
体育生,,title,当你去那个体育生家里看电影时be like：,0,隐含,中性,无,low
体育生,,content,#内容过于真实#人间真实系列#真实事件#体育生#180#沉淀,0,隐含,中性,无,low
体育生,,comment,这体育生和月经一样每个月都得来,0,隐含,中性,无,human
体育生,,comment,姐姐我感觉你已经长出来了,0,隐含,中性,无,low
体育生,,comment,她到底是中国人还是美国人,0,隐含,中性,无,human
体育生,,comment,这个视频有点味儿,0,隐含,中性,无,low
体育生,,comment,啊啊啊啊啊啊啊,0,隐含,中性,无,low
体育生,,comment,不知道为何，我再次看这个觉得可以代入汪cx,0,隐含,中性,无,human
体育生,,title,那个体育生直播be like：,0,隐含,中性,无,low
体育生,,content,#内容过于真实#人间真实系列#体育生#沉淀,0,隐含,中性,无,low
体育生,,comment,卡住了我也卡住了,0,隐含,中性,无,low
体育生,,comment,不懂就问 为啥要戴帽子 一直捣鼓嘴,0,隐含,中性,无,low
体育生,,comment,右上角八人观看是精髓,0,隐含,中性,无,human
体育生,,comment,姐，你要不跟徐五八打个pk吧，我选不出来你们谁更厉害,0,隐含,中性,无,low
体育生,,comment,我感觉她喝的那个水都臭臭的,0,隐含,中性,无,low
体育生,,comment,惹她干什么，惹她干什么！！！！,0,隐含,中性,无,low
体育生,,comment,好笑吗？好笑也阻止不了后天要开学,0,隐含,中性,无,low
体育生,,title,聊聊大家对体育生或好或坏的印象,0,隐含,中性,无,human
体育生,,comment,符合大家对体育生的刻板印象吗,0,隐含,中性,无,human
体育生,,comment,就觉得体育是一条上大学的捷径吧但是其实体育比普通文化更难,0,隐含,中性,无,human
体育生,,comment,体育生刻板印象之一是四肢越发达头脑越简单,0,隐含,中性,无,low
体育生,,comment,就说外貌的话，感觉大多男体育生要么是锡纸烫要么是碗盖头,0,隐含,中性,无,low
体育生,,comment,感觉体育生性格都很开朗，很好相处,0,隐含,中性,无,low
体育生,,comment,体育生上大学都不缺钱因为他们可以出去代课，教别人运动一个小时就两百块钱起步比我们这种只能做兼职，一个小时20块钱的好多了,0,隐含,中性,无,human
体育生,,comment,想当但是没成功,0,隐含,中性,无,low
体育生,,title,遇到这样的客人你会收钱吗🙊,0,隐含,中性,无,low
体育生,,content,#体育生#强壮的男人#筋膜刀#肌肉#来跟我一起哈哈哈#腹肌#篮球体育生#放松腿部肌肉#享受轻松时刻#沈浸式享受 （内容来源网络转载）,0,隐含,中性,无,human
体育生,,comment,啥雷霆封面啊我以为开错软件了,0,隐含,中性,无,low
体育生,,comment,有什么用吗？,0,隐含,中性,无,human
体育生,,comment,这个声音不好听…之前刷到哪个号来着，那些声音都好听,0,隐含,中性,无,low
体育生,,comment,为啥贴胸贴,0,隐含,中性,无,low
体育生,,comment,哪是疼得发抖，那是爽得痉挛,0,隐含,中性,无,low
体育生,,comment,Ai的牙齿总是怪怪的,0,隐含,中性,无,human
体育生,,comment,？啥雷霆封面，我还以为我点开浏览器了,0,隐含,中性,无,human
体育生,,comment,感觉容易有血栓脱落风险,0,隐含,中性,无,low
体育生,,content,练体育的时候对比现在 哈哈简直就是一个大变化#世界上另一个我#体育生,0,隐含,中性,无,human
体育生,,comment,绿巨人美女有一米八吧,0,隐含,中性,无,low
体育生,,comment,是哪项体育呢？打羽毛球或排球或花式游泳？,0,隐含,中性,无,low
体育生,,comment,图二眼镜妹美爆了，身材匀称。,0,隐含,中性,无,low
体育生,,comment,怎么变白的,0,隐含,中性,无,human
体育生,,comment,图二眼镜妹好漂亮,0,隐含,中性,无,human
体育生,,comment,大长腿啊,0,隐含,中性,无,human
体育生,,title,北师大 18岁192排球体育生,0,隐含,中性,无,low
体育生,,content,想知道体育生真的有网上说的这么厉害吗 #有想法轻松发,0,隐含,中性,无,low
体育生,,comment,体育生我不知道。但是薄肌细狗挺厉害的不是那种弱不禁风的特别瘦的那种,0,隐含,中性,无,human
体育生,,comment,我练足球的 有懂的吗,0,隐含,中性,无,low
体育生,,comment,想认识体育生，试试到底有多厉害[呃R],0,隐含,中性,无,low
体育生,,comment,起码体力比普通人要强,0,隐含,中性,无,low
体育生,,comment,脂包肌别，,0,隐含,中性,无,low
体育生,,comment,薄肌是真的强,0,隐含,中性,无,human
体育生,,comment,和体育生在一起三年，其实第一年就和平异地分手了，纠缠了三年.... 实在是念念不忘....,0,隐含,中性,无,low
体育生,,comment,体育生，点赞。,0,隐含,中性,无,low
体育生,,comment,反正我不信,0,隐含,中性,无,low
体育生,,title,晒成羚羊王子了,0,隐含,中性,无,human
体育生,,content,这次真成黑皮体育生。 #黑皮#少年感#男大学生#fyp,0,隐含,中性,无,low
体育生,,comment,怎到法國惹,0,隐含,中性,无,low
体育生,,comment,黑皮更sexy了谁来懂我,0,隐含,中性,无,low
体育生,,comment,俺的生日礼物来了！哈哈哈哈,0,隐含,中性,无,low
体育生,,comment,我的妈点开之前幻视李羲承了。,0,隐含,中性,无,low
体育生,,comment,花一秒钟get到黑皮了,0,隐含,中性,无,low
体育生,,comment,很帅很帅,0,隐含,中性,无,human
体育生,,comment,这个好帅,0,隐含,中性,无,low
体育生,,comment,黑皮李羲承！,0,隐含,中性,无,low
体育生,,title,从今天开始,0,隐含,中性,无,low
体育生,,content,#体育生#08 明天要开学了,0,隐含,中性,无,human
体育生,,comment,女大白袜,0,隐含,中性,无,low
体育生,,comment,抓到法死,0,隐含,中性,无,low
体育生,,comment,之前那账号没了吗？还是不是本人啊,0,隐含,中性,无,low
体育生,,comment,比我小两岁？,0,隐含,中性,无,low
体育生,,comment,老公我要,0,隐含,中性,无,low
体育生,,comment,足球的吗,0,隐含,中性,无,low
体育生,,comment,都说体育生玩的花 (˘͈ᵕ ˘͈❀),0,隐含,中性,无,human
体育生,,comment,不是，要是我能和他谈，就算让我暴富我也愿意啊,0,隐含,中性,无,human
体育生,,comment,留牌子，赐香囊,0,隐含,中性,无,low
体育生,,comment,宝宝，你平时都走下水道吗？,0,隐含,中性,无,low
体育生,,comment,"hhh,now my red book has more waiguoren. you just so so （i am joker,dont care",0,隐含,中性,无,low
体育生,,comment,对不起看错了，看成了找人把我大玩特玩,0,隐含,中性,无,low
体育生,,comment,网上就是好，有在北京大街上看不到一点帅的,0,隐含,中性,无,low
体育生,,comment,怎么妹人问how long啊,0,隐含,中性,无,low
体育生,,comment,那你开学了没有！！！,0,隐含,中性,无,low
体育生,,content,#型男#肌肉的重要性#强壮的男人#双开门身材#你的理想男友已上线#可狼可奶的小狼狗#男友力#体育生#阳光型运动男孩,0,隐含,中性,无,low
体育生,,comment,有腋下管理！赞的,0,隐含,中性,无,human
体育生,,comment,太有料啦！,0,隐含,中性,无,low
体育生,,content,#体育生#我的健身日常#05#健身,0,隐含,中性,无,human
体育生,,comment,禁欲的直男口感最棒了,0,隐含,中性,无,low
体育生,,comment,出自包帅,0,隐含,中性,无,low
体育生,,comment,好想找聊天搭子,0,隐含,中性,无,low
体育生,,comment,出自薄肌,0,隐含,中性,无,low
体育生,,comment,交个朋友吗,0,隐含,中性,无,low
体育生,,title,1️⃣86 体育生,0,隐含,中性,无,low
体育生,,content,#体育生#篮球体育生#肌肉#体育生穿搭#健身人健身魂#ootdinspo#185#天蝎座#相信大数据#正常健身展示无不良引导,0,隐含,中性,无,low
体育生,,comment,练得真好，铁子,0,隐含,中性,无,low
体育生,,comment,抱一抱抱一抱。,0,隐含,中性,无,low
体育生,,comment,老公无敌,0,隐含,中性,无,low
体育生,,comment,你好，方便交个朋友吗？🌈,0,隐含,中性,无,human
体育生,,comment,哥 一看就知道对抗无敌,0,隐含,中性,无,human
体育生,,title,给我送水来,0,隐含,中性,无,human
体育生,,content,#体育生,0,隐含,中性,无,low
体育生,,comment,耐克白袜请焊住,0,隐含,中性,无,human
体育生,,comment,在哪里！我来咯,0,隐含,中性,无,human
体育生,,comment,亩也是一种风格，你驾驭不了。,0,隐含,中性,无,low
体育生,,title,当你和那个体育生看完电影后：,0,隐含,中性,无,low
体育生,,comment,要不你插点广告吧姐 很难一次性看完,0,隐含,中性,无,low
体育生,,comment,想看meangirl大战体育生的集合,0,隐含,中性,无,low
体育生,,comment,虽然我不是体育生，但是我上大学确实是这样撩妹的,0,隐含,中性,无,low
体育生,,title,H型也是美丽的体型,0,隐含,中性,无,low
体育生,,content,看了一组不同类型运动的顶尖运动员体型照片，基本都是H身型，本H型人心理立刻平衡了！那种腰细臀圆的健身网红照不代表运动状态啊！#健身,0,隐含,中性,无,low
体育生,,comment,H 型的腿都很漂亮，就算个子不高，比例也会比较好。很多舞蹈演员也是H型的,0,隐含,中性,无,low
体育生,,comment,据说h型身材的人是天生的运动型的人。,0,隐含,中性,无,human
体育生,,comment,有的人H型是因为核心邦邦厚，有的人H型是因为裹着一圈肥油,0,隐含,中性,无,low
体育生,,comment,我也是扔铅球的，体型一摸一样，就是我玉米五四,0,隐含,中性,无,low
体育生,,comment,我是H吗,0,隐含,中性,无,human
体育生,,comment,H型穿啥衣服都好看啊，我做梦都想变成H,0,隐含,中性,无,low
体育生,,comment,这么健康健美的运动员也有大腿两侧的凹陷（假胯宽？）我觉得我是不是可以停止PUA自己了,0,隐含,中性,无,low
体育生,,comment,我一个大h，跳远0.8m从小到大体育没及过格,0,隐含,中性,无,low
体育生,,comment,报道体重198斤,0,隐含,中性,无,low
体育生,,title,体育生头像,0,隐含,中性,无,low
学渣,,title,耿耿余淮,0,隐含,中性,无,low
学渣,,comment,会的别问我是咋知道的,0,隐含,中性,无,human
学渣,,title,关于我家成绩不好的男娃，后续来了,0,隐含,中性,无,low
学渣,,comment,这么说…老师我们还有点血缘关系,0,隐含,中性,无,low
学渣,,comment,我去 你不早说 ！,0,隐含,中性,无,human
学渣,,comment,作者你躲一下刀，因为刚刚手滑刀飞出去了。,0,隐含,中性,无,low
学渣,,comment,Good,0,隐含,中性,无,low
学渣,,title,数学真的不能揠苗助长啊,0,隐含,中性,无,low
学渣,,comment,别让公考出题人刷到了，又给我判断推理弄难了,0,隐含,中性,无,low
学渣,,comment,她把前面的结果转成了矩阵，让她计算0.1+0.2看看结果是不是0.30000000004,0,隐含,中性,无,low
学渣,,comment,她个位十位都加了，加4的她加了44，加2的她加了22，感觉是没懂加法列式方法，也没懂加法的意义。3×7应该是把3和8记混了，所以算的是8×7。后面4×6+3也验证了这点她算的是24+38，实际上按她的思维应该算24+33的，说明她分不清3和8。,0,隐含,中性,无,human
学渣,,comment,我知道她的逻辑，6*8＝48，然后48的个位和十位分别+4，其中个位上的8+4＝12进一位，所以十位上的4+4之后再+1等于9，组合起来就是92,0,隐含,中性,无,low
学渣,,comment,3*7+2不是算错了嘛，咋叫天才,0,隐含,中性,无,low
学渣,,comment,乘法也不全对吧。3x7下面写了56,0,隐含,中性,无,low
学渣,,comment,思维课怎么听,0,隐含,中性,无,low
学渣,,title,粉丝数仅17的自学博主出成绩了,0,隐含,中性,无,low
学渣,,comment,好浪漫的分数,0,隐含,中性,无,low
学渣,,comment,为啥在家自学呢？学校更有氛围感,0,隐含,中性,无,low
学渣,,comment,自学很不错了，真的,0,隐含,中性,无,low
学渣,,comment,懂了吗？ 懂了 就是想不明白… 想不明白什么 那个6为什么等于3啊 因为那是b,0,隐含,中性,无,low
学渣,,comment,《你家那位》,0,隐含,中性,无,human
学渣,,comment,呵呵，我就是一个典型例子,0,隐含,中性,无,low
学渣,,comment,我语文好，我同桌数学好，咱俩互补,0,隐含,中性,无,low
学渣,,comment,她:这题,0,隐含,中性,无,low
学渣,,comment,我：election和elect是两个单词，elect它有多词性和意思,0,隐含,中性,无,low
学渣,,comment,oi！第一！,0,隐含,中性,无,low
学渣,,comment,你的意思是成绩不太好然后超常发挥了一下就考去了上交吗,0,隐含,中性,无,low
学渣,,comment,学校没多好，但是陪一个,0,隐含,中性,无,low
学渣,,comment,中上211,0,隐含,中性,无,human
学渣,,comment,51开头一看就我们四川老辈子,0,隐含,中性,无,low
学渣,,comment,六级要是没 怎么备考的话，985 的学生估计也只有是450 左右的,0,隐含,中性,无,low
学渣,,comment,只能上民办本要去上吗很犹豫,0,隐含,中性,无,low
学渣,,comment,“在你哀叹自己错过朝霞的时候你又要错过夕阳了🌇 这句话好有触动！,0,隐含,中性,无,low
学渣,,comment,其实我也不明白一个问题就是大家生活都已经蛮辛苦了的为什么不能互相留点善意,0,隐含,中性,无,low
学渣,,comment,还是小红书干净，在慢脚学习不好会被喷粪,0,隐含,中性,无,low
学渣,,comment,因为现在的社会很功利，学历崇拜，优绩主义根植在每个人的心中学习不好就会被人瞧不起,0,隐含,中性,无,low
学渣,,title,一些很符合我本人的梗图…,0,隐含,中性,无,low
学渣,,content,#梗图#合理但有病#考公人#考研党#大学生,0,隐含,中性,无,low
学渣,,comment,完全是我。,0,隐含,中性,无,low
学渣,,comment,想要表情包,0,隐含,中性,无,low
学渣,,comment,我有这个,0,隐含,中性,无,low
学渣,,comment,🍰 很符合我的精神状态,0,隐含,中性,无,low
学渣,,title,那时我只当做玩笑看。,0,隐含,中性,无,low
学渣,,comment,刷到隔壁复旦了，姐妹这么晚还不睡啊,0,隐含,中性,无,low
学渣,,comment,番茄的执行力和毅力真的是超越常人，能够在保证学习这么好的情况下周更,0,隐含,中性,无,human
学渣,,comment,呀我今天突然发现老番茄视频里应该是复日才对！高中一直叫孵蛋叫习惯了，，，,0,隐含,中性,无,low
学渣,,comment,大一谁几把能拿3.96🤣,0,隐含,中性,无,low
学渣,,comment,天呐原来他绩改前3.96真上了真老实了,0,隐含,中性,无,low
学渣,,title,女儿第一次考零分,0,隐含,中性,无,human
学渣,,comment,天地良心，我给她买了很多谷子，但是她说免费的很香,0,隐含,中性,无,low
学渣,,comment,你们小时候……都没抄过作业吗……我小学甚至天天早上去抄人家作业,0,隐含,中性,无,low
学渣,,comment,谷子不要放房间，甲醛超标很严重,0,隐含,中性,无,low
学渣,,comment,又不是抄别人的，是给别人抄而已，孩子肯定都是会做的。至于给别人抄作业是品行的问题，我觉得有点小题大做了，人一生中遇到的大事多了去了，区区给别人抄作业算几何？,0,隐含,中性,无,human
学渣,,comment,起码不是抄别人的那一个之前见过一个格局更大的孩子，给钱就给抄，直接一个商业链,0,隐含,中性,无,human
学渣,,comment,不要读了 回老家吧,0,隐含,中性,无,human
学渣,,comment,是怎么做到字写得这么整齐，但是一道对的都没有的,0,隐含,中性,无,low
学渣,,title,我看不懂字,0,隐含,中性,无,low
学渣,,content,#教育#高中#沉默震耳欲聋#我看不懂但我大受震撼#好像有点语无伦次,0,隐含,中性,无,human
学渣,,comment,有点假，要是这么有钱一般都送去留学吧,0,隐含,中性,无,low
学渣,,comment,最后那句话，好假，拾人牙慧,0,隐含,中性,无,low
学渣,,comment,说假的，你们身边肯定没遇到一个在父母面前很乖但在学校里完全不读书脑子里空无一物的弟弟...高中买分以及大专都不难的，有点人脉就进去了。。。贵的是买重点高中的分花个几十万几百万都有,0,隐含,中性,无,low
学渣,,comment,高中我知道可以买，大专原来也可以吗,0,隐含,中性,无,low
学渣,,comment,没有送出去留学送去大专才反映了父母聪明，直到孩子学不进去，花点钱上个大专就行了。反正将来无论是留学回来还是大专回来都不会上班的，剩下的钱就留着给孩子生存就行了。,0,隐含,中性,无,low
学渣,,comment,现在读college还有性价比吗？,0,隐含,中性,无,low
学渣,,comment,这应该是Personal care assistant的课程，或者叫health care aide,0,隐含,中性,无,human
学渣,,comment,同大龄，刚college 3周,0,隐含,中性,无,low
学渣,,comment,康复专业？,0,隐含,中性,无,low
学渣,,title,理科生是这样的,0,隐含,中性,无,low
学渣,,comment,是这样的考上专科已经有案底了，当时去高铁被列车员查到了，当场就被枪毙了,0,隐含,中性,无,low
学渣,,comment,我这里500喜提大专,0,隐含,中性,无,low
学渣,,comment,全中国每个省份的本科率平均下来40%-50%，排除上了本科线但是没去读的，中等偏下水平呗,0,隐含,中性,无,low
学渣,,comment,466极限擦边进的公办本，家里条件不是多好，如果不是狗运，我就在大专呆着了，所以我能是个什么成分，大量元素微量元素我都有,0,隐含,中性,无,human
学渣,,comment,超本科线70分上大专了,0,隐含,中性,无,low
学渣,,comment,应该问大学毕业找不到好工作是什么成分,0,隐含,中性,无,low
学渣,,comment,山东去年500分上大专哈 新疆的公办本一个没有,0,隐含,中性,无,low
学渣,,comment,那么死亡是筛选掉什么样的人呢？,0,隐含,中性,无,human
学渣,,comment,这是谁想出来的话，人才啊。,0,隐含,中性,无,low
学渣,,comment,小学根本筛不了～九年义务教育,0,隐含,中性,无,low
学渣,,comment,反正结果都是一个字,0,隐含,中性,无,human
学渣,,comment,都筛选完毕的人可以放心用，给画饼安排做不完的活儿,0,隐含,中性,无,low
学渣,,comment,这就是生育率低下的原因？,0,隐含,中性,无,low
学渣,,title,🇩🇪有一类人被称为考试衰人,0,隐含,中性,无,low
学渣,,comment,是不是有德秀贵人,0,隐含,中性,无,low
学渣,,comment,还有考前两天刚看过的绝不会考,0,隐含,中性,无,low
学渣,,comment,那我应该就是考试圣体，每次都只复习了40%，结果每次都高分,0,隐含,中性,无,low
学渣,,comment,想着这部分内容练习和模拟题里都没出现过肯定不考，结果就水灵灵的出现在了卷子上,0,隐含,中性,无,low
学渣,,comment,我也…真想不通我到底动了谁的蛋糕[坏笑R],0,隐含,中性,无,low
学渣,,comment,你们考试季什么时候结束呀,0,隐含,中性,无,low
学渣,,comment,我也觉得自己每次必须复习到非常熟悉才可以，复习得半熟不熟，多半危险,0,隐含,中性,无,human
学渣,,comment,感觉被狠狠刺痛了。,0,隐含,中性,无,low
学渣,,comment,读书还真的是得从看懂自己开始。,0,隐含,中性,无,low
学渣,,title,说说二本adhd和高学历adhd的区别,0,隐含,中性,无,low
学渣,,comment,adhd很难高学历吧，如果患病前提下依旧取得了高学历那就是智商真的蛮高,0,隐含,中性,无,low
学渣,,comment,很早知道自己a的人是真的很聪明。,0,隐含,中性,无,low
学渣,,comment,有没有幼儿园确诊adhd的,0,隐含,中性,无,human
学渣,,comment,1 感觉智商代偿到高中就已经结束了,0,隐含,中性,无,low
学渣,,title,宝宝，你真的是个很失败的重高女,0,隐含,中性,无,low
学渣,,comment,你是怎么考上的高中,0,隐含,中性,无,low
学渣,,comment,博主上课听过吗（没有阴阳的意思，纯好奇,0,隐含,中性,无,low
学渣,,comment,没事，我数学一直考80来分，也上了211,0,隐含,中性,无,low
学渣,,comment,初一误入高端局 以后的数学这么难吗,0,隐含,中性,无,human
学渣,,comment,你也是个人才，第一题还错。上大专的我都会,0,隐含,中性,无,low
学渣,,comment,教的都是皮毛，考的深入骨髓,0,隐含,中性,无,low
学渣,,comment,这是高一……？[呃R]这第七题真不用求导吗[呃R],0,隐含,中性,无,human
学渣,,comment,这和我表弟难分伯仲啊，他考13分 halbtägige Gezeit,0,隐含,中性,无,low
学渣,,comment,孩子，下次用脚踩吧，分数还能两位数,0,隐含,中性,无,low
学渣,,comment,sm其实是study math,0,隐含,中性,无,low
学渣,,comment,这边也能给到您一个解释，就是这边真的学不下去了，这个事情确实是发生了，也是很抱歉，抱歉这件事确实已经发生了。 这边要求您补偿暑假重开您看可以吗？真的很不好意思哈，这边也是有点不对，也确实是有认识到错误的，您看这样行吗？,0,隐含,中性,无,low
学渣,,comment,数学你不要再折磨我了我只是个无辜的老百姓无辜的中国人无辜的上学党,0,隐含,中性,无,low
学霸,,content,是你心中的理科战神吗？#高中到大学#回到十八岁#理科战神#健身,0,隐含,中性,无,low
学霸,,title,985学霸男生会送漂亮但学历低的女生吗,0,隐含,中性,无,low
学霸,,content,提问： 你觉得理科女学霸有什么“刻板印象” #学霸#理科生#理科女学霸,0,隐含,中性,无,low
学霸,,comment,统一回复一下，我没有别的意思，一开始我没有设置任何投票，看见评论区有很多人争论关于外貌的问题才设置了这个投票。女生就应该是全面发展，百花齐放的。,0,隐含,中性,无,low
学霸,,comment,行为举止会透露着一丝诡异（虽然男学霸女学霸都这样）,0,隐含,中性,无,low
学霸,,comment,你将在这个评论区看到所有女生的样子,0,隐含,中性,无,low
学霸,,comment,我是一个具有极大刻板印象的人，我以犀利的目光评判她们，我认为，只要是女学霸，她就一定是是女的，而且一定是女的，我绝对确定，不接受任何反驳，我就是有这样的刻板印象，谁说我都不会改变的！！,0,隐含,中性,无,human
学霸,,comment,mbti 是intj ，二次元但钢铁直女,0,隐含,中性,无,low
学霸,,title,听说这是学霸的经典皮肤,0,隐含,中性,无,low
学霸,,content,一般长这样的，考试偷看他试卷选Q我都直接抄😎#学霸#考试#皮肤#学生时代#近视#学霸日常,0,隐含,中性,无,low
学霸,,comment,这个才是学霸,0,隐含,中性,无,human
学霸,,comment,好刻板，学霸真不都这样，长这样的也不都是学霸。到底哪来的刻板印象,0,隐含,中性,无,low
学霸,,comment,图1右边的我可以,0,隐含,中性,无,low
学霸,,comment,全部学霸。,0,隐含,中性,无,low
学霸,,comment,这种两极分化比较严重,0,隐含,中性,无,low
学霸,,comment,皮肤已经有了，其他还没有,0,隐含,中性,无,low
学霸,,comment,学霸就没有长得帅的吗,0,隐含,中性,无,human
学霸,,comment,我们班那位像张晚意打败全国99%的学校,0,隐含,中性,无,low
学霸,,comment,见过高质量学霸，身材好脸好体育好人品好浙大保底,0,隐含,中性,无,low
学霸,,title,求右位理科学霸恶俗梗,0,隐含,中性,无,low
学霸,,content,求右位理科学霸恶俗梗#学霸#理科生#恶俗梗#右位,0,隐含,中性,无,low
学霸,,comment,右位平时很高冷 然后左位在右位回答问题时按遥控器,0,隐含,中性,无,low
学霸,,comment,来早了，右边神秘小按钮喊我回来吃饭,0,隐含,中性,无,low
学霸,,comment,早起只看到一个空空的帖子！ 放一个专门发表情包的楼。,0,隐含,中性,无,low
学霸,,title,清华学霸们,0,隐含,中性,无,low
学霸,,comment,韦是北大的,0,隐含,中性,无,human
学霸,,comment,骨骼惊奇，其貌不扬。,0,隐含,中性,无,low
学霸,,content,#长相#客观评价长相#颜值#我的自拍分享#我的自拍#高中学霸#学霸长相,0,隐含,中性,无,human
学霸,,comment,你是怎么从上面这样变成下面这样的,0,隐含,中性,无,low
学霸,,comment,我对象高中也是图上这样，本科985工科直博qs50物理现在博士毕业了长这样，感觉比起高中变年轻了，虽然还不到鲜肉级别,0,隐含,中性,无,low
学霸,,comment,为什么中学生不刮胡子？刮了是有什么危害吗？,0,隐含,中性,无,low
学霸,,title,国民才女武亦姝清华毕业，现在如何,0,隐含,中性,无,low
学霸,,comment,穿这么多不热吗？,0,隐含,中性,无,low
学霸,,comment,人大这位是2024年的，名字叫张雨欣，提前保送北大,0,隐含,中性,无,low
学霸,,comment,图一女生稳重端庄，图二少年活力四射，都是优秀的中国少年,0,隐含,中性,无,low
学霸,,comment,青春的样子各有不同，有必要比较吗？,0,隐含,中性,无,human
学霸,,comment,图一女孩子叫什么？考去哪里了？,0,隐含,中性,无,low
学霸,,comment,北京的大部分高中生夏天就穿这么多，问了好几个，都说不热！奇了怪了,0,隐含,中性,无,human
学霸,,comment,人大这个早就推荐入清华了，人家考试就是为了体验一下过程,0,隐含,中性,无,low
学霸,,comment,大贪官家属子弟,0,隐含,中性,无,low
学霸,,comment,体制内的步伐,0,隐含,中性,无,low
学霸,,content,许多人会说，学霸月工资收入一万会选工资月入3千的吗？ 学历不代表能力吧（个人观点） 评论区交流一下观点 #培养学霸#学霸#家庭教育#择偶观#学历重要还是能力重要,0,隐含,中性,无,low
学霸,,comment,985学霸女生会选帅但是大专的男生吗,0,隐含,中性,无,low
学霸,,comment,美貌是比学历更稀缺的资源吧,0,隐含,中性,无,low
学霸,,comment,985美女会选大专的男生么,0,隐含,中性,无,low
学霸,,comment,我就是专升本呀，当然，也不算漂亮，老公同济硕士，大厂，emmm…婚后有房有车有车位有沪牌有沪口有小孩，公婆帮忙带娃，做家务，家庭和睦，老公性格好，有责任感，一心只有工作赚钱&家庭。 要说他的缺点么，就是个子不高，170➕，不是帅哥类型，属于耐看型吧,0,隐含,中性,无,low
学霸,,comment,会选漂亮且学历高的,0,隐含,中性,无,human
学霸,,title,顶级名校亚裔学霸因申请藤校被拒自杀离世,0,隐含,中性,无,low
学霸,,comment,死於期望过高，过不了自己！,0,隐含,中性,无,low
学霸,,comment,因为黄皮肤就是原罪,0,隐含,中性,无,human
学霸,,comment,坦白讲，学历跟智商关系不大,0,隐含,中性,无,low
学霸,,comment,上大学。直接测智商好了。,0,隐含,中性,无,low
学霸,,comment,过去有一定关系，现在呵呵，扩招之后都是些啥,0,隐含,中性,无,low
学霸,,comment,学习可以提高智商,0,隐含,中性,无,human
学霸,,comment,见没见过高智商ADHD,0,隐含,中性,无,human
学霸,,comment,大专没有了？,0,隐含,中性,无,low
学霸,,comment,十二个学士学位算什么？,0,隐含,中性,无,low
学霸,,comment,学历和智商不一定成正比，虽然我也是博士,0,隐含,中性,无,low
学霸,,comment,图二难道不就是5个三角形吗？哪里来的6个？,0,隐含,中性,无,low
学霸,,comment,第二张图有几个三角形,0,隐含,中性,无,human
学霸,,comment,还有一个立体三角形，与个体的思维习惯有关。,0,隐含,中性,无,low
学霸,,comment,没一个对的,0,隐含,中性,无,low
学霸,,comment,手的那个我都有。,0,隐含,中性,无,human
学霸,,comment,嘿，我看的居然是6个,0,隐含,中性,无,human
学霸,,comment,眼睛那个，是眼轴暴涨眼凸吧,0,隐含,中性,无,human
学霸,,title,首先我的脸，其次我的理科成绩…,0,隐含,中性,无,low
学霸,,comment,我也是bnds的，开学高一，我是直升区上来的，现在也不知道高一会不会保留我们原四高一的所有人呢，好像上一届没有保留,0,隐含,中性,无,low
学霸,,comment,我也只选了物生…主播好厉害！！均分68能考90尊度太牛啦,0,隐含,中性,无,human
学霸,,content,吉林状元数学物理双满分，河南状元数学满分，语文140更牛叉#高分#这就是实力#知识改变命运学习成就梦想#才华横溢的人,0,隐含,中性,无,low
学霸,,comment,语文140是何等的逆天啊,0,隐含,中性,无,low
学霸,,comment,在安徽语文考到140分以上很难，甚至有的状元只能考到110多分。,0,隐含,中性,无,human
学霸,,comment,谁懂语文140的含金量,0,隐含,中性,无,low
学霸,,comment,高分段主要看语文,0,隐含,中性,无,low
学霸,,comment,然而，并没有什么用,0,隐含,中性,无,low
学霸,,comment,试卷是同一张吗,0,隐含,中性,无,low
学霸,,comment,数学很简单吗？为什么他们数学都是满分,0,隐含,中性,无,low
学霸,,comment,还是李霍然厉害👍,0,隐含,中性,无,low
学霸,,comment,这个女孩子真厉害,0,隐含,中性,无,human
学霸,,title,00年pku 男 直博生 脱单向 找女！,0,隐含,中性,无,low
学霸,,comment,主包已经从三月找到五月了嘛,0,隐含,中性,无,human
学霸,,comment,即将入学p大的我想在未名湖听大师弹奏,0,隐含,中性,无,low
学霸,,comment,请带我参观学校pls,0,隐含,中性,无,low
学霸,,comment,00男 同济博一 山西人 蹲,0,隐含,中性,无,low
学霸,,comment,哈哈哈哈哈既不是00后又不是女生的我愣住了,0,隐含,中性,无,low
学霸,,comment,有需要援助的姐妹吗,0,隐含,中性,无,low
学霸,,title,女生学理科没天分？男生学习后劲足？,0,隐含,中性,无,human
学霸,,comment,我们学校女生理科更强哦,0,隐含,中性,无,low
学霸,,comment,先问是不是,0,隐含,中性,无,human
学霸,,comment,…从未听过，只跟星座有关吧，我金牛座一直慢热靠后劲,0,隐含,中性,无,low
学霸,,comment,卧槽好有道理,0,隐含,中性,无,low
学霸,,comment,挽尊。事实上本科率还是女生高,0,隐含,中性,无,low
学霸,,comment,那为什么学霸往往都是女生多？,0,隐含,中性,无,low
学霸,,comment,最后这两段你先说，是不是照你这么说，应该是。内向的人语文好，外向的人数学好。可现实并非如此。连刻板印象都是反着来的,0,隐含,中性,无,human
学霸,,title,为什么大多数人不想承认学习好是因为天赋好,0,隐含,中性,无,low
学霸,,comment,智商是像肌肉可以锻炼增涨到，有的人体质就比较容易涨肌很正常，但是练过和没练过还是很大不一样的，用脑过也不一样，天生下来就牛逼还是少，能走到哪里最后还是看自己,0,隐含,中性,无,low
学霸,,comment,义务教育那点东西还拼不到天赋，大大小小环境影响更多点,0,隐含,中性,无,low
学霸,,comment,如何验证天赋好你先告诉我,0,隐含,中性,无,low
学霸,,title,为什么学霸学习看起来轻松？,0,隐含,中性,无,low
学霸,,comment,就是一学就会，悟性高，记忆力好,0,隐含,中性,无,human
学霸,,comment,你们把因果搞反了。不是勤奋学习才成为学霸，而是学霸觉得学习比其它东西更有趣。我家领导是北大英语系的，学习经验就是：中学的时候家里不许看小说，所以她就看英文小说同为北大学生，我现在也读不进去英文小说的,0,隐含,中性,无,low
学霸,,comment,小驰妈妈你好，请教您一下关于如何培养引导孩子走向自学的能力的？还有如何在日常生活学习中发现孩子的天赋？想听听经验和建议，不胜感激！,0,隐含,中性,无,low
学霸,,title,当理科大佬课间讨论压轴题时...,0,隐含,中性,无,low
学霸,,comment,这个是压轴题？这个最多也就多选最后一题的A或者B选项会有,0,隐含,中性,无,low
学霸,,comment,这不就立体几何吗，是个几把的压轴题。压轴题都是导数和圆锥曲线,0,隐含,中性,无,low
学霸,,comment,不真实，少了个嘉豪,0,隐含,中性,无,human
学霸,,comment,别啥都来跟我们学霸擦边了,0,隐含,中性,无,low
学霸,,title,当两种不同类型的学霸做同桌时,0,隐含,中性,无,low
学霸,,content,#剧情#一人分饰多角#内容过于真实#学生时代#学霸#看到最后#女生#校园#搞笑#高中,0,隐含,中性,无,low
学霸,,comment,但残酷的现实就是同等情况天赋就是更占优势，如果是超级有天赋那…很扎心了,0,隐含,中性,无,low
学霸,,comment,我小名叫兜兜...,0,隐含,中性,无,low
学霸,,comment,哈哈 我们组六个人 前三都在我们组 上课我们就一块聊天或者是互抄作业 感觉关系还蛮融洽的哈哈,0,隐含,中性,无,human
学霸,,comment,蹲蹲后续,0,隐含,中性,无,low
学霸,,comment,TJ人vs TP人,0,隐含,中性,无,low
卷王,,comment,法学院/经济学金融学/管理类好容易出这种人。。。,0,隐含,中性,无,low
卷王,,comment,强者应该多思考如何让环境更良性，而不是把别人都卷死,0,隐含,中性,无,low
卷王,,comment,卷到最后遇到天龙之子关系户将是绝杀,0,隐含,中性,无,human
卷王,,title,刷题王 - 3000 LeetCode,0,隐含,中性,无,low
卷王,,comment,leetcode就是酒桌上的白酒，搞服从性测试,0,隐含,中性,无,human
卷王,,comment,他是在医院一边打点滴一边刷题？,0,隐含,中性,无,low
卷王,,comment,找到工作了吗,0,隐含,中性,无,low
卷王,,comment,这个last name看起来像是印度裔,0,隐含,中性,无,low
卷王,,comment,魔方这个最nb,0,隐含,中性,无,low
卷王,,comment,"果然是加州Kaiser, 非要用bbraun pump. 我们也得跟着用换不了alaris",0,隐含,中性,无,low
卷王,,comment,lc属于智商测试,0,隐含,中性,无,human
卷王,,title,北美课堂上的留子be like,0,隐含,中性,无,low
卷王,,content,其中有你的同学吗？ 关注我，持续分享更多有趣内容和干货 纯属原创，禁止抄袭 #华尔街#北美#当代大学生上课现状#留子日常#mit#哥大#斯坦福#人间真实#梗图,0,隐含,中性,无,low
卷王,,comment,图一能不能换一个性别。。。,0,隐含,中性,无,low
卷王,,comment,实在无法理解课上用LaTeX记笔记的，全是大神那些神人打字速度全都是120+wpm的，而且对键盘上的数字区和符号区也了如指掌，能做到全键盘盲打,0,隐含,中性,无,low
卷王,,comment,难崩第一个,0,隐含,中性,无,low
卷王,,comment,我是神秘latex老鼠人,0,隐含,中性,无,low
卷王,,comment,不用latex排版公式用什么 手绘吗,0,隐含,中性,无,human
卷王,,comment,第三张的陆本是什么意思，六本吗(？),0,隐含,中性,无,human
卷王,,comment,陆本是我了,0,隐含,中性,无,low
卷王,,title,上班暂停！MBTI内卷大赛，谁是打工界卷王?,0,隐含,中性,无,low
卷王,,content,看完这份独家内卷排行榜 终于知道了谁才是真正的内卷之王👀 反正身为enfp的涛尼能躺则躺 卷是给老板看的（老板看不到，看不到🙏 不过entj在内卷大战中一骑绝尘 让本涛猜猜是不是用了 同样是卷王的美涛轻羽弹力素呢🙋🏻‍♀️ 👋你觉得身边最卷的人是谁 评论区艾特TA过来瞅瞅 #mbti #mbti16人格 #enfp #infp #mbti梗图 #内卷 #卷王,0,隐含,中性,无,human
卷王,,comment,我entp去哪了？,0,隐含,中性,无,low
卷王,,comment,esfp呢？,0,隐含,中性,无,low
卷王,,comment,可是我同事是小护士超级卷,0,隐含,中性,无,low
卷王,,comment,我isfj根本不卷,0,隐含,中性,无,low
卷王,,title,MBTI最盛产学霸排行榜,0,隐含,中性,无,human
卷王,,content,#MBTI#十六种人格#性格测试#mbti梗图#INTJ#人格测试#MBTI16型人格#学霸#排行榜,0,隐含,中性,无,low
卷王,,comment,小画家从专科一路考到研究生，燃尽了,0,隐含,中性,无,low
卷王,,comment,我哥isfp西交本ntu硕 同学esfp北大本硕 都是带电工科 我intp只是个北邮本,0,隐含,中性,无,low
卷王,,comment,咳咳，老于，果果跟咱俩一样。,0,隐含,中性,无,low
卷王,,comment,乌萨奇是灵感型天才[心心眼R],0,隐含,中性,无,low
卷王,,comment,我沙锤姐全班第四,0,隐含,中性,无,low
卷王,,comment,ENTP GPA 1.8,0,隐含,中性,无,human
卷王,,comment,我在美国公司做过。年假巨多,0,隐含,中性,无,low
卷王,,comment,很多中国人除了工作就是工作,0,隐含,中性,无,low
卷王,,comment,天天说提倡老年人生活，有没有人关注下年轻人的身心健康！,0,隐含,中性,无,low
卷王,,comment,看来不是很多人加班,0,隐含,中性,无,low
卷王,,comment,我一周工作有时候都90-100加小时了,0,隐含,中性,无,low
卷王,,comment,放在一堆发达国家里比，这几个国家全家加起来有全世界的五分之一不,0,隐含,中性,无,low
卷王,,comment,请问出处？最近写论文需要,0,隐含,中性,无,low
卷王,,comment,中不溜应该是那成堆的二本好不好……,0,隐含,中性,无,low
卷王,,comment,我是觉得外地的一说北京就是特别不屑，认为简单，随随便便就能有大学上。我过年回老家，亲戚家的孩子说，我们老师都说北京题简单……我也理解这种心态。但其实北京的孩子想上个大学真没有山河四省难，但是，想留京985以上的学校，那就是基本不可能完成的任务，全国各地各种状元的孩子和你一块竞争，开玩笑呢,0,隐含,中性,无,human
卷王,,comment,托底是北联海跑北农,0,隐含,中性,无,low
卷王,,comment,北工大已经不是托底的了。,0,隐含,中性,无,low
卷王,,comment,老铁最后一句话可真会扎心呐,0,隐含,中性,无,low
卷王,,comment,北工大也很难考好不好,0,隐含,中性,无,low
卷王,,comment,七万考生，一万名才能北工大，这是托底？,0,隐含,中性,无,human
卷王,,comment,孤陋寡闻，北工大是人大附孩子的保底，知道人大附什么水平吗？还是说你认为北京除了 top3 就没有其他高中了？,0,隐含,中性,无,human
卷王,,title,中国小学生越来越卷了，以后有出息了,0,隐含,中性,无,low
卷王,,comment,感觉她确实有点天赋，但放在网上就感觉拿她消费的感觉了，如果真有这么天才，应该去搞数竞,0,隐含,中性,无,human
卷王,,comment,怎么说，她这样类型的人反而不会太拔尖应该会比大多数同龄人好，但拔尖可能性不大,0,隐含,中性,无,low
卷王,,comment,那个所谓的考研题不就是高中的题目吗，也没这么夸张吧,0,隐含,中性,无,human
卷王,,comment,所以苹果分两份那题是正确还是错误,0,隐含,中性,无,low
卷王,,comment,所以第一题是错吗？,0,隐含,中性,无,low
卷王,,comment,嗯？第三题不就是高二排列组合吗？隔板法，考公也会考到。第一次接触很难想到做法，但掌握套路后30s就能做一道,0,隐含,中性,无,low
卷王,,title,寝室内卷到底何时是个头,0,隐含,中性,无,low
卷王,,comment,...贺知章一样..,0,隐含,中性,无,low
卷王,,comment,这就是为什么有宿舍这个存在的意义嘛,0,隐含,中性,无,human
卷王,,title,鬼佬对卷王真是深恶痛绝,0,隐含,中性,无,low
卷王,,content,"今天周五，来上班的人不多，早晨打开电脑，发现昨晚有人九点钟还在发邮件，同组的鬼佬顿时不淡定了，who‘s fxxx working at 9pm, get a life! 然后一顿输出。 感觉大家都很有松弛感，周五早晨都在social，端着咖啡聊着天，真好",0,隐含,中性,无,low
卷王,,comment,你告诉我。那些6.7点在火车上的。一直电脑回复邮件的，开会的鬼老。是不是异类。,0,隐含,中性,无,low
卷王,,comment,“今天周五，来上班的人不多”好小众的文字,0,隐含,中性,无,low
卷王,,comment,这话也就xhs说着有人信，我经历过无数次晚上干活上班开会，以及周末才有时间帮我修订文件的老同事们,0,隐含,中性,无,low
卷王,,comment,所以欧美在退步,0,隐含,中性,无,low
卷王,,comment,工贼应人人喊打，接受职场霸凌,0,隐含,中性,无,low
卷王,,comment,卷到极致就是经济崩盘，没消费能力，然后生产端爆炸，欧美当年吃过亏，不然吃饱了撑的保护劳动者利益，一帮人还把卷当成可以沾沾自喜的东西,0,隐含,中性,无,low
卷王,,comment,快来整顿下我们的职场,0,隐含,中性,无,low
卷王,,comment,洛杉矶卷王们7点就送完去卷体育的孩子，回自己的岗位开始睡眠不足的一天，用国人都觉得难喝的深烘豆续命，很多外企把这描绘为岸，鼓励员工通过晋升去上。,0,隐含,中性,无,low
卷王,,comment,啊光明正大学我很敬佩的好吧，主要是反感偷偷摸摸学的，说自己要上床玩手机结果半夜拼命翻书页卷，何意味，想学就学嘛,0,隐含,中性,无,low
卷王,,comment,到底有哪些网红，哪些境外组织，都说清楚，没模棱两可的,0,隐含,中性,无,low
卷王,,comment,不少人是哪些人,0,隐含,中性,无,low
卷王,,title,Math 409碰到一堆卷王,0,隐含,中性,无,low
卷王,,comment,"a>b, c> d证明a+ c >b+d，这不是初中数学吗？",0,隐含,中性,无,low
卷王,,title,上交大一 卷不动了,0,隐含,中性,无,low
卷王,,content,周末的包图依旧人满为患,0,隐含,中性,无,low
卷王,,comment,人满为患➕1....卷不动➕1现在本人尸体在图书馆内沙发上晾着,0,隐含,中性,无,low
卷王,,comment,我刚从交大离开,0,隐含,中性,无,low
卷王,,comment,怪不得约饭，找不到交大的，原来你们都在图书馆啊,0,隐含,中性,无,low
卷王,,comment,数院的淑芬吗？,0,隐含,中性,无,low
卷王,,comment,昨天晚上和朋友谈话，在准备考研了，两手抓,0,隐含,中性,无,low
卷王,,comment,研究生两年半去过图书馆的次数屈指可数,0,隐含,中性,无,low
卷王,,comment,为啥感觉教学楼更适合自习,0,隐含,中性,无,low
卷王,,comment,捉到一只卷人,0,隐含,中性,无,low
卷王,,comment,现在图书馆这么智能了,0,隐含,中性,无,low
卷王,,comment,为嘛是英文滴？,0,隐含,中性,无,low
卷王,,title,这是一条长达168个小时的学习vlog…,0,隐含,中性,无,low
卷王,,comment,主包你做什么都会成功的......,0,隐含,中性,无,human
卷王,,comment,这一套好好看！！,0,隐含,中性,无,low
卷王,,comment,鱼你好会配bgm哈哈哈哈,0,隐含,中性,无,low
卷王,,title,玩命学习是种怎样的体验？,0,隐含,中性,无,low
卷王,,comment,虽然但是宵夜只吃水果不是好习惯,0,隐含,中性,无,low
卷王,,comment,燃起来了,0,隐含,中性,无,human
卷王,,comment,小老头对事认真是真的，容易一个不当心就出圈,0,隐含,中性,无,low
卷王,,comment,我可能不是，但是我不适合个人卷，我得在一个契合的团队里一起发力就会挺享受卷的,0,隐含,中性,无,low
卷王,,comment,我可以不做事，但不能是我不会，做就要做到最好，否则别做。,0,隐含,中性,无,low
卷王,,comment,INFJ是自我要求高的内卷，做事但求问心无愧,0,隐含,中性,无,low
卷王,,title,自习室为什么没有卷王,0,隐含,中性,无,low
卷王,,comment,我们这十点关,0,隐含,中性,无,low
卷王,,comment,在哪呀，还有位置了吗,0,隐含,中性,无,low
卷王,,comment,OMG，有没有可能你才是那个卷王,0,隐含,中性,无,human
卷王,,comment,还在学啊,0,隐含,中性,无,low
卷王,,comment,跨年了准备,0,隐含,中性,无,low
卷王,,comment,xtj哈哈哈哈哈这周边！,0,隐含,中性,无,low
卷王,,comment,这是哪儿的自习室啊,0,隐含,中性,无,low
卷王,,comment,等我去，就在我家楼下，年后辞职了就要开始专心学了！,0,隐含,中性,无,low
卷王,,comment,我们自习室也是，晚上10点以后大多数时候都没有人,0,隐含,中性,无,low
卷王,,title,谁懂这段评和原文相结合起来的救赎感,0,隐含,中性,无,low
卷王,,comment,没看懂，啊？,0,隐含,中性,无,human
卷王,,title,intj能有多卷,0,隐含,中性,无,low
卷王,,comment,学东西快啊关键是必须要好好利用这个技能然后闷声发大财,0,隐含,中性,无,human
卷王,,comment,早上八点半到单位，五点半下班，然后和搭子继续在单位学习到晚上九点，整个单位大楼就剩我们俩了,0,隐含,中性,无,low
卷王,,comment,狠狠点了真的是不管多晚睡，早起也不午睡,0,隐含,中性,无,human
卷王,,comment,哈哈哈哈状态好的时候是这样的 皮质醇也爆炸,0,隐含,中性,无,low
卷王,,comment,问题是目前对什么都没兴趣,0,隐含,中性,无,low
卷王,,comment,11点半睡 6点起做饭 带三个孩子 做自媒体做直播 关键都奔四了我想看看我能充沛到多大岁数,0,隐含,中性,无,human
卷王,,comment,我们真的是不午睡，,0,隐含,中性,无,low
小透明,,title,在B站做UP主4年，3次百大,0,隐含,中性,无,low
小透明,,comment,这么一看，明明已经变成明明了，不是胖明明了,0,隐含,中性,无,low
小透明,,comment,真的好厉害，才四年就三次百大,0,隐含,中性,无,low
小透明,,comment,恭喜！！,0,隐含,中性,无,low
小透明,,comment,实至名归！,0,隐含,中性,无,low
小透明,,comment,实至名归！！,0,隐含,中性,无,human
小透明,,comment,主要以前天天跟着他那些舞蹈教程学,0,隐含,中性,无,low
小透明,,comment,blbl有她shs没有,0,隐含,中性,无,low
小透明,,comment,刚开始是小眼睛，后面为什么是大眼睛？,0,隐含,中性,无,human
小透明,,comment,谁跟我一样，从他对着镜子跳舞就开始认识他了，一直到现在,0,隐含,中性,无,low
小透明,,title,能来一个我就好好学习,0,隐含,中性,无,low
小透明,,comment,这里他们都未注入小红书那你们就打扮成他们的样子,0,隐含,中性,无,human
小透明,,comment,很多都已经入住了,0,隐含,中性,无,low
小透明,,title,在班里存在感很弱是我哪里出了问题吗？,0,隐含,中性,无,low
小透明,,comment,没有存在感是件好事被别人注意到而且你没太大本事的话，基本只是灾难,0,隐含,中性,无,low
小透明,,comment,我高中时期跟你是一样的状况，后来高二高三的时候好了很多，有自己固定的小圈子和搭子，解决方案就是你不要总觉得自己融入不进去，因为在这个时候你是把自己和他们分属于两个不同的圈子里的，所以你要做的是拆掉你的圈子，然后再拆掉他们的圈子，然后再把你们融入在一起，这是很难的，但是你如果换一个想法，一开始不要先觉得自己跟他们没有融入到一起，而是觉得自己已经是这个班级里正常的一员，人缘不算太好，但也绝对没有到没有融入的程度，这个时候你就是自在的，自在的和同学交流，自然会有人和你慢慢的走近，慢慢的形成你自己的小圈子,0,隐含,中性,无,low
小透明,,comment,就听到别人如果在聊自己感兴趣的或者班级里的事就很自然地上去跟一嘴加入聊天，或者有一群人聊天的时候过去凑个热闹，也并不是说别人看起来有搭子了就不能一起玩了，我到高三玩的最好的朋友截止高二上学期还完全不熟,0,隐含,中性,无,low
小透明,,title,这到底怎么回事？有谁能给我解释一下？,0,隐含,中性,无,human
小透明,,comment,我也没有，估计这个是别人盗的视频吧,0,隐含,中性,无,low
小透明,,comment,她好像原公司离职了,0,隐含,中性,无,human
小透明,,comment,我也不知道，本来之前有很多很多的,0,隐含,中性,无,low
小透明,,comment,你想成为什么样的人，取决于你自己。yourself,0,隐含,中性,无,human
小透明,,comment,不要太透明 现在很多公司看简历 没任何奖学金 没参加任何比赛/交流/项目等 没有相关的实习经验 那就直接拜拜（除非是领导塞进来的 大家都懂）,0,隐含,中性,无,human
小透明,,title,来马丘比丘我只做一件事,0,隐含,中性,无,low
小透明,,comment,为啥送纸？山上拉屎？,0,隐含,中性,无,low
小透明,,comment,会接受到很多莫名其妙的恶意,0,隐含,中性,无,low
小透明,,comment,会被欺负成为被霸凌对象,0,隐含,中性,无,low
小透明,,comment,如果长得好看➕加成绩好，我就感觉是我女神；如果单纯的成绩好，我就觉得她是高冷学霸；如果单纯的长得好看，那就是高冷；如果不好看➕成绩不好，我就觉得她孤僻[呃R],0,隐含,中性,无,low
小透明,,comment,需要自洽，自己告诉自己“我很好”,0,隐含,中性,无,low
小透明,,comment,成绩好点漂亮点会有想法，成绩一般不好看的没有存在感,0,隐含,中性,无,low
小透明,,comment,睡过头了10点到，体验到了万众瞩目,0,隐含,中性,无,low
小透明,,comment,发通知说8：30前到，8：10到他们都到了老师都来了也是万众瞩目了哈,0,隐含,中性,无,human
小透明,,comment,谁懂，早就准备好走了，结果查询要带手机，我家长没带，回去拿了之后人基本上都走完，死手机还查不到，结果发现是住宿的人才能查到，不是住宿的人是看名单,0,隐含,中性,无,low
小透明,,comment,其实我最后一个到只是因为不想把时间浪费在学校上罢了。,0,隐含,中性,无,low
小透明,,comment,开学陪朋友找行李，找了一个多小时，最后在男生宿舍找到了，然后才进的教室,0,隐含,中性,无,low
小透明,,comment,主播学校竟然可以留刘海,0,隐含,中性,无,low
小透明,,comment,这是什么纯正口音,0,隐含,中性,无,low
小透明,,comment,是的是的，迟到了，最后一个去全班和老师都看着我,0,隐含,中性,无,low
小透明,,title,登录日记app上发现陌生人的留言,0,隐含,中性,无,low
小透明,,comment,请问一下这个软件给别人点过赞的那个帖子，在哪里能找到那个？,0,隐含,中性,无,low
小透明,,comment,当透明人当习惯了，发现这才是我最舒服的状态,0,隐含,中性,无,low
小透明,,comment,内向没有错。。。,0,隐含,中性,无,low
小透明,,comment,0个人愿意和我说话。,0,隐含,中性,无,low
小透明,,content,这边可能比较慢一点，因为要删删改改自检啥的，不然很容易看不见 #bg#小说,0,隐含,中性,无,low
小透明,,comment,于令熙是拉拉？？？！,0,隐含,中性,无,low
小透明,,comment,看一半我忘了小三知道卉卉有男朋友吗,0,隐含,中性,无,low
小透明,,comment,老师在afd发了吗没有找到呢,0,隐含,中性,无,human
小透明,,comment,难道小于…,0,隐含,中性,无,low
小透明,,comment,虽然看不下去纯百合文，但是在弱女万人迷里看女主被女配调戏还怪有意思的,0,隐含,中性,无,low
小透明,,comment,老师，请问这篇完结了吗？,0,隐含,中性,无,low
小透明,,comment,老师快写快写！下一篇呢,0,隐含,中性,无,human
小透明,,comment,哎，为什么这个上传上去的图片时间一长都变成白色的了，打开也看不到,0,隐含,中性,无,low
小透明,,comment,如果有人关注了我的话会收到通知嘛,0,隐含,中性,无,low
小透明,,comment,怎么才能知道谁关注我了,0,隐含,中性,无,low
小透明,,comment,为毛看不了2025年的,0,隐含,中性,无,low
小透明,,comment,Chain validation failed? 怎么突然有了这个提示[抽泣R][抽泣R]昨天还好好的啊[抽泣R]现在登陆也登陆不上[抽泣R][抽泣R],0,隐含,中性,无,low
小透明,,comment,你多发点关于这些用法和小细节的东西吧,0,隐含,中性,无,low
小透明,,comment,请问可以自己评论吗,0,隐含,中性,无,low
小透明,,comment,能不能加一个latepost的功能啊.. 拖延症患者真的很需要这个功能 比如今天想记录一下昨天或前几天的一些想法啥的,0,隐含,中性,无,low
小透明,,title,过年独处可以玩的APP！i 人的电子年货,0,隐含,中性,无,human
小透明,,comment,她卖号了，去ks发展了,0,隐含,中性,无,low
小透明,,comment,我今天突然想学他的舞，但是一搜他的号注销了我都懵了,0,隐含,中性,无,low
小透明,,comment,哎 我反的也是这样,0,隐含,中性,无,low
小透明,,comment,我死都不当,0,隐含,中性,无,low
小透明,,content,#bg#小说 一开始：“游小姐，你应该不想同事们知道……” 后面：“卉卉，你也不想被他知道我们的关系吧？”,0,隐含,中性,无,low
小透明,,comment,靠 有没有这种类型的文 好带感,0,隐含,中性,无,low
小透明,,comment,车内抽烟吗？,0,隐含,中性,无,low
小透明,,comment,一定要夹心饼干啊。。,0,隐含,中性,无,low
小透明,,comment,不过女主都有人脉了工作上还是这么战战兢兢吗,0,隐含,中性,无,low
小透明,,comment,有后续提醒我,0,隐含,中性,无,low
小透明,,comment,有更新就点赞我的这条评论,0,隐含,中性,无,low
小透明,,comment,！！！男朋友会是第一个嘛,0,隐含,中性,无,low
小透明,,comment,历史调研室,0,隐含,中性,无,low
小透明,,comment,我也算是吧，虽然前三，但真的，老师不怎么关注我,0,隐含,中性,无,human
小透明,,comment,我真的就很透明,0,隐含,中性,无,low
小透明,,comment,我靠，我是23号,0,隐含,中性,无,low
小透明,,comment,这是你做的吗？好美。,0,隐含,中性,无,low
小透明,,content,执念消失，平静的生活贯穿我的每分每秒,0,隐含,中性,无,low
小透明,,comment,在英国偶遇姜楠,0,隐含,中性,无,low
小透明,,comment,怎么可能,0,隐含,中性,无,low
小透明,,comment,但我还是要说，拥有主动权的人从来都不是我,0,隐含,中性,无,human
小透明,,comment,原来有什么执念？,0,隐含,中性,无,low
小透明,,comment,🐻什么时候变那么丰满,0,隐含,中性,无,low
小透明,,comment,老透明又去英国了,0,隐含,中性,无,low
小透明,,comment,你是某些人一辈子的执念,0,隐含,中性,无,human
班干部,,title,外国学校有没有“班干部”？,0,隐含,中性,无,human
班干部,,comment,孩子們說那叫teacher's pet,0,隐含,中性,无,human
班干部,,comment,我想知道外国都首都有升旗仪式吗？,0,隐含,中性,无,low
班干部,,comment,有的，我闺女小学，负责整个班所有学生的ipad开关机工作,0,隐含,中性,无,low
班干部,,comment,小学我们遇到过，小组长，收作业……还有什么line leader ，door holder每个孩子都有点职务，帮助老师和班级……感觉没有什么干部的意思，就是做点贡献。,0,隐含,中性,无,low
班干部,,comment,有啊。国外叫班级代表，主要是帮忙老师再帮同学，帮忙传达学校各种通知。,0,隐含,中性,无,low
班干部,,comment,有学生代表src 但是一般都是年级制的 不和班级挂钩,0,隐含,中性,无,low
班干部,,comment,小学的时候有类似这样的（负责扶门的…队长…什么的）,0,隐含,中性,无,low
班干部,,comment,当然有，美国大学申请leadership是非常重要的一个指标啊，小朋友小学老师学校翻着花样轮流当各种岗位，全都是干部，学校级别的要自己去竞选,0,隐含,中性,无,low
班干部,,title,注意啊，是左位！,0,隐含,中性,无,low
班干部,,content,#代餐#恶俗梗,0,隐含,中性,无,low
班干部,,comment,其实一直觉得循规蹈矩的好学生代表配上恶俗xp最带感了……平时会戴眼镜的那种也不错，在外人眼里都是三好学生，公认的好孩子，只有右位知道对方有多恶劣，被欺负到条件反射，一看到对方的某个小动作就下意识发抖……,0,隐含,中性,无,low
班干部,,title,当我和班委朋友们合照….,0,隐含,中性,无,low
班干部,,content,#朋友#校园#群像#青春#班委#兄弟#照片里的青春#同学#合照,0,隐含,中性,无,low
班干部,,comment,好朋友们：心理委员.... 卫生委员 拍摄,0,隐含,中性,无,low
班干部,,comment,进个班还要卡颜,0,隐含,中性,无,low
班干部,,comment,心理委员是不是这个人？,0,隐含,中性,无,low
班干部,,comment,哟，还卡颜,0,隐含,中性,无,human
班干部,,comment,我心里不得劲的时候就要去找心理委员了💤,0,隐含,中性,无,low
班干部,,comment,作者你跟你们班心理委员说我不得劲,0,隐含,中性,无,human
班干部,,comment,唐磊扣的分最多,0,隐含,中性,无,low
班干部,,comment,宝宝你和你的朋友们最近去蛋糕店要小心点！听说蛋糕店现在都在抓小蛋糕，你们去容易被盯上的！,0,隐含,中性,无,low
班干部,,title,在正班级和正委级之间反复横跳,0,隐含,中性,无,low
班干部,,comment,不要管她们 你又没做错,0,隐含,中性,无,low
班干部,,content,小学当过班长，那时候我们班一共有4个班长，权利不分高下，每周都有两个班长执勤，相互制衡，现在想来还是会佩服小学班主任的治班之道！这个暂且算是副班级吧！ 初中高中当了体育委员，天天带广播体操，很有一方诸侯的感觉，因为体育相关的事情都是我说了算，可以说是非常潇洒的有实权的正委级了！ 大学心痒痒地又去竞选了班长还当上了，但是感觉班级概念被弱化了很多，班长主要就是帮着义务跑腿，传递各种指令拿各种文件和组织活动。不过好歹也算是终于做到了正班级！ 最后悟了，还是做个普通人爽快。 #职场干货#基层治理专干#每日分享,0,隐含,中性,无,low
班干部,,comment,我现在是寝室长➕组织委员➕班长,0,隐含,中性,无,low
班干部,,comment,初中副班长可以当吗,0,隐含,中性,无,human
班干部,,comment,我一定要当纪律委员，谁逃课都记下来。,0,隐含,中性,无,low
班干部,,comment,这班干部多大才叫大呀,0,隐含,中性,无,low
班干部,,comment,我同桌是安全员兼美术课代表+电脑员而且还是班级修理工，物理政治老师的一员大将。班长组长课代表都得罩着他。背后有美术老师护着,0,隐含,中性,无,low
班干部,,comment,小时候觉得组长最吃香，每天组长收作业时候都可以买通她把别人作业给我抄,0,隐含,中性,无,human
班干部,,comment,实验班是不是得高半级,0,隐含,中性,无,low
班干部,,comment,对不起，老夫学生会的，所有班长归我管,0,隐含,中性,无,low
班干部,,title,午饭吃什么之速食篇,0,隐含,中性,无,low
班干部,,content,开一个班长吐槽大会#班长,0,隐含,中性,无,low
班干部,,comment,不要什么都问班长啊[呃R],0,隐含,中性,无,low
班干部,,comment,班长就是夹在学院和班级之间的夹心饼干，里外不是人，导员觉得你能解决班上一切事情，同学觉得你代表导员负责解决一切问题,0,隐含,中性,无,low
班干部,,comment,每天签到都不及时，一问就是没看见，上课也是，说是起不来，不是我说，快20岁的人了不知道定个闹钟吗,0,隐含,中性,无,low
班干部,,comment,班长没招了 我求你们读懂这些暗语吧 我总不能直接给你说你自己欠你家长名字吧....,0,隐含,中性,无,low
班干部,,comment,能不能别和班长请假班长真的没有给你们批假的权利,0,隐含,中性,无,low
班干部,,comment,为什么都不看消息呢？,0,隐含,中性,无,low
班干部,,comment,群里发的有消息，有过程，怎么弄一步一步都说好了！！！,0,隐含,中性,无,low
班干部,,comment,班长不是密码大全,0,隐含,中性,无,low
班干部,,comment,别提问我了靠，节节课都提,0,隐含,中性,无,low
班干部,,title,一个来姨妈的小女孩轻轻碎了,0,隐含,中性,无,low
班干部,,comment,还是蟑螂,0,隐含,中性,无,low
班干部,,comment,偷偷看粉包,0,隐含,中性,无,low
班干部,,comment,刚好要买，看了就不买了,0,隐含,中性,无,human
班干部,,comment,这对吗 我刚买完,0,隐含,中性,无,low
班干部,,title,月底了，凑合凑合过吧,0,隐含,中性,无,low
班干部,,title,班委竞选失败,0,隐含,中性,无,low
班干部,,comment,对……大学都是人际关系 明明是平票 可我还是落选了,0,隐含,中性,无,low
班干部,,comment,请问这个牌子怎么了刚刚看推荐想下单,0,隐含,中性,无,low
班干部,,comment,班干部的土豆泥怎样？,0,隐含,中性,无,low
班干部,,comment,班干部的太和板面好吃吗,0,隐含,中性,无,low
班干部,,comment,可怜的孩子,0,隐含,中性,无,low
班干部,,comment,我感觉他的麻将米线挺好吃的,0,隐含,中性,无,low
班干部,,comment,牛筋面如何,0,隐含,中性,无,human
班干部,,comment,千万别买这个，巨难吃，粉邦邦硬，还只能一根一根吃，因为吃两根以上你就能体会到直通天灵盖的苏爽，一点麻酱味没有全是芥末味,0,隐含,中性,无,low
班干部,,comment,我觉得那个云吞面好好吃,0,隐含,中性,无,low
班干部,,comment,心疼三秒,0,隐含,中性,无,human
班干部,,title,班主任说事：班委职责表,0,隐含,中性,无,low
班干部,,content,哈哈哈哈哈哈选不上是真的#班干部竞选#人人都是班干部,0,隐含,中性,无,low
班干部,,comment,都是男的吗,0,隐含,中性,无,low
班干部,,comment,19:11 我是11,0,隐含,中性,无,low
班干部,,comment,我感觉还可以诶，要不下次你去试试贡菜那个,0,隐含,中性,无,low
班干部,,comment,我也感觉不好吃，粉不好吃，面的口感也不好吃,0,隐含,中性,无,low
班干部,,title,班级前五的MBTI（求评）,0,隐含,中性,无,low
班干部,,content,图好糊… 班二班四是推测 班一都觉得她是istj或isfj 但测的是intj 本人乃班长激推（小人机真的萌） #INTJ#ENTP#ESTP#ISTP#ENTJ#班级前五MBTI,0,隐含,中性,无,low
班干部,,comment,是对学习有一定兴趣的墨镜[呃R]这是稀有生物了,0,隐含,中性,无,low
班干部,,comment,好奇班三和班五的故事,0,隐含,中性,无,human
班干部,,comment,我靠这个班一和我好像,0,隐含,中性,无,human
班干部,,comment,怎么这么多英语课代表？,0,隐含,中性,无,low
班干部,,comment,怎么有那么多英语课代表,0,隐含,中性,无,low
班干部,,comment,想听听班四的风云事迹,0,隐含,中性,无,low
班干部,,comment,嘻嘻，estp就是班长,0,隐含,中性,无,human
班干部,,comment,想知道34之间的关系,0,隐含,中性,无,human
班干部,,title,开一个班委吐槽贴,0,隐含,中性,无,low
班干部,,content,#大学生社会#大学生就该这样#大学生不懂就问#当地大学生 不太懂为啥在大学当个劳动委员（男的）怎么官威会这么大,0,隐含,中性,无,low
班干部,,comment,是要罚吗,0,隐含,中性,无,low
班干部,,comment,可是你们为什么不去搞卫生啊？要是大家都好好干他也不会这样子呀,0,隐含,中性,无,low
班干部,,comment,你好！ 可以拍一下这个配料表吗,0,隐含,中性,无,low
班干部,,comment,这个宽粉特别好吃,0,隐含,中性,无,low
班干部,,title,我就是那个心理委员,0,隐含,中性,无,low
班干部,,content,#懵懂的青春#帅哥#理想型#学生....,0,隐含,中性,无,low
班干部,,comment,这个难道不是t吗？,0,隐含,中性,无,low
班干部,,comment,心理委员怎么比我还忧郁,0,隐含,中性,无,low
班干部,,comment,主包你脚后跟怎么长脸上了？,0,隐含,中性,无,human
班干部,,comment,心理委员你长的那么帅，我不得劲,0,隐含,中性,无,human
班干部,,comment,心理委员更不得劲,0,隐含,中性,无,low
班干部,,comment,心理委员，我不得劲,0,隐含,中性,无,low
班干部,,comment,心理委员 我不能亲眼见到你 我不得劲,0,隐含,中性,无,low
班干部,,comment,心理委员我不得劲,0,隐含,中性,无,low
班干部,,comment,在百度上看过你，其中还有班长纪律委员等等,0,隐含,中性,无,human
班干部,,title,学委不当人了，，,0,隐含,中性,无,low
班干部,,comment,你不点名吗 干四年学委，基本上除了选修课都点名来着，后面懒得点了就发学习通签到，要是签到了但是被发现人又偷偷走了那就是他自己的问题了,0,隐含,中性,无,low
班干部,,comment,我都是扫一圈就知道谁没来了，一般就问问舍友什么原因请假的都会跟我说，没跟我说的就报，有不对的后面改就行了,0,隐含,中性,无,low
班干部,,comment,把请假的如实写上，导员也不看考勤吧,0,隐含,中性,无,low
班干部,,comment,我现在都没找老师签，我直接自己代签，除有和我说请假的，不然就是全到,0,隐含,中性,无,low
班干部,,comment,没有签到的课，我一律都点名,0,隐含,中性,无,human
班干部,,comment,这个不是纪委负责吗,0,隐含,中性,无,human
班干部,,comment,学委一点也不好当,0,隐含,中性,无,low
班干部,,title,班委竞选～,0,隐含,中性,无,low
班干部,,comment,?大学了染个五颜六色的都没关系吧,0,隐含,中性,无,human
班干部,,comment,李浩遥遥领先,0,隐含,中性,无,low
班干部,,comment,竞选为什么要看手机,0,隐含,中性,无,low
班干部,,comment,姐姐可以推荐一套衣服吗,0,隐含,中性,无,low
班干部,,comment,大学生写这样的字，感觉这大学上的也没有啥用,0,隐含,中性,无,low
班干部,,comment,染发咋了，我还漂我心理委员还挑染蓝的那咋了,0,隐含,中性,无,human
班干部,,comment,还缺男朋友吗,0,隐含,中性,无,low
班干部,,comment,这是什么字啊？,0,隐含,中性,无,low
班干部,,title,支个招家人们,0,隐含,中性,无,low
班干部,,comment,1.强制参加的活动你不用去的，就也不用和班长说，活动那天直接不去就行了,0,隐含,中性,无,low
班干部,,comment,GM无罪，早饭有理.,0,隐含,中性,无,low
班干部,,comment,强制要五张照片谁懂,0,隐含,中性,无,low
班干部,,title,当班干部是不是吃力不讨好,0,隐含,中性,无,low
班干部,,content,大学 一定要当班干部吗？ 准大一新生，想问一下大学是不是一定要当班干部？如果当了班干部是不是四年都不会变了？当班干部有啥好处呢？#班干部竞选#大学生职场#大学生社会,0,隐含,中性,无,human
班干部,,comment,班干部一年评选一次,0,隐含,中性,无,human
班干部,,comment,班干部只是服务班级人员和帮老师做事，会加综测。其他没什么优势,0,隐含,中性,无,low
班干部,,comment,综测可能会加分，总体用处不大,0,隐含,中性,无,low
班干部,,comment,班干部只在评优和入党有优势，没有这种想法，以及毕业不想进体制内的，不用管它,0,隐含,中性,无,low
准初三,,comment,平时再聊聊大学生活、聊聊未来，孩子心里自然会生出向往：原来努力一点，真的可以去更好的地方,2,隐含,正面,学业,low
准初三,,comment,加油加油,2,隐含,正面,学业,high
准初三,,comment,可以试试全托，新华区有一家全托挺好的,2,隐含,正面,生活,medium
准初三,,comment,笑死我了,2,隐含,正面,人际,low
准初三,,comment,笑死这个哈哈哈哈哈哈哈,2,隐含,正面,人际,low
准初三,,comment,宝宝加油呀,2,隐含,正面,学业,high
准初三,,comment,只要努力学肯定会有好结果的,2,隐含,正面,学业,high
准初三,,content,不过目前我也接受事实了，之前一昧的抱怨也没啥用 我现在只想抓住最后时间解决问题 看看自己是平淡地过这七十天呢 还是努力拼一把 问题3️⃣ 对未来及学习的意义不明，没有真正为自己而学,2,隐含,正面,学业,high
准初三,,content,加油吧小孩儿,2,隐含,正面,学业,high
准初三,,comment,继续努力，相信一切都是最好的安排,2,隐含,正面,学业,high
准初三,,comment,出分了再给大家说结果，对我13天c级能否上岸感兴趣的可以蹲蹲，会踢,2,隐含,正面,学业,high
准初三,,comment,上岸成功，13天挑战成功,2,隐含,正面,学业,high
准初三,,comment,你也要加油,2,隐含,正面,学业,high
准初三,,comment,当然来得及，只要愿意努力，什么时候都不晚，而且初一的知识真的很简单,2,隐含,正面,学业,low
准高三,,comment,高中真的挺好的，无时无刻不在怀念高中的食堂，高中的同学，高中从学校到家的那条路，高中的校园,2,隐含,正面,生活,medium
准高三,,comment,你高中挺好的，我们食堂是预制菜我们班劳委把预制菜商家宣传菜单都拿到了,2,隐含,正面,生活,medium
准高三,,comment,那真的挺好的了哈哈哈我也心动啊，我们学校把煮串奶茶这几个为数不多的好吃的东西全撤出去了，剩下的基本没有好吃的了,2,隐含,正面,生活,medium
准高三,,comment,我会努力的,2,隐含,正面,学业,low
准高三,,comment,他当时还把篮球砸我脸上，没砸中我躲过了,2,隐含,正面,学业,high
准高三,,content,1.不要迷信“努力”的力量,2,隐含,正面,学业,low
准高三,,content,努力本身是一种必要的行动，任何事情都需要努力，你不可能躺在原地等好事降临,2,隐含,正面,学业,low
准高三,,content,只不过有些事情因为存在难度，所以需要逼迫自己一把，因而让你有种“我在努力”的错觉,2,隐含,正面,学业,low
准高三,,comment,那倒没有，但是我初中成绩确实挺好的，因为想考个好的高中,2,隐含,正面,生活,medium
准高三,,comment,抱抱宝宝我们一起努力加油,2,隐含,正面,学业,high
准高三,,comment,一起加油 宝宝,2,隐含,正面,学业,high
准高三,,comment,加油宝宝,2,隐含,正面,学业,high
准高三,,comment,我们都要加油哦,2,隐含,正面,学业,high
准高三,,comment,是的，加油加油，相信自己,2,隐含,正面,学业,high
准高三,,comment,加油啊上大学很爽的,2,隐含,正面,学业,high
准高三,,comment,加油呀姐姐,2,隐含,正面,学业,high
准高三,,comment,好舒服的感觉,2,隐含,正面,生活,high
准高三,,content,就这样，平平淡淡更或是浑浑噩噩地度过了三年,2,隐含,正面,学业,high
准高三,,comment,加油加油加油,2,隐含,正面,学业,high
准高三,,comment,哈哈哈哈笑死我了,2,隐含,正面,人际,low
准高三,,comment,99%的人的努力程度 还没到拼天赋那一步 放心,2,隐含,正面,学业,low
准高三,,comment,没错，事实上足够努力是一种非常珍贵的天赋,2,隐含,正面,学业,low
准高三,,comment,有天赋的人和一般人在精力相同的前提下，一般人努力到死都达不到我们所谓的“努力到拼天赋的程度”所以努力和天赋作比较本身就是伪命题哈，比努力更重要的是做选择,2,隐含,正面,学业,low
准高三,,comment,努力也是天赋的一部分,2,隐含,正面,学业,low
准高三,,comment,你是努力股，不会被落下的那种,2,隐含,正面,学业,low
准高三,,comment,高中班里（文科班）有好几个特别认真的 真的是特别特别认真 我不相信他们是假努力 但是他们每次都是班级里倒十左右 最后五百分左右读的民办,2,隐含,正面,学业,low
准高三,,comment,嗯嗯 加油呀,2,隐含,正面,学业,low
准高三,,comment,光合作用大题要能快速从题干中抓取关键信息然后判断是考影响因素还是过程比较，努力也要有方法，把每个过程的原理和联系搞懂，其实没那么难,2,隐含,正面,学业,low
准高三,,content,陪孩子走完高三这条路，闺女最后685分上岸北大，回过头看，真心感慨：高三最后60多天，家长比孩子更关键,2,隐含,正面,学业,high
准高三,,content,高三最后这两个月，不是拼孩子有多努力，而是拼家长能不能稳住节奏、托住情绪,2,隐含,正面,学业,low
初三党,,comment,真的要笑死了,2,隐含,正面,人际,high
初三党,,comment,果子一起加油,2,隐含,正面,学业,high
初三党,,comment,没事没事加油宝子,2,隐含,正面,学业,low
初三党,,comment,时间过的好快 怎么就轮到自己上考场了 加油 我们一起上岸,2,隐含,正面,学业,high
初三党,,comment,加油努力就会有收获，初中还没到拼天赋的时候,2,隐含,正面,学业,high
初三党,,comment,有定向生，也得努力争取一下,2,隐含,正面,学业,high
初三党,,comment,加油呀ry 我们一起考一中,2,隐含,正面,学业,high
初三党,,content,真的很毁心态，要永远相信努力的自己就是最棒的,2,隐含,正面,学业,low
初三党,,comment,我也是初三生，没啥的，努力了就行，时间不会停，继续不完美的人生,2,隐含,正面,学业,low
初三党,,comment,加油我们都很棒,2,隐含,正面,学业,high
初三党,,comment,嗯嗯加油,2,隐含,正面,学业,high
初三党,,comment,一起加油,2,隐含,正面,学业,high
初三党,,comment,好呀!一起加油哟,2,隐含,正面,学业,high
初三党,,comment,加油加油祝你考上理想高中,2,隐含,正面,学业,high
初三党,,comment,哈哈 加油啊,2,隐含,正面,学业,high
高三党,,comment,没事没事 努力考好其他就好 超级棒了,2,隐含,正面,学业,low
高三党,,comment,加油加油呀老师来长沙找我玩,2,隐含,正面,学业,high
高三党,,comment,加油，祝金榜题名,2,隐含,正面,学业,high
高三党,,comment,就这样等死也挺好的,2,隐含,正面,生活,medium
高三党,,comment,加油哦老师,2,隐含,正面,学业,high
高三党,,comment,不论怎样，老大加油,2,隐含,正面,学业,high
高三党,,comment,因为大家是发过光的中等生，初中的时候成绩还算优异 所以学起来很有干劲很有成就 ，高中的知识不再是勤奋努力就可以掌握的了，每次揣着三四十分的数学试卷真的很让人没有继续学下去的动力,2,隐含,正面,学业,low
高三党,,comment,加加加加加加加加加加加加油,2,隐含,正面,学业,high
复读生,,comment,💡 小提醒：不用追求“满进度”，重点是让每一步努力都“看得见”—— 每周翻一次，你会发现：原来自己早已在悄悄进步呀～,2,隐含,正面,学业,low
复读生,,content,” 后来她按复读专属表走，今年上岸了浙传,2,隐含,正面,学业,high
复读生,,content,要么在街道/人才市场，要么在原录取大学（如果报了到）,2,隐含,正面,学业,high
复读生,,comment,复读生加油，英中四部加油，小霄加油[抽泣R],2,隐含,正面,学业,low
复读生,,comment,复读生加油,2,隐含,正面,学业,low
复读生,,comment,英中四部曲好爽啊,2,隐含,正面,生活,high
复读生,,comment,老师如果被职业高中录取了，但是不去上，会对复读有影响吗,2,隐含,正面,学业,high
复读生,,comment,录取了就很难办了,2,隐含,正面,学业,high
复读生,,content,3. 复读生和应届生同分同录，录取时无“隐形限制”,2,隐含,正面,学业,high
复读生,,content,已被高校录取未报到/退学的，需加传退学证明,2,隐含,正面,学业,high
复读生,,comment,虽然迟了，但加油,2,隐含,正面,学业,low
复读生,,comment,加油 放平心态好好发挥,2,隐含,正面,学业,low
复读生,,comment,刚刚好，还有一个月，以我们的学习能力一定成功，加油加油,2,隐含,正面,学业,low
复读生,,comment,专科也很好的 只要努力在哪里都一样的,2,隐含,正面,学业,low
复读生,,comment,复读没有上岸,2,隐含,正面,学业,high
复读生,,comment,妹妹加油啊,2,隐含,正面,学业,high
复读生,,comment,复读归来今年 都要上岸,2,隐含,正面,学业,high
复读生,,comment,祝愿所有复读生都要上岸,2,隐含,正面,学业,high
复读生,,comment,祝我们复读生今年都上岸,2,隐含,正面,学业,high
复读生,,comment,都会上岸的,2,隐含,正面,学业,high
住校生,,comment,不过还是看你自己吧，加油,2,隐含,正面,学业,high
住校生,,comment,挺好的，祝你好运,2,隐含,正面,生活,medium
住校生,,comment,在宿舍说睡觉了，过了三分钟依旧和男朋友打电话每次都这样，还得单独提醒,2,隐含,正面,学业,high
住校生,,comment,太佩服高中的自己了，有当时那个环境和毅力，现在考研肯定上岸了,2,隐含,正面,学业,high
住校生,,title,我丢好爽,2,隐含,正面,生活,high
住校生,,comment,隔音确实挺好的，还有可能舍友听歌声音有点大吧，我就是在宿舍戴这个耳机然后听不见舍友叫我[呃R],2,隐含,正面,生活,medium
住宿生,,comment,室友都是好宝宝，但是好人不能解决需要独处的问题,2,隐含,正面,人际,high
住宿生,,comment,笑死我啦，我也是想半天,2,隐含,正面,人际,low
住宿生,,comment,哈哈哈哈哈笑死 咋到处都是,2,隐含,正面,人际,low
住宿生,,comment,然后他冲过来我俩打了一架,2,隐含,正面,学业,low
住宿生,,comment,我选择了忍让，尽管最后我考上了北大，但上大学后我就开始心理咨询，最严重的时候一直在西酞普兰和奥沙西畔,2,隐含,正面,学业,high
住宿生,,comment,以后一定要努力过上独居生活,2,隐含,正面,学业,low
住宿生,,comment,可以慢慢摁，不要摁下去，摁一半就有水可以冲尿了，尿只要冲掉就行了，不像屎,2,隐含,正面,学业,low
住宿生,,comment,是的，所以我会多一个步骤，进厕所前先悄悄的拿上我的盆，悄悄的在厕所里接水，悄悄的用盆冲水，再悄悄的把盆放回去,2,隐含,正面,学业,low
住宿生,,comment,我们的按键是不可控的我已经尽量手动控制慢慢摁，但是它总是会在最后一秒钟轰隆一下冲水，没有达到那个摁的力度的话它没有水流出来,2,隐含,正面,学业,low
住宿生,,comment,说过了[抽泣R]但是那个舍友说自己习惯那个作息改不了,2,隐含,正面,学业,high
走读生,,comment,你们班没有猛牛冲撞吗,2,隐含,正面,学业,low
走读生,,comment,张勇早就过了结婚年龄了吧，为了卖早饭都留了好多级了,2,隐含,正面,学业,high
走读生,,comment,其实有钱的话在学校附近租房子住也很爽我还从家里带来了我的小猫每天放学就找小猫玩好爽好爽,2,隐含,正面,生活,high
走读生,,comment,我们学校挺多事的 但是导员挺好的,2,隐含,正面,生活,medium
走读生,,comment,找过了，没房源放出来 暑假看看有没有,2,隐含,正面,学业,high
文科生,,comment,可以贴一下哪个五院四系要求纯文选科才可以录取吗,2,隐含,正面,学业,high
文科生,,comment,有专业壁垒，就不存在带资进组，在中国就不存在专业壁垒（除了数学家等看天赋的专业），只要挣钱，全给你冲烂,2,隐含,正面,学业,low
文科生,,comment,对于一些学历不好专业不好的来短暂性过渡下挺好的，很多人找不到八千的工作,2,隐含,正面,生活,medium
文科生,,content,对我来说假如出现这类症状，最好的解决方法就是在继续保持对一些具体问题的思考以防头脑麻木、日后老年痴呆，同时理解世界就是这样运行的，只将上述这类批判的知识视为一种需要学习的知识，知道有人在这样打量着这个世界，而不认为这是关于世界的真理性解释，不要想太多却做太少，脚踏实做好自己的事情，努力达到好好生活好好做事、偶尔不切实际的平衡,2,隐含,正面,学业,low
文科生,,comment,个人愚见就是努力让自己一边入世，学着适应这个世界的真实规则,2,隐含,正面,学业,low
文科生,,comment,我也在努力中,2,隐含,正面,学业,low
文科生,,comment,TOP文科生正欢天喜地晒录取通知书呢，没有任何精神问题,2,隐含,正面,学业,high
文科生,,comment,只能冲冲清华强基试试了,2,隐含,正面,学业,low
文科生,,comment,拉倒吧，文科录取分要比理科高5.60分，换句话说文科得是尖子才能进大学，理科是混子都能进，因为你们低分也能进不错的大学不错的专业，文科能进大学都是尖子杀出来的,2,隐含,正面,学业,high
文科生,,comment,就算是诗经解读课还是会去校园，认校园里的诗经植物（最主要还是没很迫切的卷绩点读研和考公考编....需要这些的自己努力就好了没有卷的感觉吧,2,隐含,正面,学业,low
文科生,,comment,抱抱你🫂 加油哦,2,隐含,正面,学业,low
文科生,,comment,如果取消考試純上課還挺好的,2,隐含,正面,生活,medium
文科生,,comment,……我会努力的,2,隐含,正面,学业,low
文科生,,comment,这个其实不是特别好说，我们当时选生物的有能冲击省状元的存在，三位基本都能上清北,2,隐含,正面,学业,low
文科生,,comment,时常觉得 想要说的前人们都说过了,2,隐含,正面,学业,high
理科生,,comment,姐妹不哥们冲啊,2,隐含,正面,学业,low
理科生,,comment,不可言说不可名状，因为用语言描述会出现逻辑矛盾，仅短暂直视都会造成冲击伤害,2,隐含,正面,学业,low
理科生,,content,终于你发现你的化学成绩一直还不错，你以为属于自己的理科春天要到来了，却被一句轻飘飘的“化学就是划到理科里的文科”打回了原形,2,隐含,正面,生活,medium
理科生,,comment,我不觉得理科和文艺冲突了 相反 很多理科好的人他们的朋友圈和动态 都可以找到文学的痕迹 在生物和化学的学习里 其实真的可以看到很多自然界规则和人类社会规则的相似性 我经常上到生物课灵感大爆发 我想 对于世界真理的探寻 是不分文理的,2,隐含,正面,学业,low
理科生,,comment,妹妹加油,2,隐含,正面,学业,low
理科生,,comment,加油，我也是物化生出来的，大佬全在物化生,2,隐含,正面,学业,high
理科生,,comment,文科算了，录取率低出来还找不着工作，不知道念了个什么劲儿,2,隐含,正面,学业,high
理科生,,comment,会这么想的原因是有个初中认识的同学，初中成绩没有我好，但是文理分科之后她是文科第一考上985，而我上了末流211，这是我第一次觉得人的选择大于努力,2,隐含,正面,学业,low
理科生,,comment,就如我那个同学，难道选了文科不用努力能就上985吗,2,隐含,正面,学业,low
理科生,,content,其实还是那句话 只要有努力就会有成果,2,隐含,正面,学业,high
理科生,,comment,只要努力 结果不会辜负你的,2,隐含,正面,学业,high
美术生,,comment,都是写生有机会冲一档嘛,2,隐含,正面,学业,high
美术生,,comment,艺术生挺好的吧，舞蹈生就感觉没那么简单，可能刻板印象,2,隐含,正面,生活,medium
美术生,,comment,没有我身边大多数人性取向都是很正常的而且好多不谈是因为不想降低要求很少接触到还不错的人,2,隐含,正面,生活,medium
美术生,,comment,说到底学校就是个title，出社会有没有工作，挣不挣得到钱才是王道，美院毕业即失业的也有，综合类也有，说到底还是看个人努力,2,隐含,正面,学业,low
美术生,,comment,要找到自己努力的方向,2,隐含,正面,学业,low
美术生,,comment,综合类大学的群体是在下沉的，在这种环境下自学是很容易受影响了，尤其是来自下沉市场的影响，为了那几百一千的单子错过了最好学习的时间,2,隐含,正面,学业,high
美术生,,comment,你看看是不是努力的方向不对,2,隐含,正面,学业,low
美术生,,comment,一般努力…就能考上 这是基因好啊,2,隐含,正面,学业,low
美术生,,comment,我比较老，看过的人很多，特别是在某美院教了7年书，学生中有成触的，也认识几个真大佬朋友，他们只有一个共性，最早画得都像屎一样，堆成山的速写本，然后普遍肩周炎和腱鞘炎，比一般人努力三倍或更多,2,隐含,正面,学业,low
美术生,,comment,…其实很简单啊，画的还不错，然后在各种平台上推流引流就形成了讨论,2,隐含,正面,生活,medium
美术生,,comment,），每年绝大多数学生的毕业论文或毕设都无人在意，就冲这点来看它能引起这么大讨论量收到这么多称赞，已经很优秀很成功了,2,隐含,正面,学业,low
美术生,,content,我们用画画方面的努力弥补文化课的缺失也不算走捷径啊,2,隐含,正面,学业,low
美术生,,comment,但是当一个疯子也没什么不好的，美术生是可以特殊的，其实你可以不要在意任何与你不同的意见（加油）,2,隐含,正面,学业,low
美术生,,comment,考虑过了sva～之前遇到的一位老师也觉得sva会适合我,2,隐含,正面,学业,high
美术生,,comment,美本除了risd不建议外，都可以申请，天选sva…我现在是fall2028届，基本冲sva去了所以只申了vcu和saic,2,隐含,正面,学业,low
美术生,,comment,毕竟大部分美国艺术院校的录取率都是60-70%+，统计学上我也想不到能拒绝你的理由,2,隐含,正面,学业,high
美术生,,comment,只能说综合分录取后的学生专业水平已经很弱了,2,隐含,正面,学业,high
美术生,,comment,其实还好吧，主要还是看体块的舒展度和理解，可能是正式考的时候实力没发挥出来，不然博主这水平应该过了,2,隐含,正面,学业,high
美术生,,comment,在冲校考吧,2,隐含,正面,学业,high
美术生,,comment,加油加油祝马到成功金榜题名成功考入梦校,2,隐含,正面,学业,high
美术生,,comment,挺好的，不知道今年管的严不严，但是我这一届考的都很好,2,隐含,正面,生活,medium
体育生,,comment,可是当年班里的体育生，除了学习不好，很多人人品还不错的，也很为班集体出力，很照顾同学,2,隐含,正面,生活,medium
学渣,,comment,不知道为什么网上都在居高临下的评判别人的成绩什么的，每个人水平都不一样，天赋不同，你能的不代表谁都行，如果你尽力了，结果如何，无悔就好了加油加油加油，今后的日子也要继续努力呀,2,隐含,正面,学业,human
学渣,,comment,大专怎么买 再怎么也得达到录取线才行吧,2,隐含,正面,学业,high
学渣,,comment,上了大学才知道原来有adhd这种东西我就说怎么人家都能在课上学到东西呢我还以为所有人上课都听得一知半解都是课下努力呢,2,隐含,正面,学业,human
学霸,,comment,没录取就是因为是Asian,2,隐含,正面,学业,high
学霸,,comment,学习好主要是努力的结果，天赋会让你从中下985变成清北华五，但不会让你从大专变成985，你以为人家高中三年的天赋，实际上是从小到大一直努力的结果,2,隐含,正面,学业,human
学霸,,comment,其实真不一定，至少我之前认为我是一个不用努力也能跟得上对的人，后来才发现自己无意识中在进行那种很好的学习方式。,2,隐含,正面,学业,human
学霸,,comment,因为承认自己不努力比承认自己不够聪明，听起来让人舒服一点,2,隐含,正面,学业,human
学霸,,comment,我们全班基本都在211以上，我感觉大多数学霸是你说的这种比较聪明＋努力，还有一部分是普通＋特别努力，但我们班当时有个大神真的几乎是全天睡觉，睡不完的觉，除了睡觉就是踢球、看毛选等一系列哲学书，晚上回去打游戏。他的学习时间每天就是晚自习两个小时抄抄写写作业，偶尔数学物理听一下课，最后全省前百去的北航。我以前也从不相信，到后来我真的信了是有神人的。普通智商甚至稍微有点聪明的学生理解一个知识点、做会一种题起码也要来回反复几次才能彻底掌握，天赋拉满的人或许真的有过目不忘的记忆力和一点就通的理解能力我甚至觉得他在睡眠中也可以听课,2,隐含,正面,学业,human
卷王,,comment,其实，交际型卷王通常都太迷信自己向上攀爬的能力，一旦进入职场，或者说更大的池子，见到x二代天龙人，会直接道心破碎。因为他们会发现，他们再努力也只能当上这些二代的擦鞋仔，永远打不进人家的朋友圈子，永远不会被平等对待，而且，没素质的二代会平等创飞所有人，有素质的二代对技术型认真执着的大佬还有点敬畏，对交际型就属于冷眼看跳梁小丑了,2,隐含,正面,学业,human
卷王,,comment,卷王的问题在于，内卷的问题本来就是存量竞争恶性内耗，一堆人为了那一两个位置拼老命卷，最后又把那位置的门槛再提高，那么别人就要付出更多更多去竞争，甚至超过了这个位置所需要的能力知识，本质上还是利己主义者罢了,2,隐含,正面,学业,high
卷王,,comment,小护士很容易出努力型学霸,2,隐含,正面,学业,human
卷王,,comment,这个家居服好舒服，有没有🔗啊,2,隐含,正面,生活,high
卷王,,content,叫醒你的不是闹钟，而是渴望学习的动力#神奇学习方法在这里#学霸#高效学习#学习方法#努力变优秀#学习日常#学习#大大方方做自己#当然要记录啊,2,隐含,正面,学业,human
卷王,,comment,把我惊呆了，原来还有人努力成这样,2,隐含,正面,学业,human
卷王,,comment,我其实是不在乎身边的人做了什么，只是觉得要努力做到自己认为的最好，这样才对得起自己付出,2,隐含,正面,学业,human
班干部,,comment,就冲语文数学第一，我就觉得班二很不简单了。,2,隐含,正面,学业,human
班干部,,comment,找不到旷课的就咬死说老师数错了，你就说看过了除了请假的都到齐了,2,隐含,正面,学业,high
